realm,id,name,level,zone,reward,type,exp
Albion,2407,'Earing the Reanimators,49,Underground Forest (Alb),"Coin, Experience",Mini Quest,Catacombs expansion
Albion,2033,700 AC/WC/Tailoring Tradeskill Quest (Alb),10,Camelot,Crafted Needle,Crafting,Classic
Albion,2034,700 Fletching Tradeskill Quest (Alb),10,Camelot,Crafted Arrowhead Chisel,Crafting,Classic
Albion,3452,800 AC Tradeskill Quest (Alb),10,Camelot,Well-made Armor Etching Tool,Crafting,Classic
Albion,2508,800 Alchemy  Tradeskill Quest (Alb),10,Camelot,Well-made Herb-cutting Knife,Crafting,Classic
Albion,2175,800 Fletching Tradeskill Quest (Alb),10,Camelot,Well-made Arrowhead Chisel,Crafting,Classic
Albion,2042,800 Tailoring Quest (Alb),5,Camelot,Well-made Skinning Knife,Crafting,Classic
Albion,3451,800 WC Tradeskill Quest (Alb),10,Camelot,Well-made Weapon Etching Tool,Crafting,Classic
Albion,2660,A Barrel of Trouble,33,Abandoned Mines (Alb),"Coin, Experience",Regular,Catacombs expansion
Albion,3121,A Blessing or a Curse?,1,Camelot Hills,Leprechaun Mug,Regular,Classic
Albion,2366,A Brothers Vengeance,45,Underground Forest (Alb),"Coin, Experience",Mini Quest,Catacombs expansion
Albion,1996,A Daughter's Journey (Alb),24,Ruins of Atlantis,Cloak of Divinity,Regular,Trials of Atlantis expansion
Albion,3223,A Delivery for Home,48,Dartmoor,"Coin, Experience",Regular,Classic
Albion,2893,A Dirty Job but... (Alb),7,Camelot,"Coin, Experience",Mini Quest,Darkness Rising expansion
Albion,3745,A Distant Shore (Alb),3,Constantine's Sound,"Coin, Experience",Regular,Classic
Albion,2409,A Few Repairs,35,Cornwall,"Coin, Experience",Mini Quest,Classic
Albion,2726,A Friend in Need (Epic 4),20,Camelot,Sapper Cloak,Regular,Classic
Albion,3843,A Gift for the Consul (Alb),50,Camelot,"Coin, Experience",Regular,Darkness Rising expansion
Albion,1950,A Gift of Love (a.ka. Guard of Valor),50,Green Glades,Guard of Valor (Hib) (druid),Artifact,Trials of Atlantis expansion
Albion,3378,A Hero Desires a Sword (Alb),5,Camelot Hills,Fearless Chain Jerkin,Regular,Classic
Albion,3232,A History in Stone,49,Dartmoor,"Coin, Experience",Regular,Classic
Albion,3762,A Little Something for the Missis,6,Constantine's Sound,"Coin, Experience",Regular,Classic
Albion,3404,A Matter of the Heart (Alb),45,Camelot,Lawn Cupid,Regular,Classic
Albion,2894,A Message in a Battle (Alb),7,Camelot,"Coin, Experience",Regular,Darkness Rising expansion
Albion,2495,A Message to the Manes,9,Camelot Hills,"Coin, Experience",Mini Quest,Classic
Albion,3372,A Midwinter Madrigal (Alb),48,Camelot Hills,Midwinter Cloak of the Past,Regular,Classic
Albion,3278,A New Hero's Welcome,1,Camelot Hills,Recruit's Cloak (Alb),Regular,Classic
Albion,3188,A New Kind of Weapon,45,Aldland,"Coin, Experience",Regular,Classic
Albion,2624,A New Threat (Epic 7),35,Camelot,Servant of Arawn Cloak,Regular,Classic
Albion,3670,A New Threat in an Old Form (Alb),45,Camelot,Token of Valor,Regular,Classic
Albion,3672,A Plea for Help,30,Black Mountains South,"Coin, Experience",Regular,Classic
Albion,3064,A Small Favor,3,Camelot,"Coin, Experience",Mini Quest,Classic
Albion,2229,A Splash of Water,11,Inconnu Crypt,"Coin, Experience",Mini Quest,Catacombs expansion
Albion,3453,A Trip to Caer Witrin,10,Camelot,Worn Swift Siege Hammer,Crafting,Classic
Albion,3797,A Wizard's Aid,10,Constantine's Sound,"Coin, Experience",Regular,Classic
Albion,113,Abolishment of Sacrifice,15,Camelot,Redoubled Leggings,Regular,Classic
Albion,719,Academy Research,7,Isle of Glass,Carved Bloodstone Charm,Regular,Shrouded Isle expansion
Albion,3825,Adopt a Half Ogre,45,Camelot Hills,Half Ogre Call Stone,Regular,Classic
Albion,409,Afanc Hatchling Tongue -- Kill Task,25,Black Mountains North,Experience,Kill Task,Classic
Albion,3285,After The Accident,3,Camelot Hills,Recruit's Necklace of Insight,Regular,Classic
Albion,2456,Against the Grain,1,Camelot Hills,"Coin, Experience",Mini Quest,Classic
Albion,2900,Aged Clubs (Alb),30,Camelot,"Coin, Experience",Regular,Classic
Albion,2454,Aiding Guard Alakyrr,1,Roman Aqueducts,"Coin, Experience",Mini Quest,Catacombs expansion
Albion,1881,Aiding the Mau,48,Stygian Delta,Mau Totem of the Warrior,Regular,Trials of Atlantis expansion
Albion,3204,Albion Medal of Honor,49,Black Mountains South,Albion Medal of Honor,Regular,Classic
Albion,2128,Allies of the Dead,27,Deadlands of Annwn (Alb),Cardras Trinket,Regular,Catacombs expansion
Albion,1891,Alvarus's Leggings,50,Oceanus Notos,Alvarus's Leggings (Alb) (chain),Artifact,Trials of Atlantis expansion
Albion,2360,Amazing Cure,42,Underground Forest (Alb),"Coin, Experience",Mini Quest,Catacombs expansion
Albion,1863,Amenemhat Trial (M2T8),40,Sobekite Eternal,,Master Level,Trials of Atlantis expansion
Albion,1974,Ammut Trial (M5T10),40,Halls of Ma'ati,,Master Level,Trials of Atlantis expansion
Albion,169,Amulet of the Planes,27,Campacorentin Forest,Amulet of the Planes,Regular,Classic
Albion,2416,An Orc's Hair,25,Abandoned Mines (Alb),"Coin, Experience",Mini Quest,Catacombs expansion
Albion,3455,Anatomy of an Ancient Foe (Alb),30,Camelot,Token of Valor,Regular,Classic
Albion,605,Ancient Crafted Guardian Legs -- Kill Task,40,Dales of Devwy,Experience,Kill Task,Shrouded Isle expansion
Albion,446,Ancient Granite Stone -- Kill Task,41,Cornwall,Experience,Kill Task,Classic
Albion,1987,Andrew's Metal Shards,29,Camelot Hills,Studded Green Jerkin,Regular,Classic
Albion,2029,Andrew's Skins,3,Camelot Hills,"Coin, Experience",Mini Quest,Classic
Albion,1787,Angau One Time Drop,42,Pennine Mountains,Deathly Wizard Staff,One Time Drop,Classic
Albion,176,Animare il morti,25,Camelot,Thought Threaded Cloak,Regular,Classic
Albion,2002,Ankhkare (M6T7),40,Ashen Isle,,Master Level,Trials of Atlantis expansion
Albion,2715,Anoddar's Apathy,29,Abandoned Mines (Alb),"Coin, Experience",Mini Quest,Catacombs expansion
Albion,2364,Answers and Questions,45,Underground Forest (Alb),Arawn's Quill (acuity),Regular,Catacombs expansion
Albion,1903,Antioos' Trial (M3T5),40,Temple of Twilight,,Master Level,Trials of Atlantis expansion
Albion,3024,Antron Marauder Head -- Kill Task,46,Scrios de Atlantis,"Coin, Experience",Kill Task,Trials of Atlantis expansion
Albion,2014,Apophian's Challenge (M7T3),40,Heart of Volcanus,,Master Level,Trials of Atlantis expansion
Albion,3694,Apple Bobbing (Alb),1,Black Mountains South,Cherry Pie Floor Trophy,Regular,Classic
Albion,199,Arc of Ages,40,Camelot,Deathtale,Regular,Classic
Albion,2031,Argus's Arrows,8,Black Mountains South,Dull Black Gem,Regular,Classic
Albion,2090,Arioc's Delivery,3,Roman Aqueducts,"Coin, Experience",Mini Quest,Catacombs expansion
Albion,2528,Arleigh's Assistant,6,Camelot Hills,"Coin, Experience",Regular,Classic
Albion,3776,Arming the Hammer (Alb),9,Constantine's Sound,"Coin, Experience",Regular,Classic
Albion,2258,Armor Delivery,13,Camelot,"Coin, Experience",Mini Quest,Catacombs expansion
Albion,2368,Armor for Kelvyll,23,Inconnu Crypt,"Coin, Experience",Mini Quest,Catacombs expansion
Albion,1892,Arms of the Winds,50,Oceanus Notos,Arms of the Winds (cloth),Artifact,Trials of Atlantis expansion
Albion,3133,Armsman Guild Gift,10,Camelot,Novice's Halberd,Regular,Classic
Albion,2417,Arrows for Samwell Hornly,4,Camelot Hills,"Coin, Experience",Mini Quest,Classic
Albion,251,Ash One Time Drop,43,Pennine Mountains,Black Ash Soul Slayer,One Time Drop,Classic
Albion,1859,Assasins Trial (M2T2),40,Sobekite Eternal,,Master Level,Trials of Atlantis expansion
Albion,2164,Assassin's Trail,35,Deadlands of Annwn (Alb),"Coin, Experience",Mini Quest,Classic
Albion,2591,Assisting Guard Masdan,31,Deadlands of Annwn (Alb),"Coin, Experience",Mini Quest,Catacombs expansion
Albion,2418,Assisting Me'thya,25,Abandoned Mines (Alb),"Coin, Experience",Mini Quest,Catacombs expansion
Albion,2133,Assisting Sentry Solzaer,48,Deadlands of Annwn (Alb),"Coin, Experience",Mini Quest,Catacombs expansion
Albion,260,Association,3,Black Mountains South,"Coin, Experience",Regular,Classic
Albion,1893,Aten's Shield,50,Oceanus Hesperos,Aten's Shield (large),Artifact,Trials of Atlantis expansion
Albion,1909,Atlantis Tablet,50,Mesothalassa,Tablet of Atlantis,Artifact,Trials of Atlantis expansion
Albion,3014,Attack of the Wood Ogres,21,Campacorentin Forest,"Coin, Experience",Regular,Classic
Albion,1829,Azures and Rubies Trial (M1T8),40,Oceanus Notos,,Master Level,Trials of Atlantis expansion
Albion,2429,Baby Scorpion Poison Gland -- Kill Task,42,Stygian Delta,"Coin, Experience",Kill Task,Trials of Atlantis expansion
Albion,3760,Bad Moon Rising,7,Constantine's Sound,Strategist's Ring of Might,Regular,Classic
Albion,2622,Bait for a Bandit (Epic 5),25,Camelot,Soldier of Fortune Ring,Regular,Classic
Albion,1866,Band of Stars,50,Stygian Delta,Band of Stars,Artifact,Trials of Atlantis expansion
Albion,2299,Bandaging the Defenseless,16,Roman Aqueducts,"Coin, Experience",Mini Quest,Catacombs expansion
Albion,145,Bandit Camp,12,Camelot,Barker,Regular,Classic
Albion,10,Bandit Ears,5,Camelot Hills,"Coin, Experience",Regular,Classic
Albion,1884,Bane of  Battler,50,Ashen Isle,Battler (Alb),Artifact,Trials of Atlantis expansion
Albion,301,Barbaric Tales,15,Avalon Marsh,Sleeves of the Stoic,Regular,Classic
Albion,160,Barnett's Shield,13,Camelot Hills,Jagged Axe,Regular,Classic
Albion,1832,Barrier Trial (M1T4),40,Oceanus Hesperos,,Master Level,Trials of Atlantis expansion
Albion,3824,Bartering With Kratos (M8T5),50,Arbor Glen,"Coin, Experience",Master Level,Trials of Atlantis expansion
Albion,3674,Basics of Combat (Alb),1,Constantine's Sound,"Coin, Experience",Regular,Classic
Albion,1764,Basilisk Feather -- Kill Task,49,Camelot,Experience,Kill Task,Classic
Albion,2901,Bed Bugs (Alb),30,Camelot,"Coin, Experience",Regular,Classic
Albion,198,Bedelia's Grief,15,Camelot Hills,Bloody Short Sword,Regular,Classic
Albion,2064,Beginning of War (Alb),4,Camelot Hills,Recruit's Silver Ring (Alb) (old) (nld),Regular,Classic
Albion,1875,Belt of the Moon,50,Oceanus Boreal,Belt of the Moon,Artifact,Trials of Atlantis expansion
Albion,1874,Belt of the Sun,40,Oceanus Boreal,Belt of the Sun,Artifact,Trials of Atlantis expansion
Albion,585,Billious Goo Pieces -- Kill Task,30,Aldland,Experience,Kill Task,Shrouded Isle expansion
Albion,197,Bishop Burhoff's Curse,19,Camelot,War Hammer,Regular,Classic
Albion,3705,Black Crocodile Egg Clutch -- Kill Task,49,Stygian Delta,"Coin, Experience",Kill Task,Trials of Atlantis expansion
Albion,223,Black Lion One Time Drop,29,Campacorentin Forest,Serrated Lion Fang,One Time Drop,Classic
Albion,3304,Black Mountain Attack,10,Black Mountains South,"Coin, Experience",Mini Quest,Classic
Albion,1793,Black Plague (Alb),37,Camelot,Unstoppered Wondrous Potion (Alb),Regular,Classic
Albion,750,Blackened Staff of the Minion -- Kill Task,48,Dales of Devwy,Experience,Kill Task,Shrouded Isle expansion
Albion,515,Blacktooth One Time Drop,45,Snowdonia,Rancid Black Tooth,One Time Drop,Classic
Albion,2230,Blades for Arthirak,12,Roman Aqueducts,"Coin, Experience",Mini Quest,Catacombs expansion
Albion,3695,Blood in the Water (Alb),50,Black Mountains South,Angler's Wall Trophy,Regular,Classic
Albion,421,Blood Red Berry Wine -- Kill Task,27,Forest Sauvage,Experience,Kill Task,Classic
Albion,3249,Bloodmaw Eye -- Kill Task,48,Stygian Delta,"Coin, Experience",Regular,Trials of Atlantis expansion
Albion,2450,Bloody Crafted Guardian Heads -- Kill Task,40,Dales of Devwy,"Coin, Experience",Kill Task,Shrouded Isle expansion
Albion,527,Bloody Cyclops Eye -- Kill Task,41,Camelot,Experience,Kill Task,Classic
Albion,2529,Boar Stew,19,Salisbury Plains,"Coin, Experience",Mini Quest,Classic
Albion,458,Bottle of Ellyll Wine -- Kill Task,45,Forest Sauvage,Experience,Kill Task,Classic
Albion,2494,Boulderling Balm,10,Camelot Hills,"Coin, Experience",Mini Quest,Classic
Albion,3764,Bounty Quest For Shiny Shells (Alb),7,Constantine's Sound,Glowing Driftwood Necklace,Regular,Classic
Albion,1984,Bracer of Zo'arkat (Silver Horn),50,Mesothalassa,Bracelet of Zo'arkat (Silver Horn),Artifact,Trials of Atlantis expansion
Albion,3475,Braemar Egg Hunt (Alb),25,Camelot Hills,"Coin, Experience",Regular,Classic
Albion,1855,Braggart's Bow,50,Green Glades,Braggart's Bow (Mid),Artifact,Trials of Atlantis expansion
Albion,2479,Breaking the Bandits,8,Camelot Hills,"Coin, Experience",Mini Quest,Classic
Albion,749,Bright Illuminated Gem -- Kill Task,34,Dales of Devwy,Experience,Kill Task,Shrouded Isle expansion
Albion,3792,Bringing Law to the Lawless (Alb),10,Constantine's Sound,"Coin, Experience",Regular,Classic
Albion,1823,Broken Communication,50,Oceanus Hesperos,Water-worn Gloves (Alb) (cloth),Regular,Trials of Atlantis expansion
Albion,1924,Broken History,46,Mesothalassa,Naxos Mother-of-Pearl Necklace,Regular,Trials of Atlantis expansion
Albion,3029,Broken Shackler Bits -- Kill Task,48,Dales of Devwy,"Coin, Experience",Kill Task,Shrouded Isle expansion
Albion,1977,Broken Tablet,45,Oceanus Notos,Skyros Eel Skin Pants,Regular,Trials of Atlantis expansion
Albion,615,Bronze Thrawn Ogre Thresher Spear Tip -- Kill Task,46,Aldland,Experience,Kill Task,Shrouded Isle expansion
Albion,3189,Brotherly Love,38,Camelot,"Coin, Experience",Mini Quest,Shrouded Isle expansion
Albion,2597,Brutal Realization,28,Abandoned Mines (Alb),Sash of Cardras (str),Regular,Catacombs expansion
Albion,407,Bucca Silver Mirror -- Kill Task,23,Cornwall,Experience,Kill Task,Classic
Albion,2886,Building a Better Bow,3,Camelot Hills,"Coin, Experience",Mini Quest,Classic
Albion,2437,Burning Bridges,26,Deadlands of Annwn (Alb),"Coin, Experience",Mini Quest,Catacombs expansion
Albion,3700,Bursting Pustule -- Kill Task,48,Avalon Isle,"Coin, Experience",Kill Task,Shrouded Isle expansion
Albion,406,Bwgan Hunter Eye -- Kill Task,22,Black Mountains North,Experience,Kill Task,Classic
Albion,3152,Cabalist Guild Gift,10,Camelot,Novice's Stave (Alb),Regular,Classic
Albion,2586,Cadandra's New Dyes,39,Underground Forest (Alb),"Coin, Experience",Mini Quest,Catacombs expansion
Albion,586,Caer Caddug Bodyguard Bracer -- Kill Task,44,Avalon Isle,Experience,Kill Task,Shrouded Isle expansion
Albion,3366,Callida's Grudge,5,Black Mountains South,Ring of the Oak,Regular,Classic
Albion,56,Camdene's Components,6,Avalon Marsh,"Coin, Experience",Regular,Classic
Albion,3068,Can You Dig It?,3,Camelot Hills,Recruit's Studded Arms (Alb),Mini Quest,Classic
Albion,2300,Caraustam's Need,18,Roman Aqueducts,"Coin, Experience",Mini Quest,Catacombs expansion
Albion,1896,Casta's Trial (M3T3),40,Temple of Twilight,,Master Level,Trials of Atlantis expansion
Albion,3479,Cathal Egg Hunt (Alb),35,Camelot Hills,Garden Nest,Regular,Classic
Albion,2678,Cave Spider Culling,37,Underground Forest (Alb),"Coin, Experience",Mini Quest,Catacombs expansion
Albion,3030,Cedar Wood Shavings -- Kill Task,38,Dales of Devwy,"Coin, Experience",Kill Task,Shrouded Isle expansion
Albion,573,Cellar Infestation,1,Isle of Glass,"Coin, Experience",Regular,Shrouded Isle expansion
Albion,3286,Cemmeth's Orders,4,Camelot Hills,Recruit's Quilted Vest,Regular,Classic
Albion,1894,Ceremonial Bracer,50,Mesothalassa,Ceremonial Bracer (acuity),Artifact,Trials of Atlantis expansion
Albion,1831,Cetus's Trial (M1T10),40,Mesothalassa,Experience,Master Level,Trials of Atlantis expansion
Albion,149,Chains of Death,30,Camelot,Blessed Vindicators,Regular,Classic
Albion,3292,Charm for Protection,6,Black Mountains South,"Coin, Experience",Mini Quest,Classic
Albion,222,Cheshire One Time Drop,22,Snowdonia,Cat Hide Boots (old) (nld),One Time Drop,Classic
Albion,1860,Chess Trial (M2T5),40,Sobekite Eternal,,Master Level,Trials of Atlantis expansion
Albion,1833,Chiefs' Trial (M1T3),40,Mesothalassa,,Master Level,Trials of Atlantis expansion
Albion,2995,Child's Play (Alb),1,Camelot Hills,Daring Leather Boots (Alb),Regular,Classic
Albion,2005,Chimera's Fortification (M6T10),40,Ashen Isle,,Master Level,Trials of Atlantis expansion
Albion,2011,Choker Octopus Ink -- Kill Task,39,Oceanus Hesperos,"Coin, Experience",Kill Task,Trials of Atlantis expansion
Albion,2058,City of Camelot,1,Black Mountains South,Recruit's Round Shield (Alb) (old) (nld),Regular,Classic
Albion,659,Clawed Mummified Hands -- Kill Task,49,Plains of Gwyddneau,Experience,Kill Task,Shrouded Isle expansion
Albion,3146,Cleric Guild Gift,10,Camelot,Novice's Arch Mace (Alb),Regular,Classic
Albion,16,Cleric Mulgrut,5,Camelot Hills,Belt of Animation,Regular,Classic
Albion,3347,Clerks,44,Camelot,"Coin, Experience",Mini Quest,Darkness Rising expansion
Albion,462,Cliff Crawler Leg -- Kill Task,42,Black Mountains North,Experience,Kill Task,Classic
Albion,618,Cliff Yale Yearling Essence -- Kill Task,30,Dales of Devwy,Experience,Kill Task,Shrouded Isle expansion
Albion,128,Cloak of Shades,11,Camelot Hills,Cloak of Shades,Regular,Classic
Albion,3056,Clockwork Cat (Hib),1,King Lamhfotas' Throne Room,Clockwork Cat,Regular,Labyrinth of the Minotaur expansion
Albion,2909,Closing the Way (Epic 6),30,Camelot,Advocate of Arawn Jewel,Regular,Classic
Albion,1846,Cloudsong,46,Green Glades,Cloudsong,Artifact,Trials of Atlantis expansion
Albion,2621,Coat for a Turncoat (Epic 4),20,Camelot,Swashbuckler Cloak,Regular,Classic
Albion,2026,Cold Water Stingray Barb -- Kill Task,38,Oceanus Hesperos,Experience,Kill Task,Trials of Atlantis expansion
Albion,2062,Collection (Alb),3,Camelot Hills,Recruit's Studded Arms (Alb) (old) (nld),Regular,Classic
Albion,1937,Colossal Trial (M4T1),40,Stygian Delta,,Master Level,Trials of Atlantis expansion
Albion,258,Commencement,2,Black Mountains South,"Coin, Experience",Regular,Classic
Albion,3220,Common Ground (Alb),35,Dartmoor,"Coin, Experience",Regular,Classic
Albion,2625,Confronting Vortimer (Epic 8),40,Camelot,Apostle of Arawn Belt,Regular,Shrouded Isle expansion
Albion,3106,Construction,45,Camelot,"Coin, Experience",Mini Quest,Classic
Albion,144,Contyth's Hammer,17,Camelot Hills,Breaker,Regular,Classic
Albion,3759,Convoy,6,Constantine's Sound,Defender's Gem,Regular,Classic
Albion,408,Cornish Hen Tail -- Kill Task,24,Avalon Marsh,Experience,Kill Task,Classic
Albion,2917,Cotswold Delivery,1,Camelot Hills,Recruit's Cloak (Alb) (old) (nld),Regular,Classic
Albion,3732,Counter-Intelligence (Alb),49,Camelot Hills,"Coin, Experience",Mini Quest,Darkness Rising expansion
Albion,2301,Cowards Delivery,17,Inconnu Crypt,"Coin, Experience",Mini Quest,Catacombs expansion
Albion,3749,Crabby Nuisance (Alb),4,Constantine's Sound,Sound's Chain Coif of Might,Regular,Classic
Albion,663,Crackling Pitch Skeleton Hand -- Kill Task,49,Caldey,Experience,Kill Task,Shrouded Isle expansion
Albion,1914,Crocodile Tear Ring,46,Oceanus Boreal,Crocodile Tear Ring,Artifact,Trials of Atlantis expansion
Albion,1885,Crocodile's Tooth Dagger,50,Stygian Delta,Crocodile's Tooth Dagger (Hib),Artifact,Trials of Atlantis expansion
Albion,2018,Crossing the Chamber (M7T7),40,Heart of Volcanus,,Master Level,Trials of Atlantis expansion
Albion,1989,Crown of Zahur,50,Oceanus Boreal,Crown of Zahur (Hib) (druid),Artifact,Trials of Atlantis expansion
Albion,273,Crushed Faith,40,Camelot,Dash's Long Hammer,Regular,Classic
Albion,3308,Cryptic Delivery (Alb),12,Camelot Hills,"Coin, Experience",Mini Quest,Darkness Rising expansion
Albion,485,Crystallized Darkfire -- Kill Task,43,Black Mountains South,Experience,Kill Task,Classic
Albion,2946,Culling the Gargoyles,47,Underground Forest (Alb),"Coin, Experience",Mini Quest,Catacombs expansion
Albion,2808,Culling the Threat (Alb),5,Camelot,"Coin, Experience",Mini Quest,Darkness Rising expansion
Albion,2065,Culmination (Alb),5,Camelot Hills,Recruit's Cloudy Jewel (nld),Regular,Classic
Albion,3290,Cure for the Wounded,5,Camelot Hills,Recruit's Intelligent Cloak,Regular,Classic
Albion,3291,Cure for the Wounded: Ludlow Delivery,5,Camelot Hills,"Coin, Experience",Regular,Classic
Albion,1947,Cyclops Eye Shield,50,Arbor Glen,Cyclops Eye Shield (Alb) (small),Artifact,Trials of Atlantis expansion
Albion,1993,Cyhraeth Cloak -- Kill Task,49,Forest Sauvage,Experience,Kill Task,Classic
Albion,226,Cynewulf the Ghostwalker One Time Drop,17,Salisbury Plains,Embossed Bone Gladius,One Time Drop,Classic
Albion,1951,Daehien's Trial (M4T8),40,Land of Atum,,Master Level,Trials of Atlantis expansion
Albion,285,Dai One Time Drop,24,Keltoi Fogou,Keltoi Battlemail,One Time Drop,Classic
Albion,445,Danaoin Fishing Fly  -- Kill Task,40,Avalon Marsh,Experience,Kill Task,Classic
Albion,479,Danaoin Harvest List -- Kill Task,44,Avalon Marsh,Experience,Kill Task,Classic
Albion,444,Danaoin Poison -- Kill Task,39,Avalon Marsh,Experience,Kill Task,Classic
Albion,3783,Dark Alleys (Alb),9,Constantine's Sound,"Coin, Experience",Regular,Classic
Albion,2088,Dark Arawnite Despair,5,Isle of Glass,"Coin, Experience",Regular,Shrouded Isle expansion
Albion,2115,Dark Discovery,43,Inconnu Crypt,Gauntlets of the Macabre,Regular,Catacombs expansion
Albion,614,Dark Urchin Spines -- Kill Task,44,Avalon Isle,Experience,Kill Task,Shrouded Isle expansion
Albion,2410,Dear Frustrated-in-Cornwall...,30,Cornwall,Hayward's Cookie,Regular,Classic
Albion,739,Death's Saving Grace,7,Isle of Glass,Graced Ring,Regular,Shrouded Isle expansion
Albion,2091,Deaths Head Stout,4,Inconnu Crypt,"Coin, Experience",Mini Quest,Catacombs expansion
Albion,664,Decayed Water Orb -- Kill Task,42,Caldey,Experience,Kill Task,Shrouded Isle expansion
Albion,3774,Deception Revealed (Alb),8,Constantine's Sound,"Coin, Experience",Regular,Classic
Albion,440,Decorative Arrows -- Kill Task,35,Forest Sauvage,Experience,Kill Task,Classic
Albion,286,Decurion One Time Drop,29,Catacombs of Cardova,Breastplate of the Legion,One Time Drop,Classic
Albion,447,Deep Goblin Hair -- Kill Task,42,Salisbury Plains,Experience,Kill Task,Classic
Albion,712,Defender's Orders,11,Isle of Glass,Bracer of the Skillful,Regular,Shrouded Isle expansion
Albion,3775,Defending the Harbor (Alb),9,Constantine's Sound,"Coin, Experience",Regular,Classic
Albion,3675,Defending the Tower (Alb),1,Constantine's Sound,"Coin, Experience",Regular,Classic
Albion,2725,Defensive Measures (Epic 3),15,Camelot,Infantry Bracer,Regular,Classic
Albion,2443,Delg's Deal,6,Roman Aqueducts,"Coin, Experience",Mini Quest,Catacombs expansion
Albion,2231,Delg's Necklace,12,Roman Aqueducts,"Coin, Experience",Mini Quest,Catacombs expansion
Albion,2419,Delivering the Goods,25,Abandoned Mines (Alb),"Coin, Experience",Mini Quest,Catacombs expansion
Albion,2897,Delivering the Heirloom,15,Salisbury Plains,"Coin, Experience",Regular,Classic
Albion,2302,Delivery for Ectar!,19,Roman Aqueducts,"Coin, Experience",Mini Quest,Catacombs expansion
Albion,2369,Delivery for Lazrae,23,Abandoned Mines (Alb),"Coin, Experience",Mini Quest,Catacombs expansion
Albion,2092,Delivery for the Priestess,5,Inconnu Crypt,"Coin, Experience",Mini Quest,Catacombs expansion
Albion,694,Dented Drakoran Marauder Helm -- Kill Task,24,Avalon Isle,Experience,Kill Task,Shrouded Isle expansion
Albion,206,Departed Fellowship,40,Camelot,Cobalt Void-rifter,Regular,Classic
Albion,200,Departed Hero,10,Snowdonia,"Coin, Experience",Regular,Classic
Albion,253,Deserter Amano,20,Black Mountains North,Vest of the Valiant,Regular,Classic
Albion,1830,Desmona's Trial (M1T9),40,Oceanus Notos,,Master Level,Trials of Atlantis expansion
Albion,2232,Diabolical Disciples,7,Roman Aqueducts,"Coin, Experience",Mini Quest,Catacombs expansion
Albion,3716,Din of Battle,45,Forest Sauvage,"Coin, Experience",Regular,Classic
Albion,3298,Dirty Deeds,8,Black Mountains South,"Coin, Experience",Regular,Classic
Albion,2233,Disciple's Books,7,Roman Aqueducts,"Coin, Experience",Mini Quest,Catacombs expansion
Albion,2420,Disenchanted,7,Camelot Hills,"Coin, Experience",Mini Quest,Classic
Albion,2401,Disgruntled Worker,24,Abandoned Mines (Alb),"Coin, Experience",Mini Quest,Catacombs expansion
Albion,3307,Distancing the Alliance,10,Black Mountains South,Protector's Bracelet of Fortitude,Regular,Classic
Albion,639,Disturbing Illness,2,Isle of Glass,Experience,Regular,Shrouded Isle expansion
Albion,3750,"Dive, Dive! (Alb)",4,Constantine's Sound,Sound's Cloth Gloves of Grace (Alb),Regular,Classic
Albion,2023,Diver Ray Barb -- Kill Task,40,Oceanus Hesperos,Experience,Kill Task,Trials of Atlantis expansion
Albion,2303,Don't Drink the Water,19,Roman Aqueducts,"Coin, Experience",Mini Quest,Catacombs expansion
Albion,2459,Dougal's Deliveries,9,Camelot,"Coin, Experience",Mini Quest,Catacombs expansion
Albion,3206,Dousing the Flames,40,Black Mountains South,"Coin, Experience",Regular,Classic
Albion,3088,Down with the Sickness (Alb),47,Camelot,"Coin, Experience",Mini Quest,Shrouded Isle expansion
Albion,3107,Draconic Collaboration (Alb),49,Camelot,"Coin, Experience",Mini Quest,Classic
Albion,17,Dragon Ant Charm,10,Black Mountains North,Dragon Ant Charm,Regular,Classic
Albion,3821,Dragon Myths & Legends (Alb),50,Camelot,Dragon Will Mythirian,Regular,Classic
Albion,2006,Dragonslayer (M6T11),40,Oceanus Hesperos,,Master Level,Trials of Atlantis expansion
Albion,3234,Dragonslayer Armor (Alb),50,Dartmoor,Dragonslayer Holy Mail Hauberk,Regular,Classic
Albion,3365,Dragonslayer Elia,1,Black Mountains South,"Coin, Experience",Regular,Classic
Albion,3241,Dragonslayer Weapon (Alb),50,Dartmoor,Conquering Heretic Stone Render,Regular,Classic
Albion,526,Drake Claw -- Kill Task,47,Camelot,Experience,Kill Task,Classic
Albion,3102,Drakoran Investigation,49,Camelot,"Coin, Experience",Regular,Classic
Albion,747,Drakoran Leech Bone Necklace -- Kill Task,31,Avalon Isle,Experience,Kill Task,Shrouded Isle expansion
Albion,665,Drakoran Leech Hands -- Kill Task,24,Avalon Isle,Experience,Kill Task,Shrouded Isle expansion
Albion,703,Drakoran Watchers,14,Isle of Glass,Ariach's Greaves,Regular,Shrouded Isle expansion
Albion,1915,Dream Gem,50,Mesothalassa,,Artifact,Trials of Atlantis expansion
Albion,1886,Dream Sphere,50,Stygian Delta,Dream Sphere (Hib),Artifact,Trials of Atlantis expansion
Albion,3281,Dredge Up A Pledge,2,Camelot Hills,"Coin, Experience",Mini Quest,Classic
Albion,423,Dried Monk Skull -- Kill Task,29,Black Mountains North,Experience,Kill Task,Classic
Albion,755,Dried Rowan Leaves  -- Kill Task,44,Avalon Isle,Experience,Kill Task,Shrouded Isle expansion
Albion,219,Druid Medicine,18,Salisbury Plains,Coin,Regular,Classic
Albion,2947,Dueling the Priest,47,Underground Forest (Alb),"Coin, Experience",Mini Quest,Catacombs expansion
Albion,107,Dugan's Magical Totem,24,Avalon Marsh,Skull-shaped Totem,Regular,Classic
Albion,32,Dunan's Bear Tooth,9,Black Mountains South,Beartooth Charm,Regular,Classic
Albion,366,Dunter Head -- Kill Task,33,Cornwall,Experience,Kill Task,Classic
Albion,3741,Dyeing Is Not So Bad (Alb),1,Constantine's Sound,Blue Leather Dye,Regular,Classic
Albion,3384,Each According to Their Need,48,Camelot Hills,"Coin, Experience",Mini Quest,Catacombs expansion
Albion,3346,Earth Horse Quest (Alb),50,King Constantine's Throne Room,"Coin, Experience",Regular,Darkness Rising expansion
Albion,1957,Echo of Duamutef Trial (M5T2),40,Halls of Ma'ati,,Master Level,Trials of Atlantis expansion
Albion,1958,Echo of Hapy Trial (M5T3),40,Halls of Ma'ati,,Master Level,Trials of Atlantis expansion
Albion,1959,Echo of Imsety Trial (M5T4),40,Halls of Ma'ati,,Master Level,Trials of Atlantis expansion
Albion,1956,Echo of Qebehsenuef Trial (M5T1),40,Halls of Ma'ati,,Master Level,Trials of Atlantis expansion
Albion,1916,Eerie Darkness Lighting Stone,50,Oceanus Boreal,Eerie Stone of Darkness,Artifact,Trials of Atlantis expansion
Albion,1917,Egg of Youth,50,Oceanus Notos,Egg of Youth,Artifact,Trials of Atlantis expansion
Albion,3801,Eighth Anniversary (Alb),1,Camelot Hills,Jar of Insects,Regular,Classic
Albion,1921,Eirene's Chestpiece,50,Mesothalassa,Eirene's Chestpiece (Hib) (scale),Artifact,Trials of Atlantis expansion
Albion,3041,Emissary: A King's Summons (Alb),50,Camelot,"Coin, Experience",Champion,Labyrinth of the Minotaur expansion
Albion,3042,Emissary: Broken Visions (Alb),50,King Constantine's Throne Room,"Coin, Experience",Champion,Shrouded Isle expansion
Albion,3044,Emissary: Finding the Fragments (Alb),50,The High Consul's Sanctum (Alb),"Coin, Experience",Champion,Labyrinth of the Minotaur expansion
Albion,3115,Emissary: Meeting of Blades (Alb),50,The High Consul's Sanctum (Alb),"Coin, Experience",Champion,Labyrinth of the Minotaur expansion
Albion,3043,Emissary: Proof of Strength (Alb),50,King Constantine's Throne Room,"Coin, Experience",Champion,Labyrinth of the Minotaur expansion
Albion,3755,Emma's Doll,5,Constantine's Sound,Lucky Bracelet,Crafting,Classic
Albion,443,Enchanted Metal Studs -- Kill Task,38,Salisbury Plains,Experience,Kill Task,Classic
Albion,1782,Engraved Insignia Ring -- Kill Task,38,Avalon Isle,Experience,Regular,Shrouded Isle expansion
Albion,80,Entry Into Tomorrow,11,Camelot,Amulet of Feline Graces,Regular,Classic
Albion,1869,Enyalios' Boots,50,Arbor Glen,Enyalios Boots (Hib) (reinf),Artifact,Trials of Atlantis expansion
Albion,1948,Erinys Charm,50,Typhon's Reach,Erinys Charm (Alb),Artifact,Trials of Atlantis expansion
Albion,195,Escaped Bandits,20,Salisbury Plains,"Coin, Experience",Regular,Classic
Albion,1949,Eternal Plant,50,Oceanus Notos,Eternal Plant,Artifact,Trials of Atlantis expansion
Albion,2449,Evangela's Stolen Orb,3,Camelot,"Coin, Experience",Mini Quest,Catacombs expansion
Albion,1806,Evening the Odds,36,Inishail Island,Gilded Orc-Skin Bracer,Regular,Shrouded Isle expansion
Albion,3028,Ever-burning Ember -- Kill Task,41,Black Mountains South,"Coin, Experience",Kill Task,Classic
Albion,3299,Evicting the Squatters,9,Black Mountains South,"Coin, Experience",Mini Quest,Classic
Albion,3289,Evil Calls to Evil,4,Camelot Hills,Recruit's Quilted Gloves of Insight,Regular,Classic
Albion,3400,Expanding the Business,8,Black Mountains South,Weak Elixir of Healing,Regular,Classic
Albion,587,Eye of Arawn One Time Drop,45,Snowdonia,Brilliant Golden Tree-cleaver,One Time Drop,Classic
Albion,1939,Eye of Ra Trial (M4T3),40,Land of Atum,,Master Level,Trials of Atlantis expansion
Albion,3212,Face the Raiders (Alb),47,Dartmoor,"Coin, Experience",Regular,Classic
Albion,2020,Facing Typhon (M7T9),40,Heart of Volcanus,,Master Level,Trials of Atlantis expansion
Albion,422,Faerie Frog Eye -- Kill Task,28,Snowdonia,Experience,Kill Task,Classic
Albion,670,Failing Magic,26,Isle of Glass,Gem Flecked Quarterstaff,Regular,Shrouded Isle expansion
Albion,690,Faint Geist Essence -- Kill Task,49,Avalon Isle,Experience,Kill Task,Shrouded Isle expansion
Albion,508,Fall of an Emperor,36,Campacorentin Forest,Cloak of the Latent,Regular,Classic
Albion,2899,Falling in Love for Dummies,30,Camelot,"Coin, Experience",Regular,Classic
Albion,14,Father Hugrath,8,Camelot Hills,Quicksilver Bracer,Regular,Classic
Albion,1862,"Fear, Terror, and Horror Trial (M2T7)",40,Sobekite Eternal,,Master Level,Trials of Atlantis expansion
Albion,303,Feast of the Decadent (level 43),43,Camelot,Ring of Shielding Power,Regular,Classic
Albion,467,Feast of the Decadent (level 45),45,Camelot,Cloak of the Stalwart Arm,Regular,Classic
Albion,499,Feast of the Decadent (level 48),48,Camelot,Experience,Regular,Classic
Albion,504,Feast of the Decadent (level 50),50,Camelot,Armet of the Stalwart Arm,Regular,Classic
Albion,536,Fell Creature Teeth -- Kill Task,30,Snowdonia,"Coin, Experience",Kill Task,Classic
Albion,2908,Finding the Way (Epic 5),25,Camelot,Devotee of Arawn Ring,Regular,Shrouded Isle expansion
Albion,3371,"Fish, It's What's for Dinner!",9,Black Mountains South,Weak Elixir of Healing,Regular,Classic
Albion,1983,Flamedancer's Boots,50,Arbor Glen,Flamedancer's Boots (cloth),Artifact,Trials of Atlantis expansion
Albion,2000,Flames (M6T5),40,Typhon's Reach,,Master Level,Trials of Atlantis expansion
Albion,29,Flint Weapons,2,Camelot Hills,Flinthead Club,Regular,Classic
Albion,1853,Fool's Bow,46,Oceanus Hesperos,Fool's Bow (Hib),Artifact,Trials of Atlantis expansion
Albion,1936,Foppish Sleeves,50,Arbor Glen,Foppish Sleeves (Mid) (cloth),Artifact,Trials of Atlantis expansion
Albion,1935,For the Love of a Nereid,40,Mesothalassa,Melos Coral-Sheathed Hauberk (Hib),Regular,Trials of Atlantis expansion
Albion,507,Forged Excellence,15,Avalon Marsh,Sequence Ring,Regular,Classic
Albion,3778,Forging Steel (Alb),8,Constantine's Sound,"Coin, Experience",Regular,Classic
Albion,1938,Fortress of Storms Trial (M4T2),40,Stygian Delta,,Master Level,Trials of Atlantis expansion
Albion,72,Fortune of Few,11,Camelot,Ring of Clarity,Regular,Classic
Albion,1864,Four Items Trial (M2T9),40,Sobekite Eternal,,Master Level,Trials of Atlantis expansion
Albion,2903,Fragile Alliance (Epic 1) (I),5,Camelot,Initiate Cleric Jewel,Regular,Classic
Albion,2906,Fragile Alliance (Epic 1) (II),5,Camelot,Aspirant Jewel,Regular,Classic
Albion,3703,Frazzled Assembly Bit -- Kill Task,49,Dales of Devwy,"Coin, Experience",Kill Task,Shrouded Isle expansion
Albion,688,Free the Rogue!,48,Aldland,Ogre Bracer,Regular,Shrouded Isle expansion
Albion,2370,Free the Soul,21,Inconnu Crypt,"Coin, Experience",Mini Quest,Catacombs expansion
Albion,3297,Freshly Exhumed Evil,8,Black Mountains South,Weak Elixir of Healing,Regular,Classic
Albion,3142,Friar Guild Gift,10,Camelot,Novice's Quarterstaff,Regular,Classic
Albion,3081,Frontier Agressors,45,Camelot,"Coin, Experience",Mini Quest,Darkness Rising expansion
Albion,2061,Frontiers (Alb),3,Camelot Hills,Recruit's Studded Legs (Alb) (old),Regular,Classic
Albion,2009,Fruth's Requests (Alb),25,Ruins of Atlantis,"Coin, Experience",Regular,Trials of Atlantis expansion
Albion,3765,Fuel for the Fire,7,Constantine's Sound,"Coin, Experience",Regular,Classic
Albion,2371,Fuzzy Nuisance,22,Abandoned Mines (Alb),"Coin, Experience",Mini Quest,Catacombs expansion
Albion,757,Gangrenous Mass Pustule -- Kill Task,48,Avalon Isle,Experience,Kill Task,Shrouded Isle expansion
Albion,2592,Gargoyles are Watching,31,Deadlands of Annwn (Alb),"Coin, Experience",Mini Quest,Catacombs expansion
Albion,2363,Garnishing the Meal,41,Underground Forest (Alb),"Coin, Experience",Mini Quest,Catacombs expansion
Albion,3782,Gathering Wood (Alb),9,Constantine's Sound,"Coin, Experience",Crafting,Classic
Albion,1952,Gaurmaes' Trial (M4T9),40,Land of Atum,,Master Level,Trials of Atlantis expansion
Albion,2043,Gem of Lost Memories,30,Oceanus Hesperos,Gem of Lost Memories (caster),Artifact,Trials of Atlantis expansion
Albion,1960,Gem of Skyros,40,Mesothalassa,Skyros Shell Belt,Regular,Trials of Atlantis expansion
Albion,425,Gem of the Despoiled  -- Kill Task,31,Avalon Marsh,Experience,Kill Task,Classic
Albion,2728,General Vaul's Last Stand (Epic 6),30,Camelot,Chaplain Jewel,Regular,Classic
Albion,3763,Get Crabby,7,Constantine's Sound,"Coin, Experience",Regular,Classic
Albion,3105,Getting up to Speed (Alb),1,Black Mountains South,"Coin, Experience",Mini Quest,Classic
Albion,3717,Ghostly Echoes,45,Forest Sauvage,"Coin, Experience",Regular,Classic
Albion,661,Ghostly Soul Shroud -- Kill Task,46,Caldey,Experience,Kill Task,Shrouded Isle expansion
Albion,469,Ghoulic Viper Fang -- Kill Task,41,Black Mountains South,Experience,Kill Task,Classic
Albion,439,Giant Boar Claw  -- Kill Task,34,Snowdonia,Experience,Kill Task,Classic
Albion,442,Giant Lizard Sinew -- Kill Task,36,Cornwall,Experience,Kill Task,Classic
Albion,2584,Gift from Guard Gannon,41,Deadlands of Annwn (Alb),"Coin, Experience",Mini Quest,Catacombs expansion
Albion,449,Glowing Soul Gem -- Kill Task,35,Cornwall,Experience,Kill Task,Classic
Albion,2402,Gnoll Bounty,24,Inconnu Crypt,"Coin, Experience",Mini Quest,Catacombs expansion
Albion,2438,Gnoll-edge is Power,26,Deadlands of Annwn (Alb),"Coin, Experience",Mini Quest,Catacombs expansion
Albion,2428,Gnolls of War,30,Deadlands of Annwn (Alb),"Coin, Experience",Mini Quest,Catacombs expansion
Albion,47,Goblin Hunting,20,Campacorentin Forest,"Coin, Experience",Regular,Classic
Albion,310,Goblin Incursion,7,Black Mountains South,Bracelet of Denied Bloodshed,Regular,Classic
Albion,1931,Goddess Necklace,45,Oceanus Hesperos,Goddess Necklace,Artifact,Trials of Atlantis expansion
Albion,2028,Godeleva's Need,2,Camelot Hills,Reed Bracer,Regular,Classic
Albion,3728,Going Postal in the Deadlands,48,Camelot Hills,"Coin, Experience",Mini Quest,Catacombs expansion
Albion,1883,Golden Scarab Vest,46,Stygian Delta,Golden Scarab Vest (leather) (melee),Artifact,Trials of Atlantis expansion
Albion,3730,Gone Fishin',48,Camelot Hills,"Coin, Experience",Mini Quest,Shrouded Isle expansion
Albion,2403,Good Gnoll Hunting,23,Abandoned Mines (Alb),"Coin, Experience",Mini Quest,Catacombs expansion
Albion,1969,Gorgons of Aeurs Trial (M5T5),40,Halls of Ma'ati,,Master Level,Trials of Atlantis expansion
Albion,3387,Granite Giant Crush,47,Dartmoor,"Coin, Experience",Regular,Classic
Albion,470,Great Boar Hide -- Kill Task,42,Black Mountains South,Experience,Kill Task,Classic
Albion,3785,Great Cat of the Sound (Alb),10,Constantine's Sound,"Coin, Experience",Regular,Classic
Albion,2054,Great Minds Think Alike,26,Avalon Marsh,Luminous Cloak (Alb) (int),Regular,Classic
Albion,2457,Greener Pastures,2,Camelot Hills,"Coin, Experience",Mini Quest,Classic
Albion,3677,Greetings Armsman,1,Constantine's Sound,Standard Dagger (Alb),Regular,Classic
Albion,3692,Greetings Cabalist,1,Constantine's Sound,Standard Staff (magic) (Alb),Regular,Classic
Albion,3685,Greetings Cleric,1,Constantine's Sound,Standard Hammer (acu) (Alb),Regular,Classic
Albion,3689,Greetings Friar,1,Constantine's Sound,Standard Staff (melee) (Alb),Regular,Classic
Albion,3737,Greetings Heretic,1,Constantine's Sound,Standard Hammer (acu) (Alb),Regular,Classic
Albion,3688,Greetings Infiltrator,1,Constantine's Sound,Standard Dagger (Alb),Regular,Classic
Albion,3736,Greetings Mauler (Alb),1,Constantine's Sound,Standard Staff (melee),Regular,Classic
Albion,3690,Greetings Mercenary,1,Constantine's Sound,Standard Dagger (Alb),Regular,Classic
Albion,3683,Greetings Minstrel,1,Constantine's Sound,Standard Dagger (Alb),Regular,Classic
Albion,3691,Greetings Necromancer,1,Constantine's Sound,Standard Staff (magic) (Alb),Regular,Classic
Albion,3681,Greetings Paladin,1,Constantine's Sound,Standard Dagger (Alb),Regular,Classic
Albion,3693,Greetings Reaver,1,Constantine's Sound,Standard Dagger (Alb),Regular,Classic
Albion,3682,Greetings Scout,1,Constantine's Sound,Standard Dagger (Alb),Regular,Classic
Albion,3687,Greetings Sorcerer,1,Constantine's Sound,Standard Staff (magic) (Alb),Regular,Classic
Albion,3684,Greetings Theurgist,1,Constantine's Sound,Standard Staff (magic) (Alb),Regular,Classic
Albion,3686,Greetings Wizard,1,Constantine's Sound,Standard Staff (magic) (Alb),Regular,Classic
Albion,405,Grim Scrap -- Kill Task,21,Black Mountains North,Experience,Kill Task,Classic
Albion,2580,Growler Mace,13,Camelot Hills,"Coin, Experience",Regular,Classic
Albion,135,Growler's Necklace,13,Camelot Hills,"Coin, Experience",Regular,Classic
Albion,2432,Gruesome Thrawn Ogre Head -- Kill Task,46,Plains of Gwyddneau,"Coin, Experience",Kill Task,Shrouded Isle expansion
Albion,221,Grunge One Time Drop,34,Snowdonia,Huge Sharpened Boar Tusk,One Time Drop,Classic
Albion,2372,Guard Alkayrr's Request,20,Roman Aqueducts,"Coin, Experience",Mini Quest,Catacombs expansion
Albion,2234,Guard Blumor's Blunder,8,Roman Aqueducts,"Coin, Experience",Mini Quest,Catacombs expansion
Albion,2259,Guard Blumor's Order,14,Roman Aqueducts,"Coin, Experience",Mini Quest,Catacombs expansion
Albion,2649,Guard Masden's Order,38,Deadlands of Annwn (Alb),"Coin, Experience",Mini Quest,Catacombs expansion
Albion,2089,Guard Zekatar's Order,5,Roman Aqueducts,"Coin, Experience",Mini Quest,Catacombs expansion
Albion,112,Guarding the Stone,12,Camelot Hills,Apprentice Cloak,Regular,Classic
Albion,571,Guild Introduction (Disciple),4,Isle of Glass,"Coin, Experience",Regular,Shrouded Isle expansion
Albion,641,Guild Introduction (Rogue),4,Isle of Glass,"Coin, Experience",Regular,Shrouded Isle expansion
Albion,261,Guild Preparation,4,Black Mountains South,"Coin, Experience",Regular,Classic
Albion,606,Gyves Parts -- Kill Task,35,Dales of Devwy,Experience,Kill Task,Shrouded Isle expansion
Albion,2184,"Half Ogre, All Man",5,Camelot Hills,Adnil's Magical Orb,Regular,Classic
Albion,2657,Half Orc Armor,33,Deadlands of Annwn (Alb),"Coin, Experience",Mini Quest,Catacombs expansion
Albion,2439,Half Orc Bounty,25,Deadlands of Annwn (Alb),"Coin, Experience",Mini Quest,Catacombs expansion
Albion,184,Hands Of Fate,30,Camelot,Mantle of the Bowmaster,Regular,Classic
Albion,1920,Harpy Feather Cloak,50,Oceanus Notos,Harpy Feather Cloak,Artifact,Trials of Atlantis expansion
Albion,3388,Harrowing the Haunted Appletree,24,Camelot Hills,"Coin, Experience",Mini Quest,Shrouded Isle expansion
Albion,3301,Haskis' Dilemma,9,Black Mountains South,Protector's Band of Fortitude,Regular,Classic
Albion,2235,Hats for Heroes,9,Roman Aqueducts,"Coin, Experience",Mini Quest,Catacombs expansion
Albion,2594,Haunted Animators,43,Deadlands of Annwn (Alb),"Coin, Experience",Mini Quest,Catacombs expansion
Albion,2619,Haunted Hills (Epic 2),10,Camelot,Journeyman Cabalist Belt,Regular,Classic
Albion,748,Haunted Messages,11,Isle of Glass,Holy Pendant,Regular,Shrouded Isle expansion
Albion,2144,Hawley's Hats,2,Roman Aqueducts,"Coin, Experience",Mini Quest,Catacombs expansion
Albion,1888,Healers Embrace Cloak,50,Stygian Delta,A Healers Embrace,Artifact,Trials of Atlantis expansion
Albion,3786,Healing Salve (Alb),10,Constantine's Sound,"Coin, Experience",Regular,Classic
Albion,1777,Heart of Albion,27,Campacorentin Forest,Pendant of Hope,Regular,Classic
Albion,5,Heart of Sephucoth,7,Camelot Hills,Fiery Crystal Pendant,Regular,Classic
Albion,2639,Help from Beyond (Epic 4),20,Camelot,Spellbinder Cloak,Regular,Classic
Albion,2022,Help Realmmates (M7T11),40,Oceanus Hesperos,,Master Level,Trials of Atlantis expansion
Albion,2713,Helter-Smelter,28,Abandoned Mines (Alb),"Coin, Experience",Mini Quest,Catacombs expansion
Albion,2017,Hephaestian's Challenge (M7T6),40,Heart of Volcanus,,Master Level,Trials of Atlantis expansion
Albion,2260,Herbs from the Herbalists,13,Roman Aqueducts,"Coin, Experience",Mini Quest,Catacombs expansion
Albion,2236,Herbs of Pluto,11,Roman Aqueducts,"Coin, Experience",Mini Quest,Catacombs expansion
Albion,497,Hidden Insurrection,40,Camelot,Death's Touch,Regular,Classic
Albion,3305,Highway Robbery,10,Black Mountains South,Protector's Cloak of Fortitude,Regular,Classic
Albion,2700,History Repeats Itself,35,Inconnu Crypt,Totem of the Crypt,Regular,Catacombs expansion
Albion,3210,Honoring the Hardworking (Alb),50,Black Mountains South,Albion Cloak of Might,Regular,Classic
Albion,2676,Hounds of Arawn,39,Inconnu Crypt,Whistle of the Beast,Regular,Catacombs expansion
Albion,3680,How to Gather Comrades (Alb),1,Constantine's Sound,"Coin, Experience",Regular,Classic
Albion,2030,Humberton's Small Problem,4,Black Mountains South,Old Lamellar Legs,Regular,Classic
Albion,11,Hunt for Slith,7,Black Mountains South,Slith's Tail,Regular,Classic
Albion,3757,Hunt the Hunters,6,Constantine's Sound,Lynx-bane Longsword,Regular,Classic
Albion,3780,Hunting Season (Alb),9,Constantine's Sound,"Coin, Experience",Regular,Classic
Albion,3789,Hunting the Master Hound (Alb),9,Constantine's Sound,"Coin, Experience",Regular,Classic
Albion,1826,Ianetor's Trial (M1T1),40,Oceanus Anatole,,Master Level,Trials of Atlantis expansion
Albion,3345,Ice Horse Quest (Alb),50,King Constantine's Throne Room,"Coin, Experience",Regular,Darkness Rising expansion
Albion,172,Immediate Resolution (version 1),1,Campacorentin Forest,"Coin, Experience",Regular,Classic
Albion,309,Immediate Resolution (version 2),1,Black Mountains South,"Coin, Experience",Regular,Classic
Albion,2638,Imperiled Wizard (Epic 3),15,Camelot,Elementalist Bracer,Regular,Classic
Albion,2057,Important Delivery (Alb),1,Camelot Hills,Recruit's Cloak (Alb) (old) (nld),Regular,Classic
Albion,349,Impossible Mission,33,Camelot,Yog's Iron Fist,Regular,Classic
Albion,3729,In Defense of a Kingdom (Alb),48,Camelot Hills,"Coin, Experience",Mini Quest,Darkness Rising expansion
Albion,3800,In Need of Assistance,9,Constantine's Sound,"Coin, Experience",Regular,Classic
Albion,3293,In Search of a Heart,6,Black Mountains South,"Coin, Experience",Mini Quest,Classic
Albion,3723,In Search of New Lands (Alb),46,Camelot Hills,"Coin, Experience",Mini Quest,Darkness Rising expansion
Albion,3368,In Service to Arawn,5,Black Mountains South,Ring of the Oak,Regular,Classic
Albion,542,Inconnu Poison,1,Isle of Glass,"Coin, Experience",Regular,Shrouded Isle expansion
Albion,1999,Infestation (M6T4),40,Typhon's Reach,,Master Level,Trials of Atlantis expansion
Albion,3149,Infiltrator Guild Gift,10,Camelot,Novice's Longsword (Alb),Regular,Classic
Albion,588,Information / Trickery,12,Isle of Glass,Faithful Defender Boots,Regular,Shrouded Isle expansion
Albion,2912,Information from Disciple Vahreen,1,Camelot Hills,"Coin, Experience",Regular,Classic
Albion,2913,Information from Magus Aelle,1,Camelot Hills,"Coin, Experience",Regular,Classic
Albion,2914,Information from Master Claistan,1,Camelot Hills,"Coin, Experience",Regular,Classic
Albion,2915,Information from Master Sorac,1,Camelot Hills,"Coin, Experience",Regular,Classic
Albion,2916,Information from Master Stearn,1,Camelot Hills,"Coin, Experience",Regular,Classic
Albion,2911,Information from Sister Marjorie,1,Camelot Hills,"Coin, Experience",Regular,Classic
Albion,3367,Information Runners (Alb),1,Camelot Hills,"Coin, Experience",Regular,Classic
Albion,105,Intervention,10,Snowdonia,"Coin, Experience",Regular,Classic
Albion,2809,Into the Aqueducts,5,Camelot,"Coin, Experience",Mini Quest,Catacombs expansion
Albion,2113,Into the Crypt with You!,45,Deadlands of Annwn (Alb),"Coin, Experience",Mini Quest,Catacombs expansion
Albion,2659,Into the Forge,29,Abandoned Mines (Alb),Gem of Underworld Power (Alb),Regular,Catacombs expansion
Albion,2810,Into the Lion's Den (Alb),5,Camelot,"Coin, Experience",Mini Quest,Darkness Rising expansion
Albion,2623,Into the Serpent's Lair (Epic 6),30,Camelot,Blackguard Jewel,Regular,Classic
Albion,2641,Into the Spider's Lair (Epic 6),30,Camelot,Invoker Jewel,Regular,Classic
Albion,3679,Introducing the Command Window (Alb),1,Constantine's Sound,"Coin, Experience",Regular,Classic
Albion,2895,Investigating Rumours (Alb),7,Camelot,"Coin, Experience",Mini Quest,Darkness Rising expansion
Albion,2063,Ire Fairy Ire,4,Camelot Hills,Recruit's Studded Vest (Alb) (old) (nld),Regular,Classic
Albion,2724,Island Holiday (Epic 2),10,Camelot,Journeyman Theurgist Belt,Regular,Shrouded Isle expansion
Albion,1943,Iter Trial (M4T7),40,Stygian Delta,,Master Level,Trials of Atlantis expansion
Albion,179,Ivy Weave Gloves,16,Avalon Marsh,Ivy-Weave Gloves (Chain),Regular,Classic
Albion,1871,Jacina's Sash,50,Arbor Glen,Jacina's Sash,Artifact,Trials of Atlantis expansion
Albion,1941,Jann Trial (M4T5),40,Land of Atum,,Master Level,Trials of Atlantis expansion
Albion,1848,Jashan's Brother,48,Arbor Glen,Leafy-Moss Gauntlets (Alb),Regular,Trials of Atlantis expansion
Albion,483,Jeweled Polished Skull -- Kill Task,42,Black Mountains South,Experience,Kill Task,Classic
Albion,2677,Juicy Innards,37,Underground Forest (Alb),"Coin, Experience",Mini Quest,Catacombs expansion
Albion,3816,Jurryl's Wounded Pride,15,Black Mountains South,Ring of the North,Regular,Classic
Albion,1858,Ka'a Trial (M2T1),40,Sobekite Eternal,,Master Level,Trials of Atlantis expansion
Albion,1857,Kalare's Necklace,45,Oceanus Notos,Kalare's Necklace,Artifact,Trials of Atlantis expansion
Albion,2878,Kalarin's Experiments,27,Abandoned Mines (Alb),"Coin, Experience",Mini Quest,Catacombs expansion
Albion,2237,Kalis the Shade,11,Roman Aqueducts,"Coin, Experience",Mini Quest,Catacombs expansion
Albion,1861,Kanakht Trial (M2T6),40,Sobekite Eternal,,Master Level,Trials of Atlantis expansion
Albion,3405,Keeping Company (Alb),45,Camelot,Tiny Compatriot Crate,Regular,Shrouded Isle expansion
Albion,1928,Kepa's Trial (M3T2),40,Temple of Twilight,,Master Level,Trials of Atlantis expansion
Albion,424,Keys of the Lost  -- Kill Task,30,Cornwall,Experience,Kill Task,Classic
Albion,3473,Killaloe Egg Hunt (Alb),15,Camelot Hills,"Coin, Experience",Regular,Classic
Albion,1878,Killing for Experience (M2T11),40,Oceanus Hesperos,,Master Level,Trials of Atlantis expansion
Albion,1930,Killing for Experience (M3T11),40,Oceanus Hesperos,,Master Level,Trials of Atlantis expansion
Albion,1955,Killing for Experience (M4T11),40,Oceanus Hesperos,,Master Level,Trials of Atlantis expansion
Albion,1975,Killing for Experience (M5T11),40,Oceanus Hesperos,,Master Level,Trials of Atlantis expansion
Albion,3093,Killing in a Far Land (Alb),49,Camelot,"Coin, Experience",Mini Quest,Shrouded Isle expansion
Albion,3722,Killing the Enemy (Alb),46,Camelot Hills,"Coin, Experience",Mini Quest,Darkness Rising expansion
Albion,302,Kindred of the Fallen,17,Forest Sauvage,Earthen Necklace of Fellwood,Regular,Classic
Albion,3798,Kingdom for a Horse (Alb),10,Constantine's Sound,Standard Chestnut Horse,Regular,Classic
Albion,1827,Kirkleis' Trial (M1T6),40,Oceanus Anatole,,Master Level,Trials of Atlantis expansion
Albion,2585,Knights of the Underworld,41,Deadlands of Annwn (Alb),"Coin, Experience",Mini Quest,Catacombs expansion
Albion,3715,Know Thy Enemy (Alb),46,Forest Sauvage,"Coin, Experience",Regular,Classic
Albion,2013,Know Your Opponent (M7T2),40,Heart of Volcanus,,Master Level,Trials of Atlantis expansion
Albion,2406,Kobold Attack,49,Underground Forest (Alb),"Coin, Experience",Mini Quest,Catacombs expansion
Albion,3721,Krodon Awaits,46,Camelot Hills,"Coin, Experience",Mini Quest,Shrouded Isle expansion
Albion,1824,Krojer's Trial (M1T5),40,Oceanus Anatole,Krojer's Piety Ring,Master Level,Trials of Atlantis expansion
Albion,209,La Morti Parla,20,Camelot,Leggings of Comfort,Regular,Classic
Albion,91,Lady Judith's Circlet,13,Camelot,Cutter,Regular,Classic
Albion,33,Lady Leana,8,Camelot Hills,Silver Chain,Regular,Classic
Albion,2431,Landrana's Revenge,33,Deadlands of Annwn (Alb),"Coin, Experience",Mini Quest,Catacombs expansion
Albion,1908,Laodamedia's Trial (M3T4),40,Temple of Twilight,,Master Level,Trials of Atlantis expansion
Albion,2038,Large Eel Eye -- Kill Task,40,Oceanus Hesperos,Experience,Kill Task,Trials of Atlantis expansion
Albion,1998,Lateef (M6T3),40,Typhon's Reach,,Master Level,Trials of Atlantis expansion
Albion,2448,Lawrence's Oil,4,Camelot Hills,"Coin, Experience",Mini Quest,Classic
Albion,2373,Laying the Dead to Rest,20,Deadlands of Annwn (Alb),"Coin, Experience",Mini Quest,Catacombs expansion
Albion,3773,Leadership Laid Low (Alb),8,Constantine's Sound,Band of the Sound,Regular,Classic
Albion,3747,Learning Waypoints (Alb),3,Constantine's Sound,Sound's Cloth Robe of Grace (Alb),Regular,Classic
Albion,142,Legend of the Lake (level 15),15,Camelot,Sleeves of the Stoic,Regular,Classic
Albion,185,Legend of the Lake (level 20),20,Avalon Marsh,Ebony Collar of the Dead,Regular,Classic
Albion,186,Legend of the Lake (level 25),25,Camelot,Zealot's Staff of the Pious,Regular,Classic
Albion,514,Legione Perso,30,Camelot,Glowing Adamantium Staff of the Fire Tempest,Regular,Classic
Albion,3478,Leirvik Egg Hunt (Alb),40,Camelot Hills,"Coin, Experience",Regular,Classic
Albion,3711,Leirvik Gift Retrival (Alb),40,Camelot Hills,"Coin, Experience",Regular,Classic
Albion,1990,Leoma's Sight,10,Camelot Hills,Leoma's Sight,Regular,Classic
Albion,2435,Leopard Shark Fin -- Kill Task,43,Stygian Delta,"Coin, Experience",Kill Task,Trials of Atlantis expansion
Albion,3306,Let Sleeping Couriers Lie,10,Black Mountains South,"Coin, Experience",Mini Quest,Classic
Albion,2238,Letter for Magess Islia,8,Roman Aqueducts,"Coin, Experience",Mini Quest,Catacombs expansion
Albion,501,Lisreen's Plight,15,Camelot,Circlet of the Lake,Regular,Classic
Albion,79,List of Denial,11,Camelot,Helm of the Observant,Regular,Classic
Albion,3208,Living Wood (Alb),47,Black Mountains South,"Coin, Experience",Regular,Classic
Albion,3781,Local Brew (Alb),9,Constantine's Sound,Weak Elixir of Healing,Regular,Classic
Albion,3303,Locating the Paychest,8,Black Mountains South,Protector's Pendant of Fortitude,Regular,Classic
Albion,535,Long Lion Fang,30,Camelot,Long Lion Fang,Regular,Classic
Albion,151,Lord Aryon's Box,17,Camelot,Lifetaker,Regular,Classic
Albion,363,Lord of Deceit (level 43),43,Camelot,Ring of Shadowy Embers,Regular,Classic
Albion,376,Lord of Deceit (level 45),45,Camelot,Cloak of the Shadowy Embers,Regular,Classic
Albion,465,Lord of Deceit (level 48),48,Camelot,"Coin, Experience",Regular,Classic
Albion,466,Lord of Deceit (level 50),50,Camelot,Sleeves of the Shadowy Embers,Regular,Classic
Albion,1825,Lornas' Trial (M1T2),40,Mesothalassa,,Master Level,Trials of Atlantis expansion
Albion,2145,Lost in the Aqueducts,4,Roman Aqueducts,"Coin, Experience",Mini Quest,Catacombs expansion
Albion,2588,Lost in the Dark,40,Inconnu Crypt,Lost Chain Leggings of Nyttheim,Regular,Catacombs expansion
Albion,1919,Lost in the Sands of Time,48,Stygian Delta,Sun Sapphire,Regular,Trials of Atlantis expansion
Albion,2650,Lost Notes,38,Deadlands of Annwn (Alb),"Coin, Experience",Mini Quest,Catacombs expansion
Albion,2618,Lost Passages (Epic 1),5,Camelot,Strong-Arm Jewel,Regular,Classic
Albion,543,Lost Potion,2,Isle of Glass,"Coin, Experience",Regular,Shrouded Isle expansion
Albion,2907,Lost Souls (Epic 4),20,Camelot,Proselyte Cloak,Regular,Classic
Albion,1763,Lost Stone of Arawn,48,Avalon Isle,Ancient Copper Necklace,Regular,Shrouded Isle expansion
Albion,729,Lost Treasure,49,Dales of Devwy,Bracer of Health,Regular,Shrouded Isle expansion
Albion,3119,Luck of a Leprechaun (Alb),1,Camelot Hills,Lucky Charm,Regular,Classic
Albion,1978,Maddening Scalars/ Mad Tales,50,Typhon's Reach,Maddening Scalars (Alb) (chain),Artifact,Trials of Atlantis expansion
Albion,1923,Magical Ingrediants,48,Oceanus Anatole,,Regular,Trials of Atlantis expansion
Albion,1973,Mahaf and Riding the Boat Trial (M5T9),40,Halls of Ma'ati,,Master Level,Trials of Atlantis expansion
Albion,1965,Malice's Axe,50,Typhon's Reach,Malice's Axe (Alb),Artifact,Trials of Atlantis expansion
Albion,707,Malignant Creatures,46,Caldey,Caster's Minding Thoughts,Regular,Shrouded Isle expansion
Albion,1840,Marauding Bandit (Alb),46,Stygian Delta,Sand-edged Axe (Alb),Regular,Trials of Atlantis expansion
Albion,1968,Mariasha's Sharkskin Gloves,50,Oceanus Hesperos,Mariasha's Sharkskin Gloves (Mid),Artifact,Trials of Atlantis expansion
Albion,2304,Marius' Request,15,Camelot,"Coin, Experience",Mini Quest,Catacombs expansion
Albion,2530,Marlin's Sales Pitch,17,Salisbury Plains,"Coin, Experience",Mini Quest,Classic
Albion,1971,Mask Trials (M5T7),40,Halls of Ma'ati,,Master Level,Trials of Atlantis expansion
Albion,1954,Matikhoras Trial (M4T10),40,Stygian Delta,,Master Level,Trials of Atlantis expansion
Albion,2433,Mature Scorpion Poison Gland -- Kill Task,47,Oceanus Hesperos,"Coin, Experience",Kill Task,Trials of Atlantis expansion
Albion,2071,Mau Mane Hair -- Kill Task,47,Stygian Delta,"Coin, Experience",Kill Task,Trials of Atlantis expansion
Albion,1926,Mau of Bastet,46,Stygian Delta,,Regular,Trials of Atlantis expansion
Albion,3406,Mauler Guild Gift (Alb),10,Camelot,Novice's Fist Wrap,Regular,Classic
Albion,3295,Medical Supplies (Alb),1,Black Mountains South,"Coin, Experience",Regular,Classic
Albion,1929,Medusa's Trial (M3T10),40,Temple of Twilight,,Master Level,Trials of Atlantis expansion
Albion,3742,Melee Combat (Alb),1,Constantine's Sound,"Coin, Experience",Regular,Classic
Albion,1961,Melos Alliance,30,Mesothalassa,Major Melos Breath Potion,Regular,Trials of Atlantis expansion
Albion,2727,Menhir Menace (Epic 5),25,Camelot,Legionnaire Ring,Regular,Shrouded Isle expansion
Albion,3143,Mercenary Guild Gift,10,Camelot,Novice's Longsword (Alb),Regular,Classic
Albion,3361,Midwinter Tree of Albion,35,Black Mountains South,Small Albion Winter Tree,Regular,Classic
Albion,3817,Mindweaver,15,Black Mountains South,Ring of the North,Regular,Classic
Albion,3148,Minstrel Guild Gift,10,Camelot,Novice's Longsword (Alb),Regular,Classic
Albion,3370,Mission: Infiltration (Alb),1,Camelot,"Coin, Experience",Regular,Classic
Albion,1895,Moirai's Trial (M3T1),40,Temple of Twilight,,Master Level,Trials of Atlantis expansion
Albion,3477,Molvik Egg Hunt (Alb),35,Camelot Hills,"Coin, Experience",Regular,Classic
Albion,3233,Moran the Mighty,49,Dartmoor,"Coin, Experience",Regular,Classic
Albion,3025,Moray Eel Eye -- Kill Task,45,Stygian Delta,"Coin, Experience",Kill Task,Trials of Atlantis expansion
Albion,3120,More Stories,1,Isle of Glass,,Regular,Classic
Albion,2112,Moreso Than Me,46,Deadlands of Annwn (Alb),"Coin, Experience",Mini Quest,Catacombs expansion
Albion,696,Mottled Apple Fly Wings -- Kill Task,26,Avalon Isle,Experience,Kill Task,Shrouded Isle expansion
Albion,3673,Movement and Interaction (Alb),1,Constantine's Sound,"Coin, Experience",Regular,Classic
Albion,3399,Mulgrut gets Smitten,5,Camelot Hills,"Coin, Experience",Regular,Classic
Albion,3767,My Brother's Keeper,7,Constantine's Sound,Flame-licked Chain Hauberk,Regular,Classic
Albion,3840,My Mother's Lute,38,Camelot,"Coin, Experience",Mini Quest,Shrouded Isle expansion
Albion,2404,Mystery of the Teeth,24,Deadlands of Annwn (Alb),"Coin, Experience",Mini Quest,Catacombs expansion
Albion,1934,Nahkt's Fragmented Mind,50,Stygian Delta,Wind Torn Cloak (Mid) (healing),Regular,Trials of Atlantis expansion
Albion,1868,Nailah's Robes,50,Stygian Delta,Nailah's Robes (Alb),Artifact,Trials of Atlantis expansion
Albion,31,Nain Hunting,3,Black Mountains South,"Coin, Experience",Regular,Classic
Albion,245,Nasher One Time Drop,37,Snowdonia,Macabre Medallion,One Time Drop,Classic
Albion,1945,Naxos Society,30,Mesothalassa,Coin,Regular,Trials of Atlantis expansion
Albion,3150,Necromancer Guild Gift,10,Camelot,Novice's Stave (Alb),Regular,Classic
Albion,89,Nenet's Research,21,Campacorentin Forest,"Coin, Experience",Regular,Classic
Albion,155,Niea's Missing Brother,11,Camelot Hills,"Coin, Experience",Regular,Classic
Albion,3008,Nightmare Horse Quest (Alb),50,King Constantine's Throne Room,Nightmare Steed,Regular,Darkness Rising expansion
Albion,1882,Nightshroud Bracelet,45,Oceanus Boreal,Nightshroud Bracelet,Artifact,Trials of Atlantis expansion
Albion,2400,Nimora's Celestial Compass,50,Oceanus Notos,Nimora's Celestial Compass,Regular,Trials of Atlantis expansion
Albion,3280,No Hope For the Hopeful,1,Camelot Hills,Recruit's Intelligent Bracer,Regular,Classic
Albion,3310,No Sacrificer Too Small,12,Camelot Hills,"Coin, Experience",Regular,Darkness Rising expansion
Albion,505,Nogud the Smasher One Time Drop,41,Snowdonia,Angled Bone Bracer,One Time Drop,Classic
Albion,2059,Nuisances (Alb),2,Camelot Hills,Recruit's Short Sword (Alb) (old) (nld),Regular,Classic
Albion,88,Oaken Boots,20,Campacorentin Forest,Oaken Boots,Regular,Classic
Albion,3758,Oats Bodkins,6,Constantine's Sound,Lynx-bane Fist Wrap,Regular,Classic
Albion,3707,Offensive Tactics (Alb),49,Darkness Falls,"Coin, Experience",Regular,Classic
Albion,1986,Oglidarsh's Belt,50,Oceanus Hesperos,Belt of Oglidarsh,Artifact,Trials of Atlantis expansion
Albion,699,Ogre's Might,49,Aldland,Scurceol's Bracer,Regular,Shrouded Isle expansion
Albion,604,Oily Contraption Bits -- Kill Task,32,Dales of Devwy,Experience,Kill Task,Shrouded Isle expansion
Albion,3207,Old Stones (Alb),47,Black Mountains South,"Coin, Experience",Regular,Classic
Albion,2887,On the Road Again (Alb),6,Camelot,"Coin, Experience",Mini Quest,Darkness Rising expansion
Albion,3213,"Once more, to Humberton!",47,Dartmoor,"Coin, Experience",Regular,Classic
Albion,3756,One Man's Salvage,6,Constantine's Sound,Threadbare Belt,Regular,Classic
Albion,3369,One More Small Service (Alb),1,Camelot Hills,,Regular,Classic
Albion,2003,Orb of Apollo (M6T8),40,Ashen Isle,,Master Level,Trials of Atlantis expansion
Albion,557,Orc Tracking Hound Paw -- Kill Task,46,Avalon Isle,Experience,Kill Task,Shrouded Isle expansion
Albion,1810,Orcs with Spellbooks,49,Inishail Island,Venerable Faeldek Mail Hauberk,Regular,Shrouded Isle expansion
Albion,3748,Orders for the Dockmaster (Alb),3,Constantine's Sound,"Coin, Experience",Regular,Classic
Albion,1841,Origins of the Harpies,48,Oceanus Hesperos,Wind Hardened Leggings (plate),Regular,Trials of Atlantis expansion
Albion,2049,Orion's Belt,21,Oceanus Hesperos,Orion's Belt (caster),Artifact,Trials of Atlantis expansion
Albion,1942,Oukesson Trial (M4T6),40,Land of Atum,,Master Level,Trials of Atlantis expansion
Albion,3788,Out of the Woodwork (Alb),8,Constantine's Sound,"Coin, Experience",Regular,Classic
Albion,6,Outcast Ormgarth,22,Campacorentin Forest,Snake Charm,Regular,Classic
Albion,3144,Paladin Guild Gift,10,Camelot,Novice's Longsword (Alb),Regular,Classic
Albion,2146,Paper Chase,5,Roman Aqueducts,"Coin, Experience",Mini Quest,Catacombs expansion
Albion,1872,Parade for a Paladin,46,Stygian Delta,Ebon Hide Bracer,Regular,Trials of Atlantis expansion
Albion,278,Passage to Eternity (level 43),43,Camelot,Ring of Defiant Soul,Regular,Classic
Albion,279,Passage to Eternity (level 45),45,Camelot,Cloak of Defiant Soul,Regular,Classic
Albion,427,Passage to Eternity (level 48),48,Camelot,"Coin, Experience",Regular,Classic
Albion,428,Passage to Eternity (level 50),50,Camelot,Habergeon of Defiant Soul,Regular,Classic
Albion,2314,Past and the Present,4,Roman Aqueducts,Arawn's Servant's Ring,Regular,Catacombs expansion
Albion,2365,Patchy Moss,44,Underground Forest (Alb),"Coin, Experience",Mini Quest,Catacombs expansion
Albion,284,Path of the Renegade,20,Snowdonia,Boneshaper's Spine,Regular,Classic
Albion,441,Peallaidh Hide -- Kill Task,37,Cornwall,Experience,Kill Task,Classic
Albion,2024,Perfect Barracuda Tooth -- Kill Task,37,Oceanus Hesperos,Experience,Kill Task,Trials of Atlantis expansion
Albion,2951,Pest Control (Alb),46,Camelot,"Coin, Experience",Mini Quest,Darkness Rising expansion
Albion,1913,Phoebus Harp Necklace,50,Mesothalassa,Phoebus Harp Necklace,Artifact,Trials of Atlantis expansion
Albion,463,Pictish Warrior Ring -- Kill Task,41,Avalon Marsh,Experience,Kill Task,Classic
Albion,2019,Pillars (M7T8),40,Heart of Volcanus,,Master Level,Trials of Atlantis expansion
Albion,2636,Pledge to the Academy (Epic 1),5,Camelot,Apprentice Wizard Jewel,Regular,Classic
Albion,2452,Pluto's Followers,1,Roman Aqueducts,"Coin, Experience",Mini Quest,Catacombs expansion
Albion,2239,Plutonian Offerings,10,Inconnu Crypt,"Coin, Experience",Mini Quest,Catacombs expansion
Albion,2315,Plutonian Plans,8,Roman Aqueducts,Eraedus' Medallion (str),Regular,Catacombs expansion
Albion,2380,Plutonian Plot,12,Camelot,Arawnite Defender's Belt,Regular,Catacombs expansion
Albion,2305,Plutonian Studies,17,Roman Aqueducts,"Coin, Experience",Mini Quest,Catacombs expansion
Albion,2306,Plutonian Weapon,19,Roman Aqueducts,"Coin, Experience",Mini Quest,Catacombs expansion
Albion,140,Point of Reason,25,Camelot,Hammer of Wrath,Regular,Classic
Albion,2240,Potions and Poisons,12,Inconnu Crypt,"Coin, Experience",Mini Quest,Catacombs expansion
Albion,296,Prelude to War,45,Camelot Hills,Frozen Stone Helm,Regular,Classic
Albion,344,Price of Courage,9,Black Mountains South,Heart of the Determined,Regular,Classic
Albion,1835,Priceless Antiques,50,Oceanus Hesperos,Barnacle Encrusted Boots (Alb) (plate),Regular,Trials of Atlantis expansion
Albion,484,Pristine Cockatrice Feather -- Kill Task,42,Black Mountains South,Experience,Kill Task,Classic
Albion,487,Pristine She-wolf Pelt -- Kill Task,42,Camelot Hills,Coin,Kill Task,Classic
Albion,2035,Proof of Integrity,47,Stygian Delta,Golden Tuning Fork,Regular,Trials of Atlantis expansion
Albion,2589,Proof of Valor,42,Deadlands of Annwn (Alb),"Coin, Experience",Regular,Classic
Albion,1778,Protecting Anniogel,8,Isle of Glass,Fighter's Call Hauberk,Regular,Shrouded Isle expansion
Albion,3364,Putting the Dead to Rest,28,Deadlands of Annwn (Alb),"Coin, Experience",Regular,Catacombs expansion
Albion,3754,Quell the Invasion (Alb),4,Constantine's Sound,Sound's Chain Boots of Might,Regular,Classic
Albion,2590,Questioning the Soul,31,Inconnu Crypt,"Coin, Experience",Mini Quest,Catacombs expansion
Albion,3065,Quick Delivery,3,Camelot,Bearhide Cloak,Mini Quest,Classic
Albion,2241,Ragar's Plight,9,Roman Aqueducts,"Coin, Experience",Mini Quest,Catacombs expansion
Albion,2307,Ragar's Promise,17,Roman Aqueducts,"Coin, Experience",Mini Quest,Catacombs expansion
Albion,1899,Rare Snake (M6T1),40,Typhon's Reach,Cloak of Flowing Fire (Hib),Master Level,Trials of Atlantis expansion
Albion,3720,Ration Delivery (Alb),46,Camelot Hills,"Coin, Experience",Mini Quest,Shrouded Isle expansion
Albion,541,Reaching Beyond,14,Avalon Marsh,Blessed Symbol of the Spirits,Regular,Classic
Albion,2888,Reagent 007 (Alb),6,Camelot,"Coin, Experience",Mini Quest,Darkness Rising expansion
Albion,3145,Reaver Guild Gift,10,Camelot,Novice's Hammer (Alb),Regular,Classic
Albion,181,Rebellion Accepted,15,Camelot,Boneshaper's Ring,Regular,Classic
Albion,3795,Rebuilding Flora (Alb),10,Constantine's Sound,"Coin, Experience",Regular,Classic
Albion,3284,Recruiting Nothing But Trouble,2,Camelot Hills,Recruit's Short Sword (Alb),Regular,Classic
Albion,244,Regal Nobility (level 25),25,Snowdonia,Light Chain Tunic,Regular,Classic
Albion,315,Regal Nobility (level 30),30,Snowdonia,Gauntlets of Blinding Speed,Regular,Classic
Albion,3101,Rending of the Earlth (Alb),49,Camelot,"Coin, Experience",Regular,Classic
Albion,2374,Repairs are Needed,21,Abandoned Mines (Alb),"Coin, Experience",Mini Quest,Catacombs expansion
Albion,2427,Report Runner,32,Deadlands of Annwn (Alb),"Coin, Experience",Mini Quest,Catacombs expansion
Albion,3746,Reporting for Duty (Alb),5,Constantine's Sound,"Coin, Experience",Regular,Classic
Albion,574,Reports,33,Isle of Glass,Avalon's Sentinel,Regular,Shrouded Isle expansion
Albion,1970,Resin Trial (M5T6),40,Halls of Ma'ati,,Master Level,Trials of Atlantis expansion
Albion,2626,Rest for the Dead (Epic 9),45,Camelot,Pants of the Fanatical Renegade,Regular,Classic
Albion,3794,Restoring Fauna (Alb),10,Constantine's Sound,"Coin, Experience",Regular,Classic
Albion,686,Restoring the Magic,50,Isle of Glass,Glwys-Iledrith Cloak,Regular,Shrouded Isle expansion
Albion,3017,Return of the Hunter,24,Campacorentin Forest,Merchant's Band,Regular,Classic
Albion,3787,Returning Resources (Alb),10,Constantine's Sound,"Coin, Experience",Regular,Classic
Albion,3015,Revenge of the Merchants,22,Campacorentin Forest,"Coin, Experience",Regular,Classic
Albion,2461,"Revenge, the Other White Meat",5,Camelot Hills,"Coin, Experience",Mini Quest,Classic
Albion,1985,Ring of Dances,50,Oceanus Notos,Ring of Dances (stealth),Artifact,Trials of Atlantis expansion
Albion,1870,Ring of Fire,50,Typhon's Reach,Ring of Fire,Artifact,Trials of Atlantis expansion
Albion,2055,Ring of Unyielding Will,30,Mesothalassa,Ring of Unyielding Will,Artifact,Trials of Atlantis expansion
Albion,30,Ripper,5,Black Mountains South,Ripper Jerkin,Regular,Classic
Albion,3731,Rites of Passage (Alb),49,Camelot Hills,"Coin, Experience",Mini Quest,Darkness Rising expansion
Albion,1851,Riverland Menace,48,Stygian Delta,River Fighter Bracer,Regular,Trials of Atlantis expansion
Albion,4,Rock Imps,3,Black Mountains South,"Coin, Experience",Regular,Classic
Albion,685,Rotted Apple Gatherer Flesh -- Kill Task,28,Avalon Isle,Experience,Kill Task,Shrouded Isle expansion
Albion,745,Rotted Corpse Delver Eye -- Kill Task,44,Avalon Isle,Experience,Kill Task,Shrouded Isle expansion
Albion,662,Rotted Ebon Skeleton Tibia -- Kill Task,48,Caldey,"Coin, Experience",Kill Task,Shrouded Isle expansion
Albion,1838,Rrionne's Trial (M2T4),40,Sobekite Eternal,,Master Level,Trials of Atlantis expansion
Albion,616,Rubbish Pieces -- Kill Task,30,Dales of Devwy,Experience,Kill Task,Shrouded Isle expansion
Albion,1845,Ruin Samples,40,Oceanus Hesperos,Coin,Regular,Trials of Atlantis expansion
Albion,679,Rusted Pendant -- Kill Task,36,Avalon Isle,Experience,Kill Task,Shrouded Isle expansion
Albion,751,Rusty Gyve Bits -- Kill Task,35,Dales of Devwy,Experience,Kill Task,Shrouded Isle expansion
Albion,426,Sack of Grain -- Kill Task,32,Cornwall,Experience,Kill Task,Classic
Albion,1997,Sacrifice (M6T2),40,Typhon's Reach,,Master Level,Trials of Atlantis expansion
Albion,1842,Sacrificial Rites,48,Typhon's Reach,Cenalon's Ring of Power,Regular,Trials of Atlantis expansion
Albion,158,Sals' Jar,11,Black Mountains South,"Coin, Experience",Regular,Classic
Albion,3373,Saving Midwinter (Alb),48,Black Mountains South,Sleigh,Regular,Classic
Albion,3327,Saving Zarees (Alb),7,Camelot Hills,Cat's Claw Pendant,Regular,Shrouded Isle expansion
Albion,3678,Saying Hello (Alb),1,Constantine's Sound,Chat Guide,Regular,Classic
Albion,480,Scaled Fiend Heart -- Kill Task,42,Salisbury Plains,Coin,Kill Task,Classic
Albion,1912,Scepter of the Meritorious,50,Oceanus Boreal,Scepter of the Meritorious (Alb),Artifact,Trials of Atlantis expansion
Albion,1889,Scorpion's Tail Ring,50,Stygian Delta,The Scorpions Tail,Artifact,Trials of Atlantis expansion
Albion,3147,Scout Guild Gift,10,Camelot,Novice's Longsword (Alb),Regular,Classic
Albion,2587,Scout's Revenge,39,Underground Forest (Alb),"Coin, Experience",Mini Quest,Catacombs expansion
Albion,94,Scura Tragedia,15,Camelot,Band of Earth,Regular,Classic
Albion,13,Search for Sil,7,Camelot Hills,Gyrg's Cloak,Regular,Classic
Albion,351,Secret Orders,41,Black Mountains North,Ring of Secret Intentions,Regular,Classic
Albion,1836,Seed Pouch,50,Oceanus Hesperos,Sand Scorched Helm (Alb) (leather),Regular,Trials of Atlantis expansion
Albion,3294,Seedy Recovery Mission,6,Black Mountains South,Protector's Bracer of Fortitude,Regular,Classic
Albion,3104,Seek the Dragonslayer (Alb),1,Camelot,,Mini Quest,Classic
Albion,2509,Seer Madness,48,Underground Forest (Alb),"Coin, Experience",Mini Quest,Catacombs expansion
Albion,1879,Sekhmet's Messenger,48,Stygian Delta,Sekhmet's Blessing Crown,Regular,Trials of Atlantis expansion
Albion,2453,Serena's Supplies,3,Camelot,"Coin, Experience",Mini Quest,Catacombs expansion
Albion,1900,Setian Plans,46,Stygian Delta,Golden Cat Linked Belt,Regular,Trials of Atlantis expansion
Albion,1847,Seven Coins,49,Oceanus Notos,Ring of the Seven Solstices (rejuv),Regular,Trials of Atlantis expansion
Albion,626,Shades and Shadows,11,Isle of Glass,Arawn's Beads,Regular,Shrouded Isle expansion
Albion,1911,Shades of Mist,50,Typhon's Reach,Shades of Mist (melee),Artifact,Trials of Atlantis expansion
Albion,2375,Shadow Soul,20,Abandoned Mines (Alb),"Coin, Experience",Mini Quest,Catacombs expansion
Albion,3300,Shadows in the Night,9,Black Mountains South,"Coin, Experience",Mini Quest,Classic
Albion,2016,Shaitan's Challenge (M7T5),40,Heart of Volcanus,,Master Level,Trials of Atlantis expansion
Albion,2421,Shaken Squire,6,Camelot Hills,"Coin, Experience",Mini Quest,Classic
Albion,2362,Shar Essence,40,Underground Forest (Alb),"Coin, Experience",Mini Quest,Catacombs expansion
Albion,613,Shimmering Water Orb -- Kill Task,48,Dales of Devwy,Experience,Kill Task,Shrouded Isle expansion
Albion,3752,Showing Respect (Alb),5,Constantine's Sound,"Coin, Experience",Regular,Classic
Albion,1904,Shraogh's Trial (M3T7),40,Oceanus Notos,,Master Level,Trials of Atlantis expansion
Albion,680,Shredded Footman's Cloak  -- Kill Task,46,Avalon Isle,Experience,Kill Task,Shrouded Isle expansion
Albion,2121,Shrouds of the Deathseeker,46,Deadlands of Annwn (Alb),"Coin, Experience",Mini Quest,Catacombs expansion
Albion,2662,Siege in the Deadlands,34,Inconnu Crypt,"Coin, Experience",Mini Quest,Catacombs expansion
Albion,2004,Siege of Vazul's Fortress (M6T9),40,Ashen Isle,,Master Level,Trials of Atlantis expansion
Albion,3302,Sign of Things to Come,9,Black Mountains South,Protector's Charm of Fortitude,Regular,Classic
Albion,203,Simple Request,5,Snowdonia,"Coin, Experience",Regular,Classic
Albion,2127,Sindril's Supplies,35,Deadlands of Annwn (Alb),"Coin, Experience",Mini Quest,Catacombs expansion
Albion,1907,Sinovia Trial (M3T9),40,Temple of Twilight,,Master Level,Trials of Atlantis expansion
Albion,123,Siom's Staff,14,Black Mountains South,Charred Bone Staff,Regular,Classic
Albion,171,Sir Gleran's Lost Necklace,11,Salisbury Plains,Garnet Belt,Regular,Classic
Albion,2001,Siraadi (M6T6),40,Typhon's Reach,,Master Level,Trials of Atlantis expansion
Albion,3296,Skeleton from the Past,8,Black Mountains South,Protector's Belt of Fortitude,Regular,Classic
Albion,517,Skin Cream  -- Kill Task,48,Camelot,Experience,Kill Task,Classic
Albion,1962,Skyros Order,30,Mesothalassa,,Regular,Trials of Atlantis expansion
Albion,2361,Slaying the Sprites,40,Underground Forest (Alb),"Coin, Experience",Mini Quest,Catacombs expansion
Albion,486,Sleeping Kitten -- Kill Task,46,Camelot,Experience,Kill Task,Classic
Albion,103,Slythcur Cloak,13,Avalon Marsh,Slythcur Cloak,Regular,Classic
Albion,2430,Small Victories,33,Deadlands of Annwn (Alb),"Coin, Experience",Mini Quest,Catacombs expansion
Albion,3751,Smith! Smith! Yeth?,6,Constantine's Sound,"Coin, Experience",Regular,Classic
Albion,1865,Snakes and Spikes (M2T10),40,Sobekite Eternal,,Master Level,Trials of Atlantis expansion
Albion,3770,Snap Claw,8,Constantine's Sound,Shell Tinted Pious Shield,Regular,Classic
Albion,1910,Snatcher's Tale,50,Typhon's Reach,Snatcher,Artifact,Trials of Atlantis expansion
Albion,3279,So This is Cotswold,1,Camelot Hills,Recruit's Round Shield (Alb),Regular,Classic
Albion,3153,Sorcerer Guild Gift,10,Camelot,Novice's Stave (Alb),Regular,Classic
Albion,640,Soul Hunt,3,Isle of Glass,"Coin, Experience",Regular,Shrouded Isle expansion
Albion,705,Soul of the Academy,11,Isle of Glass,Circle of Fire,Regular,Shrouded Isle expansion
Albion,2242,Soul Orbs,10,Roman Aqueducts,"Coin, Experience",Mini Quest,Catacombs expansion
Albion,555,Souls of the Dead,3,Isle of Glass,"Coin, Experience",Regular,Shrouded Isle expansion
Albion,1953,Spear of Kings,50,Oceanus Notos,Spear of Kings (Hib) (cs),Artifact,Trials of Atlantis expansion
Albion,3768,Spellcrafting - It's Magic You Can Keep!,7,Constantine's Sound,Apprentice's Chain Gloves (Alb),Crafting,Classic
Albion,2667,Spiderling Stew,35,Underground Forest (Alb),"Coin, Experience",Mini Quest,Catacombs expansion
Albion,572,Spirits of the Orchard,36,Avalon Isle,Lledrith Gloves,Regular,Shrouded Isle expansion
Albion,556,Spotted Orc Lure Ear -- Kill Task,46,Avalon Isle,Experience,Kill Task,Shrouded Isle expansion
Albion,2679,Sprites for Supper,38,Underground Forest (Alb),"Coin, Experience",Mini Quest,Catacombs expansion
Albion,54,Staff of Life,11,Camelot Hills,Staff of Life,Regular,Classic
Albion,1854,Staff of the God,50,Mesothalassa,Staff of the God (caster),Artifact,Trials of Atlantis expansion
Albion,1839,Stand Fast (M2T8),40,Sobekite Eternal,,Master Level,Trials of Atlantis expansion
Albion,2811,Staunch Allies (Alb),5,Camelot,"Coin, Experience",Mini Quest,Darkness Rising expansion
Albion,2308,Staves for the Cowardly,15,Roman Aqueducts,"Coin, Experience",Mini Quest,Catacombs expansion
Albion,2147,Stewart's Soap,2,Roman Aqueducts,"Coin, Experience",Mini Quest,Catacombs expansion
Albion,1906,Sting Ray Trial (M3T8),40,Temple of Twilight,,Master Level,Trials of Atlantis expansion
Albion,2261,Stolen Herbs,14,Roman Aqueducts,"Coin, Experience",Mini Quest,Catacombs expansion
Albion,1982,Stolen History,45,Mesothalassa,Melos Pearl-Edged Cloak,Regular,Trials of Atlantis expansion
Albion,2124,Stolen Secrets,36,Deadlands of Annwn (Alb),"Coin, Experience",Mini Quest,Catacombs expansion
Albion,410,Stolen Signet Ring -- Kill Task,26,Salisbury Plains,Experience,Kill Task,Classic
Albion,3209,Stolen Supplies (Alb),47,Cornwall,"Coin, Experience",Regular,Classic
Albion,2666,Stolen Tools,35,Abandoned Mines (Alb),"Coin, Experience",Mini Quest,Catacombs expansion
Albion,1843,Stone King,49,Arbor Glen,Wrap of Withstanding,Regular,Trials of Atlantis expansion
Albion,1890,Stone of Atlantis,50,Stygian Delta,Stone of Atlantis,Artifact,Trials of Atlantis expansion
Albion,3221,Stonecrush Smash,47,Dartmoor,"Coin, Experience",Regular,Classic
Albion,2723,Stones of Power (Epic 1),5,Camelot,Theurgist Recruit Jewel,Regular,Classic
Albion,2376,Stopping the Sickness,22,Roman Aqueducts,"Coin, Experience",Mini Quest,Catacombs expansion
Albion,2114,Stopping the Spy,44,Deadlands of Annwn (Alb),"Coin, Experience",Mini Quest,Catacombs expansion
Albion,3325,Storm Horse Quest (Alb),50,King Constantine's Throne Room,"Coin, Experience",Regular,Darkness Rising expansion
Albion,3309,Straight out of Cotswold,12,Camelot Hills,"Coin, Experience",Mini Quest,Darkness Rising expansion
Albion,1905,Strange Barracuda Trial (M3T6),40,Temple of Twilight,,Master Level,Trials of Atlantis expansion
Albion,2040,Strange Bedfellows (Alb),45,Camelot,Perfect Life Stone,Regular,Classic
Albion,625,Strange Beings,7,Isle of Glass,Darkstone,Regular,Shrouded Isle expansion
Albion,2309,Strange Illness,16,Roman Aqueducts,"Coin, Experience",Mini Quest,Catacombs expansion
Albion,2902,Summons from the King,30,Camelot,,Champion,Darkness Rising expansion
Albion,12,Sunken Cargo,7,Camelot Hills,Experience,Regular,Classic
Albion,147,Supplies for Lillian,28,Salisbury Plains,Blackened Hammer,Regular,Classic
Albion,2442,Supplies for the Inconnu Crypt,6,Roman Aqueducts,"Coin, Experience",Mini Quest,Catacombs expansion
Albion,3777,Supply & Demand (Paladin),9,Constantine's Sound,Mace of the Chivalrous,Regular,Classic
Albion,361,Symbol of the Broken (level 43),43,Camelot,Bernor's Tarnished Ring,Regular,Classic
Albion,459,Symbol of the Broken (level 45),45,Camelot,Bernor's Well-Used Cloak,Regular,Classic
Albion,540,Symbol of the Broken (level 48),48,Camelot,Experience,Regular,Classic
Albion,648,Symbol of the Broken (level 50),50,Cornwall,Coif of Coruscating Harmony,Regular,Classic
Albion,343,Tainted Magic,11,Black Mountains South,Boots of Legerdemain,Regular,Classic
Albion,2896,Take One and Pass It (Alb),7,Camelot,"Coin, Experience",Mini Quest,Darkness Rising expansion
Albion,3753,Taking Out the Trash,6,Constantine's Sound,"Coin, Experience",Regular,Classic
Albion,317,Tale of Druids,10,Camelot,Power Repository Ring,Regular,Classic
Albion,2008,Tarnished Tradeskill Tools (Alb),10,Camelot,Tarnished Weapon Etching Tool,Crafting,Classic
Albion,1933,Tartaros Gift,50,Typhon's Reach,Tartaros Gift  (friar),Artifact,Trials of Atlantis expansion
Albion,3718,Tasking in the Glory (Alb),46,Camelot Hills,"Coin, Experience",Mini Quest,Darkness Rising expansion
Albion,2889,Tasks to Master (Alb),6,Camelot,"Coin, Experience",Mini Quest,Darkness Rising expansion
Albion,708,Tattered Rope Threads -- Kill Task,30,Dales of Devwy,Experience,Kill Task,Shrouded Isle expansion
Albion,628,Tattooed Drakoran Skirmisher Head -- Kill Task,20,Isle of Glass,Experience,Kill Task,Shrouded Isle expansion
Albion,1897,Telgar's Redemption,48,Oceanus Anatole,Lava Scorched Belt (dex/str),Regular,Trials of Atlantis expansion
Albion,2879,Tenebrous Times,27,Abandoned Mines (Alb),"Coin, Experience",Mini Quest,Catacombs expansion
Albion,2153,Tenebrous Weapons,2,Roman Aqueducts,"Coin, Experience",Mini Quest,Catacombs expansion
Albion,2158,Terracite Truce,41,Underground Forest (Alb),Mossy Cloak of Magical Arts,Regular,Catacombs expansion
Albion,3818,Thank Goodness for Packrats (Alb),17,Camelot Hills,"Coin, Experience",Mini Quest,Darkness Rising expansion
Albion,3382,That Voodoo That You Do (Alb),47,Camelot Hills,"Coin, Experience",Mini Quest,Catacombs expansion
Albion,3833,The Academy,45,Camelot Hills,Half Ogre Wizard Call Stone,Regular,Classic
Albion,3772,The Alchemist (Alb),8,Constantine's Sound,Bracer of Shadow,Regular,Classic
Albion,2243,The Ambitious Guard,9,Roman Aqueducts,"Coin, Experience",Mini Quest,Catacombs expansion
Albion,2310,The Amulet,16,Roman Aqueducts,"Coin, Experience",Mini Quest,Catacombs expansion
Albion,2123,The Animator,37,Inconnu Crypt,"Coin, Experience",Mini Quest,Catacombs expansion
Albion,2126,The Animator's Head,36,Deadlands of Annwn (Alb),"Coin, Experience",Mini Quest,Catacombs expansion
Albion,3835,The Barrows,45,Camelot Hills,Half Ogre Jester Call Stone,Regular,Classic
Albion,3771,The Bear Necessities,7,Constantine's Sound,Fur-lined Chain Sleeves (Alb),Regular,Classic
Albion,3740,The Benefits of Potions (Alb),1,Constantine's Sound,Elixir of Might,Regular,Classic
Albion,2377,The Black Dogs,22,Deadlands of Annwn (Alb),"Coin, Experience",Mini Quest,Catacombs expansion
Albion,2262,The Blades' Blades,14,Roman Aqueducts,"Coin, Experience",Mini Quest,Catacombs expansion
Albion,159,The Captured Courier,13,Camelot,Splitter,Regular,Classic
Albion,3793,The Carver's Mystery (Alb),10,Constantine's Sound,"Coin, Experience",Regular,Classic
Albion,2263,The Charm,13,Roman Aqueducts,"Coin, Experience",Mini Quest,Catacombs expansion
Albion,3834,The Church,45,Camelot Hills,Half Ogre Cleric Call Stone,Regular,Classic
Albion,187,The Craft of Retribution,40,Camelot,Mace of Retribution,Regular,Classic
Albion,2122,The Deadlands,32,Deadlands of Annwn (Alb),Ring of Myriad Talent,Regular,Catacombs expansion
Albion,3712,The Demon Queen (Alb),50,Darkness Falls,Demonslayer Medal of Honor,Regular,Classic
Albion,2571,The Dye of the Basilisk,16,Salisbury Plains,"Coin, Experience",Mini Quest,Classic
Albion,3383,The End is Near (Alb),48,Camelot Hills,"Coin, Experience",Mini Quest,Darkness Rising expansion
Albion,2381,The Fall of Aulus,16,Roman Aqueducts,Lonely Aqueduct Belt,Regular,Catacombs expansion
Albion,2125,The Fall of Zarahel,48,Deadlands of Annwn (Alb),"Coin, Experience",Mini Quest,Catacombs expansion
Albion,1925,The Five Idols of Sobek,50,Mesothalassa,,Regular,Trials of Atlantis expansion
Albion,478,The Forest Plot,40,Forest Sauvage,Bow of the Forest Lord,Regular,Classic
Albion,3272,The Ghostly Harvest (Alb),45,Camelot Hills,Majestic Cap of the Hallowed,Regular,Classic
Albion,1887,The Golden Spear,50,Stygian Delta,The Golden Spear (Hib),Artifact,Trials of Atlantis expansion
Albion,3203,The Great Hunt (Alb),49,Dartmoor,Dragonslayer Cloth Robes,Regular,Classic
Albion,335,The Growling Ghost,13,Camelot Hills,Growler,Regular,Classic
Albion,3829,The Guild of Shadows,45,Camelot Hills,Half Ogre Mercenary Call Stone,Regular,Classic
Albion,3671,The Heart of the Matter (Alb),45,Camelot,Sliver of Queen Kula's Heart,Regular,Classic
Albion,85,The Heretical Hermit,21,Avalon Marsh,Trimmed Pelt Sleeves,Regular,Classic
Albion,2422,The Hidden Leader,25,Abandoned Mines (Alb),Bracer of Cardras,Regular,Catacombs expansion
Albion,3779,The Hilt of the Blade (Alb),9,Constantine's Sound,"Coin, Experience",Regular,Classic
Albion,87,The Hunt for Arachneida,20,Campacorentin Forest,Spider Silken Robe,Regular,Classic
Albion,2582,The Jersey Devil,35,Camelot,Lady Genevieve's Ring (con),Regular,Classic
Albion,2163,The Keys to Defeat,34,Deadlands of Annwn (Alb),"Coin, Experience",Mini Quest,Catacombs expansion
Albion,2890,The King Wants You! (Alb),6,Camelot,"Coin, Experience",Mini Quest,Darkness Rising expansion
Albion,2012,The Lava Bridge (M7T1),40,Heart of Volcanus,,Master Level,Trials of Atlantis expansion
Albion,2440,The Lost Shipment,26,Abandoned Mines (Alb),"Coin, Experience",Mini Quest,Catacombs expansion
Albion,714,The Lost Stone,7,Isle of Glass,Crown of Sagacity,Regular,Shrouded Isle expansion
Albion,3743,The Matriarch (Alb),3,Constantine's Sound,Sound's Cloth Leggings of Grace (Alb),Regular,Classic
Albion,1828,The Monument (Rassa) (M1T7),40,Oceanus Anatole,,Master Level,Trials of Atlantis expansion
Albion,1927,The Other Side,50,Stygian Delta,Desert Warrior Cloak,Regular,Trials of Atlantis expansion
Albion,3719,The Progression (Alb),46,Camelot Hills,"Coin, Experience",Mini Quest,Darkness Rising expansion
Albion,2311,The Quartermaster's Orders,18,Roman Aqueducts,"Coin, Experience",Mini Quest,Catacombs expansion
Albion,1805,The Riches of Atlantis,35,Isle of Glass,Adribard's Token,Regular,Shrouded Isle expansion
Albion,2637,The Ring (Epic 2),10,Camelot,Wizard Adept Belt,Regular,Classic
Albion,3222,The Road to Grimspound,48,Dartmoor,"Coin, Experience",Regular,Classic
Albion,2905,The Search at Snowdonia (Epic 3),15,Camelot,Initiate Heretic Bracer,Regular,Classic
Albion,2425,The Search fo Belgrog,32,Deadlands of Annwn (Alb),"Coin, Experience",Mini Quest,Catacombs expansion
Albion,2460,The Secret Ingredient,7,Inconnu Crypt,"Coin, Experience",Mini Quest,Catacombs expansion
Albion,1981,The Secrets of Naxos,40,Mesothalassa,Naxos Abalone Bracer,Regular,Trials of Atlantis expansion
Albion,1877,The Snakecharmer's Weapon,50,Land of Atum,The Snakecharmer's Scythe,Artifact,Trials of Atlantis expansion
Albion,3738,The Specialists (Alb),2,Constantine's Sound,"Coin, Experience",Regular,Classic
Albion,175,The Stolen Spells,17,Camelot,Vine Necklace,Regular,Classic
Albion,2918,The Task at Hand,1,Camelot Hills,Recruit's Silver Bracer (old),Regular,Classic
Albion,3796,The Tolling Bell (Alb),10,Constantine's Sound,Armor Redemption Token,Regular,Classic
Albion,2162,The Turned Dead,22,Deadlands of Annwn (Alb),Cardras' Amethyst Brooch,Regular,Catacombs expansion
Albion,150,The Walelden's Pendant,28,Campacorentin Forest,Chitin Mail,Regular,Classic
Albion,1898,The Wandering Ones,47,Stygian Delta,Tooth of the Cat Gem,Regular,Trials of Atlantis expansion
Albion,2455,The Warm Robe,1,Roman Aqueducts,"Coin, Experience",Mini Quest,Catacombs expansion
Albion,3799,The Ways of Chivalry,10,Constantine's Sound,"Coin, Experience",Regular,Classic
Albion,2640,The Web and the Weaver (Epic 5),25,Camelot,Magus Ring,Regular,Classic
Albion,2892,The Widowmaker (Alb),7,Camelot,"Coin, Experience",Mini Quest,Darkness Rising expansion
Albion,1944,The Winged Helm,50,Oceanus Notos,The Winged Helm (Alb) (chain),Artifact,Trials of Atlantis expansion
Albion,3154,Theurgist Guild Gift,10,Camelot,Novice's Stave (Alb),Regular,Classic
Albion,3474,Thidranki Egg Hunt (Alb),20,Camelot Hills,"Coin, Experience",Regular,Classic
Albion,157,Thinking Cap,9,Black Mountains North,Thinking Cap,Regular,Classic
Albion,2129,Those That Conspire,47,Deadlands of Annwn (Alb),"Coin, Experience",Mini Quest,Catacombs expansion
Albion,2154,Thrall Patrol,4,Roman Aqueducts,"Coin, Experience",Mini Quest,Catacombs expansion
Albion,2740,To Catch a Spider,39,Underground Forest (Alb),"Coin, Experience",Mini Quest,Catacombs expansion
Albion,3283,To Reach the Breach,2,Camelot Hills,Recruit's Intelligent Belt,Regular,Classic
Albion,3282,Tomb With a View,2,Camelot Hills,Recruit's Quilted Boots (quest),Regular,Classic
Albion,2378,Tools of the Trade,21,Abandoned Mines (Alb),"Coin, Experience",Mini Quest,Catacombs expansion
Albion,2426,Tormented Inconnu Scalps,32,Deadlands of Annwn (Alb),"Coin, Experience",Mini Quest,Catacombs expansion
Albion,3676,Trainers and Merchants (Alb),1,Constantine's Sound,Miraveth's Cloak,Regular,Classic
Albion,2060,Traitor in Cotswold,2,Camelot Hills,Recruit's Studded Boots (Alb) (old),Regular,Classic
Albion,1922,Traitor's Dagger,50,Mesothalassa,Traitor's Dagger (Hib),Artifact,Trials of Atlantis expansion
Albion,1932,Traldor's Oracle,50,Oceanus Boreal,Traldor's Oracle (Alb) (int),Artifact,Trials of Atlantis expansion
Albion,8,Traveler's Way -- Church Aid,7,Camelot,Blessed Pendant,Regular,Classic
Albion,327,Traveler's Way -- Dwarf Raid,7,Camelot,Girdle of Stalwart Spirit,Regular,Classic
Albion,57,Traveler's Way -- Stones of Power (version 1),7,Camelot,Hidden Eye,Regular,Classic
Albion,472,Traveler's Way -- Stones of Power (version 2),7,Camelot,Svelte Armor Leggings,Regular,Classic
Albion,328,Traveler's Way -- Supply Run (version 1),7,Camelot,Silvered Cap of the Intuit,Regular,Classic
Albion,370,Traveler's Way -- Supply Run (version 2),7,Camelot,Silvered Cap of the Intuit,Regular,Classic
Albion,2312,Trazlyna's Delivery,18,Inconnu Crypt,"Coin, Experience",Mini Quest,Catacombs expansion
Albion,3766,Trejure Map,7,Constantine's Sound,Intricate Chain Leggings (Alb),Regular,Classic
Albion,2051,Trevian's Best Friend,16,Avalon Marsh,Whistle,Regular,Classic
Albion,3410,Trials and Tribulations,17,Camelot Hills,"Coin, Experience",Regular,Classic
Albion,3360,Trinkets for Tots (Alb),1,Black Mountains South,Snowy Wreath,Crafting,Classic
Albion,1837,Triton Chief's Trial (M2T3),40,Oceanus Boreal,,Master Level,Trials of Atlantis expansion
Albion,2904,Trouble at the Abbey (Epic 2),10,Camelot,Apprentice Heretic Belt,Regular,Classic
Albion,373,Tusker One Time Drop,36,Cornwall,Tusker's Old Wound,One Time Drop,Classic
Albion,3724,"Two Steps Forward, Three Steps Back (Alb)",46,Camelot Hills,"Coin, Experience",Mini Quest,Darkness Rising expansion
Albion,481,Tylwyth Teg Huntress Wristband -- Kill Task,43,Black Mountains North,Experience,Kill Task,Classic
Albion,78,Tyngyr's Daughter,26,Avalon Marsh,"Coin, Experience",Regular,Classic
Albion,2021,Typhon's Rage (M7T10),40,Typhon's Palace,,Master Level,Trials of Atlantis expansion
Albion,1794,Uncle Thulin,25,Dales of Devwy,Thulin's Worn Ring,Regular,Shrouded Isle expansion
Albion,3326,Undead Horse Quest (Alb),50,King Constantine's Throne Room,"Coin, Experience",Regular,Darkness Rising expansion
Albion,725,Undead Infestation,30,Isle of Glass,Necklace of Inner Strength,Regular,Shrouded Isle expansion
Albion,704,Under Attack,31,Isle of Glass,Zudd's Thug Bracer,Regular,Shrouded Isle expansion
Albion,2379,Under Where?,20,Roman Aqueducts,"Coin, Experience",Mini Quest,Catacombs expansion
Albion,3734,Underneath It All (Alb),49,Camelot Hills,"Coin, Experience",Mini Quest,Catacombs expansion
Albion,3288,Unendaldan's New Weapon: Material,4,Camelot Hills,Recruit's Silver Ring (Alb),Regular,Classic
Albion,3287,Unendaldan's New Weapon: The Prototype,4,Camelot Hills,"Coin, Experience",Mini Quest,Classic
Albion,3842,Unexpected Find (Alb),1,Camelot,Smoldering Golestandt Wall Trophy,Regular,Classic
Albion,3060,Unicorn Horse Quest (Alb),50,King Constantine's Throne Room,"Coin, Experience",Regular,Darkness Rising expansion
Albion,3413,Unraveling: Illusions of Grandeur (Alb),50,King Constantine's Throne Room,"Coin, Experience",Champion,Classic
Albion,3171,Unraveling: Infernal Investigation (Alb),50,Camelot,"Coin, Experience",Champion,Labyrinth of the Minotaur expansion
Albion,2458,Untold Origins,5,Camelot,Blessed Gauntlets of Arawn,Regular,Catacombs expansion
Albion,471,Unused Arrowheads -- Kill Task,41,Camelot Hills,Experience,Kill Task,Classic
Albion,3103,Unusual Activity,49,Camelot,"Coin, Experience",Mini Quest,Classic
Albion,2812,Using What We Can (Alb),5,Camelot,"Coin, Experience",Mini Quest,Darkness Rising expansion
Albion,3407,Valentine's Traditions (Alb),1,Camelot Hills,Hearts Cloak (lvl 45),Regular,Classic
Albion,1940,Valuable Stone Trial (M4T4),40,Land of Atum,,Master Level,Trials of Atlantis expansion
Albion,2367,Vengeance is Mine,43,Underground Forest (Alb),"Coin, Experience",Mini Quest,Catacombs expansion
Albion,2673,Venom Sacs,36,Underground Forest (Alb),"Coin, Experience",Mini Quest,Catacombs expansion
Albion,2025,Vial of Barracuda Slime -- Kill Task,43,Oceanus Hesperos,Experience,Kill Task,Trials of Atlantis expansion
Albion,3769,Victory or Dye Trying,7,Constantine's Sound,Light Purple Leather Dye,Regular,Classic
Albion,575,Voices of the Dead,42,Avalon Isle,Sanative Staff,Regular,Shrouded Isle expansion
Albion,2015,Volurgon's Challenge (M7T4),40,Heart of Volcanus,,Master Level,Trials of Atlantis expansion
Albion,2155,Warding the Tenebrae,6,Roman Aqueducts,"Coin, Experience",Mini Quest,Catacombs expansion
Albion,3744,"Waste Not, Want Not (Alb)",4,Constantine's Sound,Sound's Chain Sleeves of Might,Regular,Classic
Albion,2159,Watcher's Death,37,Underground Forest (Alb),Galyndel's Bracelet of Resilient Glory,Regular,Catacombs expansion
Albion,3702,Waterblade Back Fin -- Kill Task,44,Stygian Delta,"Coin, Experience",Kill Task,Trials of Atlantis expansion
Albion,3784,Way of the Cat (Alb),10,Constantine's Sound,"Coin, Experience",Regular,Classic
Albion,3791,Way of the Wolf (Alb),9,Constantine's Sound,"Coin, Experience",Regular,Classic
Albion,322,Weakened Bonds,27,Camelot,Ley Infused Belt of Suppression,Regular,Classic
Albion,3733,Weapons Grade Precious Metal,49,Camelot Hills,"Coin, Experience",Mini Quest,Shrouded Isle expansion
Albion,2244,Weeding out the Lurkers,10,Roman Aqueducts,"Coin, Experience",Mini Quest,Catacombs expansion
Albion,2313,What's Your Focus?,15,Inconnu Crypt,"Coin, Experience",Mini Quest,Catacombs expansion
Albion,3067,When Blood Speaks,3,Camelot Hills,Recruit's Quilted Pants,Regular,Classic
Albion,3066,When Good Brownies Go Bad,2,Camelot Hills,Light Red Cloth Dye,Mini Quest,Classic
Albion,2891,When the Guards are Away (Alb),6,Camelot,"Coin, Experience",Mini Quest,Shrouded Isle expansion
Albion,2620,Which Difwych? (Epic 3),15,Camelot,Escalader Bracer,Regular,Classic
Albion,3108,Whispered Hate,40,Lower Crypt,"Coin, Experience",Mini Quest,Catacombs expansion
Albion,3820,White Shark Jawbone -- Kill Task,48,Ruins of Atlantis,"Coin, Experience",Kill Task,Trials of Atlantis expansion
Albion,1834,Wicoessa's Proposition,46,Oceanus Hesperos,Ancient Carved Breastplate,Regular,Trials of Atlantis expansion
Albion,502,Willing Sacrifice,15,Camelot Hills,Mithran Sleeves of Perses,Regular,Classic
Albion,3476,Wilton Egg Hunt (Alb),30,Camelot Hills,"Coin, Experience",Regular,Classic
Albion,1963,Wings Dive,50,Arbor Glen,Wings Dive (Hib) (scale),Artifact,Trials of Atlantis expansion
Albion,3739,Wings of the Isle (Alb),3,Constantine's Sound,Reed Flute,Regular,Classic
Albion,53,Wisdom,11,Camelot,Band of Ice (Alb),Regular,Classic
Albion,1880,Wishes,45,Stygian Delta,Sand-Coated Gloves (Alb) (leather),Regular,Trials of Atlantis expansion
Albion,3151,Wizard Guild Gift,10,Camelot,Novice's Stave (Alb),Regular,Classic
Albion,182,Wizard Lost,15,Avalon Marsh,"Coin, Experience",Regular,Classic
Albion,329,Wizard's Appeal,21,Black Mountains North,Necklace of Perseverance,Regular,Classic
Albion,161,Wizard's Demand,32,Black Mountains North,Frog Rider's Riding Gloves,Regular,Classic
Albion,3,Wolf Pelt Cloak,1,Black Mountains South,Wolf Pelt Cloak,Regular,Classic
Albion,3012,Wood Ogre Menace,20,Campacorentin Forest,"Coin, Experience",Regular,Classic
Albion,3016,Wood Ogre Strikes Back,23,Campacorentin Forest,"Coin, Experience",Regular,Classic
Albion,603,Worn Strangler Cord -- Kill Task,42,Dales of Devwy,Experience,Kill Task,Shrouded Isle expansion
Albion,1819,Worn Tradeskill Tools (Alb),5,Camelot,Worn Pair of Scissors,Crafting,Classic
Albion,2415,Worn Tradeskill Tools (Alb) (fletching),5,Camelot,Worn Arrowhead Chisel,Crafting,Classic
Albion,2712,Wrangling the Wranglers,27,Abandoned Mines (Alb),"Coin, Experience",Mini Quest,Catacombs expansion
Albion,1972,Wrappings Trial (M5T8),40,Halls of Ma'ati,,Master Level,Trials of Atlantis expansion
Albion,2027,Ydenia's Crush,1,Camelot Hills,Silver Ring of Health (Alb),Regular,Classic
Albion,3761,"Your Mission, Should You Choose to Accept It...",7,Constantine's Sound,Regulator's Chain Boots (Alb),Regular,Classic
Albion,15,Zombie Problem,4,Camelot Hills,Cloudy Green Stone,Regular,Classic
Albion,702,"Zombies, Ghosts, and Necromancers",40,Dales of Devwy,Hooded Blades Cloak,Regular,Shrouded Isle expansion
Midgard,2489,'Ears To You!,40,Underground Forest (Mid),"Coin, Experience",Mini Quest,Catacombs expansion
Midgard,3010,700 AC Tradeskill Quest (Mid),10,Jordheim,Crafted Armorcrafting Knife,Crafting,Classic
Midgard,2671,700 SC Tradeskill (Mid),10,Jordheim,Crafted Gem Hammer,Crafting,Classic
Midgard,2053,800 AC Tradeskill Quest (Mid),5,Jordheim,Well-made Armorsmith's Knife,Crafting,Classic
Midgard,3819,800 Alchemy Tradeskill Quest (Mid),5,Jordheim,"Coin, Experience",Crafting,Classic
Midgard,3176,A Bear-y Bad Problem,1,Vale of Mularn,Silver Ring of Health (Mid) (lvl 5),Regular,Classic
Midgard,2765,A Call for Arms (Mid),9,Jordheim,"Coin, Experience",Mini Quest,Catacombs expansion
Midgard,3495,A Crabby Nuisance (Mid),4,Grenlock's Sound,Sound's Cloth Sleeves of Grace (Mid),Regular,Classic
Midgard,3353,A Dangerous Game,15,Svealand West,Ring of the North,Regular,Classic
Midgard,2081,A Dash of Hallowed Earth,11,Kobold Undercity,"Coin, Experience",Mini Quest,Catacombs expansion
Midgard,2010,A Daughter's Journey (Mid),24,Ruinerar av Atlantis,Cloak of Vehemence,Regular,Trials of Atlantis expansion
Midgard,23,A Deed of Old,10,Svealand East,Studded Hide of Morra,Regular,Classic
Midgard,2082,A Delivery of Arms,9,Jordheim,"Coin, Experience",Mini Quest,Catacombs expansion
Midgard,2754,A Dirty Job but... (Mid),7,Jordheim,"Coin, Experience",Mini Quest,Darkness Rising expansion
Midgard,3494,A Distant Shore (Mid),4,Grenlock's Sound,"Coin, Experience",Regular,Classic
Midgard,2930,A Flower in the Darkness,25,Jordheim,"Coin, Experience",Mini Quest,Catacombs expansion
Midgard,3381,A Gift for the Consul (Mid),50,Jordheim,"Coin, Experience",Regular,Darkness Rising expansion
Midgard,1950,A Gift of Love (a.ka. Guard of Valor),50,Green Glades,Guard of Valor (Hib) (druid),Artifact,Trials of Atlantis expansion
Midgard,2356,A Gnoll of a Deal,21,Kobold Undercity,"Coin, Experience",Mini Quest,Catacombs expansion
Midgard,2577,A Good Night's Rest,16,Gotar,"Coin, Experience",Mini Quest,Classic
Midgard,3264,A Haunting Suspicion,6,Svealand East,"Coin, Experience",Regular,Classic
Midgard,2998,A Hero Desires a Sword (Mid),5,Vale of Mularn,Fearless Studded Boots (Mid),Regular,Classic
Midgard,3227,A Letter for Home,48,Malmohus,"Coin, Experience",Regular,Shrouded Isle expansion
Midgard,3402,A Matter of the Heart (Mid),50,Jordheim,Lawn Cupid,Regular,Classic
Midgard,2755,A Message in a Battle (Mid),7,Jordheim,"Coin, Experience",Mini Quest,Darkness Rising expansion
Midgard,3374,A Midwinter Madrigal (Mid),48,Vale of Mularn,Midwinter Cloak of the Past,Regular,Classic
Midgard,2463,A Pact Among Enemies?,37,Underground Forest (Mid),Cloak of Tenuous Alliance,Regular,Catacombs expansion
Midgard,2514,A Pickaxe for Paldo,29,Abandoned Mines (Mid),"Coin, Experience",Mini Quest,Catacombs expansion
Midgard,2829,A Piece of Cake,21,Jordheim,"Coin, Experience",Mini Quest,Darkness Rising expansion
Midgard,2174,A Piece of the Puzzle,45,Underground Forest (Mid),Chain Boots of Tenuous Truces,Regular,Catacombs expansion
Midgard,3073,A Piece of the Tomte Puzzle,10,Svealand East,"Coin, Experience",Mini Quest,Classic
Midgard,3074,A Pretender to the Tomte Throne,10,Svealand East,"Coin, Experience",Mini Quest,Classic
Midgard,3262,A Quick Peek,5,Vale of Mularn,Recruit's Bracelet of Acuity,Regular,Classic
Midgard,3597,A Runemaster's Aid,10,Grenlock's Sound,"Coin, Experience",Regular,Classic
Midgard,3349,A Second Chance at Valhalla,6,Svealand East,Protector's Bracer of Fortitude,Regular,Classic
Midgard,2576,A Simple Blessing,3,Burial Grounds,"Coin, Experience",Mini Quest,Catacombs expansion
Midgard,2937,A Slithering Problem,26,Jordheim,"Coin, Experience",Mini Quest,Darkness Rising expansion
Midgard,3502,A Smith In Time Saves Lives!,6,Grenlock's Sound,"Coin, Experience",Regular,Classic
Midgard,2080,A Voice from the Past,43,Kobold Undercity,Astira's Insurance (Str),Regular,Catacombs expansion
Midgard,131,A War of Old (level 15),15,Jordheim,Boots of the Slinker,Regular,Classic
Midgard,204,A War of Old (level 20),20,Jordheim,Shadowed Leggings,Regular,Classic
Midgard,205,A War of Old (level 25),25,Jordheim,Forest Hunter's Vest,Regular,Classic
Midgard,242,A War of Old (level 30),30,Jordheim,Moonshadow Cloak,Regular,Classic
Midgard,3179,About Damp Caverns,2,Vale of Mularn,Recruit's Wise Belt,Regular,Classic
Midgard,3178,About Demons' Breach,2,Vale of Mularn,Recruit's Wise Starklaedar Boots,Regular,Classic
Midgard,3245,Absolute Power,48,Svealand West,Frostryder Signet,Regular,Classic
Midgard,3826,Adopt a Troll,45,Vale of Mularn,Troll Call Stone,Regular,Classic
Midgard,2499,Advancing on Nyttheim,44,Frontlines (Mid),"Coin, Experience",Mini Quest,Catacombs expansion
Midgard,2818,Adventures in Couriering,19,Jordheim,"Coin, Experience",Mini Quest,Shrouded Isle expansion
Midgard,39,Aegan's Letter to Helen,3,Vale of Mularn,"Coin, Experience",Regular,Classic
Midgard,2735,Aged Clubs (Mid),30,Jordheim,"Coin, Experience",Regular,Classic
Midgard,2779,Aggressive Action Against Aggressors,12,Jordheim,"Coin, Experience",Mini Quest,Darkness Rising expansion
Midgard,2083,Aid from Above,7,Burial Grounds,"Coin, Experience",Mini Quest,Catacombs expansion
Midgard,2548,Aiding Aunor,27,Abandoned Mines (Mid),"Coin, Experience",Mini Quest,Catacombs expansion
Midgard,2084,Aiding Guard Kellor,7,Burial Grounds,"Coin, Experience",Mini Quest,Catacombs expansion
Midgard,1881,Aiding the Mau,48,Stygian Delta,Mau Totem of the Warrior,Regular,Trials of Atlantis expansion
Midgard,2085,Akorala's Supplies,7,Burial Grounds,"Coin, Experience",Mini Quest,Catacombs expansion
Midgard,268,Ald the Bruce One Time Drop,43,Yggdra Forest,Ghostly Cloak,One Time Drop,Classic
Midgard,1891,Alvarus's Leggings,50,Oceanus Notos,Alvarus's Leggings (Alb) (chain),Artifact,Trials of Atlantis expansion
Midgard,1863,Amenemhat Trial (M2T8),40,Sobekite Eternal,,Master Level,Trials of Atlantis expansion
Midgard,1974,Ammut Trial (M5T10),40,Halls of Ma'ati,,Master Level,Trials of Atlantis expansion
Midgard,121,Amora's Aid,1,Gotar,"Coin, Experience",Regular,Classic
Midgard,2354,Amulet of Warding,20,Kobold Undercity,"Coin, Experience",Mini Quest,Catacombs expansion
Midgard,3503,An Act of Service,6,Grenlock's Sound,"Coin, Experience",Regular,Classic
Midgard,531,An End to the Daggers (level 43),43,Jordheim,Modi's Belt of Bravery,Regular,Classic
Midgard,1783,An End to the Daggers (level 45),45,Jordheim,Badge of Courage,Regular,Classic
Midgard,1804,An End to the Daggers (level 48),48,Jordheim,Experience,Regular,Classic
Midgard,649,An End to the Daggers (level 50),50,Jordheim,Battlesung Boots,Regular,Classic
Midgard,2760,An Eye for an Eye (Mid),8,Jordheim,"Coin, Experience",Mini Quest,Darkness Rising expansion
Midgard,2824,An Undying Love (Mid),20,Jordheim,"Coin, Experience",Mini Quest,Darkness Rising expansion
Midgard,3456,Anatomy of an Ancient Foe (Mid),30,Jordheim,Token of Valor,Regular,Classic
Midgard,637,Ancestral Secrets,48,Aegir's Landing,Gazsi's Bearded Axe,Regular,Shrouded Isle expansion
Midgard,672,Ancey Shell -- Kill Task,24,Munin Sound,Experience,Kill Task,Shrouded Isle expansion
Midgard,2382,Ancient Weapons,22,Jordheim,"Coin, Experience",Mini Quest,Catacombs expansion
Midgard,2086,Anger Management,9,Burial Grounds,"Coin, Experience",Mini Quest,Catacombs expansion
Midgard,2002,Ankhkare (M6T7),40,Ashen Isle,,Master Level,Trials of Atlantis expansion
Midgard,1903,Antioos' Trial (M3T5),40,Temple of Twilight,,Master Level,Trials of Atlantis expansion
Midgard,3024,Antron Marauder Head -- Kill Task,46,Scrios de Atlantis,"Coin, Experience",Kill Task,Trials of Atlantis expansion
Midgard,2014,Apophian's Challenge (M7T3),40,Heart of Volcanus,,Master Level,Trials of Atlantis expansion
Midgard,3697,Apple Bobbing (Mid),1,Svealand East,Cherry Pie Floor Trophy,Regular,Classic
Midgard,2920,Are You Experienced?,23,Jordheim,"Coin, Experience",Regular,Catacombs expansion
Midgard,2332,Arm the Guards,17,Kobold Undercity,"Coin, Experience",Mini Quest,Catacombs expansion
Midgard,538,Armard One Time Drop,26,Muspelheim,20 Flameborn Arrows,One Time Drop,Classic
Midgard,2870,Armed and Dangerous (Epic 3),15,Jordheim,Journeyman Hunter Bracer,Regular,Classic
Midgard,3578,Arming the Hammer (Mid),9,Grenlock's Sound,"Coin, Experience",Regular,Classic
Midgard,1892,Arms of the Winds,50,Oceanus Notos,Arms of the Winds (cloth),Artifact,Trials of Atlantis expansion
Midgard,264,Askafroa One Time Drop,32,Skona Ravine,Askafroa's Chain Hauberk,One Time Drop,Classic
Midgard,1859,Assasins Trial (M2T2),40,Sobekite Eternal,,Master Level,Trials of Atlantis expansion
Midgard,2087,Assisting Ander,14,Jordheim,"Coin, Experience",Mini Quest,Catacombs expansion
Midgard,3356,At Any Cost,5,Svealand West,Ring of the Oak,Regular,Classic
Midgard,1893,Aten's Shield,50,Oceanus Hesperos,Aten's Shield (large),Artifact,Trials of Atlantis expansion
Midgard,1909,Atlantis Tablet,50,Mesothalassa,Tablet of Atlantis,Artifact,Trials of Atlantis expansion
Midgard,2925,Attack at Bjarken,24,Jordheim,"Coin, Experience",Mini Quest,Shrouded Isle expansion
Midgard,3385,Attack on Gna Faste,47,Malmohus,"Coin, Experience",Regular,Classic
Midgard,758,Aurora Corpse -- Kill Task,46,Jordheim,Experience,Kill Task,Classic
Midgard,2921,Avenging the Fallen,23,Jordheim,"Coin, Experience",Mini Quest,Darkness Rising expansion
Midgard,1829,Azures and Rubies Trial (M1T8),40,Oceanus Notos,,Master Level,Trials of Atlantis expansion
Midgard,2429,Baby Scorpion Poison Gland -- Kill Task,42,Stygian Delta,"Coin, Experience",Kill Task,Trials of Atlantis expansion
Midgard,3076,Back In Time for Battle,6,Vale of Mularn,"Coin, Experience",Mini Quest,Classic
Midgard,3813,Back Scratching,8,Grenlock's Sound,Summoner's Cloth Cap,Regular,Classic
Midgard,544,Bad Food,1,Aegir's Landing,"Coin, Experience",Regular,Shrouded Isle expansion
Midgard,2819,Bad Kitty,19,Jordheim,"Coin, Experience",Mini Quest,Shrouded Isle expansion
Midgard,534,Badger Stomach -- Kill Task,32,Myrkwood Forest,Experience,Kill Task,Classic
Midgard,716,Balle's Potion,49,Uppland,"Coin, Experience",Regular,Classic
Midgard,1866,Band of Stars,50,Stygian Delta,Band of Stars,Artifact,Trials of Atlantis expansion
Midgard,1884,Bane of  Battler,50,Ashen Isle,Battler (Alb),Artifact,Trials of Atlantis expansion
Midgard,453,Barkley One Time Drop,7,Gotar,Belt of Health,One Time Drop,Classic
Midgard,1832,Barrier Trial (M1T4),40,Oceanus Hesperos,,Master Level,Trials of Atlantis expansion
Midgard,3824,Bartering With Kratos (M8T5),50,Arbor Glen,"Coin, Experience",Master Level,Trials of Atlantis expansion
Midgard,2681,Basic Horse Quest,10,Jordheim,Standard Chestnut Horse,Regular,Classic
Midgard,3484,Basics of Combat (Mid),1,Grenlock's Sound,,Regular,Classic
Midgard,2483,Basket of Goodies,8,Jordheim,"Coin, Experience",Mini Quest,Catacombs expansion
Midgard,2543,Battle Messenger,26,Frontlines (Mid),"Coin, Experience",Mini Quest,Catacombs expansion
Midgard,2605,Battle on the House,6,Svealand East,"Coin, Experience",Mini Quest,Classic
Midgard,3235,Battles in the Mist,49,Malmohus,"Coin, Experience",Regular,Classic
Midgard,2929,Battling Boobries,24,Jordheim,"Coin, Experience",Mini Quest,Shrouded Isle expansion
Midgard,2093,Batty Bill's Black Blade,10,Burial Grounds,"Coin, Experience",Mini Quest,Catacombs expansion
Midgard,2608,Bear Skins,1,Vale of Mularn,"Coin, Experience",Regular,Classic
Midgard,3537,Bearing the Winter,7,Grenlock's Sound,Fur-lined Chain Sleeves (Mid),Regular,Classic
Midgard,2769,Bears and Taxes,10,Jordheim,"Coin, Experience",Mini Quest,Darkness Rising expansion
Midgard,3379,Becoming a Champion of the Realm (Mid),50,Jordheim,"Coin, Experience",Champion,Darkness Rising expansion
Midgard,2736,Bed Bugs (Mid),30,Jordheim,"Coin, Experience",Regular,Classic
Midgard,2074,Beginning of War (Mid),4,Vale of Mularn,Recruit's Pewter Ring (Mid) (nld),Regular,Classic
Midgard,1875,Belt of the Moon,50,Oceanus Boreal,Belt of the Moon,Artifact,Trials of Atlantis expansion
Midgard,1874,Belt of the Sun,40,Oceanus Boreal,Belt of the Sun,Artifact,Trials of Atlantis expansion
Midgard,3125,Berserker Guild Gift,10,Jordheim,Novice's Axe,Regular,Classic
Midgard,2462,Best Laid Plans,32,Kobold Undercity,Medal of Magical Tactics,Regular,Catacombs expansion
Midgard,231,Better Off Buried,27,Muspelheim,Shining Crown of Insanity,Regular,Classic
Midgard,2962,Big Cat Hunting,47,Jordheim,"Coin, Experience",Mini Quest,Darkness Rising expansion
Midgard,2599,Big Paw,38,Gotar,Luminescent Choker,Regular,Classic
Midgard,2095,Bimble's Boots,14,Burial Grounds,"Coin, Experience",Mini Quest,Catacombs expansion
Midgard,2094,Bimble's Business,9,Burial Grounds,"Coin, Experience",Mini Quest,Catacombs expansion
Midgard,215,Birk One Time Drop,13,Vale of Mularn,Birk's Strength Sleeves,One Time Drop,Classic
Midgard,530,Biting Wind Eye -- Kill Task,29,Uppland,Experience,Kill Task,Classic
Midgard,3077,Bitten by a Loki-bug,9,Svealand East,Protector's Band of Fortitude,Mini Quest,Classic
Midgard,3705,Black Crocodile Egg Clutch -- Kill Task,49,Stygian Delta,"Coin, Experience",Kill Task,Trials of Atlantis expansion
Midgard,418,Black Orm Gland -- Kill Task,36,Myrkwood Forest,Experience,Kill Task,Classic
Midgard,1800,Black Plague (Mid),37,Jordheim,Unstoppered Wondrous Potion (Mid),Regular,Classic
Midgard,347,Blessed Enchantments,40,Jordheim,Blessed Northern Sword,Regular,Classic
Midgard,2872,Blodfelag Brouhaha (Epic 5),25,Jordheim,Skadi's Pathfinder Ring,Regular,Classic
Midgard,3268,Blodfelag Inquiry,8,Svealand East,Protector's Pendant of Fortitude,Regular,Classic
Midgard,2871,Blodfelag Jailbreak (Epic 4),20,Jordheim,Prey Stalker Cloak,Regular,Classic
Midgard,3078,Blodfelag Recon,9,Svealand East,"Coin, Experience",Mini Quest,Classic
Midgard,3348,"Blodfelag, Demons, and Tomte, Oh My!",6,Svealand East,Protector's Belt of Fortitude,Regular,Classic
Midgard,3698,Blood in the Water (Mid),48,Svealand East,Angler's Wall Trophy,Regular,Classic
Midgard,3249,Bloodmaw Eye -- Kill Task,48,Stygian Delta,"Coin, Experience",Regular,Trials of Atlantis expansion
Midgard,2670,Bloody Moon,34,Frontlines (Mid),"Coin, Experience",Mini Quest,Catacombs expansion
Midgard,2518,Bloody Retribution,29,Abandoned Mines (Mid),"Coin, Experience",Mini Quest,Catacombs expansion
Midgard,318,Bluebell's Disappearance,9,Svealand East,Snake-tail Ring (Mid),Regular,Classic
Midgard,325,Bolli's Leather Supplies,3,Vale of Mularn,Choker of the Bear,Regular,Classic
Midgard,722,Bones Of The Dead,7,Aegir's Landing,Kappe av Jakten,Regular,Shrouded Isle expansion
Midgard,3525,Bounty Quest For Shiny Shells (Mid),7,Grenlock's Sound,Glowing Driftwood Necklace,Kill Task,Classic
Midgard,2603,Bow for a Gift,4,Vale of Mularn,"Coin, Experience",Mini Quest,Classic
Midgard,133,Bowyer's Draw,24,Svealand East,Willow Wind Bow,Regular,Classic
Midgard,1984,Bracer of Zo'arkat (Silver Horn),50,Mesothalassa,Bracelet of Zo'arkat (Silver Horn),Artifact,Trials of Atlantis expansion
Midgard,114,Brack: Rollo's Story,16,Vale of Mularn,Brack Shield,Regular,Classic
Midgard,3464,Braemar Egg Hunt (Mid),25,Vale of Mularn,"Coin, Experience",Regular,Classic
Midgard,1855,Braggart's Bow,50,Green Glades,Braggart's Bow (Mid),Artifact,Trials of Atlantis expansion
Midgard,1802,Breaking the Blade (Mid),47,Darkness Falls,Vigdis's Protector,Regular,Classic
Midgard,2487,Breaking the Supply Line,41,Underground Forest (Mid),"Coin, Experience",Mini Quest,Catacombs expansion
Midgard,266,Bright Flame One Time Drop,25,Muspelheim,Flamecast Ring,One Time Drop,Classic
Midgard,230,Brika One Time Drop,25,Muspelheim,Stone of Coldfire,One Time Drop,Classic
Midgard,450,Brimstone Breastplate One Time Drop,24,Muspelheim,Brimstone Breastplate,One Time Drop,Classic
Midgard,247,Brimstone One Time Drop,23,Muspelheim,Brimstone Gloves,One Time Drop,Classic
Midgard,2478,Bring Me Their Heads,37,Underground Forest (Mid),"Coin, Experience",Mini Quest,Catacombs expansion
Midgard,3524,Bringing Home the Crab Meat,7,Grenlock's Sound,"Coin, Experience",Regular,Classic
Midgard,3591,Bringing Law to the Lawless (Mid),10,Grenlock's Sound,"Coin, Experience",Regular,Classic
Midgard,1823,Broken Communication,50,Oceanus Hesperos,Water-worn Gloves (Alb) (cloth),Regular,Trials of Atlantis expansion
Midgard,1924,Broken History,46,Mesothalassa,Naxos Mother-of-Pearl Necklace,Regular,Trials of Atlantis expansion
Midgard,2135,Broken Promises,30,Abandoned Mines (Mid),Alliance-Breaker's Gloves (chain),Regular,Catacombs expansion
Midgard,1977,Broken Tablet,45,Oceanus Notos,Skyros Eel Skin Pants,Regular,Trials of Atlantis expansion
Midgard,35,Brutal Chains,8,Svealand East,Old Svarskodd Legs,Regular,Classic
Midgard,1821,Burning Realm,45,Svealand West,Bifrost Small Shield,Regular,Classic
Midgard,2794,Call for Reinforcements,15,Jordheim,"Coin, Experience",Mini Quest,Catacombs expansion
Midgard,3259,Calling the Vale Council,3,Vale of Mularn,Recruit's Studded Arms (Mid),Regular,Classic
Midgard,3079,Can't Be Cruel,3,Svealand East,Light Red Cloth Dye,Mini Quest,Classic
Midgard,130,Cape of the Mother Wolf,14,Svealand East,Cape of the Mother Wolf,Regular,Classic
Midgard,288,Captain Gruff One Time Drop,38,Skona Ravine,Dispositional Cloak,One Time Drop,Classic
Midgard,2096,Captain's Orders,11,Burial Grounds,"Coin, Experience",Mini Quest,Catacombs expansion
Midgard,372,Cargila's Blessing,40,Gotar,Boots of Stealthy Evasion,Regular,Classic
Midgard,3038,Carrying a Big Stick,36,Jordheim,"Coin, Experience",Mini Quest,Shrouded Isle expansion
Midgard,2611,Carved in Bone (Epic 1),5,Jordheim,Shamanic Eleve Jewel,Regular,Classic
Midgard,2357,Cassie's Lost Earring,21,Kobold Undercity,"Coin, Experience",Mini Quest,Catacombs expansion
Midgard,1896,Casta's Trial (M3T3),40,Temple of Twilight,,Master Level,Trials of Atlantis expansion
Midgard,3461,Cathal Egg Hunt (Mid),35,Vale of Mularn,Garden Nest,Regular,Classic
Midgard,689,Catla's Downfall,49,Aegir's Landing,Skjold Bracelet,Regular,Shrouded Isle expansion
Midgard,3036,Caught Redhanded (Epic 6),30,Jordheim,Adept Hunter Jewel,Regular,Classic
Midgard,581,Cave Lioness Pelt -- Kill Task,38,Gripklosa Mountains,Experience,Kill Task,Shrouded Isle expansion
Midgard,1784,Cave Lioness Sinew -- Kill Task,40,Aegir's Landing,Cave Lioness Sinew,Kill Task,Shrouded Isle expansion
Midgard,1894,Ceremonial Bracer,50,Mesothalassa,Ceremonial Bracer (acuity),Artifact,Trials of Atlantis expansion
Midgard,1831,Cetus's Trial (M1T10),40,Mesothalassa,Experience,Master Level,Trials of Atlantis expansion
Midgard,280,Chaes One Time Drop,16,Svealand West,Cloak of Fire Resistance,One Time Drop,Classic
Midgard,1860,Chess Trial (M2T5),40,Sobekite Eternal,,Master Level,Trials of Atlantis expansion
Midgard,1833,Chiefs' Trial (M1T3),40,Mesothalassa,,Master Level,Trials of Atlantis expansion
Midgard,2994,Child's Play (Mid),1,Vale of Mularn,Daring Leather Boots (Mid),Regular,Classic
Midgard,2005,Chimera's Fortification (M6T10),40,Ashen Isle,,Master Level,Trials of Atlantis expansion
Midgard,2011,Choker Octopus Ink -- Kill Task,39,Oceanus Hesperos,"Coin, Experience",Kill Task,Trials of Atlantis expansion
Midgard,2067,City of Jordheim,1,Svealand East,Recruit's Round Shield (Mid) (old),Regular,Classic
Midgard,564,Clan Business,7,Aegir's Landing,Totem Bones,Regular,Shrouded Isle expansion
Midgard,2826,Cleaning up the Spillover,20,Jordheim,"Coin, Experience",Mini Quest,Catacombs expansion
Midgard,2820,Clearing the River,19,Jordheim,"Coin, Experience",Mini Quest,Catacombs expansion
Midgard,2867,Clearing the Way,20,Gotar,"Coin, Experience",Mini Quest,Classic
Midgard,3048,Clockwork Cat (Mid),1,King Eirik's Throne Room,Clockwork Cat,Regular,Labyrinth of the Minotaur expansion
Midgard,1846,Cloudsong,46,Green Glades,Cloudsong,Artifact,Trials of Atlantis expansion
Midgard,474,Coal One Time Drop,25,Muspelheim,Impervious Sleeves,One Time Drop,Classic
Midgard,2519,Cockatrice Feather -- Kill Task,49,Jordheim,Experience,Kill Task,Classic
Midgard,3411,Cold Shoulder,36,Vale of Mularn,"Coin, Experience",Mini Quest,Darkness Rising expansion
Midgard,2026,Cold Water Stingray Barb -- Kill Task,38,Oceanus Hesperos,Experience,Kill Task,Trials of Atlantis expansion
Midgard,3062,Collecting for Sybil,5,Vale of Mularn,Recruit's Hardy Cloak,Regular,Classic
Midgard,2072,Collection (Mid),3,Vale of Mularn,Recruit's Studded Arms (Mid) (nld),Regular,Classic
Midgard,1937,Colossal Trial (M4T1),40,Stygian Delta,,Master Level,Trials of Atlantis expansion
Midgard,2931,Commendation,25,Jordheim,"Coin, Experience",Mini Quest,Darkness Rising expansion
Midgard,3224,Common Ground (Mid),35,Malmohus,"Coin, Experience",Regular,Classic
Midgard,2097,Compliments of Bimble,4,Burial Grounds,"Coin, Experience",Mini Quest,Catacombs expansion
Midgard,3190,Conspiracy: Dark Development (Chapter 2:1) (Mid),40,King Eirik's Throne Room,"Coin, Experience",Champion,Darkness Rising expansion
Midgard,3193,Conspiracy: Finding the Keeper (Chapter 2:4) (Mid),40,King Eirik's Throne Room,"Coin, Experience",Champion,Darkness Rising expansion
Midgard,3192,Conspiracy: Forging the Key (Chapter 2:3) (Mid),40,King Eirik's Throne Room,"Coin, Experience",Champion,Darkness Rising expansion
Midgard,3191,Conspiracy: Rite of Binding (Chapter 2:2) (Mid),40,King Eirik's Throne Room,"Coin, Experience",Champion,Darkness Rising expansion
Midgard,49,Copious Striders,10,Svealand East,Reed Bracer (Mid),Regular,Classic
Midgard,202,Coplin's Spirit,20,Jordheim,Spirit-dweller's Sleeves,Regular,Classic
Midgard,682,Coral Thing Coral -- Kill Task,38,Munin Sound,Experience,Kill Task,Shrouded Isle expansion
Midgard,2099,Corpseclinger Mushrooms,13,Kobold Undercity,"Coin, Experience",Mini Quest,Catacombs expansion
Midgard,2956,Counter-Intelligence (Mid),49,Jordheim,"Coin, Experience",Mini Quest,Darkness Rising expansion
Midgard,2823,Couriers Can't be Curious (Mid),20,Jordheim,"Coin, Experience",Mini Quest,Darkness Rising expansion
Midgard,37,Covet Wiley,13,Svealand East,Fimx,Regular,Classic
Midgard,2549,Cowardly Recruit,28,Underground Forest (Mid),"Coin, Experience",Mini Quest,Catacombs expansion
Midgard,580,Crater Cicada Legs -- Kill Task,32,Delling Crater,Experience,Kill Task,Shrouded Isle expansion
Midgard,2465,Crazed Derl,36,Frontlines (Mid),"Coin, Experience",Mini Quest,Catacombs expansion
Midgard,1914,Crocodile Tear Ring,46,Oceanus Boreal,Crocodile Tear Ring,Artifact,Trials of Atlantis expansion
Midgard,1885,Crocodile's Tooth Dagger,50,Stygian Delta,Crocodile's Tooth Dagger (Hib),Artifact,Trials of Atlantis expansion
Midgard,2018,Crossing the Chamber (M7T7),40,Heart of Volcanus,,Master Level,Trials of Atlantis expansion
Midgard,1989,Crown of Zahur,50,Oceanus Boreal,Crown of Zahur (Hib) (druid),Artifact,Trials of Atlantis expansion
Midgard,2780,Cryptic Delivery (Mid),12,Jordheim,"Coin, Experience",Mini Quest,Darkness Rising expansion
Midgard,3541,Crystals Are A Girl's Best Friend,6,Grenlock's Sound,"Coin, Experience",Regular,Classic
Midgard,2744,Culling the Threat (Mid),5,Jordheim,"Coin, Experience",Mini Quest,Darkness Rising expansion
Midgard,2075,Culmination (Mid),5,Vale of Mularn,Recruit's Studded Helm (Mid) (old) (nld),Regular,Classic
Midgard,620,Cultist Staves -- Kill Task,34,Munin Sound,Experience,Kill Task,Shrouded Isle expansion
Midgard,1947,Cyclops Eye Shield,50,Arbor Glen,Cyclops Eye Shield (Alb) (small),Artifact,Trials of Atlantis expansion
Midgard,1951,Daehien's Trial (M4T8),40,Land of Atum,,Master Level,Trials of Atlantis expansion
Midgard,3582,Dark Alleys (Mid),9,Grenlock's Sound,"Coin, Experience",Regular,Classic
Midgard,1789,Dark Essence,11,Aegir's Landing,Blood-red Tooth,Regular,Shrouded Isle expansion
Midgard,713,Dark Places of the Soul,49,Vale of Mularn,Herbalist's Hauberk of Ivy,Regular,Classic
Midgard,2770,Dark Rituals,10,Jordheim,"Coin, Experience",Mini Quest,Catacombs expansion
Midgard,2628,Dark Spy Revelation (Epic 2),10,Jordheim,Conjuror Belt,Regular,Classic
Midgard,71,Darksong's Dirge,11,Jordheim,Pious Ring,Regular,Classic
Midgard,2383,Darkwood Leather Bags,19,Jordheim,"Coin, Experience",Mini Quest,Catacombs expansion
Midgard,2100,Darkwood Plans,21,Abandoned Mines (Mid),Cloak of the Kobold Ally,Regular,Catacombs expansion
Midgard,2759,Dead Men Gather No More (Mid),8,Jordheim,"Coin, Experience",Mini Quest,Catacombs expansion
Midgard,3594,Deception Revealed (Mid),8,Grenlock's Sound,"Coin, Experience",Regular,Classic
Midgard,122,Decoding the Map,25,Vale of Mularn,Moonshone Gloves,Regular,Classic
Midgard,2761,Deeds in the Depths (Mid),8,Jordheim,"Coin, Experience",Mini Quest,Darkness Rising expansion
Midgard,7,Defeat the Hobgoblin Anklebiter,8,Vale of Mularn,"Coin, Experience",Regular,Classic
Midgard,3569,Defending the Harbor (Mid),9,Grenlock's Sound,"Coin, Experience",Regular,Classic
Midgard,3485,Defending the Tower (Mid),1,Grenlock's Sound,Experience,Regular,Classic
Midgard,2964,Delivery (Mid),48,Jordheim,"Coin, Experience",Mini Quest,Catacombs expansion
Midgard,2965,Delivery Catacombs (Mid),48,Jordheim,"Coin, Experience",Mini Quest,Catacombs expansion
Midgard,2098,Delivery from Darg,12,Jordheim,"Coin, Experience",Mini Quest,Catacombs expansion
Midgard,2923,Delivery in Thirty Days or Less,23,Jordheim,"Coin, Experience",Mini Quest,Shrouded Isle expansion
Midgard,2766,Den Again (Mid),9,Jordheim,"Coin, Experience",Mini Quest,Darkness Rising expansion
Midgard,1830,Desmona's Trial (M1T9),40,Oceanus Notos,,Master Level,Trials of Atlantis expansion
Midgard,2602,Dinner Quest,3,Vale of Mularn,"Coin, Experience",Mini Quest,Classic
Midgard,2333,Discipline Problem,17,Burial Grounds,"Coin, Experience",Mini Quest,Catacombs expansion
Midgard,2932,Disturbing the Horses,25,Jordheim,"Coin, Experience",Mini Quest,Darkness Rising expansion
Midgard,3496,"Dive, Dive (Mid)",5,Grenlock's Sound,Sound's Cloth Gloves of Grace (Mid),Regular,Classic
Midgard,2023,Diver Ray Barb -- Kill Task,40,Oceanus Hesperos,Experience,Kill Task,Trials of Atlantis expansion
Midgard,2960,Down with the Sickness (Mid),47,Jordheim,"Coin, Experience",Mini Quest,Shrouded Isle expansion
Midgard,3822,Dragon Myths & Legends (Mid),50,Jordheim,Dragon Will Mythirian,Regular,Classic
Midgard,3246,Dragonslayer,50,Malmohus,"Coin, Experience",Regular,Classic
Midgard,2006,Dragonslayer (M6T11),40,Oceanus Hesperos,,Master Level,Trials of Atlantis expansion
Midgard,3237,Dragonslayer Armor (Mid),50,Malmohus,Dragonslayer Shadow Starklaedar Tunic,Regular,Classic
Midgard,3071,Dragonslayer Skipta,1,Svealand West,"Coin, Experience",Mini Quest,Classic
Midgard,3242,Dragonslayer Weapon (Mid),50,Malmohus,Impervious Night Ward,Regular,Classic
Midgard,3160,Dragonspawn (Mid),47,Jordheim,"Coin, Experience",Regular,Classic
Midgard,375,Drakulv Scales -- Kill Task,41,Myrkwood Forest,Experience,Kill Task,Classic
Midgard,1915,Dream Gem,50,Mesothalassa,,Artifact,Trials of Atlantis expansion
Midgard,1886,Dream Sphere,50,Stygian Delta,Dream Sphere (Hib),Artifact,Trials of Atlantis expansion
Midgard,3487,Dyeing Is Not So Bad (Mid),2,Grenlock's Sound,Blue Leather Dye,Regular,Classic
Midgard,1820,Dying Wish,28,Svealand West,Haunted Round Shield,Regular,Classic
Midgard,2575,Earthbound Souls,2,Burial Grounds,"Coin, Experience",Mini Quest,Catacombs expansion
Midgard,2523,Eater's Bounty,5,Vale of Mularn,"Coin, Experience",Mini Quest,Classic
Midgard,1957,Echo of Duamutef Trial (M5T2),40,Halls of Ma'ati,,Master Level,Trials of Atlantis expansion
Midgard,1958,Echo of Hapy Trial (M5T3),40,Halls of Ma'ati,,Master Level,Trials of Atlantis expansion
Midgard,1959,Echo of Imsety Trial (M5T4),40,Halls of Ma'ati,,Master Level,Trials of Atlantis expansion
Midgard,1956,Echo of Qebehsenuef Trial (M5T1),40,Halls of Ma'ati,,Master Level,Trials of Atlantis expansion
Midgard,3727,Echoes of Spirit,45,Uppland,"Coin, Experience",Regular,Classic
Midgard,1916,Eerie Darkness Lighting Stone,50,Oceanus Boreal,Eerie Stone of Darkness,Artifact,Trials of Atlantis expansion
Midgard,1917,Egg of Youth,50,Oceanus Notos,Egg of Youth,Artifact,Trials of Atlantis expansion
Midgard,3803,Eighth Anniversary (Mid),1,Vale of Mularn,Jar of Insects,Regular,Classic
Midgard,1921,Eirene's Chestpiece,50,Mesothalassa,Eirene's Chestpiece (Hib) (scale),Artifact,Trials of Atlantis expansion
Midgard,2551,Element of Surprise,28,Kobold Undercity,"Coin, Experience",Mini Quest,Catacombs expansion
Midgard,2648,Eliminating Ingmar (Epic 6),30,Jordheim,Battlemaiden Jewel,Regular,Classic
Midgard,262,Ember One Time Drop,29,Muspelheim,Drakescale Leggings,One Time Drop,Classic
Midgard,3049,Emissary: A King's Summons (Mid),50,Jordheim,"Coin, Experience",Champion,Labyrinth of the Minotaur expansion
Midgard,3050,Emissary: Broken Visions (Mid),50,King Eirik's Throne Room,"Coin, Experience",Champion,Shrouded Isle expansion
Midgard,3054,Emissary: Consulting the Keeper (Mid),50,King Eirik's Throne Room,"Coin, Experience",Champion,Labyrinth of the Minotaur expansion
Midgard,3052,Emissary: Finding the Fragments (Mid),50,The High Consul's Sanctum (Mid),"Coin, Experience",Champion,Labyrinth of the Minotaur expansion
Midgard,3053,Emissary: Meeting of Blades (Mid),50,The High Consul's Sanctum (Mid),"Coin, Experience",Champion,Labyrinth of the Minotaur expansion
Midgard,3051,Emissary: Proof of Strength (Mid),50,King Eirik's Throne Room,"Coin, Experience",Champion,Labyrinth of the Minotaur expansion
Midgard,1869,Enyalios' Boots,50,Arbor Glen,Enyalios Boots (Hib) (reinf),Artifact,Trials of Atlantis expansion
Midgard,1948,Erinys Charm,50,Typhon's Reach,Erinys Charm (Alb),Artifact,Trials of Atlantis expansion
Midgard,2578,Essence of Life,1,Kobold Undercity,"Coin, Experience",Mini Quest,Catacombs expansion
Midgard,1949,Eternal Plant,50,Oceanus Notos,Eternal Plant,Artifact,Trials of Atlantis expansion
Midgard,98,Evenings Empty Blessing,15,Svealand East,Berbenet Leggings,Regular,Classic
Midgard,2710,Evil Tide,15,Burial Grounds,"Coin, Experience",Mini Quest,Catacombs expansion
Midgard,1844,Expanding the Family Business,35,Aegir's Landing,Pearl Bauble (Mid),Regular,Shrouded Isle expansion
Midgard,1939,Eye of Ra Trial (M4T3),40,Land of Atum,,Master Level,Trials of Atlantis expansion
Midgard,2542,Eyes for Captain Aioris,27,Frontlines (Mid),"Coin, Experience",Mini Quest,Catacombs expansion
Midgard,2803,Eyes Wide Open,17,Jordheim,"Coin, Experience",Mini Quest,Darkness Rising expansion
Midgard,3214,Face the Raiders (Mid),47,Malmohus,"Coin, Experience",Regular,Classic
Midgard,2020,Facing Typhon (M7T9),40,Heart of Volcanus,,Master Level,Trials of Atlantis expansion
Midgard,2922,Fallen Heroes,23,Jordheim,"Coin, Experience",Mini Quest,Catacombs expansion
Midgard,218,Fallen Warrior,25,Jordheim,Runed Mystical Gloves,Regular,Classic
Midgard,217,Family Business,26,Vale of Mularn,Boots of Favor,Regular,Classic
Midgard,2520,Family Curse,5,Jordheim,"Coin, Experience",Mini Quest,Catacombs expansion
Midgard,2490,Family Matters,40,Underground Forest (Mid),"Coin, Experience",Mini Quest,Catacombs expansion
Midgard,2601,Family Reunion,2,Jordheim,"Coin, Experience",Mini Quest,Classic
Midgard,2604,Family Ties,5,Vale of Mularn,"Coin, Experience",Mini Quest,Classic
Midgard,2553,Fanning the Flames,26,Kobold Undercity,"Coin, Experience",Mini Quest,Catacombs expansion
Midgard,691,Faraheim Doe Meat -- Kill Task,49,Faraheim,Experience,Kill Task,Shrouded Isle expansion
Midgard,684,Faraheim Stag Body -- Kill Task,49,Delling Crater,Experience,Kill Task,Shrouded Isle expansion
Midgard,2101,Favor for the Guards,12,Burial Grounds,"Coin, Experience",Mini Quest,Catacombs expansion
Midgard,1862,"Fear, Terror, and Horror Trial (M2T7)",40,Sobekite Eternal,,Master Level,Trials of Atlantis expansion
Midgard,754,Feathers,7,Aegir's Landing,Clan Embossed Stone,Regular,Shrouded Isle expansion
Midgard,1813,Fenrir Tracker Paw -- Kill Task,40,Svealand East,Experience,Kill Task,Classic
Midgard,210,Fervent,19,Svealand West,Fervent Jewel,Regular,Classic
Midgard,451,Fiery Shield Time Drop,22,Muspelheim,Fiery Shield,One Time Drop,Classic
Midgard,1809,Final Rest,49,Modernagrav,Immaculate Ensanguined Chain Shirt,Regular,Shrouded Isle expansion
Midgard,2358,Find the Enemy,20,Kobold Undercity,"Coin, Experience",Mini Quest,Catacombs expansion
Midgard,2708,Find the Fish,23,Gotar,"Coin, Experience",Mini Quest,Classic
Midgard,2476,Finding Erkey,37,Underground Forest (Mid),"Coin, Experience",Mini Quest,Catacombs expansion
Midgard,2632,Finding Freyvid (Epic 6),30,Jordheim,Warlock Advocate Jewel,Regular,Classic
Midgard,2505,Finding the Secret,45,Frontlines (Mid),"Coin, Experience",Mini Quest,Catacombs expansion
Midgard,582,Fisher Grip Feathers -- Kill Task,38,Munin Sound,Experience,Kill Task,Shrouded Isle expansion
Midgard,2552,Fishermen's Folly,19,Gotar,"Coin, Experience",Mini Quest,Classic
Midgard,232,Fjalar One Time Drop,37,Skona Ravine,Bracelet of Defense,One Time Drop,Classic
Midgard,2821,Flame On and On,19,Jordheim,"Coin, Experience",Mini Quest,Shrouded Isle expansion
Midgard,1983,Flamedancer's Boots,50,Arbor Glen,Flamedancer's Boots (cloth),Artifact,Trials of Atlantis expansion
Midgard,2000,Flames (M6T5),40,Typhon's Reach,,Master Level,Trials of Atlantis expansion
Midgard,2521,Flowers for Alfarinn,5,Jordheim,"Coin, Experience",Mini Quest,Catacombs expansion
Midgard,1853,Fool's Bow,46,Oceanus Hesperos,Fool's Bow (Hib),Artifact,Trials of Atlantis expansion
Midgard,168,Foolish Dancers,24,Vale of Mularn,Ashen Maul,Regular,Classic
Midgard,1936,Foppish Sleeves,50,Arbor Glen,Foppish Sleeves (Mid) (cloth),Artifact,Trials of Atlantis expansion
Midgard,1935,For the Love of a Nereid,40,Mesothalassa,Melos Coral-Sheathed Hauberk (Hib),Regular,Trials of Atlantis expansion
Midgard,2466,Foray into Nyttheim,36,Frontlines (Mid),"Coin, Experience",Mini Quest,Catacombs expansion
Midgard,420,Forest Viper Venom -- Kill Task,40,Myrkwood Forest,Experience,Kill Task,Classic
Midgard,3567,Forging Steel (Mid),9,Grenlock's Sound,"Coin, Experience",Regular,Classic
Midgard,220,Forgotten Journey,30,Jordheim,Experience,Regular,Classic
Midgard,2541,Fortify the Arsenal,26,Kobold Undercity,"Coin, Experience",Mini Quest,Catacombs expansion
Midgard,1938,Fortress of Storms Trial (M4T2),40,Stygian Delta,,Master Level,Trials of Atlantis expansion
Midgard,1864,Four Items Trial (M2T9),40,Sobekite Eternal,,Master Level,Trials of Atlantis expansion
Midgard,2334,Fox Hunt,18,Kobold Undercity,"Coin, Experience",Mini Quest,Catacombs expansion
Midgard,2502,Free Karlees,44,Underground Forest (Mid),"Coin, Experience",Mini Quest,Catacombs expansion
Midgard,2493,Friendly Favor,21,Svealand West,"Coin, Experience",Mini Quest,Classic
Midgard,2070,Frontiers (Mid),3,Vale of Mularn,Recruit's Studded Legs (Mid) (old) (nld),Regular,Classic
Midgard,519,Frosted Grimel Root -- Kill Task,43,Svealand West,Experience,Kill Task,Classic
Midgard,518,Frozen Teardrop -- Kill Task,40,Svealand West,Experience,Kill Task,Classic
Midgard,2596,Fruth's Requests (Mid),25,Ruinerar av Atlantis,"Coin, Experience",Regular,Trials of Atlantis expansion
Midgard,2475,Fungus Collection,38,Underground Forest (Mid),"Coin, Experience",Mini Quest,Catacombs expansion
Midgard,257,Furf's Reward,29,Gotar,Fine Sash,Regular,Classic
Midgard,1799,Gair's Hand-Me-Downs,20,Jordheim,Doddering Tomte Hunter's Bladed Spear,Regular,Classic
Midgard,2942,Garrulous Petition,50,King Eirik's Throne Room,"Coin, Experience",Regular,Darkness Rising expansion
Midgard,190,Gashir,30,Vale of Mularn,Moonshone Helm,Regular,Classic
Midgard,2102,Gather the Energy,1,Kobold Undercity,"Coin, Experience",Mini Quest,Catacombs expansion
Midgard,2927,Gathering Mushrooms,24,Jordheim,"Coin, Experience",Mini Quest,Shrouded Isle expansion
Midgard,3581,Gathering Wood (Mid),9,Grenlock's Sound,"Coin, Experience",Crafting,Classic
Midgard,1952,Gaurmaes' Trial (M4T9),40,Land of Atum,,Master Level,Trials of Atlantis expansion
Midgard,591,Gazsi's Nightmares,39,Faraheim,Mammoth Fur Sleeves,Regular,Shrouded Isle expansion
Midgard,2043,Gem of Lost Memories,30,Oceanus Hesperos,Gem of Lost Memories (caster),Artifact,Trials of Atlantis expansion
Midgard,1960,Gem of Skyros,40,Mesothalassa,Skyros Shell Belt,Regular,Trials of Atlantis expansion
Midgard,706,Gem of the Dwarven King,44,Faraheim,Nattbrann,Regular,Shrouded Isle expansion
Midgard,2781,Get Rid of the Crabs,12,Jordheim,"Coin, Experience",Mini Quest,Darkness Rising expansion
Midgard,3357,Getting up to Speed (Mid),1,Svealand West,"Coin, Experience",Regular,Classic
Midgard,2104,Ghost Trapper,6,Burial Grounds,"Coin, Experience",Mini Quest,Catacombs expansion
Midgard,727,Ghostly Necklace -- Kill Task,42,Vale of Mularn,Experience,Kill Task,Classic
Midgard,2510,Ghostly Spies,48,Frontlines (Mid),"Coin, Experience",Mini Quest,Catacombs expansion
Midgard,22,Ghoul Hair Belt,5,Svealand East,Ghoul Hair Belt,Regular,Classic
Midgard,2116,Ghoulish Treasures,10,Burial Grounds,"Coin, Experience",Mini Quest,Catacombs expansion
Midgard,506,Giant Snow Crab Claw -- Kill Task,33,Svealand East,Experience,Kill Task,Classic
Midgard,2555,Glashtin Guilak,35,Underground Forest (Mid),"Coin, Experience",Mini Quest,Catacombs expansion
Midgard,2160,Glashtin Rescue,29,Abandoned Mines (Mid),Gem of Underworld Strength (Mid),Regular,Catacombs expansion
Midgard,2472,Glowing Terracite Eyes,39,Frontlines (Mid),"Coin, Experience",Mini Quest,Catacombs expansion
Midgard,2136,Gnoll's Plight,25,Abandoned Mines (Mid),Bracer of the Kobold Defender,Regular,Catacombs expansion
Midgard,1931,Goddess Necklace,45,Oceanus Hesperos,Goddess Necklace,Artifact,Trials of Atlantis expansion
Midgard,2782,Going Back to Fali,12,Jordheim,"Coin, Experience",Mini Quest,Darkness Rising expansion
Midgard,246,Gokstorm One Time Drop,24,Muspelheim,Firecloak,One Time Drop,Classic
Midgard,622,Gold Shale -- Kill Task,26,Munin Sound,Experience,Kill Task,Shrouded Isle expansion
Midgard,735,Golden Chain Necklace -- Kill Task,36,Munin Sound,Experience,Kill Task,Shrouded Isle expansion
Midgard,1883,Golden Scarab Vest,46,Stygian Delta,Golden Scarab Vest (leather) (melee),Artifact,Trials of Atlantis expansion
Midgard,2762,Goods for the Guards (Mid),8,Jordheim,"Coin, Experience",Mini Quest,Darkness Rising expansion
Midgard,1969,Gorgons of Aeurs Trial (M5T5),40,Halls of Ma'ati,,Master Level,Trials of Atlantis expansion
Midgard,2830,Grabbing What You Can,21,Jordheim,"Coin, Experience",Mini Quest,Darkness Rising expansion
Midgard,3669,Grave Honor (Mid),50,Odin's Gate,Ghostly Medal of Honor,Regular,Classic
Midgard,3589,Great Cat of the Sound (Mid),10,Grenlock's Sound,"Coin, Experience",Regular,Classic
Midgard,270,Great Worg One Time Drop,14,Myrkwood Forest,Sharpfang Jerkin,One Time Drop,Classic
Midgard,3553,Greetings Berserker,1,Grenlock's Sound,Standard Sword (Mid),Regular,Classic
Midgard,3552,Greetings Bonedancer,1,Grenlock's Sound,Standard Staff (magic) (Mid),Regular,Classic
Midgard,3547,Greetings Healer,1,Grenlock's Sound,Standard Hammer (Mid),Regular,Classic
Midgard,3546,Greetings Hunter,1,Grenlock's Sound,Standard Sword (Mid),Regular,Classic
Midgard,3543,Greetings Mauler (Mid),1,Grenlock's Sound,Standard Staff (melee),Regular,Classic
Midgard,3551,Greetings Runemaster,1,Grenlock's Sound,Standard Staff (magic) (Mid),Regular,Classic
Midgard,3554,Greetings Savage,1,Grenlock's Sound,Standard Sword (Mid),Regular,Classic
Midgard,3548,Greetings Shadowblade,1,Grenlock's Sound,Standard Sword (Mid),Regular,Classic
Midgard,3550,Greetings Shaman,1,Grenlock's Sound,Standard Hammer (Mid),Regular,Classic
Midgard,3545,Greetings Skald,1,Grenlock's Sound,Standard Sword (Mid),Regular,Classic
Midgard,3549,Greetings Spiritmaster,1,Grenlock's Sound,Standard Staff (magic) (Mid),Regular,Classic
Midgard,3491,Greetings Thane,1,Grenlock's Sound,Standard Sword (Mid),Regular,Classic
Midgard,3563,Greetings Valkyrie,1,Grenlock's Sound,Standard Sword (Mid),Regular,Classic
Midgard,3564,Greetings Warlock,1,Grenlock's Sound,Standard Staff (magic) (Mid),Regular,Classic
Midgard,3544,Greetings Warrior,1,Grenlock's Sound,Standard Sword (Mid),Regular,Classic
Midgard,173,Grenlock Clan,15,Jordheim,Runed Mystical Vest,Regular,Classic
Midgard,3026,Griffon Eagle-eye -- Kill Task,41,Delling Crater,"Coin, Experience",Kill Task,Shrouded Isle expansion
Midgard,3027,Griffon Frost-Wing Beak -- Kill Task,46,Delling Crater,"Coin, Experience",Kill Task,Shrouded Isle expansion
Midgard,592,Griffon Glider Head -- Kill Task,38,Gripklosa Mountains,Experience,Kill Task,Shrouded Isle expansion
Midgard,602,Griffon Loner Feather -- Kill Task,28,Gripklosa Mountains,Experience,Kill Task,Shrouded Isle expansion
Midgard,2874,Griffon Threat,45,Jordheim,"Coin, Experience",Mini Quest,Shrouded Isle expansion
Midgard,2117,Grim Interrogation,11,Kobold Undercity,"Coin, Experience",Mini Quest,Catacombs expansion
Midgard,1980,Grimkel's Greed,9,Gotar,Grimkel's Might,Regular,Classic
Midgard,2480,Gris' Deliveries,2,Jordheim,"Coin, Experience",Mini Quest,Catacombs expansion
Midgard,354,Growling Ghost One Time Drop,21,Svealand West,Boned Gloves,One Time Drop,Classic
Midgard,2547,Gruesome Gatherings,27,Abandoned Mines (Mid),"Coin, Experience",Mini Quest,Catacombs expansion
Midgard,2813,Guard Duty (Mid),18,Jordheim,"Coin, Experience",Mini Quest,Catacombs expansion
Midgard,2866,Guard Hegir's Hauberk,17,Jordheim,"Coin, Experience",Mini Quest,Catacombs expansion
Midgard,2118,Guard Rimdar's Request,3,Burial Grounds,"Coin, Experience",Regular,Catacombs expansion
Midgard,2359,Guard Ubra's Order,21,Burial Grounds,"Coin, Experience",Mini Quest,Catacombs expansion
Midgard,2161,Guarded Hope,27,Frontlines (Mid),Ring of Kinship (str/qui),Regular,Catacombs expansion
Midgard,3037,Halbran's Return,35,Skona Ravine,"Coin, Experience",Regular,Classic
Midgard,2643,Hammering the Tomte (Epic 2),10,Jordheim,Handmaiden Belt,Regular,Classic
Midgard,1920,Harpy Feather Cloak,50,Oceanus Notos,Harpy Feather Cloak,Artifact,Trials of Atlantis expansion
Midgard,2512,Have a Hand,47,Frontlines (Mid),"Coin, Experience",Mini Quest,Catacombs expansion
Midgard,3267,Have You the Ring?,8,Svealand East,Weak Elixir of Healing,Regular,Classic
Midgard,3129,Healer Guild Gift,10,Jordheim,Novice's Hammer (Mid),Regular,Classic
Midgard,1888,Healers Embrace Cloak,50,Stygian Delta,A Healers Embrace,Artifact,Trials of Atlantis expansion
Midgard,3583,Healing Salve (Mid),10,Grenlock's Sound,"Coin, Experience",Regular,Classic
Midgard,3270,Hel Hath No Fury Like a Toyless Puppy,8,Svealand East,"Coin, Experience",Regular,Classic
Midgard,2609,Helen's letter to Aegan,3,Vale of Mularn,"Coin, Experience",Regular,Classic
Midgard,2814,Help is on its Way (Mid),18,Jordheim,"Coin, Experience",Mini Quest,Catacombs expansion
Midgard,2022,Help Realmmates (M7T11),40,Oceanus Hesperos,,Master Level,Trials of Atlantis expansion
Midgard,683,Helping Dalea,7,Aegir's Landing,Emerald Flecked Jerkin,Regular,Shrouded Isle expansion
Midgard,1781,Helping the Arachites,19,Myrkwood Forest,Silver Silk Cuff,Regular,Classic
Midgard,345,Helping the Svartalfar,19,Gotar,Svartsolv Bracer,Regular,Classic
Midgard,723,Helping the Weaponsmith,25,Aegir's Landing,Ring of Shale,Regular,Shrouded Isle expansion
Midgard,346,Helping the Werewolves,19,Gotar,Silver Wolfhead Bracer,Regular,Classic
Midgard,2384,Helping Track Master Partan,23,Abandoned Mines (Mid),"Coin, Experience",Mini Quest,Catacombs expansion
Midgard,2017,Hephaestian's Challenge (M7T6),40,Heart of Volcanus,,Master Level,Trials of Atlantis expansion
Midgard,3507,"Hey Thrall, Watch This!",6,Grenlock's Sound,Spider-bane Spear,Regular,Classic
Midgard,710,Hidden Maps,45,Gripklosa Mountains,"Glacier Jewel (sl, cd, bd)",Regular,Shrouded Isle expansion
Midgard,40,Hill Cat Hunt,11,Jordheim,Blessed Warrior Gauntlets,Regular,Classic
Midgard,629,Hill Cat Hunt -- Savage Version,11,Jordheim,Necklace of Savage Strength,Regular,Classic
Midgard,2804,Hobbling the Hobgoblins,17,Jordheim,"Coin, Experience",Mini Quest,Darkness Rising expansion
Midgard,96,Hole of the Dead,6,Svealand East,Dwarven Glima,Regular,Classic
Midgard,2119,Honor the Dead,13,Kobold Undercity,"Coin, Experience",Mini Quest,Catacombs expansion
Midgard,3195,Honoring the Hardworking (Mid),50,Svealand East,Midgard Cloak of Magic,Regular,Classic
Midgard,3350,"Hook, Line and Sinker",10,Svealand East,Protector's Cloak of Fortitude,Regular,Classic
Midgard,3180,How Much Wood Could a Wood-Eater Eat?,2,Vale of Mularn,Light Blue Cloth Dye,Regular,Classic
Midgard,3490,How to Gather Comrades (Mid),1,Grenlock's Sound,"Coin, Experience",Regular,Classic
Midgard,452,Hrodek One Time Drop,24,Muspelheim,Hroderk's Chain,One Time Drop,Classic
Midgard,24,Hunt for Dorga,11,Jordheim,Bowman's Gloves,Regular,Classic
Midgard,3126,Hunter Guild Gift,10,Jordheim,Novice's Axe,Regular,Classic
Midgard,129,Hunting Party,12,Svealand West,"Coin, Experience",Regular,Classic
Midgard,3566,Hunting Season (Mid),9,Grenlock's Sound,"Coin, Experience",Regular,Classic
Midgard,3568,Hunting the Master Hound (Mid),9,Grenlock's Sound,"Coin, Experience",Regular,Classic
Midgard,1826,Ianetor's Trial (M1T1),40,Oceanus Anatole,,Master Level,Trials of Atlantis expansion
Midgard,2963,Iarnvidiur Awaits,49,Jordheim,"Coin, Experience",Mini Quest,Shrouded Isle expansion
Midgard,558,Ibicus,12,Aegir's Landing,Ibicus Soft Lined Cap,Regular,Shrouded Isle expansion
Midgard,456,Ice Cold Giant Blood -- Kill Task,37,Svealand East,Experience,Kill Task,Classic
Midgard,457,Ice Creature Corpse -- Kill Task,39,Svealand East,Experience,Kill Task,Classic
Midgard,1811,Ice Shard -- KIll Task,42,Gotar,Experience,Kill Task,Classic
Midgard,617,Ice Water -- Kill Task,33,Munin Sound,Experience,Kill Task,Shrouded Isle expansion
Midgard,1812,Iceberg Teeth -- Kill Task,41,Svealand East,Experience,Kill Task,Classic
Midgard,2924,Immediate Need,23,Jordheim,"Coin, Experience",Mini Quest,Darkness Rising expansion
Midgard,2066,Important Delivery (Mid),1,Vale of Mularn,Recruit's Cloak (Mid) (old),Regular,Classic
Midgard,3247,Importing Nothing But Trouble,6,Svealand East,Protector's Ring of Subtley,Regular,Classic
Midgard,2531,Impromptu Inspection,24,Frontlines (Mid),"Coin, Experience",Mini Quest,Catacombs expansion
Midgard,2949,In Defense of a Kingdom (Mid),48,Jordheim,"Coin, Experience",Mini Quest,Darkness Rising expansion
Midgard,2957,In Search of New Lands (Mid),47,Jordheim,"Coin, Experience",Mini Quest,Darkness Rising expansion
Midgard,2540,Increasing the Forces,35,Frontlines (Mid),"Coin, Experience",Mini Quest,Catacombs expansion
Midgard,3194,Inferno (Chapter 3:1),50,King Eirik's Throne Room,"Coin, Experience",Champion,Classic
Midgard,1999,Infestation (M6T4),40,Typhon's Reach,,Master Level,Trials of Atlantis expansion
Midgard,2996,Information from Skapi,1,Vale of Mularn,"Coin, Experience",Regular,Classic
Midgard,3395,Information Runners (Mid),1,Vale of Mularn,,Regular,Classic
Midgard,568,Ingester Stomachs -- Kill Task,32,Munin Sound,Experience,Kill Task,Shrouded Isle expansion
Midgard,2795,Interesting Armor,15,Jordheim,"Coin, Experience",Mini Quest,Darkness Rising expansion
Midgard,2745,Into the Burial Grounds,5,Jordheim,"Coin, Experience",Mini Quest,Catacombs expansion
Midgard,2661,Into the Crypt,49,Underground Forest (Mid),"Coin, Experience",Mini Quest,Catacombs expansion
Midgard,2746,Into the Lion's Den (Mid),5,Jordheim,"Coin, Experience",Mini Quest,Darkness Rising expansion
Midgard,3489,Introducing the Command Window (Mid),1,Grenlock's Sound,"Coin, Experience",Regular,Classic
Midgard,2446,Inventory and Items (Mid),1,Vale of Mularn,"Coin, Experience",Regular,Classic
Midgard,2756,Investigating Rumours (Mid),7,Jordheim,"Coin, Experience",Mini Quest,Darkness Rising expansion
Midgard,3261,It's a Sign,4,Vale of Mularn,Recruit's Wise Starklaedar Gloves,Regular,Classic
Midgard,1943,Iter Trial (M4T7),40,Stygian Delta,,Master Level,Trials of Atlantis expansion
Midgard,1871,Jacina's Sash,50,Arbor Glen,Jacina's Sash,Artifact,Trials of Atlantis expansion
Midgard,1941,Jann Trial (M4T5),40,Land of Atum,,Master Level,Trials of Atlantis expansion
Midgard,1848,Jashan's Brother,48,Arbor Glen,Leafy-Moss Gauntlets (Alb),Regular,Trials of Atlantis expansion
Midgard,55,Jewel Hunt,11,Gotar,Fine Norse Cloak,Regular,Classic
Midgard,1814,Jeweled Shaman Totem -- Kill Task,40,Svealand East,Experience,Kill Task,Classic
Midgard,657,Juuso's Potion,33,Aegir's Landing,Beinbrottsjo War Hammer,Regular,Shrouded Isle expansion
Midgard,1858,Ka'a Trial (M2T1),40,Sobekite Eternal,,Master Level,Trials of Atlantis expansion
Midgard,1857,Kalare's Necklace,45,Oceanus Notos,Kalare's Necklace,Artifact,Trials of Atlantis expansion
Midgard,1861,Kanakht Trial (M2T6),40,Sobekite Eternal,,Master Level,Trials of Atlantis expansion
Midgard,3401,Keeping Company (Mid),45,Jordheim,Tiny Compatriot Crate,Regular,Shrouded Isle expansion
Midgard,274,Kelda One Time Drop,16,Svealand West,Gloves of the Spined Backpiercer (Studded),One Time Drop,Classic
Midgard,1995,Kelleher's Hand-Me-Downs,20,Jordheim,Doddering Wee Wolf Hunter's Heater Shield,Regular,Classic
Midgard,1928,Kepa's Trial (M3T2),40,Temple of Twilight,,Master Level,Trials of Atlantis expansion
Midgard,3460,Killaloe Egg Hunt (Mid),15,Vale of Mularn,"Coin, Experience",Regular,Classic
Midgard,1878,Killing for Experience (M2T11),40,Oceanus Hesperos,,Master Level,Trials of Atlantis expansion
Midgard,1930,Killing for Experience (M3T11),40,Oceanus Hesperos,,Master Level,Trials of Atlantis expansion
Midgard,1955,Killing for Experience (M4T11),40,Oceanus Hesperos,,Master Level,Trials of Atlantis expansion
Midgard,1975,Killing for Experience (M5T11),40,Oceanus Hesperos,,Master Level,Trials of Atlantis expansion
Midgard,2928,Killing Krigsman,24,Jordheim,"Coin, Experience",Mini Quest,Shrouded Isle expansion
Midgard,2968,Killing the Enemy (Mid),47,Jordheim,"Coin, Experience",Mini Quest,Darkness Rising expansion
Midgard,3587,Kingdom for a Horse (Mid),10,Grenlock's Sound,Standard Chestnut Horse,Regular,Classic
Midgard,1827,Kirkleis' Trial (M1T6),40,Oceanus Anatole,,Master Level,Trials of Atlantis expansion
Midgard,77,Klippa's Claw,11,Svealand East,Klippor,Regular,Classic
Midgard,3725,Know Thy Enemy (Mid),46,Uppland,"Coin, Experience",Regular,Classic
Midgard,2013,Know Your Opponent (M7T2),40,Heart of Volcanus,,Master Level,Trials of Atlantis expansion
Midgard,2515,Knowing the Enemy,30,Kobold Undercity,"Coin, Experience",Mini Quest,Catacombs expansion
Midgard,510,Knowledge of the Gods,4,Vale of Mularn,"Coin, Experience",Regular,Classic
Midgard,2385,Kogan's Stolen Pack,20,Abandoned Mines (Mid),"Coin, Experience",Mini Quest,Catacombs expansion
Midgard,1824,Krojer's Trial (M1T5),40,Oceanus Anatole,Krojer's Piety Ring,Master Level,Trials of Atlantis expansion
Midgard,134,Krrrck's Torment,32,Svealand East,Bulbous Eye,Regular,Classic
Midgard,636,Kyllikki's Scrolls,14,Aegir's Landing,Ukjent Kjemper Leggings,Regular,Shrouded Isle expansion
Midgard,1908,Laodamedia's Trial (M3T4),40,Temple of Twilight,,Master Level,Trials of Atlantis expansion
Midgard,2038,Large Eel Eye -- Kill Task,40,Oceanus Hesperos,Experience,Kill Task,Trials of Atlantis expansion
Midgard,248,Lasaer One Time Drop,25,Skona Ravine,Impervious Leggings,One Time Drop,Classic
Midgard,1998,Lateef (M6T3),40,Typhon's Reach,,Master Level,Trials of Atlantis expansion
Midgard,3542,Leadership Laid Low (Mid),8,Grenlock's Sound,Band of the Sound,Regular,Classic
Midgard,139,Learn the Hunt,1,Vale of Mularn,"Coin, Experience",Regular,Classic
Midgard,3519,Learning Waypoints (Mid),3,Grenlock's Sound,Sound's Cloth Vest of Grace (Mid),Regular,Classic
Midgard,3861,Leave No Stone Unturned,48,Vale of Mularn,Adept Belt of the Vigilant,Champion,Classic
Midgard,3462,Leirvik Egg Hunt (Mid),40,Vale of Mularn,"Coin, Experience",Regular,Classic
Midgard,3710,Leirvik Gift Retrival (Mid),40,Vale of Mularn,"Coin, Experience",Regular,Classic
Midgard,2435,Leopard Shark Fin -- Kill Task,43,Stygian Delta,"Coin, Experience",Kill Task,Trials of Atlantis expansion
Midgard,2120,Leria's Staves,12,Kobold Undercity,"Coin, Experience",Mini Quest,Catacombs expansion
Midgard,3860,Lesson: A Shear Delight,1,Gotar,Full Buffs Token (12g80s),Regular,Classic
Midgard,3854,Lesson: Cause and Effect,1,Svealand East,Empowering Elixir,Regular,Classic
Midgard,3851,Lesson: Denying the Kill,1,Vale of Mularn,Empowering Elixir,Regular,Classic
Midgard,3855,Lesson: Enemies of the Realm,1,Svealand East,Full Buffs Token (1g 60s),Regular,Classic
Midgard,3853,Lesson: Excuse the Interruption,1,Vale of Mularn,Full Buffs Token (1g 60s),Regular,Classic
Midgard,3859,Lesson: Learning to Forget,1,Gotar,Luminescent Iterare Stone,Regular,Classic
Midgard,3846,Lesson: Power of the Gods (Mid),1,Vale of Mularn,Full Buffs Token (80s),Regular,Classic
Midgard,3856,Lesson: Protecting the Weak,1,Svealand East,"Coin, Experience",Regular,Classic
Midgard,3858,Lesson: Staking Your Claim,1,Svealand West,Full Buffs Token (1g 60s),Regular,Classic
Midgard,3852,Lesson: Target Practice (Mid),1,Vale of Mularn,"Coin, Experience",Regular,Classic
Midgard,3857,Lesson: The Great City of Jordheim,1,Svealand West,Empowering Elixir,Regular,Classic
Midgard,3848,Lesson: The Path to Valhalla,1,Vale of Mularn,Empowering Elixir,Regular,Classic
Midgard,3847,Lesson: The Song of Bragi,1,Vale of Mularn,"Coin, Experience",Regular,Classic
Midgard,3850,Lesson: The Unseen Threat,1,Vale of Mularn,Revealing Potion,Regular,Classic
Midgard,3849,Lesson: Under the Influence,1,Vale of Mularn,Revivifying Elixir,Regular,Classic
Midgard,2645,Let Sleeping Serpents Lie (Epic 9),45,Jordheim,Blessed Balm Hauberk,Regular,Classic
Midgard,2876,Letter From Visindakonar,30,Jordheim,,Regular,Darkness Rising expansion
Midgard,58,Letter to Sveck,10,Svealand East,"Coin, Experience",Mini Quest,Classic
Midgard,2137,Lienna's Lost Ring,6,Burial Grounds,"Coin, Experience",Mini Quest,Catacombs expansion
Midgard,2524,Lighting the Torches,3,Burial Grounds,"Coin, Experience",Mini Quest,Catacombs expansion
Midgard,3517,Lilja's Doll,5,Grenlock's Sound,Lucky Bracelet,Crafting,Classic
Midgard,2138,Listen up!,4,Burial Grounds,"Coin, Experience",Mini Quest,Catacombs expansion
Midgard,619,Little Greeber Beak -- Kill Task,30,Munin Sound,Experience,Kill Task,Shrouded Isle expansion
Midgard,228,Living Warning,21,Svealand West,Flame Helm,Regular,Classic
Midgard,3162,Living Wood (Mid),47,Svealand East,"Coin, Experience",Regular,Classic
Midgard,3580,Local Brew (Mid),9,Grenlock's Sound,Weak Elixir of Healing,Regular,Classic
Midgard,2537,Lomira's Brother,31,Frontlines (Mid),"Coin, Experience",Mini Quest,Catacombs expansion
Midgard,2831,Long Way Down,21,Jordheim,"Coin, Experience",Mini Quest,Catacombs expansion
Midgard,671,Looking Ahead,14,Gotar,Longbeard's Charm,Regular,Classic
Midgard,2139,Looking for Akorala,8,Burial Grounds,"Coin, Experience",Mini Quest,Catacombs expansion
Midgard,475,Lord Fire One Time Drop,29,Muspelheim,Cerus,One Time Drop,Classic
Midgard,488,Lord Lauur's Wife,35,Gotar,Treskygge Cloak,Regular,Classic
Midgard,1825,Lornas' Trial (M1T2),40,Mesothalassa,,Master Level,Trials of Atlantis expansion
Midgard,1919,Lost in the Sands of Time,48,Stygian Delta,Sun Sapphire,Regular,Trials of Atlantis expansion
Midgard,2926,Lost Lucky Coin,24,Jordheim,"Coin, Experience",Mini Quest,Shrouded Isle expansion
Midgard,638,Lost Maps,27,Aegir's Landing,Potent Amethyst Gem,Regular,Shrouded Isle expansion
Midgard,464,Lost Pearl -- Kill Task,34,Myrkwood Forest,Experience,Kill Task,Classic
Midgard,2873,Love is a Rocky Road,30,Jordheim,"Coin, Experience",Regular,Classic
Midgard,2482,"Love Me Tender, Love Me Sweet, Ale",8,Svealand East,"Coin, Experience",Mini Quest,Classic
Midgard,137,Lover's Circle,15,Svealand West,Ring of Illbane,Regular,Classic
Midgard,2943,Low Morale,50,King Eirik's Throne Room,"Coin, Experience",Regular,Darkness Rising expansion
Midgard,3118,Luck of a Leprechaun (Mid),1,Jordheim,Lucky Charm,Regular,Classic
Midgard,2444,Lyna's Huldu Trouble,2,Vale of Mularn,"Coin, Experience",Mini Quest,Classic
Midgard,1978,Maddening Scalars/ Mad Tales,50,Typhon's Reach,Maddening Scalars (Alb) (chain),Artifact,Trials of Atlantis expansion
Midgard,539,Magic Clay -- Kill Task,40,Myrkwood Forest,Experience,Kill Task,Classic
Midgard,1923,Magical Ingrediants,48,Oceanus Anatole,,Regular,Trials of Atlantis expansion
Midgard,353,Magnild's Cure,2,Gotar,"Coin, Experience",Regular,Classic
Midgard,1973,Mahaf and Riding the Boat Trial (M5T9),40,Halls of Ma'ati,,Master Level,Trials of Atlantis expansion
Midgard,2550,Mail Call!,28,Frontlines (Mid),"Coin, Experience",Regular,Catacombs expansion
Midgard,2767,Making Friends the Old Fashioned Way (Mid),9,Jordheim,"Coin, Experience",Mini Quest,Shrouded Isle expansion
Midgard,2775,Making the Drop,11,Jordheim,"Coin, Experience",Mini Quest,Darkness Rising expansion
Midgard,1815,Malefic Tooth -- Kill Task,43,Vale of Mularn,Experience,Kill Task,Classic
Midgard,1965,Malice's Axe,50,Typhon's Reach,Malice's Axe (Alb),Artifact,Trials of Atlantis expansion
Midgard,593,Mammoth Herdguard Skin -- Kill Task,36,Gripklosa Mountains,Experience,Kill Task,Shrouded Isle expansion
Midgard,733,Mammoth Hunt,45,Gripklosa Mountains,Gory Mammoth Eye,Regular,Shrouded Isle expansion
Midgard,2486,Maniacal Menace,42,Frontlines (Mid),"Coin, Experience",Mini Quest,Catacombs expansion
Midgard,1849,Marauding Bandit (Mid),46,Stygian Delta,Silver and Coral Ring,Regular,Trials of Atlantis expansion
Midgard,1968,Mariasha's Sharkskin Gloves,50,Oceanus Hesperos,Mariasha's Sharkskin Gloves (Mid),Artifact,Trials of Atlantis expansion
Midgard,1971,Mask Trials (M5T7),40,Halls of Ma'ati,,Master Level,Trials of Atlantis expansion
Midgard,1988,Masrim's Spell,11,Aegir's Landing,Huntmanship Gloves,Regular,Shrouded Isle expansion
Midgard,2491,Master Code Key,41,Nyttheim,"Coin, Experience",Mini Quest,Catacombs expansion
Midgard,1954,Matikhoras Trial (M4T10),40,Stygian Delta,,Master Level,Trials of Atlantis expansion
Midgard,2433,Mature Scorpion Poison Gland -- Kill Task,47,Oceanus Hesperos,"Coin, Experience",Kill Task,Trials of Atlantis expansion
Midgard,2071,Mau Mane Hair -- Kill Task,47,Stygian Delta,"Coin, Experience",Kill Task,Trials of Atlantis expansion
Midgard,1926,Mau of Bastet,46,Stygian Delta,,Regular,Trials of Atlantis expansion
Midgard,3398,Mauler Guild Gift (Mid),10,Jordheim,Novice's Fist Wrap,Regular,Classic
Midgard,2451,Mauler Invasion,1,Vale of Mularn,"Coin, Experience",Mini Quest,Classic
Midgard,2574,Mead Run,1,Jordheim,"Coin, Experience",Mini Quest,Catacombs expansion
Midgard,3135,Medical Supplies (Mid),1,Svealand East,"Coin, Experience",Regular,Classic
Midgard,1929,Medusa's Trial (M3T10),40,Temple of Twilight,,Master Level,Trials of Atlantis expansion
Midgard,607,Megaloceros Fawn Claw -- Kill Task,28,Gripklosa Mountains,Experience,Kill Task,Shrouded Isle expansion
Midgard,2791,Meidari's Note,14,Jordheim,"Coin, Experience",Mini Quest,Catacombs expansion
Midgard,3499,Melee Combat (Mid),1,Grenlock's Sound,"Coin, Experience",Regular,Classic
Midgard,1961,Melos Alliance,30,Mesothalassa,Major Melos Breath Potion,Regular,Trials of Atlantis expansion
Midgard,412,Melted Ghoul Flesh -- Kill Task,26,Vale of Mularn,Experience,Kill Task,Classic
Midgard,3187,Melting the Ice,40,Svealand East,"Coin, Experience",Regular,Classic
Midgard,2140,Message of Death,8,Burial Grounds,"Coin, Experience",Mini Quest,Catacombs expansion
Midgard,3058,Midgard calls the Mauler,1,Agramon,Mauler Garden Trophy,One Time Drop,Labyrinth of the Minotaur expansion
Midgard,3217,Midgard Medal of Honor,49,Svealand West,Midgard Medal of Honor,Regular,Classic
Midgard,3359,Midwinter Tree of Midgard,35,Svealand West,Small Midgard Winter Tree,Regular,Classic
Midgard,700,Mimir's Protection,40,Jordheim,Mimir's Large Hammer of Wisdom,Regular,Classic
Midgard,38,Minx Wiley,10,Svealand West,Wiley's Boots,Regular,Classic
Midgard,3186,Mission: Infiltration (lvl 48+) (Mid),48,Vale of Mularn,"Coin, Experience",Regular,Classic
Midgard,3397,Mission: Infiltration (Mid) (lvl 1-47),1,Jordheim,,Regular,Classic
Midgard,623,Mist Water Sack -- Kill Task,24,Munin Sound,Experience,Kill Task,Shrouded Isle expansion
Midgard,1994,Mistaken Identity,21,Svealand West,Ring of Midnight Shadows,Regular,Classic
Midgard,267,Moira the Quiet One Time Drop,42,Yggdra Forest,Brilliant Screaming Ghastly Axe,One Time Drop,Classic
Midgard,1895,Moirai's Trial (M3T1),40,Temple of Twilight,,Master Level,Trials of Atlantis expansion
Midgard,2570,Mole Hunt,32,Frontlines (Mid),"Coin, Experience",Mini Quest,Catacombs expansion
Midgard,3465,Molvik Egg Hunt (Mid),35,Vale of Mularn,"Coin, Experience",Regular,Classic
Midgard,68,Monstrous Beast,10,Vale of Mularn,"Coin, Experience",Regular,Classic
Midgard,119,Morana's Tunic,18,Myrkwood Forest,Dancing Silk,Regular,Classic
Midgard,3025,Moray Eel Eye -- Kill Task,45,Stygian Delta,"Coin, Experience",Kill Task,Trials of Atlantis expansion
Midgard,742,Morvalt Blandere Belt -- Kill Task,46,Iarnwood Forest,Experience,Kill Task,Shrouded Isle expansion
Midgard,656,Morvalt Crystal,38,Faraheim,Fur Brushed Chain Legs,Regular,Shrouded Isle expansion
Midgard,601,Morvalt Landflyke Head -- Kill Task,26,Gripklosa Mountains,Experience,Kill Task,Shrouded Isle expansion
Midgard,612,Morvalt Obsidian Swords -- Kill Task,20,Aegir's Landing,Experience,Kill Task,Shrouded Isle expansion
Midgard,1992,Morvalt Skydda Eyes -- Kill Task,34,Faraheim,Coin,Kill Task,Shrouded Isle expansion
Midgard,600,Morvalt Streber Scalps -- Kill Task,30,Gripklosa Mountains,Experience,Kill Task,Shrouded Isle expansion
Midgard,599,Morvalt Streber's Head -- Kill Task,30,Gripklosa Mountains,Experience,Kill Task,Shrouded Isle expansion
Midgard,2793,Morvalts. Oh my!,14,Jordheim,"Coin, Experience",Mini Quest,Shrouded Isle expansion
Midgard,563,Mother Dearest,3,Aegir's Landing,"Coin, Experience",Regular,Shrouded Isle expansion
Midgard,1808,Mother's Children,36,Modernagrav,Crystallized Mantid Eye,Regular,Shrouded Isle expansion
Midgard,3701,Mottled Boobrie Egg -- Kill Task,32,Munin Sound,"Coin, Experience",Kill Task,Classic
Midgard,2798,Move the Morvalts,16,Jordheim,"Coin, Experience",Mini Quest,Shrouded Isle expansion
Midgard,3483,Movement and Interaction (Mid),1,Grenlock's Sound,,Regular,Classic
Midgard,201,Mucking Through the Ick,8,Vale of Mularn,Silkstrand Belt,Regular,Classic
Midgard,365,Mud Crab Claw -- Kill Task,35,Myrkwood Forest,Experience,Kill Task,Classic
Midgard,460,Mud Frog Tongues -- Kill Task,30,Gotar,Experience,Kill Task,Classic
Midgard,2997,Mularn Delivery,1,Vale of Mularn,Recruit's Cloak (Mid) (old),Regular,Classic
Midgard,2832,Multi-tasking,21,Jordheim,"Coin, Experience",Mini Quest,Darkness Rising expansion
Midgard,2707,My Dwarven Pony,22,Gotar,"Coin, Experience",Mini Quest,Classic
Midgard,595,Myling Essence -- Kill Task,30,Gripklosa Mountains,Experience,Kill Task,Shrouded Isle expansion
Midgard,482,Nagoltooth One Time Drop,41,Skona Ravine,Breath of Winter,One Time Drop,Classic
Midgard,1934,Nahkt's Fragmented Mind,50,Stygian Delta,Wind Torn Cloak (Mid) (healing),Regular,Trials of Atlantis expansion
Midgard,1868,Nailah's Robes,50,Stygian Delta,Nailah's Robes (Alb),Artifact,Trials of Atlantis expansion
Midgard,245,Nasher One Time Drop,37,Snowdonia,Macabre Medallion,One Time Drop,Classic
Midgard,1945,Naxos Society,30,Mesothalassa,Coin,Regular,Trials of Atlantis expansion
Midgard,2607,Never Again,10,Svealand East,"Coin, Experience",Mini Quest,Classic
Midgard,1803,New Crest,11,Aegir's Landing,Runed Bone Collar,Regular,Shrouded Isle expansion
Midgard,352,Newfound Group,2,Vale of Mularn,"Coin, Experience",Regular,Classic
Midgard,2799,News for the Outskirts,16,Jordheim,"Coin, Experience",Mini Quest,Darkness Rising expansion
Midgard,3023,Nightmare Horse Quest (Mid),0,Jordheim,Nightmare Steed,Regular,Darkness Rising expansion
Midgard,1882,Nightshroud Bracelet,45,Oceanus Boreal,Nightshroud Bracelet,Artifact,Trials of Atlantis expansion
Midgard,154,Nimh's Secret,26,Gotar,Nimh's Curse,Regular,Classic
Midgard,2400,Nimora's Celestial Compass,50,Oceanus Notos,Nimora's Celestial Compass,Regular,Trials of Atlantis expansion
Midgard,2068,Nuisances (Mid),2,Aberillan,Recruit's Short Sword (Mid) (old) (nld),Regular,Classic
Midgard,2471,Nyttheim Rescue,39,Frontlines (Mid),Rescuer's Bracelet (pie/dex),Regular,Catacombs expansion
Midgard,2717,Odin's Call,32,Frontlines (Mid),"Coin, Experience",Mini Quest,Catacombs expansion
Midgard,2714,Of Gnolls and Bandits,28,Abandoned Mines (Mid),Belt of the Kobold Soldier,Regular,Catacombs expansion
Midgard,3708,Offensive Tactics (Mid),49,Darkness Falls,"Coin, Experience",Regular,Classic
Midgard,1986,Oglidarsh's Belt,50,Oceanus Hesperos,Belt of Oglidarsh,Artifact,Trials of Atlantis expansion
Midgard,292,Old Smoke One Time Drop,16,Svealand West,Stone of the Pious (con),One Time Drop,Classic
Midgard,3161,Old Stones (Mid),47,Svealand East,"Coin, Experience",Regular,Classic
Midgard,2750,On the Road Again (Mid),6,Jordheim,"Coin, Experience",Mini Quest,Darkness Rising expansion
Midgard,3215,"Once more, to Huginfel!",47,Malmohus,"Coin, Experience",Regular,Classic
Midgard,3522,One Dwarf's Salvage,6,Grenlock's Sound,Threadbare Belt,Crafting,Classic
Midgard,3396,One More Small Service (Mid),1,Vale of Mularn,,Regular,Classic
Midgard,2003,Orb of Apollo (M6T8),40,Ashen Isle,,Master Level,Trials of Atlantis expansion
Midgard,3493,Orders for the Dock Master,3,Grenlock's Sound,"Coin, Experience",Regular,Classic
Midgard,2772,Orders from Above,10,Jordheim,"Coin, Experience",Mini Quest,Catacombs expansion
Midgard,2800,Orders to Nuraa,16,Jordheim,"Coin, Experience",Mini Quest,Shrouded Isle expansion
Midgard,2423,Ore for Track Master Partan,25,Abandoned Mines (Mid),"Coin, Experience",Mini Quest,Catacombs expansion
Midgard,3704,Orichalcum Sharpening Dagger -- Kill Task,31,Iarnwood Forest,"Coin, Experience",Kill Task,Shrouded Isle expansion
Midgard,1841,Origins of the Harpies,48,Oceanus Hesperos,Wind Hardened Leggings (plate),Regular,Trials of Atlantis expansion
Midgard,2049,Orion's Belt,21,Oceanus Hesperos,Orion's Belt (caster),Artifact,Trials of Atlantis expansion
Midgard,651,Ota's Quest,30,Aegir's Landing,Griffon Claw,Regular,Shrouded Isle expansion
Midgard,2464,Otherworld Ruins,48,Underground Forest (Mid),"Coin, Experience",Mini Quest,Catacombs expansion
Midgard,1942,Oukesson Trial (M4T6),40,Land of Atum,,Master Level,Trials of Atlantis expansion
Midgard,3565,Out of the Woodwork (Mid),8,Grenlock's Sound,"Coin, Experience",Regular,Classic
Midgard,2535,Outpost Supplies,25,Kobold Undercity,"Coin, Experience",Mini Quest,Catacombs expansion
Midgard,75,Paranoid Guard,15,Svealand West,Watercast Ring,Regular,Classic
Midgard,3172,Parting a Tomte From His Cap,10,Svealand East,Protector's Bracelet of Fortitude,Regular,Classic
Midgard,2805,Partisan Politics,17,Jordheim,"Coin, Experience",Mini Quest,Darkness Rising expansion
Midgard,3828,Patron of Modi,45,Vale of Mularn,Berserker Troll Call Stone,Regular,Classic
Midgard,3832,Patrons of Ymir,45,Vale of Mularn,Shaman Troll Call Stone,Regular,Classic
Midgard,263,Pawper One Time Drop,19,Svealand West,Bear Mask,One Time Drop,Classic
Midgard,621,Pendant of the Forsaken -- Kill Task,22,Munin Sound,Experience,Kill Task,Shrouded Isle expansion
Midgard,2498,Pending Attack,43,Frontlines (Mid),"Coin, Experience",Mini Quest,Catacombs expansion
Midgard,2503,People Lost,40,Kobold Undercity,Lost Labryrinth Chain Leggings,Regular,Catacombs expansion
Midgard,2024,Perfect Barracuda Tooth -- Kill Task,37,Oceanus Hesperos,Experience,Kill Task,Trials of Atlantis expansion
Midgard,2967,Pest Control (Mid),46,Jordheim,"Coin, Experience",Mini Quest,Darkness Rising expansion
Midgard,1913,Phoebus Harp Necklace,50,Mesothalassa,Phoebus Harp Necklace,Artifact,Trials of Atlantis expansion
Midgard,2019,Pillars (M7T8),40,Heart of Volcanus,,Master Level,Trials of Atlantis expansion
Midgard,2785,Place Your Order,13,Jordheim,"Coin, Experience",Mini Quest,Darkness Rising expansion
Midgard,2796,Playing with Jacks,15,Jordheim,"Coin, Experience",Mini Quest,Shrouded Isle expansion
Midgard,3080,Poison Doesn't Always Kill?,9,Svealand East,Protector's Charm of Fortitude,Mini Quest,Classic
Midgard,411,Polished Piece of Obsidian -- Kill Task,25,Vale of Mularn,Experience,Kill Task,Classic
Midgard,2598,Precision Attack,49,Frontlines (Mid),"Coin, Experience",Mini Quest,Catacombs expansion
Midgard,3159,Preemptive Strike,27,Myrkwood Forest,"Sunscorch Cloak (Bd, He, Ru, Sh, Sp, Wa)",Regular,Classic
Midgard,693,Price of Excellence,44,Jordheim,Hammer of Black Ice,Regular,Classic
Midgard,1835,Priceless Antiques,50,Oceanus Hesperos,Barnacle Encrusted Boots (Alb) (plate),Regular,Trials of Atlantis expansion
Midgard,2035,Proof of Integrity,47,Stygian Delta,Golden Tuning Fork,Regular,Trials of Atlantis expansion
Midgard,164,Protect Huginfell,16,Svealand West,Helm of the Aki,Regular,Classic
Midgard,2141,Protect the Dead,6,Kobold Undercity,"Coin, Experience",Mini Quest,Catacombs expansion
Midgard,521,Protecting Myrkwood,23,Myrkwood Forest,Svartalf Hair Collar,Regular,Classic
Midgard,138,Protecting the Healer,17,Svealand West,Nightsworn,Regular,Classic
Midgard,102,Prove Kobold Helen's Innocence,11,Jordheim,Spirit Staff (Spiritmaster),Regular,Classic
Midgard,3839,Prove Thyself,45,Vale of Mularn,Wolf Troll Call Stone,Regular,Classic
Midgard,3520,Quell the Invasion (Mid),4,Grenlock's Sound,Sound's Cloth Boots of Grace (Mid),Regular,Classic
Midgard,2833,Quest by Association (Mid),22,Jordheim,"Coin, Experience",Mini Quest,Darkness Rising expansion
Midgard,726,Rack of Megaloceros Antlers -- Kill Task,45,Delling Crater,Rack of Megaloceros Antlers,Kill Task,Shrouded Isle expansion
Midgard,3726,Rage of Battle,45,Uppland,"Coin, Experience",Regular,Classic
Midgard,2718,Ragnarok Now (Epic 8),40,Jordheim,Hel's Chosen Belt,Regular,Classic
Midgard,2157,Rail Spike -- Kill Task,22,Abandoned Mines (Mid),"Coin, Experience",Kill Task,Catacombs expansion
Midgard,2822,Raising the Threat Level,19,Jordheim,"Coin, Experience",Regular,Darkness Rising expansion
Midgard,2467,Ransom Drop,38,Frontlines (Mid),"Coin, Experience",Mini Quest,Catacombs expansion
Midgard,1899,Rare Snake (M6T1),40,Typhon's Reach,Cloak of Flowing Fire (Hib),Master Level,Trials of Atlantis expansion
Midgard,59,Rasczel's Nose,11,Jordheim,Skald's Medallion,Regular,Classic
Midgard,2959,Ration Delivery (Mid),47,Jordheim,"Coin, Experience",Mini Quest,Shrouded Isle expansion
Midgard,2525,Rations for Hegir,2,Burial Grounds,"Coin, Experience",Mini Quest,Catacombs expansion
Midgard,2103,Raving Ratalu and the Secret Chest,8,Burial Grounds,Ratalu's Heirloom,Regular,Catacombs expansion
Midgard,115,Reach of the Shadow,15,Svealand West,Driftspirit Cloak,Regular,Classic
Midgard,2751,Reagent 007 (Mid),6,Jordheim,"Coin, Experience",Mini Quest,Darkness Rising expansion
Midgard,2386,Rearming the Troops,22,Frontlines (Mid),"Coin, Experience",Mini Quest,Catacombs expansion
Midgard,2898,Rebellion: Answering the Call (Chapter 1:2) (Mid),30,King Eirik's Throne Room,"Coin, Experience",Champion,Darkness Rising expansion
Midgard,2877,Rebellion: Introduction to the Cause (Chapter 1:1) (Mid),30,King Eirik's Throne Room,"Coin, Experience",Regular,Darkness Rising expansion
Midgard,3009,Rebellion: Spreading the Word (Chapter 1:3) (Mid),30,King Eirik's Throne Room,"Coin, Experience",Champion,Darkness Rising expansion
Midgard,3592,Rebuilding Flora (Mid),10,Grenlock's Sound,"Coin, Experience",Regular,Classic
Midgard,2527,Reconnaissance for Guard Isthor,47,Underground Forest (Mid),"Coin, Experience",Mini Quest,Catacombs expansion
Midgard,3182,Reconnaissance for Rielder,4,Vale of Mularn,Recruit's Tarnished Bauble,Regular,Classic
Midgard,2556,Recovering Information,35,Frontlines (Mid),"Coin, Experience",Mini Quest,Catacombs expansion
Midgard,3380,Recruit Recommendation,50,King Eirik's Throne Room,"Coin, Experience",Champion,Darkness Rising expansion
Midgard,2436,Red Eyes -- Kill Task,47,Jordheim,"Coin, Experience",Kill Task,Classic
Midgard,2774,Red-Red Wine,11,Jordheim,"Coin, Experience",Mini Quest,Darkness Rising expansion
Midgard,594,Redcap Red Cap -- Kill Task,37,Gripklosa Mountains,Experience,Kill Task,Shrouded Isle expansion
Midgard,3521,Reporting for Duty (Mid),5,Grenlock's Sound,"Coin, Experience",Regular,Classic
Midgard,2554,Reports for Ulorik,35,Underground Forest (Mid),"Coin, Experience",Mini Quest,Catacombs expansion
Midgard,2506,Rescue Jessie,46,Frontlines (Mid),"Coin, Experience",Mini Quest,Catacombs expansion
Midgard,3136,Rescue Operation (Mid),1,Jordheim,"Coin, Experience",Mini Quest,Classic
Midgard,1970,Resin Trial (M5T6),40,Halls of Ma'ati,,Master Level,Trials of Atlantis expansion
Midgard,2938,Rest and Relax,26,Jordheim,"Coin, Experience",Mini Quest,Catacombs expansion
Midgard,2142,Rest for the Dead,5,Burial Grounds,"Coin, Experience",Mini Quest,Catacombs expansion
Midgard,3584,Restoring Fauna (Mid),10,Grenlock's Sound,"Coin, Experience",Regular,Classic
Midgard,3114,Retired Weapons,1,Svealand West,"Coin, Experience",Regular,Classic
Midgard,3586,Returning Resources (Mid),10,Grenlock's Sound,"Coin, Experience",Regular,Classic
Midgard,2050,Reyer's Best Friend,16,Myrkwood Forest,Whistle,Regular,Classic
Midgard,326,Rinda's Lost Keys,1,Vale of Mularn,Silver Ring of Health (Mid),Regular,Classic
Midgard,1985,Ring of Dances,50,Oceanus Notos,Ring of Dances (stealth),Artifact,Trials of Atlantis expansion
Midgard,1870,Ring of Fire,50,Typhon's Reach,Ring of Fire,Artifact,Trials of Atlantis expansion
Midgard,2055,Ring of Unyielding Will,30,Mesothalassa,Ring of Unyielding Will,Artifact,Trials of Atlantis expansion
Midgard,2613,Rise of the Vendo (Epic 3),15,Jordheim,Journeyman Healer Bracer,Regular,Classic
Midgard,2954,Rites of Passage (Mid),49,Jordheim,"Coin, Experience",Mini Quest,Classic
Midgard,1851,Riverland Menace,48,Stygian Delta,River Fighter Bracer,Regular,Trials of Atlantis expansion
Midgard,3534,Rock Claw,8,Grenlock's Sound,Shell Tinted Pious Shield,Regular,Classic
Midgard,2533,Rock Crab Armor,18,Gotar,"Coin, Experience",Mini Quest,Classic
Midgard,355,Rogue Trainer,4,Gotar,"Coin, Experience",Regular,Classic
Midgard,3539,Roll the Bones,8,Grenlock's Sound,Flame-licked Tunic,Regular,Classic
Midgard,2504,Romili's Reputation,46,Frontlines (Mid),"Coin, Experience",Mini Quest,Catacombs expansion
Midgard,2387,Rothan's Barricade,22,Abandoned Mines (Mid),"Coin, Experience",Mini Quest,Catacombs expansion
Midgard,2933,Rotten Apples,25,Jordheim,"Coin, Experience",Mini Quest,Darkness Rising expansion
Midgard,2786,Round Up the Wild Hogs,13,Jordheim,"Coin, Experience",Mini Quest,Darkness Rising expansion
Midgard,1838,Rrionne's Trial (M2T4),40,Sobekite Eternal,,Master Level,Trials of Atlantis expansion
Midgard,1845,Ruin Samples,40,Oceanus Hesperos,Coin,Regular,Trials of Atlantis expansion
Midgard,3132,Runemaster Guild Gift,10,Jordheim,Novice's Stave (runemaster),Regular,Classic
Midgard,695,Runemaster Sealed Page -- Kill Task,42,Myrkwood Forest,Experience,Kill Task,Classic
Midgard,3831,Runemaster Too!,45,Vale of Mularn,Runemaster Troll Call Stone,Regular,Classic
Midgard,99,Runes of Darkness,11,Jordheim,Weeping Runic Staff,Regular,Classic
Midgard,1997,Sacrifice (M6T2),40,Typhon's Reach,,Master Level,Trials of Atlantis expansion
Midgard,1842,Sacrificial Rites,48,Typhon's Reach,Cenalon's Ring of Power,Regular,Trials of Atlantis expansion
Midgard,275,Salix One Time Drop,13,Myrkwood Forest,Willow Heart,One Time Drop,Classic
Midgard,2579,Saol's Bounty,41,Underground Forest (Mid),"Coin, Experience",Mini Quest,Catacombs expansion
Midgard,2546,Sarja's Armor,25,Kobold Undercity,"Coin, Experience",Mini Quest,Catacombs expansion
Midgard,3128,Savage Guild Gift,10,Jordheim,Novice's Axe,Regular,Classic
Midgard,3375,Saving Midwinter (Mid),48,Svealand East,Sleigh,Regular,Classic
Midgard,338,Saving the Clan (level 43),43,Jordheim,Hand of Hel Necklace,Regular,Classic
Midgard,1779,Saving the Clan (level 45),45,Vale of Mularn,Bone Carved Pin,Regular,Classic
Midgard,1780,Saving the Clan (level 48),48,Vale of Mularn,"Coin, Experience",Regular,Classic
Midgard,655,Saving the Clan (level 50),50,Jordheim,Raven-Rune Vest,Regular,Classic
Midgard,3354,Saving Zarees (lvl 48) (Mid),48,Vale of Mularn,Greater Cat's Claw Pendant,Regular,Shrouded Isle expansion
Midgard,3271,Saving Zarees (lvl 7) (Mid),7,Vale of Mularn,Cat's Claw Pendant,Regular,Shrouded Isle expansion
Midgard,3488,Saying Hello (Mid),1,Grenlock's Sound,Chat Guide,Regular,Classic
Midgard,1912,Scepter of the Meritorious,50,Oceanus Boreal,Scepter of the Meritorious (Alb),Artifact,Trials of Atlantis expansion
Midgard,630,Scimitar Cat Pelt -- Kill Task,20,Aegir's Landing,Experience,Kill Task,Shrouded Isle expansion
Midgard,1889,Scorpion's Tail Ring,50,Stygian Delta,The Scorpions Tail,Artifact,Trials of Atlantis expansion
Midgard,2558,Scouting the Gnolls,29,Kobold Undercity,"Coin, Experience",Mini Quest,Catacombs expansion
Midgard,2806,Scouting Through the Ruins,17,Jordheim,"Coin, Experience",Mini Quest,Darkness Rising expansion
Midgard,413,Scroll of Eternal Sorrow -- Kill Task,23,Gotar,Experience,Kill Task,Classic
Midgard,2485,Scryer,3,Vale of Mularn,Recruit's Studded Legs (Mid) (old) (nld),Regular,Classic
Midgard,2616,Searching for Skelder (Epic 6),30,Jordheim,Hand of Dawn Jewel,Regular,Classic
Midgard,1836,Seed Pouch,50,Oceanus Hesperos,Sand Scorched Helm (Alb) (leather),Regular,Trials of Atlantis expansion
Midgard,3069,Seek the Dragonslayer (Mid),1,Jordheim,,Mini Quest,Classic
Midgard,1879,Sekhmet's Messenger,48,Stygian Delta,Sekhmet's Blessing Crown,Regular,Trials of Atlantis expansion
Midgard,3260,Send the Vendo Packing!,3,Vale of Mularn,Recruit's Studded Legs (Mid),Regular,Classic
Midgard,3177,Send Them Back Into Hiding,1,Vale of Mularn,"Coin, Experience",Regular,Classic
Midgard,295,Sentry Incin One Time Drop,21,Muspelheim,Smoking Sentry Axe,One Time Drop,Classic
Midgard,2468,Sentry Siegledar's Offer,37,Frontlines (Mid),"Coin, Experience",Mini Quest,Catacombs expansion
Midgard,2335,Sergeant Gonnik's Requisition,18,Burial Grounds,"Coin, Experience",Mini Quest,Catacombs expansion
Midgard,2784,Services Rendered,13,Jordheim,"Coin, Experience",Mini Quest,Darkness Rising expansion
Midgard,1900,Setian Plans,46,Stygian Delta,Golden Cat Linked Belt,Regular,Trials of Atlantis expansion
Midgard,1847,Seven Coins,49,Oceanus Notos,Ring of the Seven Solstices (rejuv),Regular,Trials of Atlantis expansion
Midgard,1911,Shades of Mist,50,Typhon's Reach,Shades of Mist (melee),Artifact,Trials of Atlantis expansion
Midgard,3127,Shadowblade Guild Gift,10,Jordheim,Novice's Axe,Regular,Classic
Midgard,2016,Shaitan's Challenge (M7T5),40,Heart of Volcanus,,Master Level,Trials of Atlantis expansion
Midgard,3130,Shaman Guild Gift,10,Jordheim,Novice's Hammer (Mid),Regular,Classic
Midgard,2764,Shoe Enough (Mid),9,Jordheim,"Coin, Experience",Mini Quest,Darkness Rising expansion
Midgard,3497,Showing Respect (Mid),5,Grenlock's Sound,"Coin, Experience",Regular,Classic
Midgard,1904,Shraogh's Trial (M3T7),40,Oceanus Notos,,Master Level,Trials of Atlantis expansion
Midgard,2004,Siege of Vazul's Fortress (M6T9),40,Ashen Isle,,Master Level,Trials of Atlantis expansion
Midgard,2773,Siege Supplies,10,Jordheim,"Coin, Experience",Mini Quest,Darkness Rising expansion
Midgard,153,Silent Death,22,Svealand West,Njessi Carved Fang (2H),Regular,Classic
Midgard,3355,Silent Hatred,5,Svealand West,Ring of the Oak,Regular,Classic
Midgard,3790,Silver-Gemmed Collar -- Kill Task,41,Vale of Mularn,"Coin, Experience",Kill Task,Classic
Midgard,69,Simple Misgivings,7,Vale of Mularn,"Coin, Experience",Regular,Classic
Midgard,1907,Sinovia Trial (M3T9),40,Temple of Twilight,,Master Level,Trials of Atlantis expansion
Midgard,567,Sioalf Cultist Supplies -- Kill Task,34,Munin Sound,Experience,Kill Task,Shrouded Isle expansion
Midgard,2001,Siraadi (M6T6),40,Typhon's Reach,,Master Level,Trials of Atlantis expansion
Midgard,208,Siv's Spirit,15,Jordheim,Runed Mystical Boots,Regular,Classic
Midgard,3124,Skald Guild Gift,10,Jordheim,Novice's Axe,Regular,Classic
Midgard,1962,Skyros Order,30,Mesothalassa,,Regular,Trials of Atlantis expansion
Midgard,2801,Slay the Sanguinite,16,Jordheim,"Coin, Experience",Mini Quest,Darkness Rising expansion
Midgard,3814,Small Favors,8,Grenlock's Sound,"Coin, Experience",Regular,Classic
Midgard,2771,Smithing Supplies (Mid),10,Jordheim,"Coin, Experience",Mini Quest,Shrouded Isle expansion
Midgard,414,Smyga's Raid,10,Vale of Mularn,Smyga's Helm,Regular,Classic
Midgard,2869,Snake Venom Blades,14,Gotar,"Coin, Experience",Regular,Classic
Midgard,1865,Snakes and Spikes (M2T10),40,Sobekite Eternal,,Master Level,Trials of Atlantis expansion
Midgard,1910,Snatcher's Tale,50,Typhon's Reach,Snatcher,Artifact,Trials of Atlantis expansion
Midgard,721,Solving the Argument,10,Aegir's Landing,Hand of Peace Greave,Regular,Shrouded Isle expansion
Midgard,255,Sorrow One Time Drop,22,Myrkwood Forest,Mourning Rage,One Time Drop,Classic
Midgard,454,Soulsong One Time Drop,41,Yggdra Forest,Soulsong's Hauberk,One Time Drop,Classic
Midgard,191,Spat the Wild Cat,10,Vale of Mularn,Experience,Regular,Classic
Midgard,3070,Speaking of Dragonslaying (Mid),1,Svealand West,Coin,Regular,Classic
Midgard,1953,Spear of Kings,50,Oceanus Notos,Spear of Kings (Hib) (cs),Artifact,Trials of Atlantis expansion
Midgard,2143,Special Delivery (Mid),15,Burial Grounds,"Coin, Experience",Mini Quest,Catacombs expansion
Midgard,2032,Speckled Shark Skin -- Kill Task,35,Ruinerar av Atlantis,Experience,Kill Task,Trials of Atlantis expansion
Midgard,2149,Spectral Studies,16,Burial Grounds,"Coin, Experience",Mini Quest,Catacombs expansion
Midgard,3500,Spell Damage (Mid),1,Grenlock's Sound,"Coin, Experience",Regular,Classic
Midgard,3535,Spellcrafting - The Clothes Make the Troll,7,Grenlock's Sound,Apprentice's Padded Gloves,Regular,Classic
Midgard,2910,Spider Bait,21,Gotar,"Coin, Experience",Regular,Classic
Midgard,476,Spirit of Flames One Time Drop,30,Muspelheim,Flame Wrought Bracelet,One Time Drop,Classic
Midgard,1822,Spirit Stone -- Kill Task,43,Vale of Mularn,Experience,Kill Task,Classic
Midgard,3131,Spiritmaster Guild Gift,10,Jordheim,Novice's Stave (spiritmaster),Regular,Classic
Midgard,2492,Spirits at Unrest,12,Jordheim,Belt of the Resting Spirit,Regular,Catacombs expansion
Midgard,1854,Staff of the God,50,Mesothalassa,Staff of the God (caster),Artifact,Trials of Atlantis expansion
Midgard,1839,Stand Fast (M2T8),40,Sobekite Eternal,,Master Level,Trials of Atlantis expansion
Midgard,2825,Starting at the Beginning (Mid),20,Jordheim,"Coin, Experience",Mini Quest,Darkness Rising expansion
Midgard,2716,Status Reports,30,Abandoned Mines (Mid),"Coin, Experience",Mini Quest,Catacombs expansion
Midgard,2747,Staunch Allies (Mid),5,Jordheim,"Coin, Experience",Mini Quest,Darkness Rising expansion
Midgard,3211,Stealing Supplies (Mid),47,Myrkwood Forest,Coin,Regular,Classic
Midgard,579,Steam Element Steam -- Kill Task,32,Delling Crater,Experience,Kill Task,Shrouded Isle expansion
Midgard,1906,Sting Ray Trial (M3T8),40,Temple of Twilight,,Master Level,Trials of Atlantis expansion
Midgard,2073,Stolen Eggs,4,Vale of Mularn,Recruit's Studded Gloves (Mid) (old) (nld),Regular,Classic
Midgard,1982,Stolen History,45,Mesothalassa,Melos Pearl-Edged Cloak,Regular,Trials of Atlantis expansion
Midgard,2336,Stolen Supplies,19,Burial Grounds,"Coin, Experience",Mini Quest,Catacombs expansion
Midgard,1843,Stone King,49,Arbor Glen,Wrap of Withstanding,Regular,Trials of Atlantis expansion
Midgard,1890,Stone of Atlantis,50,Stygian Delta,Stone of Atlantis,Artifact,Trials of Atlantis expansion
Midgard,2672,Stone of the Visindakona (Epic 1),5,Jordheim,Apprentice Conjurer Jewel,Regular,Classic
Midgard,698,Stoneheart,49,Aegir's Landing,Troll's Fist Great Hammer,Regular,Shrouded Isle expansion
Midgard,2787,Stop the Roaming Thralls,13,Jordheim,"Coin, Experience",Mini Quest,Darkness Rising expansion
Midgard,1905,Strange Barracuda Trial (M3T6),40,Temple of Twilight,,Master Level,Trials of Atlantis expansion
Midgard,1801,Strange Bedfellows (Mid),45,Jordheim,Perfect Life Stone,Regular,Classic
Midgard,2559,Strange Magic,28,Abandoned Mines (Mid),"Coin, Experience",Mini Quest,Catacombs expansion
Midgard,715,Strange Powers,49,Vale of Mularn,Scaffold Web Cloak,Regular,Classic
Midgard,241,Stripe,25,Svealand West,Stripe Hide Helm,Regular,Classic
Midgard,229,Sugnhild's Revenge,22,Svealand West,Gauntlets of the Redhand,Regular,Classic
Midgard,183,Sulphine's Demise,23,Vale of Mularn,Flameforged Sword,Regular,Classic
Midgard,2853,Supplies for Asa,15,Jordheim,"Coin, Experience",Mini Quest,Darkness Rising expansion
Midgard,2388,Supplies for Miner Adreir,23,Abandoned Mines (Mid),"Coin, Experience",Mini Quest,Catacombs expansion
Midgard,2789,Supplies on the Frontier,14,Jordheim,"Coin, Experience",Mini Quest,Darkness Rising expansion
Midgard,3595,Supply & Demand (Thane),9,Grenlock's Sound,Axe of the Revered,Regular,Classic
Midgard,2788,Support the Troops,13,Jordheim,"Coin, Experience",Mini Quest,Darkness Rising expansion
Midgard,2481,Suspicious Mind,7,Svealand East,"Coin, Experience",Mini Quest,Classic
Midgard,741,Svartalf Poison Recipe -- Kill Task,45,Svealand West,Experience,Kill Task,Classic
Midgard,2630,Svartalf Subterfuge (Epic 4),20,Jordheim,Witchborn Cloak,Regular,Classic
Midgard,2631,Svartalf Suppression (Epic 5),25,Jordheim,Hel's Spiritist Ring,Regular,Classic
Midgard,18,Svartmoln's Appetite,7,Svealand East,Bear-hide Boots,Mini Quest,Classic
Midgard,41,Sveabone Hilt Sword,1,Svealand East,Sveabone Hilt Sword,Regular,Classic
Midgard,178,Sveawolf Guardian,8,Svealand West,Experience,Regular,Classic
Midgard,2802,Take a Task,16,Jordheim,"Coin, Experience",Mini Quest,Darkness Rising expansion
Midgard,3506,Take My Voucher... Please!,6,Grenlock's Sound,Spider-bane Mystical Staff,Regular,Classic
Midgard,2757,Take One and Pass It (Mid),7,Jordheim,"Coin, Experience",Mini Quest,Darkness Rising expansion
Midgard,2513,Taking Back the Tools,30,Abandoned Mines (Mid),"Coin, Experience",Mini Quest,Catacombs expansion
Midgard,2768,Taking Care of our Own (Mid),9,Jordheim,"Coin, Experience",Mini Quest,Darkness Rising expansion
Midgard,125,Taldos' Amulet,11,Jordheim,Taldos' Amulet,Regular,Classic
Midgard,189,Tale of Two Trolls,30,Gotar,Rigid Crescent Crown,Regular,Classic
Midgard,1979,Tarnished Tradeskill Tools (Mid),10,Jordheim,Tarnished Weapon Etching Tool,Crafting,Classic
Midgard,1933,Tartaros Gift,50,Typhon's Reach,Tartaros Gift  (friar),Artifact,Trials of Atlantis expansion
Midgard,212,Tas One Time Drop,9,Gotar,Boots of Catlike Footing,One Time Drop,Classic
Midgard,2447,Task at Hand,1,Vale of Mularn,Recruit's Silvered Bracelet (Mid) (old),Regular,Classic
Midgard,2939,Task for a Warrior,26,Jordheim,"Coin, Experience",Mini Quest,Darkness Rising expansion
Midgard,2827,Tasked to Talk (Mid),20,Jordheim,"Coin, Experience",Mini Quest,Catacombs expansion
Midgard,2958,Tasking in the Glory (Mid),46,Jordheim,"Coin, Experience",Mini Quest,Darkness Rising expansion
Midgard,2753,Tasks to Master (Mid),6,Jordheim,"Coin, Experience",Mini Quest,Darkness Rising expansion
Midgard,2950,Tears of Fire (Mid),48,Oceanus Notos,Phoenix Tear,Regular,Trials of Atlantis expansion
Midgard,1897,Telgar's Redemption,48,Oceanus Anatole,Lava Scorched Belt (dex/str),Regular,Trials of Atlantis expansion
Midgard,2944,Telltale Ale,50,King Eirik's Throne Room,"Coin, Experience",Regular,Darkness Rising expansion
Midgard,1991,Terje's Problem,35,Gotar,Treskygge Cloak,Regular,Classic
Midgard,419,Terra Crab Claw -- Kill Task,38,Myrkwood Forest,Experience,Kill Task,Classic
Midgard,2507,Terracite Sweep,45,Underground Forest (Mid),"Coin, Experience",Mini Quest,Catacombs expansion
Midgard,2477,Terracite Tribal Bracers,39,Underground Forest (Mid),"Coin, Experience",Mini Quest,Catacombs expansion
Midgard,2776,Testing Trials,11,Jordheim,"Coin, Experience",Mini Quest,Darkness Rising expansion
Midgard,3122,Thane Guild Gift,10,Jordheim,Novice's Axe,Regular,Classic
Midgard,348,Thane's Blood,30,Jordheim,Gauntlets of the Tempest,Regular,Classic
Midgard,2807,Thank Goodness for Packrats (Mid),17,Jordheim,"Coin, Experience",Mini Quest,Darkness Rising expansion
Midgard,2790,Tharnsonn's Orders,14,Jordheim,"Coin, Experience",Mini Quest,Darkness Rising expansion
Midgard,374,Thasior One Time Drop,31,Skona Ravine,Boots of Loki,One Time Drop,Classic
Midgard,2966,That Voodoo That You Do (Mid),47,Jordheim,"Coin, Experience",Mini Quest,Catacombs expansion
Midgard,3540,The Alchemist (Mid),8,Grenlock's Sound,Bracer of Shadow,Regular,Classic
Midgard,2835,The Bawdy Guard,22,Jordheim,"Coin, Experience",Mini Quest,Darkness Rising expansion
Midgard,2612,The Bear Hunter (Epic 2),10,Jordheim,Practitioner Mage Belt,Regular,Classic
Midgard,3518,The Benefits of Potions (Mid),1,Grenlock's Sound,Elixir of Might,Regular,Classic
Midgard,2600,The Birthday Gift,1,Vale of Mularn,"Coin, Experience",Mini Quest,Classic
Midgard,3258,The Blodfelag Problem,3,Vale of Mularn,Recruit's Hardy Necklace,Regular,Classic
Midgard,3585,The Carver's Mystery (Mid),10,Grenlock's Sound,"Coin, Experience",Regular,Classic
Midgard,2828,The Commander's New Sword,21,Jordheim,"Coin, Experience",Mini Quest,Darkness Rising expansion
Midgard,2517,The Conflict,22,Kobold Undercity,Kobold Medal of Honor (parry),Regular,Catacombs expansion
Midgard,300,The Creatures of Myrkwood,19,Myrkwood Forest,"Coin, Experience",Regular,Classic
Midgard,2355,The Dead Bow,18,Kobold Undercity,"Coin, Experience",Mini Quest,Catacombs expansion
Midgard,2526,The Death of Tardossus,47,Underground Forest (Mid),"Coin, Experience",Mini Quest,Catacombs expansion
Midgard,3709,The Demon Queen (Mid),50,Darkness Falls,Demonslayer Medal of Honor,Regular,Classic
Midgard,709,The Desire of a God (level 43),43,Vale of Mularn,Fungus Covered Belt,Regular,Classic
Midgard,717,The Desire of a God (level 45),45,Vale of Mularn,World Engraved Pin,Regular,Classic
Midgard,720,The Desire of a God (level 48),48,Vale of Mularn,"Coin, Experience",Regular,Classic
Midgard,652,The Desire of a God (level 50),50,Vale of Mularn,Valhalla Touched Gloves,Regular,Classic
Midgard,2792,The Dirges be a Roaming,14,Jordheim,"Coin, Experience",Mini Quest,Darkness Rising expansion
Midgard,2953,The End is Near (Mid),48,Jordheim,"Coin, Experience",Mini Quest,Classic
Midgard,3386,The Enemy Abides,47,Malmohus,"Coin, Experience",Regular,Classic
Midgard,3163,The Enemy Appears (Mid),48,Svealand East,"Coin, Experience",Regular,Classic
Midgard,2405,The Eyes are Watching,40,Underground Forest (Mid),"Coin, Experience",Mini Quest,Catacombs expansion
Midgard,3536,The Face of Chaos,7,Grenlock's Sound,Regulator's Cloth Boots (Mid),Regular,Classic
Midgard,3137,The First of Many (Mid),45,Myrkwood Forest,Coin,Mini Quest,Classic
Midgard,1925,The Five Idols of Sobek,50,Mesothalassa,,Regular,Trials of Atlantis expansion
Midgard,2470,The Forbidden Magic,39,Frontlines (Mid),"Coin, Experience",Mini Quest,Catacombs expansion
Midgard,2484,The Friendly Ghost,1,Burial Grounds,"Coin, Experience",Mini Quest,Catacombs expansion
Midgard,3273,The Ghostly Harvest (Mid),45,Vale of Mularn,Feallan Circlet of the Sword,Regular,Classic
Midgard,2816,The Gobstopper,18,Jordheim,"Coin, Experience",Mini Quest,Catacombs expansion
Midgard,1887,The Golden Spear,50,Stygian Delta,The Golden Spear (Hib),Artifact,Trials of Atlantis expansion
Midgard,3216,The Great Hunt (Mid),49,Malmohus,"Coin, Experience",Regular,Classic
Midgard,3538,The Hazy Kobold,6,Grenlock's Sound,Light Purple Leather Dye,Regular,Classic
Midgard,2783,The Hills are Alive,12,Jordheim,"Coin, Experience",Mini Quest,Darkness Rising expansion
Midgard,3579,The Hilt of the Blade (Mid),9,Grenlock's Sound,"Coin, Experience",Regular,Classic
Midgard,3433,The Hobgoblin Job,2,Vale of Mularn,Recruit's Wooden Staff (Mid),Regular,Classic
Midgard,2500,The Hunt,43,Underground Forest (Mid),"Coin, Experience",Mini Quest,Catacombs expansion
Midgard,2629,The Hunt for Nymvayas (Epic 3),15,Jordheim,Initiate of Hel Bracer,Regular,Classic
Midgard,3523,The Hunter Becomes Hunted,7,Grenlock's Sound,Strategist's Ring of Might,Regular,Classic
Midgard,2134,The Intriguer,4,Burial Grounds,Intriguer's Ring,Regular,Catacombs expansion
Midgard,2752,The King Wants You! (Mid),6,Jordheim,"Coin, Experience",Mini Quest,Darkness Rising expansion
Midgard,2012,The Lava Bridge (M7T1),40,Heart of Volcanus,,Master Level,Trials of Atlantis expansion
Midgard,1770,The Legend of Fenrir's Folly,46,Svealand East,Heart of the Sun,Regular,Classic
Midgard,3845,The Lost Lands of Atlantis (Mid),40,Svealand West,"Coin, Experience",Regular,Trials of Atlantis expansion
Midgard,2469,The Lost Locket,38,Frontlines (Mid),"Coin, Experience",Mini Quest,Catacombs expansion
Midgard,2424,The Lost Patrol,25,Abandoned Mines (Mid),"Coin, Experience",Mini Quest,Catacombs expansion
Midgard,3492,The Matriarch (Mid),3,Grenlock's Sound,Sound's Cloth Leggings of Grace (Mid),Regular,Classic
Midgard,2538,The Mighty Hroeddr,30,Frontlines (Mid),"Coin, Experience",Mini Quest,Catacombs expansion
Midgard,1828,The Monument (Rassa) (M1T7),40,Oceanus Anatole,,Master Level,Trials of Atlantis expansion
Midgard,2557,The Nyttheim Run,36,Underground Forest (Mid),"Coin, Experience",Mini Quest,Catacombs expansion
Midgard,1927,The Other Side,50,Stygian Delta,Desert Warrior Cloak,Regular,Trials of Atlantis expansion
Midgard,2945,The Price of Vigilance,50,King Eirik's Throne Room,"Coin, Experience",Regular,Darkness Rising expansion
Midgard,2952,The Progression (Mid),46,Jordheim,"Coin, Experience",Mini Quest,Darkness Rising expansion
Midgard,136,The Red Dagger (level 15),15,Jordheim,Strengthened Hauberk,Regular,Classic
Midgard,165,The Red Dagger (level 20),20,Vale of Mularn,Thunder-striders Leggings,Regular,Classic
Midgard,240,The Red Dagger (level 25),25,Svealand East,Stormriders Hauberk,Regular,Classic
Midgard,3454,The Return and the Transformation,50,Jordheim,"Coin, Experience",Regular,Classic
Midgard,2545,The Return of Cassie's Lost Earring,27,Abandoned Mines (Mid),"Coin, Experience",Mini Quest,Catacombs expansion
Midgard,3226,The Road to Svarhamr,48,Malmohus,"Coin, Experience",Regular,Classic
Midgard,108,The Rod and the Scholars (Healer),15,Jordheim,Eir Blessed Pendant,Regular,Classic
Midgard,143,The Rod and the Scholars (Shaman),15,Jordheim,Blessed Bone Bracer,Regular,Classic
Midgard,3352,The Scent of Blood,15,Svealand West,Ring of the North,Regular,Classic
Midgard,1981,The Secrets of Naxos,40,Mesothalassa,Naxos Abalone Bracer,Regular,Trials of Atlantis expansion
Midgard,2743,The Shadow of War (Epic 2),10,Jordheim,Shadowed Seeker Belt,Regular,Classic
Midgard,1877,The Snakecharmer's Weapon,50,Land of Atum,The Snakecharmer's Scythe,Artifact,Trials of Atlantis expansion
Midgard,3072,The Softest Pelts Around,9,Svealand East,"Coin, Experience",Mini Quest,Classic
Midgard,3505,The Specialists (Mid),2,Grenlock's Sound,"Coin, Experience",Regular,Classic
Midgard,3181,The State of Midgard,1,Vale of Mularn,Recruit's Cloak (Mid),Regular,Classic
Midgard,3432,The State of Mularn,1,Vale of Mularn,Recruit's Silvered Bracelet (Mid),Regular,Classic
Midgard,3812,The Summon of All Fears,8,Grenlock's Sound,"Coin, Experience",Regular,Classic
Midgard,3034,The Sweet Taste of Revenge,38,Jordheim,"Coin, Experience",Regular,Shrouded Isle expansion
Midgard,1768,The Three Sisters,40,Jordheim,Runic Staff of the Sisters,Regular,Classic
Midgard,3596,The Tolling Bell (Mid),10,Grenlock's Sound,Armor Redemption Token,Regular,Classic
Midgard,2544,The Trapped Soul,33,Kobold Undercity,"Coin, Experience",Mini Quest,Catacombs expansion
Midgard,2777,The Trouble with Tomtes,11,Jordheim,"Coin, Experience",Mini Quest,Darkness Rising expansion
Midgard,2836,The Unbearable Beings of Darkness (Mid),22,Jordheim,"Coin, Experience",Mini Quest,Darkness Rising expansion
Midgard,1898,The Wandering Ones,47,Stygian Delta,Tooth of the Cat Gem,Regular,Trials of Atlantis expansion
Midgard,132,The Wanestone Jewel (Gokstad's Jewel),18,Jordheim,Wanestone Jewel Necklace,Regular,Classic
Midgard,194,The War Continues,40,Jordheim,Mischief Maker's Axe,Regular,Classic
Midgard,3593,The Way of the Horse Lords,10,Grenlock's Sound,"Coin, Experience",Regular,Classic
Midgard,2758,The Widowmaker (Mid),7,Jordheim,"Coin, Experience",Mini Quest,Darkness Rising expansion
Midgard,2934,The Willows Weep,25,Jordheim,"Coin, Experience",Mini Quest,Darkness Rising expansion
Midgard,1944,The Winged Helm,50,Oceanus Notos,The Winged Helm (Alb) (chain),Artifact,Trials of Atlantis expansion
Midgard,3815,There's Always a Catch,8,Grenlock's Sound,Curse Breaker's Cloak (Mid),Regular,Classic
Midgard,2940,These Dyes Run,24,Gotar,"Coin, Experience",Regular,Classic
Midgard,468,Thick White Pelt -- Kill Task,30,Uppland,Experience,Kill Task,Classic
Midgard,3463,Thidranki Egg Hunt (Mid),20,Vale of Mularn,"Coin, Experience",Regular,Classic
Midgard,3047,Thieving Crooks,39,Faraheim,"Coin, Experience",Regular,Shrouded Isle expansion
Midgard,321,Thorgil's Daughter,13,Svealand East,Tomte Skin Bracelet,Regular,Classic
Midgard,473,Thraxia's Dilemma,35,Gotar,Treskygge Cloak,Regular,Classic
Midgard,2534,Tikka's Ritual,24,Frontlines (Mid),"Coin, Experience",Regular,Catacombs expansion
Midgard,291,Tingler Webmother One Time Drop,19,Myrkwood Forest,100 Tingler Arrows,One Time Drop,Classic
Midgard,3504,To Be Tested and Found Worthy,6,Grenlock's Sound,Defender's Gem,Regular,Classic
Midgard,3533,To Mother With Love,7,Grenlock's Sound,Intricate Chain Leggings (Mid),Regular,Classic
Midgard,2778,To the Taskmaster! Let's go!,11,Jordheim,"Coin, Experience",Mini Quest,Darkness Rising expansion
Midgard,2644,Tomte Dawn (Epic 3),15,Jordheim,Servant of Midgard Bracer,Regular,Classic
Midgard,21,Tomte Jerkin,5,Svealand East,Tomte Jerkin,Regular,Classic
Midgard,509,Tomte of Doom,16,Svealand East,Gem of Bestla,Regular,Classic
Midgard,320,Tomte Plot,12,Svealand East,Smack-bone Staff,Regular,Classic
Midgard,319,Tomte Problems,10,Svealand East,Braided Hair Belt,Regular,Classic
Midgard,2646,Tomte Tide (Epic 4),20,Jordheim,Apprentice Shieldmaiden Cloak,Regular,Classic
Midgard,2647,Tomte Tumult (Epic 5),25,Jordheim,Thor's Hammer Ring,Regular,Classic
Midgard,2797,Tomte's in the Lair,15,Jordheim,"Coin, Experience",Mini Quest,Darkness Rising expansion
Midgard,2516,Too Many Sneaks,31,Kobold Undercity,"Coin, Experience",Mini Quest,Catacombs expansion
Midgard,3266,Touched By The Spirits,7,Svealand East,"Coin, Experience",Regular,Classic
Midgard,323,Tradande One Time Drop,28,Skona Ravine,Spear of the Elements,One Time Drop,Classic
Midgard,3486,Trainers and Merchants (Mid),1,Grenlock's Sound,Miraveth's Cloak,Regular,Classic
Midgard,2069,Traitor in Mularn,2,Vale of Mularn,Recruit's Studded Boots (Mid) (quest),Regular,Classic
Midgard,1922,Traitor's Dagger,50,Mesothalassa,Traitor's Dagger (Hib),Artifact,Trials of Atlantis expansion
Midgard,1932,Traldor's Oracle,50,Oceanus Boreal,Traldor's Oracle (Alb) (int),Artifact,Trials of Atlantis expansion
Midgard,2539,Translating the Plans,34,Frontlines (Mid),"Coin, Experience",Mini Quest,Catacombs expansion
Midgard,308,Trapper's Pride,1,Myrkwood Forest,"Coin, Experience",Regular,Classic
Midgard,19,Traveler's Way (Mid),7,Jordheim,Traveler's Cloak (lvl 9),Regular,Classic
Midgard,738,Trealine's Visions,11,Aegir's Landing,Beaded Piety,Regular,Shrouded Isle expansion
Midgard,552,Trial of Bravery,3,Aegir's Landing,"Coin, Experience",Regular,Shrouded Isle expansion
Midgard,561,Trial of Strength,1,Aegir's Landing,"Coin, Experience",Regular,Shrouded Isle expansion
Midgard,44,Tric's Lost List,4,Svealand East,Dull Black Gem,Regular,Classic
Midgard,3269,Tric's Lost Things,9,Svealand East,"Coin, Experience",Regular,Classic
Midgard,2815,Tricking the Tricksters,18,Jordheim,"Coin, Experience",Mini Quest,Catacombs expansion
Midgard,3225,Triggering a Distraction,47,Malmohus,"Coin, Experience",Regular,Classic
Midgard,3358,Trinkets for Tots (Mid),1,Svealand West,Snowy Wreath,Crafting,Classic
Midgard,743,Trip String -- Kill Task,49,Jordheim,Experience,Kill Task,Classic
Midgard,1837,Triton Chief's Trial (M2T3),40,Oceanus Boreal,,Master Level,Trials of Atlantis expansion
Midgard,294,Trolki One Time Drop,10,Gotar,Red Bludgeoner,One Time Drop,Classic
Midgard,744,Troll Teeth -- Kill Task,44,Vale of Mularn,Experience,Kill Task,Classic
Midgard,2165,"Troll, Dark, and Handsome",5,Vale of Mularn,Adnil's Magical Orb,Regular,Classic
Midgard,146,Troubled Wild,7,Svealand East,"Coin, Experience",Mini Quest,Classic
Midgard,2501,Truce or Treachery?,41,Underground Forest (Mid),Chain Armguards of Alliance,Regular,Catacombs expansion
Midgard,2536,Trudi's Charm,34,Frontlines (Mid),"Coin, Experience",Mini Quest,Catacombs expansion
Midgard,281,Trustan's Belongings,22,Svealand West,Trustan's Embroidered Belt,Regular,Classic
Midgard,213,Twitchclaw One Time Drop,8,Gotar,Ring of Wisdom,One Time Drop,Classic
Midgard,2955,"Two Steps Forward, Three Steps Back (Mid)",47,Jordheim,"Coin, Experience",Mini Quest,Darkness Rising expansion
Midgard,2021,Typhon's Rage (M7T10),40,Typhon's Palace,,Master Level,Trials of Atlantis expansion
Midgard,225,Ulfgar One Time Drop,43,Yggdra Forest,Ulfgar's Hammer,One Time Drop,Classic
Midgard,2868,Ullaria's Error,15,Gotar,"Coin, Experience",Regular,Classic
Midgard,2606,Under the Influence,35,Frontlines (Mid),Klydor's Pants,Regular,Catacombs expansion
Midgard,3134,Underneath it All (Mid),46,Jordheim,"Coin, Experience",Mini Quest,Catacombs expansion
Midgard,2595,Uninvited Guests,25,Gotar,Hobgoblin Feather Token,Regular,Classic
Midgard,3059,Unraveling: Crush the Alliance,50,The Labyrinth,"Coin, Experience",Champion,Labyrinth of the Minotaur expansion
Midgard,3057,Unraveling: Illusions of Grandeur (Mid),50,King Eirik's Throne Room,"Coin, Experience",Champion,Labyrinth of the Minotaur expansion
Midgard,3055,Unraveling: Infernal Investigation (Mid),50,King Eirik's Throne Room,"Coin, Experience",Champion,Labyrinth of the Minotaur expansion
Midgard,3265,Using Common Scents,7,Svealand East,Weak Elixir of Healing,Regular,Classic
Midgard,2748,Using What We Can (Mid),5,Jordheim,"Coin, Experience",Mini Quest,Darkness Rising expansion
Midgard,3403,Valentine's Traditions (Mid),1,Vale of Mularn,Hearts Cloak (lvl 45),Regular,Classic
Midgard,3434,Valkyrie Guild Gift,10,Jordheim,Novice's Sword,Regular,Classic
Midgard,1940,Valuable Stone Trial (M4T4),40,Land of Atum,,Master Level,Trials of Atlantis expansion
Midgard,2150,Vangthar's Vengeance,5,Kobold Undercity,Idegir's Jeweled Earring (str),Regular,Catacombs expansion
Midgard,2337,Vasjus' Trapped Soul,19,Burial Grounds,"Coin, Experience",Mini Quest,Catacombs expansion
Midgard,3263,Vendo Matic,5,Vale of Mularn,Recruit's Padded Cap (quest),Regular,Classic
Midgard,2614,Vendo Vendetta (Epic 4),20,Jordheim,Wiseman Cloak,Regular,Classic
Midgard,2615,Vendo Vengeance (Epic 5),25,Jordheim,Seer of Eir Ring,Regular,Classic
Midgard,1901,Venerable Mammoth Hide -- Kill Task,41,Gripklosa Mountains,"Coin, Experience",Kill Task,Shrouded Isle expansion
Midgard,511,Venture to Gotar,4,Myrkwood Forest,"Coin, Experience",Regular,Classic
Midgard,2522,Vers' Armor,4,Vale of Mularn,"Coin, Experience",Mini Quest,Classic
Midgard,2025,Vial of Barracuda Slime -- Kill Task,43,Oceanus Hesperos,Experience,Kill Task,Trials of Atlantis expansion
Midgard,728,Vial of Ghastly Vapors -- Kill Task,42,Svealand East,Experience,Kill Task,Classic
Midgard,533,Vial of Ice Water -- Kill Task,31,Svealand West,Experience,Kill Task,Classic
Midgard,759,Vial of Shimmering Essence -- Kill Task,41,Svealand East,Experience,Kill Task,Classic
Midgard,214,Vidalf One Time Drop,10,Gotar,Windchimes,One Time Drop,Classic
Midgard,316,Vindvasen One Time Drop,29,Skona Ravine,Mistring,One Time Drop,Classic
Midgard,2642,Vision of the Visindakona (Epic 1),5,Jordheim,Apprentice Handmaiden Jewel,Regular,Classic
Midgard,106,Visions of Darkness,20,Svealand East,Necklace of Shamanic Magic,Regular,Classic
Midgard,2617,Visions of Red (Epic 7),35,Jordheim,Hel's Guardian Cloak,Regular,Classic
Midgard,2015,Volurgon's Challenge (M7T4),40,Heart of Volcanus,,Master Level,Trials of Atlantis expansion
Midgard,2151,Wake the Dead,10,Burial Grounds,"Coin, Experience",Mini Quest,Catacombs expansion
Midgard,111,Waking of the Fallen,16,Svealand West,Toe Bone Belt (Mid),Regular,Classic
Midgard,2152,Wandering Excavators,4,Burial Grounds,"Coin, Experience",Mini Quest,Catacombs expansion
Midgard,2936,Wandering Worgs,26,Jordheim,"Coin, Experience",Mini Quest,Darkness Rising expansion
Midgard,2046,War Concluded (level 45),45,Gotar,Crystalized Snowflake Pin,Regular,Classic
Midgard,653,War Concluded (level 50),50,Jordheim,Call of the Hunt Boots,Regular,Classic
Midgard,2763,Ward Science (Mid),8,Jordheim,"Coin, Experience",Mini Quest,Catacombs expansion
Midgard,529,Warder's Ear -- Kill Task,27,Myrkwood Forest,Experience,Kill Task,Classic
Midgard,358,Warm Fire Ant Larva -- Kill Task,21,Vale of Mularn,Experience,Kill Task,Classic
Midgard,360,Warm Tree Sap -- Kill Task,22,Myrkwood Forest,Experience,Kill Task,Classic
Midgard,3123,Warrior Guild Gift,10,Jordheim,Novice's Axe,Regular,Classic
Midgard,1769,Washed Up Skeleton Skull -- Kill Task,36,Munin Sound,"Coin, Experience",Kill Task,Shrouded Isle expansion
Midgard,3501,"Waste Not, Want Not (Mid)",4,Grenlock's Sound,Sound's Cloth Helm of Grace (Mid),Regular,Classic
Midgard,624,Water Cat Pelt -- Kill Task,22,Munin Sound,Experience,Kill Task,Shrouded Isle expansion
Midgard,3702,Waterblade Back Fin -- Kill Task,44,Stygian Delta,"Coin, Experience",Kill Task,Trials of Atlantis expansion
Midgard,3588,Way of the Cat (Mid),10,Grenlock's Sound,"Coin, Experience",Regular,Classic
Midgard,3590,Way of the Wolf (Mid),9,Grenlock's Sound,"Coin, Experience",Regular,Classic
Midgard,2837,We Don't Need No Rabid Badgers,22,Jordheim,"Coin, Experience",Mini Quest,Darkness Rising expansion
Midgard,545,Wealthy Prospects,2,Aegir's Landing,"Coin, Experience",Regular,Shrouded Isle expansion
Midgard,2961,Weapons Grade Metal (Mid),47,Jordheim,"Coin, Experience",Mini Quest,Shrouded Isle expansion
Midgard,1902,Welcoming for a Warrior,46,Land of Atum,Ebon Hide Bracer,Regular,Trials of Atlantis expansion
Midgard,2056,Well-made Tradeskill Tool  - Spellcrafting (Mid),5,Jordheim,Well-Made Gem Hammer,Crafting,Classic
Midgard,498,Werewolf Bane,43,Yggdra Forest,Varulbane Two-handed Sword,Regular,Classic
Midgard,3532,Wet Wood,7,Grenlock's Sound,"Coin, Experience",Mini Quest,Classic
Midgard,2834,What a Guard Wants,22,Jordheim,"Coin, Experience",Mini Quest,Darkness Rising expansion
Midgard,2749,When the Guards are Away (Mid),6,Jordheim,"Coin, Experience",Mini Quest,Shrouded Isle expansion
Midgard,3022,Where There's a Will...,30,Vale of Mularn,"Coin, Experience",Regular,Classic
Midgard,2742,Whispers of Conflict (Epic 1),5,Jordheim,Initiate Huntsman Jewel,Regular,Classic
Midgard,3820,White Shark Jawbone -- Kill Task,48,Ruins of Atlantis,"Coin, Experience",Kill Task,Trials of Atlantis expansion
Midgard,532,White Wolf Fang -- Kill Task,28,Uppland,Experience,Kill Task,Classic
Midgard,1834,Wicoessa's Proposition,46,Oceanus Hesperos,Ancient Carved Breastplate,Regular,Trials of Atlantis expansion
Midgard,192,Widower Hunt,21,Vale of Mularn,Widower Shield,Regular,Classic
Midgard,3459,Wilton Egg Hunt (Mid),30,Vale of Mularn,"Coin, Experience",Regular,Classic
Midgard,1963,Wings Dive,50,Arbor Glen,Wings Dive (Hib) (scale),Artifact,Trials of Atlantis expansion
Midgard,3498,Wings of the Isle (Mid),3,Grenlock's Sound,Reed Flute,Regular,Classic
Midgard,307,Wisdom of Time,15,Jordheim,"Coin, Experience",Regular,Classic
Midgard,1880,Wishes,45,Stygian Delta,Sand-Coated Gloves (Alb) (leather),Regular,Trials of Atlantis expansion
Midgard,2935,Wolf Woes,26,Jordheim,"Coin, Experience",Mini Quest,Darkness Rising expansion
Midgard,528,Wood Rat Tail -- Kill Task,24,Myrkwood Forest,Experience,Kill Task,Classic
Midgard,1785,Woolly Mammoth Hides -- Kill Task,35,Aegir's Landing,"Coin, Experience",Kill Task,Shrouded Isle expansion
Midgard,2488,Word to Mother,42,Underground Forest (Mid),"Coin, Experience",Mini Quest,Catacombs expansion
Midgard,3089,Word to the Wise (Mid),1,Vale of Mularn,Coin,Mini Quest,Classic
Midgard,2156,Words of the Founder,16,Burial Grounds,Lonely Burial Belt,Regular,Catacombs expansion
Midgard,1817,Worn Tradeskill Tools (Mid),5,Jordheim,Worn Pair of Scissors,Crafting,Classic
Midgard,1972,Wrappings Trial (M5T8),40,Halls of Ma'ati,,Master Level,Trials of Atlantis expansion
Midgard,2817,Wrong Side of the Tracks (Mid),18,Jordheim,"Coin, Experience",Mini Quest,Catacombs expansion
Midgard,2511,X Marks the Spot,48,Frontlines (Mid),"Coin, Experience",Mini Quest,Catacombs expansion
Midgard,3236,Yar the Firstborn,49,Malmohus,"Coin, Experience",Regular,Classic
Midgard,566,Yellowed Skeleton Bones -- Kill Task,34,Munin Sound,Experience,Kill Task,Shrouded Isle expansion
Midgard,2573,You Have Summoned a Kobold Guide,1,Jordheim,,Regular,Catacombs expansion
Midgard,337,Young Fire Wyrm Lord,30,Vale of Mularn,Wyrm Sleeves,Regular,Classic
Midgard,3244,Your Enemies Closer,48,Svealand West,Frostryder Signet,Regular,Classic
Midgard,2741,Zoology (Mid),30,Jordheim,"Coin, Experience",Regular,Classic
Midgard,271,Zrit-Zrit's Item,35,Gotar,Agile Defender,Regular,Classic
Hibernia,2880,700 AC Tradeskill Quest (Hib),10,Tir na Nog,Crafted Armorcrafting Knife,Crafting,Classic
Hibernia,2706,700 Alchemy Tradeskill Quest (Hib),10,Tir na Nog,Crafted Pestle,Crafting,Classic
Hibernia,2699,700 Fletching Tradeskill Quest (Hib),10,Tir na Nog,Crafted Arrowhead Chisel,Crafting,Classic
Hibernia,2722,700 SC Tradeskill Quest (Hib),10,Tir na Nog,Crafted Gem Hammer,Crafting,Classic
Hibernia,3257,700 Tailor Tradeskill Quest (Hib),10,Tir na Nog,Crafted Needle,Crafting,Classic
Hibernia,2941,700 WC Tradeskill Quest (Hib),10,Tir na Nog,Crafted Weaponcrafting Hammer,Crafting,Classic
Hibernia,3005,800 AC Tradeskill Quest (Hib),10,Tir na Nog,Well-made Armorsmith's Knife,Crafting,Classic
Hibernia,3344,800 Alchemy Tradeskill Quest (Hib),10,Tir na Nog,Well-made Herb-cutting Knife,Crafting,Classic
Hibernia,3351,800 Fletching Tradeskill Quest (Hib),10,Tir na Nog,Well-made Arrowhead Chisel,Crafting,Classic
Hibernia,2732,800 SC Tradeskill Quest (Hib),10,Tir na Nog,Well-Made Gem Hammer,Crafting,Classic
Hibernia,3274,800 Tailor Tradeskill Quest (Hib),10,Tir na Nog,Well-made Skinning Knife,Crafting,Classic
Hibernia,3000,800 WC Tradeskill Quest (Hib),10,Tir na Nog,Well-made Weapon Etching Tool,Crafting,Classic
Hibernia,2862,A Call for Arms (Hib),9,Tir na Nog,"Coin, Experience",Mini Quest,Darkness Rising expansion
Hibernia,3516,A Chore for Lughaidh MacKiernan,40,Tir na Nog,"Coin, Experience",Mini Quest,Darkness Rising expansion
Hibernia,3556,A Crabby Nuisance (Hib),4,Lamfhota's Sound,Sound's Reinforced Boots of Power,Regular,Classic
Hibernia,2048,A Daughter's Journey (Hib),24,Scrios de Atlantis,Cloak of the Sage,Regular,Trials of Atlantis expansion
Hibernia,2269,A Delivery for a Druid,29,The Otherworld (Hib),"Coin, Experience",Mini Quest,Catacombs expansion
Hibernia,2212,A Desperate Gambit,28,Abandoned Mines (Hib),The Queen's Favor,Regular,Catacombs expansion
Hibernia,2849,A Dirty Job but... (Hib),7,Tir na Nog,"Coin, Experience",Mini Quest,Darkness Rising expansion
Hibernia,3629,A Distant Shore (Hib),4,Lamfhota's Sound,"Coin, Experience",Regular,Classic
Hibernia,3256,A Father's Choice,35,Lough Derg,Ring of the Equinox,Regular,Classic
Hibernia,2674,A Foot in the Door (Epic 7),35,Tir na Nog,Midnight Stalker Cloak,Regular,Classic
Hibernia,2593,A Friend for Gogarty,9,Connacht,"Coin, Experience",Mini Quest,Classic
Hibernia,3231,A Gift for Home,48,Sheeroe Hills,"Coin, Experience",Regular,Shrouded Isle expansion
Hibernia,1950,A Gift of Love (a.ka. Guard of Valor),50,Green Glades,Guard of Valor (Hib) (druid),Artifact,Trials of Atlantis expansion
Hibernia,2180,A Head for Business,4,Veil Rift,"Coin, Experience",Mini Quest,Catacombs expansion
Hibernia,3004,A Hero Desires a Sword (Hib),5,Lough Derg,Fearless Reinforced Boots,Regular,Classic
Hibernia,3099,A Huge Problem,26,Tir na Nog,"Coin, Experience",Mini Quest,Darkness Rising expansion
Hibernia,3409,A Matter of the Heart (Hib),45,Tir na Nog,Lawn Cupid,Regular,Classic
Hibernia,2850,A Message in a Battle (Hib),7,Tir na Nog,"Coin, Experience",Mini Quest,Darkness Rising expansion
Hibernia,3376,A Midwinter Madrigal (Hib),48,Lough Derg,Midwinter Cloak of the Past,Regular,Classic
Hibernia,311,A Piece of Gormghlaith's Mind,23,Silvermine Mountains,Badger Strength Choker,Regular,Classic
Hibernia,2974,A Proven Winner,42,Tir na Nog,"Coin, Experience",Mini Quest,Darkness Rising expansion
Hibernia,2290,A Raving Attack!,34,The Otherworld (Hib),"Coin, Experience",Mini Quest,Catacombs expansion
Hibernia,3338,A Rebellious Youth,5,Lough Derg,Ring of the Oak,Regular,Classic
Hibernia,2701,A Ring and a Prayer (Epic 4),20,Tir na Nog,Entrancer Cloak (Hib),Regular,Classic
Hibernia,3571,A Run for the Hides,7,Lamfhota's Sound,Fur-lined Cloth Sleeves (Hib),Regular,Classic
Hibernia,3331,A Simple Favor,7,Connacht,Weak Elixir of Healing,Regular,Classic
Hibernia,3515,A Special Opportunity,40,Tir na Nog,"Coin, Experience",Mini Quest,Darkness Rising expansion
Hibernia,3098,A Task For You,26,Tir na Nog,"Coin, Experience",Mini Quest,Darkness Rising expansion
Hibernia,2280,Across the Otherworld,31,The Otherworld (Hib),"Coin, Experience",Mini Quest,Catacombs expansion
Hibernia,2245,Adept at What?,10,Veil Rift,"Coin, Experience",Regular,Catacombs expansion
Hibernia,3827,Adopt a Firbolg,45,Lough Derg,Firbolg Call Stone,Regular,Classic
Hibernia,2875,Aged Clubs (Hib),30,Tir na Nog,"Coin, Experience",Regular,Classic
Hibernia,2219,Aiazle's Bounty,24,The Otherworld (Hib),"Coin, Experience",Mini Quest,Catacombs expansion
Hibernia,2572,Aid for Alainn Bin,50,Silvermine Mountains,Siabrian Staff of the Magi,Regular,Classic
Hibernia,2316,Aiding Elairzi,15,Veil Rift,"Coin, Experience",Mini Quest,Catacombs expansion
Hibernia,2216,Aiding Guardian Kelal,22,The Otherworld (Hib),"Coin, Experience",Mini Quest,Catacombs expansion
Hibernia,2220,Aiding Guardian Myrayne,26,Shar Labyrinth,"Coin, Experience",Mini Quest,Catacombs expansion
Hibernia,2341,Aiding Guardian Valryn,39,The Otherworld (Hib),"Coin, Experience",Mini Quest,Catacombs expansion
Hibernia,3109,Aiding Seliendel,28,Tir na Nog,"Coin, Experience",Mini Quest,Darkness Rising expansion
Hibernia,1881,Aiding the Mau,48,Stygian Delta,Mau Totem of the Warrior,Regular,Trials of Atlantis expansion
Hibernia,496,Ailbe's Claw -- One Time Drop,35,Lough Gur,Ailbe's Claw,One Time Drop,Classic
Hibernia,93,Alastriona's Chest,17,Tir na Nog,Skinner's Gloves (Leather),Regular,Classic
Hibernia,381,Alp Luachra Head -- Kill Task,31,Connacht,Experience,Kill Task,Classic
Hibernia,1891,Alvarus's Leggings,50,Oceanus Notos,Alvarus's Leggings (Alb) (chain),Artifact,Trials of Atlantis expansion
Hibernia,455,Amadan One Time Drop,38,Connacht,Gloves of Black Death,One Time Drop,Classic
Hibernia,1863,Amenemhat Trial (M2T8),40,Sobekite Eternal,,Master Level,Trials of Atlantis expansion
Hibernia,3426,Ammunition for the Abandoned Mines,29,Tir na Nog,"Coin, Experience",Mini Quest,Catacombs expansion
Hibernia,1974,Ammut Trial (M5T10),40,Halls of Ma'ati,,Master Level,Trials of Atlantis expansion
Hibernia,2857,An Eye for an Eye (Hib),8,Tir na Nog,"Coin, Experience",Mini Quest,Darkness Rising expansion
Hibernia,3447,An Undying Love (Hib),20,Tir na Nog,"Coin, Experience",Mini Quest,Darkness Rising expansion
Hibernia,3457,Anatomy of an Ancient Foe (Hib),30,Tir na Nog,Token of Valor,Regular,Classic
Hibernia,746,Anglator Meat -- Kill Task,42,World's End,Experience,Kill Task,Shrouded Isle expansion
Hibernia,3169,Animist Guild Gift,10,Tir na Nog,Novice's Stave (Hib),Regular,Classic
Hibernia,2002,Ankhkare (M6T7),40,Ashen Isle,,Master Level,Trials of Atlantis expansion
Hibernia,520,Anord One Time Drop,33,Mount Collory,Wispy Shield,One Time Drop,Classic
Hibernia,2037,Anra's Magic,20,Silvermine Mountains,Dull Black Gem,Regular,Classic
Hibernia,1903,Antioos' Trial (M3T5),40,Temple of Twilight,,Master Level,Trials of Atlantis expansion
Hibernia,3024,Antron Marauder Head -- Kill Task,46,Scrios de Atlantis,"Coin, Experience",Kill Task,Trials of Atlantis expansion
Hibernia,2014,Apophian's Challenge (M7T3),40,Heart of Volcanus,,Master Level,Trials of Atlantis expansion
Hibernia,3696,Apple Bobbing (Hib),1,Connacht,Cherry Pie Floor Trophy,Regular,Classic
Hibernia,583,Arbordon Arm -- Kill Task,36,Caillte Garran,Experience,Kill Task,Shrouded Isle expansion
Hibernia,2414,Are You Being Served?,47,Queen's Labyrinth (Hib),"Coin, Experience",Mini Quest,Catacombs expansion
Hibernia,2680,Argent Arrowheads (Epic 2),10,Tir na Nog,Servitor Belt,Regular,Classic
Hibernia,3664,Arming the Hammer (Hib),9,Lamfhota's Sound,"Coin, Experience",Regular,Classic
Hibernia,2185,Armor Request,8,Veil Rift,"Coin, Experience",Mini Quest,Catacombs expansion
Hibernia,1892,Arms of the Winds,50,Oceanus Notos,Arms of the Winds (cloth),Artifact,Trials of Atlantis expansion
Hibernia,2319,Arrow Troubles,16,Veil Rift,"Coin, Experience",Mini Quest,Catacombs expansion
Hibernia,2176,Arrows Away!,6,Veil Rift,"Coin, Experience",Mini Quest,Catacombs expansion
Hibernia,1859,Assasins Trial (M2T2),40,Sobekite Eternal,,Master Level,Trials of Atlantis expansion
Hibernia,2693,Assessing the Threat (Epic 2),10,Tir na Nog,Illusionist Belt,Regular,Classic
Hibernia,2208,Assisting Erellala,27,Abandoned Mines (Hib),"Coin, Experience",Mini Quest,Catacombs expansion
Hibernia,2270,Assisting Guardian Menia,29,Abandoned Mines (Hib),"Coin, Experience",Mini Quest,Catacombs expansion
Hibernia,2213,Astela's Maps,28,Abandoned Mines (Hib),"Coin, Experience",Mini Quest,Catacombs expansion
Hibernia,1893,Aten's Shield,50,Oceanus Hesperos,Aten's Shield (large),Artifact,Trials of Atlantis expansion
Hibernia,1909,Atlantis Tablet,50,Mesothalassa,Tablet of Atlantis,Artifact,Trials of Atlantis expansion
Hibernia,3085,Attack at Necht,24,Tir na Nog,"Coin, Experience",Mini Quest,Shrouded Isle expansion
Hibernia,3424,Attack on Innis Carthaig,47,Sheeroe Hills,"Coin, Experience",Regular,Classic
Hibernia,1829,Azures and Rubies Trial (M1T8),40,Oceanus Notos,,Master Level,Trials of Atlantis expansion
Hibernia,2429,Baby Scorpion Poison Gland -- Kill Task,42,Stygian Delta,"Coin, Experience",Kill Task,Trials of Atlantis expansion
Hibernia,2218,Backs Against the Wall,22,The Otherworld (Hib),The Soultaker's Ring,Regular,Catacombs expansion
Hibernia,3808,Bad Habits,8,Lamfhota's Sound,Curse Breaker's Cloak (Hib),Regular,Classic
Hibernia,3390,Bad Influence,9,Connacht,"Coin, Experience",Mini Quest,Classic
Hibernia,1795,Badb One Time Drop,48,Bog of Cullen,Badb's Lament Lute,One Time Drop,Classic
Hibernia,36,Balance of Nature,3,Lough Derg,Band of Woven Twigs,Regular,Classic
Hibernia,25,Balm Hunt,2,Lough Derg,"Coin, Experience",Regular,Classic
Hibernia,1797,Banba's Road to Grandmaster,40,Silvermine Mountains,Banba's Cloak for Bards,Regular,Classic
Hibernia,1866,Band of Stars,50,Stygian Delta,Band of Stars,Artifact,Trials of Atlantis expansion
Hibernia,3735,Bandit's Return,16,Silvermine Mountains,"Coin, Experience",Regular,Classic
Hibernia,1884,Bane of  Battler,50,Ashen Isle,Battler (Alb),Artifact,Trials of Atlantis expansion
Hibernia,371,Banghaisgidheach One Time Drop,28,Lough Gur,Feline's Tail,One Time Drop,Classic
Hibernia,3173,Bard Guild Gift,10,Tir na Nog,Novice's Longsword (Hib),Regular,Classic
Hibernia,1832,Barrier Trial (M1T4),40,Oceanus Hesperos,,Master Level,Trials of Atlantis expansion
Hibernia,3824,Bartering With Kratos (M8T5),50,Arbor Glen,"Coin, Experience",Master Level,Trials of Atlantis expansion
Hibernia,3616,Basics of Combat (Hib),1,Lamfhota's Sound,,Regular,Classic
Hibernia,3097,Beacan's Badgers,26,Abandoned Mines (Alb),"Coin, Experience",Mini Quest,Darkness Rising expansion
Hibernia,163,Beautiful Music,14,Lough Derg,Lute of the Sea,Regular,Classic
Hibernia,2171,Beauty and the 'Bolg,5,Lough Derg,Adnil's Magical Orb,Regular,Classic
Hibernia,2686,Becoming a Champion of the Realm (Hib),30,Tir na Nog,,Champion,Darkness Rising expansion
Hibernia,2721,Bed Bugs (Hib),30,Tir na Nog,"Coin, Experience",Mini Quest,Classic
Hibernia,3111,Beeches of Braemar,28,Tir na Nog,"Coin, Experience",Mini Quest,Darkness Rising expansion
Hibernia,3572,Beetle Fritters?,7,Lamfhota's Sound,"Coin, Experience",Regular,Classic
Hibernia,2170,Beginning of War (Hib),4,Lough Derg,Recruit's Silver Bracelet,Regular,Classic
Hibernia,1875,Belt of the Moon,50,Oceanus Boreal,Belt of the Moon,Artifact,Trials of Atlantis expansion
Hibernia,1874,Belt of the Sun,40,Oceanus Boreal,Belt of the Sun,Artifact,Trials of Atlantis expansion
Hibernia,3100,Better Safe Than Sorry,6,Connacht,Protector's Bracer of Fortitude,Mini Quest,Darkness Rising expansion
Hibernia,3313,Bitter Rivalry,1,Lough Derg,Recruit's Insightful Ring,Regular,Classic
Hibernia,3705,Black Crocodile Egg Clutch -- Kill Task,49,Stygian Delta,"Coin, Experience",Kill Task,Trials of Atlantis expansion
Hibernia,1792,Black Plague (Hib),37,Tir na Nog,Unstoppered Wondrous Potion (Hib),Regular,Classic
Hibernia,643,Black Swirling Orbs -- Kill Task,32,Vigilant Rock,Experience,Kill Task,Shrouded Isle expansion
Hibernia,2177,Bladed Bladist Izzafein,7,Veil Rift,"Coin, Experience",Mini Quest,Catacombs expansion
Hibernia,3157,Blademaster Guild Gift,10,Tir na Nog,Novice's Longsword (Hib),Regular,Classic
Hibernia,3699,Blood in the Water (Hib),48,Connacht,Angler's Wall Trophy,Regular,Classic
Hibernia,3249,Bloodmaw Eye -- Kill Task,48,Stygian Delta,"Coin, Experience",Regular,Trials of Atlantis expansion
Hibernia,752,Bog Frog Ear -- Kill Task,47,Tir na Nog,Experience,Kill Task,Classic
Hibernia,2560,Bones to Blades,2,Lough Derg,"Coin, Experience",Mini Quest,Classic
Hibernia,2186,Book Trouble,8,Veil Rift,"Coin, Experience",Mini Quest,Catacombs expansion
Hibernia,584,Botonid Claws -- Kill Task,30,Caillte Garran,Experience,Kill Task,Shrouded Isle expansion
Hibernia,2223,Bounty from Guardian Adirevis,25,Abandoned Mines (Hib),"Coin, Experience",Mini Quest,Catacombs expansion
Hibernia,3575,Bounty Quest For Shiny Shells (Hib),7,Lamfhota's Sound,Glowing Driftwood Necklace,Kill Task,Classic
Hibernia,1984,Bracer of Zo'arkat (Silver Horn),50,Mesothalassa,Bracelet of Zo'arkat (Silver Horn),Artifact,Trials of Atlantis expansion
Hibernia,3468,Braemar Egg Hunt (Hib),25,Connacht,"Coin, Experience",Regular,Classic
Hibernia,1855,Braggart's Bow,50,Green Glades,Braggart's Bow (Mid),Artifact,Trials of Atlantis expansion
Hibernia,243,Brannigan One Time Drop,25,Silvermine Mountains,Lucky Gold Coin,One Time Drop,Classic
Hibernia,2246,Brannoch's Assassin,12,Veil Rift,"Coin, Experience",Mini Quest,Catacombs expansion
Hibernia,265,Brarn One Time Drop,40,Cliffs of Moher,Cliff Dweller's Leggings,One Time Drop,Classic
Hibernia,2279,Brave Researcher Talsia,31,The Otherworld (Hib),"Coin, Experience",Mini Quest,Catacombs expansion
Hibernia,3841,Breaking the Blade (Hib),47,Tir na Nog,Keelia's Spiritual Guardian,Regular,Classic
Hibernia,2653,Breaking the Seal (Epic 5),25,Tir na Nog,Grove Healer Ring,Regular,Classic
Hibernia,177,Bria's Savior,24,Connacht,Faerie Drake Hide Shield,Regular,Classic
Hibernia,2187,Bring Home the Beacon,5,Veil Rift,"Coin, Experience",Mini Quest,Catacombs expansion
Hibernia,3389,Bringing in the Harvest,9,Connacht,"Coin, Experience",Mini Quest,Classic
Hibernia,3657,Bringing Law to the Lawless (Hib),10,Lamfhota's Sound,"Coin, Experience",Regular,Classic
Hibernia,1823,Broken Communication,50,Oceanus Hesperos,Water-worn Gloves (Alb) (cloth),Regular,Trials of Atlantis expansion
Hibernia,1924,Broken History,46,Mesothalassa,Naxos Mother-of-Pearl Necklace,Regular,Trials of Atlantis expansion
Hibernia,1977,Broken Tablet,45,Oceanus Notos,Skyros Eel Skin Pants,Regular,Trials of Atlantis expansion
Hibernia,2111,Brother's Keeper,42,Shar Labyrinth,Ring of Brotherhood,Regular,Catacombs expansion
Hibernia,554,Bug Bear Snout -- Kill Task,44,Vale of Balor,Experience,Kill Task,Shrouded Isle expansion
Hibernia,2272,Bully Bounty,30,The Otherworld (Hib),"Coin, Experience",Mini Quest,Catacombs expansion
Hibernia,2399,Burniss's Business,45,Shar Labyrinth,"Coin, Experience",Mini Quest,Catacombs expansion
Hibernia,2039,Cachia One Time Drop,30,Connacht,Pooka's Tooth Earring,Regular,Classic
Hibernia,180,Cad Goddeau A (level 15),15,Tir na Nog,Boots of the Deft Strider,Regular,Classic
Hibernia,233,Cad Goddeau B (level 20),20,Tir na Nog,Transfixing Robes,Regular,Classic
Hibernia,235,Cad Goddeau C (level 25),25,Silvermine Mountains,Staff of Mental Domination,Regular,Classic
Hibernia,234,Cad Goddeau D (level 30),30,Lough Gur,Mindlord's Crested Cap,Regular,Classic
Hibernia,2971,Calling All Messengers,42,Tir na Nog,"Coin, Experience",Mini Quest,Darkness Rising expansion
Hibernia,3480,Can't We All Get Along?,46,Tir na Nog,"Coin, Experience",Mini Quest,Shrouded Isle expansion
Hibernia,3175,Caravan of Trouble,5,Lough Derg,Recruit's Silver Bracelet (hits),Regular,Classic
Hibernia,3511,Career Moves,38,Tir na Nog,"Coin, Experience",Mini Quest,Darkness Rising expansion
Hibernia,3429,Caring for Druim Ligen Horses,29,Domnann,"Coin, Experience",Mini Quest,Darkness Rising expansion
Hibernia,2105,Cart Race (Hib),1,Abandoned Mines (Hib),Golden Pickaxe Trophy,Regular,Catacombs expansion
Hibernia,1896,Casta's Trial (M3T3),40,Temple of Twilight,,Master Level,Trials of Atlantis expansion
Hibernia,417,Catch of the Day,38,Connacht,Faerie Ring of Defense,Regular,Classic
Hibernia,3472,Cathal Egg Hunt (Hib),35,Connacht,Garden Nest,Regular,Classic
Hibernia,1894,Ceremonial Bracer,50,Mesothalassa,Ceremonial Bracer (acuity),Artifact,Trials of Atlantis expansion
Hibernia,551,Cervideth Antlers -- Kill Task,44,Vale of Balor,Experience,Kill Task,Shrouded Isle expansion
Hibernia,1831,Cetus's Trial (M1T10),40,Mesothalassa,Experience,Master Level,Trials of Atlantis expansion
Hibernia,3156,Champion Guild Gift,10,Tir na Nog,Novice's Longsword (Hib),Regular,Classic
Hibernia,3312,Changeling Times,1,Lough Derg,Recruit's Round Shield (Hib),Regular,Classic
Hibernia,3427,Checking on Miranda,29,Domnann,"Coin, Experience",Mini Quest,Shrouded Isle expansion
Hibernia,1860,Chess Trial (M2T5),40,Sobekite Eternal,,Master Level,Trials of Atlantis expansion
Hibernia,1833,Chiefs' Trial (M1T3),40,Mesothalassa,,Master Level,Trials of Atlantis expansion
Hibernia,2993,Child's Play (Hib),1,Lough Derg,Daring Leather Boots (Hib),Regular,Classic
Hibernia,2005,Chimera's Fortification (M6T10),40,Ashen Isle,,Master Level,Trials of Atlantis expansion
Hibernia,2011,Choker Octopus Ink -- Kill Task,39,Oceanus Hesperos,"Coin, Experience",Kill Task,Trials of Atlantis expansion
Hibernia,2077,City of Tir na Nog,1,Connacht,Recruit's Round Shield (Hib) (old) (nld),Regular,Classic
Hibernia,3423,Clashing With the Glashtin,18,Tir na Nog,"Coin, Experience",Mini Quest,Catacombs expansion
Hibernia,3197,Cleansing With Light,40,Connacht,"Coin, Experience",Regular,Classic
Hibernia,2972,Clear the Way,42,Tir na Nog,"Coin, Experience",Mini Quest,Darkness Rising expansion
Hibernia,28,Clik's Raids,9,Silvermine Mountains,Clik's Chitin,Regular,Classic
Hibernia,2730,Cloak Lining,20,The Otherworld (Hib),"Coin, Experience",Mini Quest,Catacombs expansion
Hibernia,2188,Cloaks Among Us,6,Veil Rift,"Coin, Experience",Mini Quest,Catacombs expansion
Hibernia,1846,Cloudsong,46,Green Glades,Cloudsong,Artifact,Trials of Atlantis expansion
Hibernia,3421,Cold Stone Killer,18,Tir na Nog,"Coin, Experience",Mini Quest,Catacombs expansion
Hibernia,2026,Cold Water Stingray Barb -- Kill Task,38,Oceanus Hesperos,Experience,Kill Task,Trials of Atlantis expansion
Hibernia,2168,Collection (Hib),3,Lough Derg,Recruit's Cailiocht Sleeves (old) (nld),Regular,Classic
Hibernia,1937,Colossal Trial (M4T1),40,Stygian Delta,,Master Level,Trials of Atlantis expansion
Hibernia,3228,Common Ground (Hib),35,Sheeroe Hills,"Coin, Experience",Regular,Classic
Hibernia,2705,Confronting Cethlenn (Epic 6),30,Tir na Nog,Pale Moon Jewel,Regular,Classic
Hibernia,63,Connla's Fever,2,Shannon Estuary,"Coin, Experience",Regular,Classic
Hibernia,104,Connla's Well,11,Tir na Nog,Ranger Charm,Regular,Classic
Hibernia,2694,Conspiracy: Dark Development (Chapter 2:1) (Hib),40,King Lamhfotas' Throne Room,"Coin, Experience",Champion,Darkness Rising expansion
Hibernia,2697,Conspiracy: Finding the Keeper (Chapter 2:4) (Hib),40,King Lamhfotas' Throne Room,Wayfinder Amulet (con),Champion,Darkness Rising expansion
Hibernia,2696,Conspiracy: Forging the Key (Chapter 2:3) (Hib),40,King Lamhfotas' Throne Room,"Coin, Experience",Champion,Darkness Rising expansion
Hibernia,2695,Conspiracy: Rite of Binding (Chapter 2:2) (Hib),40,King Lamhfotas' Throne Room,"Coin, Experience",Champion,Darkness Rising expansion
Hibernia,397,Copper Moonstone Flagon -- Kill Task,21,Silvermine Mountains,Experience,Kill Task,Classic
Hibernia,589,"Corruptors, Botonids, and Trade",46,Vigilant Rock,Ixthiar Skin Bracer of Strength,Regular,Shrouded Isle expansion
Hibernia,2980,Counter-Intelligence (Hib),49,Tir na Nog,"Coin, Experience",Mini Quest,Darkness Rising expansion
Hibernia,3446,Couriers Can't be Curious (Hib),20,Tir na Nog,"Coin, Experience",Mini Quest,Darkness Rising expansion
Hibernia,2392,Cousin Glem,43,The Otherworld (Hib),"Coin, Experience",Mini Quest,Catacombs expansion
Hibernia,578,Crace's Desire,35,Domnann,Silver Scaled Hauberk,Regular,Shrouded Isle expansion
Hibernia,395,Cracked Dark Heart -- Kill Task,21,Tir na Nog,Experience,Kill Task,Classic
Hibernia,2709,Creeping Darkness,10,Connacht,"Coin, Experience",Mini Quest,Classic
Hibernia,2350,Creepy Crawlies!,38,Underground Forest (Hib),"Coin, Experience",Mini Quest,Catacombs expansion
Hibernia,127,Criofan's Fish,35,Shannon Estuary,Kedger's Gilded Boots,Regular,Classic
Hibernia,357,Criostoin's Promise,20,Lough Gur,"Coin, Experience",Regular,Classic
Hibernia,26,Cristin's Supplies,7,Connacht,"Coin, Experience",Regular,Classic
Hibernia,1914,Crocodile Tear Ring,46,Oceanus Boreal,Crocodile Tear Ring,Artifact,Trials of Atlantis expansion
Hibernia,1885,Crocodile's Tooth Dagger,50,Stygian Delta,Crocodile's Tooth Dagger (Hib),Artifact,Trials of Atlantis expansion
Hibernia,2018,Crossing the Chamber (M7T7),40,Heart of Volcanus,,Master Level,Trials of Atlantis expansion
Hibernia,1989,Crown of Zahur,50,Oceanus Boreal,Crown of Zahur (Hib) (druid),Artifact,Trials of Atlantis expansion
Hibernia,3570,Crystal Clean Up,6,Lamfhota's Sound,"Coin, Experience",Regular,Classic
Hibernia,2838,Culling the Threat (Hib),5,Tir na Nog,"Coin, Experience",Mini Quest,Darkness Rising expansion
Hibernia,2173,Culmination (Hib),5,Lough Derg,Recruit's Clouded Jewel,Regular,Classic
Hibernia,3393,Curmudgeon Campaign,10,Connacht,Protector's Cloak of Fortitude,Regular,Classic
Hibernia,668,Cutthroat Vine Poison Sac -- Kill Task,38,Caillte Garran,Experience,Kill Task,Shrouded Isle expansion
Hibernia,1947,Cyclops Eye Shield,50,Arbor Glen,Cyclops Eye Shield (Alb) (small),Artifact,Trials of Atlantis expansion
Hibernia,730,Cyllane's Cure,10,Domnann,Leaf-Edged Jerkin,Regular,Shrouded Isle expansion
Hibernia,1951,Daehien's Trial (M4T8),40,Land of Atum,,Master Level,Trials of Atlantis expansion
Hibernia,364,Danderpaw One Time Drop,28,Shannon Estuary,Ire-wolf Hide Jerkin,One Time Drop,Classic
Hibernia,2441,Dangerous Tooth -- Kill Task,36,Valley of Bri Leith,"Coin, Experience",Kill Task,Classic
Hibernia,3635,Darby's Doll,5,Lamfhota's Sound,Lucky Bracelet,Crafting,Classic
Hibernia,3649,Dark Alleys (Hib),9,Lamfhota's Sound,"Coin, Experience",Regular,Classic
Hibernia,2320,Dark Assassins,15,Veil Rift,"Coin, Experience",Mini Quest,Catacombs expansion
Hibernia,2181,Dark Deceit,6,Veil Rift,"Coin, Experience",Mini Quest,Catacombs expansion
Hibernia,2247,Dark Menace,10,Veil Rift,"Coin, Experience",Mini Quest,Catacombs expansion
Hibernia,2189,Dark Threat,8,Veil Rift,Rift Bracer,Regular,Catacombs expansion
Hibernia,387,Darkened Terror Claw -- Kill Task,28,Shannon Estuary,Experience,Kill Task,Classic
Hibernia,2321,"Darn, Dirty Conjurers",8,Veil Rift,"Coin, Experience",Mini Quest,Catacombs expansion
Hibernia,2856,Dead Men Gather No More (Hib),8,Tir na Nog,"Coin, Experience",Mini Quest,Catacombs expansion
Hibernia,398,Deamhan Aeir Essence -- Kill Task,34,Silvermine Mountains,Experience,Kill Task,Classic
Hibernia,431,Death Robe (Brisen) -- Kill Task,43,Silvermine Mountains,Experience,Kill Task,Classic
Hibernia,435,Death Robe (Raghnall) -- Kill Task,43,Bog of Cullen,Experience,Kill Task,Classic
Hibernia,2166,Death Robe (Sissy) -- Kill Task,43,Silvermine Mountains,"Coin, Experience",Kill Task,Classic
Hibernia,436,Death Robe (Sorcha) -- Kill Task,43,Shannon Estuary,Experience,Kill Task,Classic
Hibernia,674,Death Shroud Silk -- Kill Task,49,World's End,Experience,Kill Task,Shrouded Isle expansion
Hibernia,3644,Deception Revealed (Hib),8,Lamfhota's Sound,"Coin, Experience",Regular,Classic
Hibernia,2858,Deeds in the Depths (Hib),8,Tir na Nog,"Coin, Experience",Mini Quest,Catacombs expansion
Hibernia,2346,Deep Fried Spider Legs,35,Underground Forest (Hib),"Coin, Experience",Mini Quest,Catacombs expansion
Hibernia,3663,Defending the Harbor (Hib),9,Lamfhota's Sound,"Coin, Experience",Regular,Classic
Hibernia,3617,Defending the Tower (Hib),1,Lamfhota's Sound,Experience,Regular,Classic
Hibernia,3528,Deliver the Goods,34,Tir na Nog,"Coin, Experience",Mini Quest,Shrouded Isle expansion
Hibernia,2277,Delivering a Message,29,Abandoned Mines (Hib),"Coin, Experience",Regular,Catacombs expansion
Hibernia,2987,Delivery (Hib),48,Tir na Nog,"Coin, Experience",Mini Quest,Catacombs expansion
Hibernia,2992,Delivery Catacombs (Hib),48,Tir na Nog,"Coin, Experience",Mini Quest,Catacombs expansion
Hibernia,2286,Delivery for Guardian Kelal,33,Shar Labyrinth,"Coin, Experience",Mini Quest,Catacombs expansion
Hibernia,2210,Delivery for Guardian Myrayne,27,The Otherworld (Hib),"Coin, Experience",Mini Quest,Catacombs expansion
Hibernia,2248,Delivery for Guardian Tathor,12,Veil Rift,"Coin, Experience",Mini Quest,Catacombs expansion
Hibernia,2228,Delivery for Talal,19,Veil Rift,"Coin, Experience",Mini Quest,Catacombs expansion
Hibernia,2583,Delivery From Elairzi,20,Veil Rift,"Coin, Experience",Mini Quest,Catacombs expansion
Hibernia,3096,Delivery to Connla,27,Tir na Nog,"Coin, Experience",Mini Quest,Darkness Rising expansion
Hibernia,2863,Den Again (Hib),9,Tir na Nog,"Coin, Experience",Mini Quest,Darkness Rising expansion
Hibernia,1830,Desmona's Trial (M1T9),40,Oceanus Notos,,Master Level,Trials of Atlantis expansion
Hibernia,83,Destructive Forces,7,Tir na Nog,Natures Shroud,Regular,Classic
Hibernia,489,Detrital Crab Meat -- Kill Task,42,Shannon Estuary,Experience,Kill Task,Classic
Hibernia,3509,Discharged,38,Tir na Nog,"Coin, Experience",Mini Quest,Shrouded Isle expansion
Hibernia,2225,Disgruntled Worker,25,Abandoned Mines (Hib),"Coin, Experience",Mini Quest,Catacombs expansion
Hibernia,3555,"Dive, Dive (Hib)",4,Lamfhota's Sound,Sound's Cloth Gloves of Grace (Mid),Regular,Classic
Hibernia,2023,Diver Ray Barb -- Kill Task,40,Oceanus Hesperos,Experience,Kill Task,Trials of Atlantis expansion
Hibernia,2211,Divine Deception,27,The Otherworld (Hib),Ring of the Beyond,Regular,Catacombs expansion
Hibernia,290,Dob One Time Drop,47,Bog of Cullen,Dob's Bloody Fang,One Time Drop,Classic
Hibernia,495,Dorbal One Time Drop,34,Connacht,Rapier of the Forsaken,One Time Drop,Classic
Hibernia,2398,Double Play,45,Underground Forest (Hib),"Coin, Experience",Mini Quest,Catacombs expansion
Hibernia,2322,Down with Amaluque!,18,Veil Rift,"Coin, Experience",Mini Quest,Catacombs expansion
Hibernia,2295,Down With the Madness,35,Shar Labyrinth,Wreath of the Elusive,Regular,Catacombs expansion
Hibernia,2983,Down with the Sickness (Hib),47,Tir na Nog,"Coin, Experience",Mini Quest,Shrouded Isle expansion
Hibernia,2654,Downfall of the Dark Druids (Epic 6),30,Tir na Nog,Vigilante Jewel,Regular,Classic
Hibernia,3482,Draconic Collaboration (Hib),49,Tir na Nog,"Coin, Experience",Regular,Classic
Hibernia,3823,Dragon Myths & Legends (Hib),50,Tir na Nog,Dragon Will Mythirian,Regular,Classic
Hibernia,2006,Dragonslayer (M6T11),40,Oceanus Hesperos,,Master Level,Trials of Atlantis expansion
Hibernia,3240,Dragonslayer Armor (Hib),50,Sheeroe Hills,Dragonslayer Woven Robe,Regular,Classic
Hibernia,3092,Dragonslayer Lirazal,1,Lough Derg,"Coin, Experience",Mini Quest,Classic
Hibernia,3139,Dragonslayer Mentor (Hib),1,Connacht,"Coin, Experience",Regular,Classic
Hibernia,3243,Dragonslayer Weapon (Hib),50,Sheeroe Hills,Prevailing Nightshade Spell Breaker,Regular,Classic
Hibernia,3164,Dragonspawn (Hib),47,Tir na Nog,"Coin, Experience",Regular,Classic
Hibernia,1915,Dream Gem,50,Mesothalassa,,Artifact,Trials of Atlantis expansion
Hibernia,1886,Dream Sphere,50,Stygian Delta,Dream Sphere (Hib),Artifact,Trials of Atlantis expansion
Hibernia,3174,Druid Guild Gift,10,Tir na Nog,Novice's Longsword (Hib),Regular,Classic
Hibernia,3837,Druids of Harmony,45,Lough Derg,Firbolg Druid Call Stone,Regular,Classic
Hibernia,3527,Dungeon Inquiry,34,Tir na Nog,"Coin, Experience",Mini Quest,Shrouded Isle expansion
Hibernia,675,Dusky Sylvanshade Heads -- Kill Task,45,Cothrom Gorge,Experience,Kill Task,Shrouded Isle expansion
Hibernia,3639,Dye Another Day,6,Lamfhota's Sound,Light Purple Leather Dye,Regular,Classic
Hibernia,3619,Dyeing Is Not So Bad (Hib),2,Lamfhota's Sound,Blue Leather Dye,Regular,Classic
Hibernia,211,Dying Favor,7,Tir na Nog,"Coin, Experience",Regular,Classic
Hibernia,1957,Echo of Duamutef Trial (M5T2),40,Halls of Ma'ati,,Master Level,Trials of Atlantis expansion
Hibernia,1958,Echo of Hapy Trial (M5T3),40,Halls of Ma'ati,,Master Level,Trials of Atlantis expansion
Hibernia,1959,Echo of Imsety Trial (M5T4),40,Halls of Ma'ati,,Master Level,Trials of Atlantis expansion
Hibernia,1956,Echo of Qebehsenuef Trial (M5T1),40,Halls of Ma'ati,,Master Level,Trials of Atlantis expansion
Hibernia,2999,Echoes of Cad Goddeau (Epic 1),5,Tir na Nog,Novice Jewel,Regular,Classic
Hibernia,1916,Eerie Darkness Lighting Stone,50,Oceanus Boreal,Eerie Stone of Darkness,Artifact,Trials of Atlantis expansion
Hibernia,1917,Egg of Youth,50,Oceanus Notos,Egg of Youth,Artifact,Trials of Atlantis expansion
Hibernia,3802,Eighth Anniversary (Hib),1,Lough Derg,Jar of Insects,Regular,Classic
Hibernia,1921,Eirene's Chestpiece,50,Mesothalassa,Eirene's Chestpiece (Hib) (scale),Artifact,Trials of Atlantis expansion
Hibernia,2200,Elairzi's Enchantment,4,Veil Rift,Sturdy Rift Belt,Regular,Catacombs expansion
Hibernia,3184,Eldritch Guild Gift,10,Tir na Nog,Novice's Stave (Hib),Regular,Classic
Hibernia,2634,Emancipation (Epic 4),20,Tir na Nog,Magius Cloak,Regular,Classic
Hibernia,3481,Emissary: Proof of Strength (Hib),50,King Lamhfotas' Throne Room,"Coin, Experience",Champion,Classic
Hibernia,61,Enchanted Bandit Hunt,4,Silvermine Mountains,Ring of Swords,Regular,Classic
Hibernia,2737,Enchanted Blood,22,Veil Rift,"Coin, Experience",Mini Quest,Darkness Rising expansion
Hibernia,3185,Enchanter Guild Gift,10,Tir na Nog,Novice's Stave (Hib),Regular,Classic
Hibernia,81,Enchanting Willow,7,Tir na Nog,Nature Totem,Regular,Classic
Hibernia,3642,Ending the Deadlock,7,Lamfhota's Sound,Regulator's Cloth Boots (Hib),Regular,Classic
Hibernia,1869,Enyalios' Boots,50,Arbor Glen,Enyalios Boots (Hib) (reinf),Artifact,Trials of Atlantis expansion
Hibernia,118,Eoghan's Spell,20,Connacht,Pumice Ring,Regular,Classic
Hibernia,1948,Erinys Charm,50,Typhon's Reach,Erinys Charm (Alb),Artifact,Trials of Atlantis expansion
Hibernia,3654,Errand of Mercy,37,Tir na Nog,"Coin, Experience",Mini Quest,Darkness Rising expansion
Hibernia,167,Essence of Hostility,24,Lough Derg,Stone Bracer,Regular,Classic
Hibernia,3323,Essence of the Undead,4,Lough Derg,Recruit's Cailiocht Vest,Regular,Classic
Hibernia,1949,Eternal Plant,50,Oceanus Notos,Eternal Plant,Artifact,Trials of Atlantis expansion
Hibernia,34,Evan's Notes,6,Connacht,"Coin, Experience",Regular,Classic
Hibernia,2351,Evil Ooze,38,The Otherworld (Hib),"Coin, Experience",Mini Quest,Catacombs expansion
Hibernia,2289,Explorers,34,Tir na Nog,"Coin, Experience",Mini Quest,Catacombs expansion
Hibernia,1939,Eye of Ra Trial (M4T3),40,Land of Atum,,Master Level,Trials of Atlantis expansion
Hibernia,2353,Eyes of Light,39,Underground Forest (Hib),"Coin, Experience",Mini Quest,Catacombs expansion
Hibernia,3198,Face the Raiders (Hib),47,Sheeroe Hills,"Coin, Experience",Regular,Classic
Hibernia,590,Face the Twisted,40,Vigilant Rock,Vikta's Fancy Pants,Regular,Shrouded Isle expansion
Hibernia,2020,Facing Typhon (M7T9),40,Heart of Volcanus,,Master Level,Trials of Atlantis expansion
Hibernia,359,Faerie Drake Hide -- Kill Task,22,Connacht,Experience,Kill Task,Classic
Hibernia,66,Fagan's Wand,11,Lough Derg,Boots of the Wicked,Regular,Classic
Hibernia,2292,Fallene's Healing,34,The Otherworld (Hib),"Coin, Experience",Mini Quest,Catacombs expansion
Hibernia,236,Famine One Time Drop,30,Connacht,Blackthorn Ring (sun/moon),One Time Drop,Classic
Hibernia,1862,"Fear, Terror, and Horror Trial (M2T7)",40,Sobekite Eternal,,Master Level,Trials of Atlantis expansion
Hibernia,174,Fearan,16,Connacht,Woven Grass Helm,Regular,Classic
Hibernia,3512,Fighting in the Battlegrounds,39,Tir na Nog,"Coin, Experience",Mini Quest,Darkness Rising expansion
Hibernia,2287,Final Resting Place,33,The Otherworld (Hib),"Coin, Experience",Mini Quest,Catacombs expansion
Hibernia,687,Fine Bear Pelt -- Kill Task,49,Tir na Nog,Experience,Kill Task,Classic
Hibernia,2273,Finishing Glastra's Rug,30,Abandoned Mines (Hib),"Coin, Experience",Mini Quest,Catacombs expansion
Hibernia,2561,First Glimpse of the Veil,1,Veil Rift,"Coin, Experience",Mini Quest,Catacombs expansion
Hibernia,3667,Fishing License,37,Tir na Nog,"Coin, Experience",Regular,Classic
Hibernia,2562,Flagging Morale,3,Lough Derg,"Coin, Experience",Mini Quest,Classic
Hibernia,1983,Flamedancer's Boots,50,Arbor Glen,Flamedancer's Boots (cloth),Artifact,Trials of Atlantis expansion
Hibernia,2000,Flames (M6T5),40,Typhon's Reach,,Master Level,Trials of Atlantis expansion
Hibernia,2182,Fog of War,4,Lough Derg,"Coin, Experience",Mini Quest,Classic
Hibernia,2685,Following Fragarach (Epic 4),20,Tir na Nog,Midnight Protector Cloak,Regular,Classic
Hibernia,3032,Fomorian Bonic Scalp -- Kill Task,32,Caillte Garran,"Coin, Experience",Kill Task,Shrouded Isle expansion
Hibernia,598,Fomorian Geddon Great Bow -- Kill Task,30,Caillte Garran,Experience,Kill Task,Shrouded Isle expansion
Hibernia,400,Fomorian Gehk Teeth -- Kill Task,47,Valley of Bri Leith,Experience,Kill Task,Classic
Hibernia,634,Fomorian Hormone Gland -- Kill Task,32,Caillte Garran,Experience,Kill Task,Shrouded Isle expansion
Hibernia,401,Fomorian Wolfbeast Teeth -- Kill Task,50,Valley of Bri Leith,Experience,Kill Task,Classic
Hibernia,1853,Fool's Bow,46,Oceanus Hesperos,Fool's Bow (Hib),Artifact,Trials of Atlantis expansion
Hibernia,1936,Foppish Sleeves,50,Arbor Glen,Foppish Sleeves (Mid) (cloth),Artifact,Trials of Atlantis expansion
Hibernia,1935,For the Love of a Nereid,40,Mesothalassa,Melos Coral-Sheathed Hauberk (Hib),Regular,Trials of Atlantis expansion
Hibernia,2884,For Your Consideration,50,King Lamhfotas' Throne Room,"Coin, Experience",Regular,Darkness Rising expansion
Hibernia,3650,Forging Steel (Hib),9,Lamfhota's Sound,"Coin, Experience",Regular,Classic
Hibernia,379,Forgotten Silver Jasper Locket -- Kill Task,30,Connacht,Experience,Kill Task,Classic
Hibernia,1938,Fortress of Storms Trial (M4T2),40,Stygian Delta,,Master Level,Trials of Atlantis expansion
Hibernia,3574,Found Locket,7,Lamfhota's Sound,Intricate Leather Leggings (Hib),Regular,Classic
Hibernia,1864,Four Items Trial (M2T9),40,Sobekite Eternal,,Master Level,Trials of Atlantis expansion
Hibernia,2731,Fragile Shield,21,Lough Derg,"Coin, Experience",Mini Quest,Classic
Hibernia,152,Freeing Osier,35,Silvermine Mountains,Osier's Spectral Necklace,Regular,Classic
Hibernia,3035,Frontier Aggressors,45,Connacht,"Coin, Experience",Mini Quest,Darkness Rising expansion
Hibernia,2627,Fruth's Requests (Hib),25,Scrios de Atlantis,"Coin, Experience",Mini Quest,Trials of Atlantis expansion
Hibernia,3836,Further Harmony,45,Lough Derg,Firbolg Mentalist Call Stone,Regular,Classic
Hibernia,550,Fylara's Armor,45,Vale of Balor,Ixthiar Carapace Leggings,Regular,Shrouded Isle expansion
Hibernia,2224,Gathering Claws for Guardian Menia,25,Abandoned Mines (Hib),"Coin, Experience",Mini Quest,Catacombs expansion
Hibernia,3117,Gathering Gargoyle Power,28,Tir na Nog,"Coin, Experience",Mini Quest,Catacombs expansion
Hibernia,2226,Gathering Intelligence,25,Abandoned Mines (Hib),The Queen's Faith,Regular,Catacombs expansion
Hibernia,3648,Gathering Wood (Hib),9,Lamfhota's Sound,"Coin, Experience",Crafting,Classic
Hibernia,1952,Gaurmaes' Trial (M4T9),40,Land of Atum,,Master Level,Trials of Atlantis expansion
Hibernia,2043,Gem of Lost Memories,30,Oceanus Hesperos,Gem of Lost Memories (caster),Artifact,Trials of Atlantis expansion
Hibernia,1960,Gem of Skyros,40,Mesothalassa,Skyros Shell Belt,Regular,Trials of Atlantis expansion
Hibernia,3276,Get My Tack Back,8,Connacht,Protector's Pendant of Fortitude,Mini Quest,Classic
Hibernia,2563,Getting a Grip,2,Lough Derg,"Coin, Experience",Mini Quest,Classic
Hibernia,3340,Getting up to Speed (Hib),1,Lough Derg,"Coin, Experience",Regular,Classic
Hibernia,2331,Gift from the Forces,16,Veil Rift,Lonely Rift Belt,Regular,Catacombs expansion
Hibernia,2275,Glashtin Abduction,29,Abandoned Mines (Hib),Gem of Underworld Power (Hib),Regular,Catacombs expansion
Hibernia,3039,Glashtin Gobbledygook,25,Abandoned Mines (Hib),"Coin, Experience",Mini Quest,Catacombs expansion
Hibernia,2214,Glastra's Rug,24,Abandoned Mines (Hib),"Coin, Experience",Mini Quest,Catacombs expansion
Hibernia,383,Glimmering Gem -- Kill Task,41,Connacht,Experience,Kill Task,Classic
Hibernia,378,Glowing Red Eye -- Kill Task,32,Valley of Bri Leith,Experience,Kill Task,Classic
Hibernia,523,Glowing Veined Stone -- Kill Task,42,Valley of Bri Leith,Experience,Kill Task,Classic
Hibernia,2497,Gnoll Thy Enemy,21,The Otherworld (Hib),"Coin, Experience",Mini Quest,Catacombs expansion
Hibernia,2281,Gnome Away From Home,30,Connacht,Veteran's Bracer (str/qui),Regular,Classic
Hibernia,1931,Goddess Necklace,45,Oceanus Hesperos,Goddess Necklace,Artifact,Trials of Atlantis expansion
Hibernia,390,Gold Lined Drinking Horn -- Kill Task,36,Cliffs of Moher,Experience,Kill Task,Classic
Hibernia,1883,Golden Scarab Vest,46,Stygian Delta,Golden Scarab Vest (leather) (melee),Artifact,Trials of Atlantis expansion
Hibernia,2885,Good Fences Make Good Neighbors,50,King Lamhfotas' Throne Room,"Coin, Experience",Regular,Darkness Rising expansion
Hibernia,2859,Goods for the Guards (Hib),8,Tir na Nog,"Coin, Experience",Mini Quest,Darkness Rising expansion
Hibernia,669,Gorge Shriller Wings -- Kill Task,42,Caillte Garran,Experience,Kill Task,Shrouded Isle expansion
Hibernia,1969,Gorgons of Aeurs Trial (M5T5),40,Halls of Ma'ati,,Master Level,Trials of Atlantis expansion
Hibernia,73,Gormghlaith's Tea,9,Lough Derg,"Coin, Experience",Regular,Classic
Hibernia,2474,Granidon Hide -- Kill Task,48,Cothrom Gorge,Experience,Kill Task,Shrouded Isle expansion
Hibernia,3443,Grazer Conclusion,33,Tir na Nog,"Coin, Experience",Mini Quest,Shrouded Isle expansion
Hibernia,3440,Grazer Investigation,32,Tir na Nog,"Coin, Experience",Mini Quest,Shrouded Isle expansion
Hibernia,3441,Grazer Report,32,Tir na Nog,"Coin, Experience",Mini Quest,Shrouded Isle expansion
Hibernia,3659,Great Cat of the Sound (Hib),10,Lamfhota's Sound,"Coin, Experience",Regular,Classic
Hibernia,667,Greater Angler Tails -- Kill Task,33,Caillte Garran,Experience,Kill Task,Shrouded Isle expansion
Hibernia,3611,Greetings Animist,1,Lamfhota's Sound,Standard Staff (magic) (Hib),Regular,Classic
Hibernia,3599,Greetings Bainshee,1,Lamfhota's Sound,Standard Staff (magic) (Hib),Regular,Classic
Hibernia,3608,Greetings Bard,1,Lamfhota's Sound,Standard Sword (Hib),Regular,Classic
Hibernia,3603,Greetings Blademaster,1,Lamfhota's Sound,Standard Sword (Hib),Regular,Classic
Hibernia,3605,Greetings Champion,1,Lamfhota's Sound,Standard Sword (Hib),Regular,Classic
Hibernia,3607,Greetings Druid,1,Lamfhota's Sound,Standard Sword (Hib),Regular,Classic
Hibernia,3600,Greetings Eldritch,1,Lamfhota's Sound,Standard Staff (magic) (Hib),Regular,Classic
Hibernia,3601,Greetings Enchanter,1,Lamfhota's Sound,Standard Staff (magic) (Hib),Regular,Classic
Hibernia,3604,Greetings Hero,1,Lamfhota's Sound,Standard Sword (Hib),Regular,Classic
Hibernia,3614,Greetings Mauler (Hib),1,Lamfhota's Sound,Standard Staff (melee),Regular,Classic
Hibernia,3602,Greetings Mentalist,1,Lamfhota's Sound,Standard Staff (magic) (Hib),Regular,Classic
Hibernia,3609,Greetings Nightshade,1,Lamfhota's Sound,Standard Sword (Hib),Regular,Classic
Hibernia,3610,Greetings Ranger,1,Lamfhota's Sound,Standard Sword (Hib),Regular,Classic
Hibernia,3612,Greetings Valewalker,1,Lamfhota's Sound,Standard Scythe,Regular,Classic
Hibernia,3613,Greetings Vampiir,1,Lamfhota's Sound,Standard Dagger (Hib),Regular,Classic
Hibernia,3606,Greetings Warden,1,Lamfhota's Sound,Standard Sword (Hib),Regular,Classic
Hibernia,386,Grovewood Bark -- Kill Task,38,Valley of Bri Leith,Experience,Kill Task,Classic
Hibernia,3450,Gualach One Time Drop,36,Mount Collory,Badger Tooth Necklace,One Time Drop,Classic
Hibernia,3419,Guard Duty (Hib),18,Tir na Nog,"Coin, Experience",Mini Quest,Catacombs expansion
Hibernia,249,Guardian Hru One Time Drop,40,Valley of Bri Leith,Guardian's Bow,One Time Drop,Classic
Hibernia,2390,Guardian Kelin's Request,41,Underground Forest (Hib),"Coin, Experience",Mini Quest,Catacombs expansion
Hibernia,2282,Guardian Myrayne's Bounty,32,Shar Labyrinth,"Coin, Experience",Mini Quest,Catacombs expansion
Hibernia,2285,Guardian Nelivis' Inquiry,32,The Otherworld (Hib),Underworld Explorer's Cloak,Regular,Catacombs expansion
Hibernia,2394,Guardian Valryn's Bounty,44,The Otherworld (Hib),"Coin, Experience",Mini Quest,Catacombs expansion
Hibernia,3807,Hacking At the Root,8,Lamfhota's Sound,"Coin, Experience",Regular,Classic
Hibernia,2110,"Happy Birthday, Mumbles!",48,Underground Forest (Hib),"Coin, Experience",Mini Quest,Catacombs expansion
Hibernia,3319,Harans' Dilemma,3,Lough Derg,Recruit's Insightful Necklace,Regular,Classic
Hibernia,1920,Harpy Feather Cloak,50,Oceanus Notos,Harpy Feather Cloak,Artifact,Trials of Atlantis expansion
Hibernia,3332,Hats for Ardee,7,Connacht,"Coin, Experience",Mini Quest,Classic
Hibernia,2855,Hats off to Molanoho!,5,Lough Derg,"Coin, Experience",Mini Quest,Classic
Hibernia,1888,Healers Embrace Cloak,50,Stygian Delta,A Healers Embrace,Artifact,Trials of Atlantis expansion
Hibernia,3660,Healing Salve (Hib),10,Lamfhota's Sound,"Coin, Experience",Regular,Classic
Hibernia,2249,Heart of Power,11,Veil Rift,"Coin, Experience",Mini Quest,Catacombs expansion
Hibernia,3238,Heir to a Lost Homestead,49,Sheeroe Hills,"Coin, Experience",Regular,Classic
Hibernia,3420,Help is on its Way (Hib),18,Tir na Nog,"Coin, Experience",Mini Quest,Catacombs expansion
Hibernia,2022,Help Realmmates (M7T11),40,Oceanus Hesperos,,Master Level,Trials of Atlantis expansion
Hibernia,2323,Helping with the Hats,19,Veil Rift,"Coin, Experience",Mini Quest,Catacombs expansion
Hibernia,2017,Hephaestian's Challenge (M7T6),40,Heart of Volcanus,,Master Level,Trials of Atlantis expansion
Hibernia,3155,Hero Guild Gift,10,Tir na Nog,Novice's Longsword (Hib),Regular,Classic
Hibernia,2191,Hero's Choice,9,Veil Rift,"Coin, Experience",Mini Quest,Classic
Hibernia,3219,Hibernia Medal of Honor,49,Lough Derg,Hibernia Medal of Honor,Regular,Classic
Hibernia,1873,Homecoming for a Hero,46,Stygian Delta,Ebon Hide Bracer,Regular,Trials of Atlantis expansion
Hibernia,3201,Honoring the Hardworking (Hib),50,Connacht,Hibernian Cloak of Magic,Regular,Classic
Hibernia,524,Hopper Tongue -- Kill Task,44,Shannon Estuary,Experience,Kill Task,Classic
Hibernia,753,Horseshoe -- Kill Task,48,Tir na Nog,Experience,Kill Task,Classic
Hibernia,3116,Horsing Around to Howth,28,Tir na Nog,"Coin, Experience",Mini Quest,Darkness Rising expansion
Hibernia,3622,How to Gather Comrades (Hib),1,Lamfhota's Sound,"Coin, Experience",Regular,Classic
Hibernia,2284,How to Make a Magical Cloak,32,The Otherworld (Hib),"Coin, Experience",Mini Quest,Catacombs expansion
Hibernia,3646,Hunting Season (Hib),9,Lamfhota's Sound,"Coin, Experience",Regular,Classic
Hibernia,3530,Hunting the Highwayman,35,Tir na Nog,"Coin, Experience",Mini Quest,Darkness Rising expansion
Hibernia,3652,Hunting the Master Hound (Hib),9,Lamfhota's Sound,"Coin, Experience",Regular,Classic
Hibernia,2719,I Wood if I Could,30,Tir na Nog,"Coin, Experience",Mini Quest,Classic
Hibernia,1826,Ianetor's Trial (M1T1),40,Oceanus Anatole,,Master Level,Trials of Atlantis expansion
Hibernia,170,Ilisa's Trade,40,Tir na Nog,Silvered Spellbound Enchanter Staff,Regular,Classic
Hibernia,2324,Illusions of the Veil,16,Veil Rift,"Coin, Experience",Mini Quest,Catacombs expansion
Hibernia,681,Immortal Gift,43,Shannon Estuary,Mur-Savant Cloak,Regular,Classic
Hibernia,2076,Important Delivery (Hib),1,Lough Derg,Recruit's Cloak (Hib) (old) (nld),Regular,Classic
Hibernia,2698,In Defense of a Kingdom (Hib),48,Tir na Nog,"Coin, Experience",Mini Quest,Darkness Rising expansion
Hibernia,2979,In Search of New Lands (Hib),47,Tir na Nog,"Coin, Experience",Mini Quest,Darkness Rising expansion
Hibernia,2217,In the Belly of the Beast,23,The Otherworld (Hib),"Coin, Experience",Mini Quest,Catacombs expansion
Hibernia,1775,In the Interest of Plants,7,Domnann,Ring of Shadows,Regular,Shrouded Isle expansion
Hibernia,2343,In the Mouth of the Labyrinth,39,Shar Labyrinth,Cloak of Warfare Talent,Regular,Catacombs expansion
Hibernia,2412,Incessant Complaining,47,Underground Forest (Hib),"Coin, Experience",Mini Quest,Catacombs expansion
Hibernia,1999,Infestation (M6T4),40,Typhon's Reach,,Master Level,Trials of Atlantis expansion
Hibernia,3324,Influencing the Innocent,5,Lough Derg,Recruit's Cailiocht Helm,Regular,Classic
Hibernia,324,Information is the Key (Celt),3,Tir na Nog,"Coin, Experience",Regular,Classic
Hibernia,60,Information is the Key (Elf),3,Tir na Nog,Experience,Regular,Classic
Hibernia,3342,Information Runners (Hib),1,Lough Derg,,Regular,Classic
Hibernia,2663,Inherit the Wind Ghoul,8,Connacht,"Coin, Experience",Mini Quest,Classic
Hibernia,2668,Innis Island Upkeep,30,Lough Gur,"Coin, Experience",Regular,Classic
Hibernia,3391,Intercepting the Runner,9,Connacht,Protector's Band of Fortitude,Regular,Classic
Hibernia,2839,Into the Lion's Den (Hib),5,Tir na Nog,"Coin, Experience",Mini Quest,Darkness Rising expansion
Hibernia,3095,Into the Otherworld,27,Tir na Nog,"Coin, Experience",Mini Quest,Catacombs expansion
Hibernia,2840,Into the Rift,5,Tir na Nog,"Coin, Experience",Mini Quest,Catacombs expansion
Hibernia,3621,Introducing the Command Window (Hib),1,Lamfhota's Sound,"Coin, Experience",Regular,Classic
Hibernia,2496,Intruder Alert!,21,Veil Rift,"Coin, Experience",Mini Quest,Catacombs expansion
Hibernia,2852,Investigating Rumours (Hib),7,Tir na Nog,"Coin, Experience",Mini Quest,Darkness Rising expansion
Hibernia,388,Ire Wolf Claw -- Kill Task,27,Shannon Estuary,Experience,Kill Task,Classic
Hibernia,2970,It's a War Out There,42,Tir na Nog,"Coin, Experience",Mini Quest,Darkness Rising expansion
Hibernia,1943,Iter Trial (M4T7),40,Stygian Delta,,Master Level,Trials of Atlantis expansion
Hibernia,631,Ixthiar Decimater Mandibles -- Kill Task,35,Vale of Balor,Experience,Kill Task,Shrouded Isle expansion
Hibernia,559,Ixthiar Doomcaller Beads -- Kill Task,44,Vale of Balor,Experience,Kill Task,Shrouded Isle expansion
Hibernia,569,Ixthiar Forearms -- Kill Task,38,Caillte Garran,Experience,Kill Task,Shrouded Isle expansion
Hibernia,553,Ixthiar Plaguebringer Satchels -- Kill Task,40,Vale of Balor,Experience,Kill Task,Shrouded Isle expansion
Hibernia,632,Ixthiar Reaper Claws  -- Kill Task,44,Vale of Balor,Experience,Kill Task,Shrouded Isle expansion
Hibernia,560,Ixthiar Reaper Mandible -- Kill Task,42,Vale of Balor,Experience,Kill Task,Shrouded Isle expansion
Hibernia,3431,Ixthiar Threat,45,Tir na Nog,"Coin, Experience",Mini Quest,Darkness Rising expansion
Hibernia,633,Ixthiar Wings -- Kill Task,40,Caillte Garran,Experience,Kill Task,Shrouded Isle expansion
Hibernia,1871,Jacina's Sash,50,Arbor Glen,Jacina's Sash,Artifact,Trials of Atlantis expansion
Hibernia,1941,Jann Trial (M4T5),40,Land of Atum,,Master Level,Trials of Atlantis expansion
Hibernia,1848,Jashan's Brother,48,Arbor Glen,Leafy-Moss Gauntlets (Alb),Regular,Trials of Atlantis expansion
Hibernia,2564,Josson's Research,2,Lough Derg,"Coin, Experience",Mini Quest,Classic
Hibernia,399,Juvenile Megafelid Tooth -- Kill Task,36,Valley of Bri Leith,Experience,Kill Task,Classic
Hibernia,1858,Ka'a Trial (M2T1),40,Sobekite Eternal,,Master Level,Trials of Atlantis expansion
Hibernia,1857,Kalare's Necklace,45,Oceanus Notos,Kalare's Necklace,Artifact,Trials of Atlantis expansion
Hibernia,1861,Kanakht Trial (M2T6),40,Sobekite Eternal,,Master Level,Trials of Atlantis expansion
Hibernia,2206,Katy's Lost Earring,21,Abandoned Mines (Hib),"Coin, Experience",Mini Quest,Catacombs expansion
Hibernia,95,Keara's Enchantment,12,Connacht,"Coin, Experience",Regular,Classic
Hibernia,3408,Keeping Company (Hib),45,Tir na Nog,Tiny Compatriot Crate,Regular,Shrouded Isle expansion
Hibernia,3666,Keeping Up Appearances,35,Tir na Nog,"Coin, Experience",Mini Quest,Darkness Rising expansion
Hibernia,2250,Kenzai's Charms,11,Veil Rift,"Coin, Experience",Mini Quest,Catacombs expansion
Hibernia,2192,Kenzai's Delivery,3,Veil Rift,"Coin, Experience",Mini Quest,Catacombs expansion
Hibernia,1928,Kepa's Trial (M3T2),40,Temple of Twilight,,Master Level,Trials of Atlantis expansion
Hibernia,3466,Killaloe Egg Hunt (Hib),15,Connacht,"Coin, Experience",Regular,Classic
Hibernia,1878,Killing for Experience (M2T11),40,Oceanus Hesperos,,Master Level,Trials of Atlantis expansion
Hibernia,1930,Killing for Experience (M3T11),40,Oceanus Hesperos,,Master Level,Trials of Atlantis expansion
Hibernia,1955,Killing for Experience (M4T11),40,Oceanus Hesperos,,Master Level,Trials of Atlantis expansion
Hibernia,1975,Killing for Experience (M5T11),40,Oceanus Hesperos,,Master Level,Trials of Atlantis expansion
Hibernia,2986,Killing in a Far Land (Hib),47,Tir na Nog,"Coin, Experience",Mini Quest,Darkness Rising expansion
Hibernia,2990,Killing the Enemy (Hib),47,Tir na Nog,"Coin, Experience",Mini Quest,Darkness Rising expansion
Hibernia,3661,Kingdom for a Horse (Hib),10,Lamfhota's Sound,Standard Chestnut Horse,Regular,Classic
Hibernia,1827,Kirkleis' Trial (M1T6),40,Oceanus Anatole,,Master Level,Trials of Atlantis expansion
Hibernia,2013,Know Your Opponent (M7T2),40,Heart of Volcanus,,Master Level,Trials of Atlantis expansion
Hibernia,1824,Krojer's Trial (M1T5),40,Oceanus Anatole,Krojer's Piety Ring,Master Level,Trials of Atlantis expansion
Hibernia,282,Kylirean's New Armor,5,Lough Derg,Choker of the Bear,Regular,Classic
Hibernia,1908,Laodamedia's Trial (M3T4),40,Temple of Twilight,,Master Level,Trials of Atlantis expansion
Hibernia,2038,Large Eel Eye -- Kill Task,40,Oceanus Hesperos,Experience,Kill Task,Trials of Atlantis expansion
Hibernia,250,Larylle's Necklace,27,Connacht,Badger Claw Necklace,Regular,Classic
Hibernia,503,Last Heir (level 43),43,Tir na Nog,Empathetic Ring,Regular,Classic
Hibernia,731,Last Heir (level 45),45,Tir na Nog,Valewalker's Star Sapphire,Regular,Classic
Hibernia,732,Last Heir (level 47),47,Tir na Nog,"Coin, Experience",Regular,Classic
Hibernia,654,Last Heir (level 50),50,Tir na Nog,Sidhe Woven Boots,Regular,Classic
Hibernia,1998,Lateef (M6T3),40,Typhon's Reach,,Master Level,Trials of Atlantis expansion
Hibernia,3643,Leadership Laid Low (Hib),8,Lamfhota's Sound,Band of the Sound,Regular,Classic
Hibernia,1774,Learn the Paths,4,Domnann,"Coin, Experience",Regular,Shrouded Isle expansion
Hibernia,3442,Learning the Camps,33,Tir na Nog,"Coin, Experience",Mini Quest,Shrouded Isle expansion
Hibernia,3627,Learning Waypoints (Hib),3,Lamfhota's Sound,Sound's Cloth Vest of Grace (Hib),Regular,Classic
Hibernia,3576,Leg Cracker,8,Lamfhota's Sound,Shell Tinted Pious Shield,Regular,Classic
Hibernia,3471,Leirvik Egg Hunt (Hib),40,Connacht,"Coin, Experience",Regular,Classic
Hibernia,3713,Leirvik Gift Retrival (Hib),40,Connacht,"Coin, Experience",Regular,Classic
Hibernia,2435,Leopard Shark Fin -- Kill Task,43,Stygian Delta,"Coin, Experience",Kill Task,Trials of Atlantis expansion
Hibernia,277,Lesser Of Two Evils,15,Lough Derg,Vest of Enlightenment,Regular,Classic
Hibernia,3844,Lesson: Make Haste! (Hib),1,Lough Derg,Empowering Elixir,Regular,Classic
Hibernia,2652,Ley Line Legerdemain (Epic 4),20,Tir na Nog,Ovate Cloak,Regular,Classic
Hibernia,237,Little Star One Time Drop,34,Cruachan Gorge,Little Star's Braided Mane,One Time Drop,Classic
Hibernia,100,Little Wind,9,Lough Derg,Wind Formed Bracelet,Regular,Classic
Hibernia,2251,Living Magic,12,Veil Rift,"Coin, Experience",Mini Quest,Catacombs expansion
Hibernia,3167,Living Wood (Hib),47,Connacht,"Coin, Experience",Regular,Classic
Hibernia,3647,Local Brew (Hib),9,Lamfhota's Sound,Weak Elixir of Healing,Regular,Classic
Hibernia,109,Lochlain's Curse,11,Silvermine Mountains,"Coin, Experience",Regular,Classic
Hibernia,490,Long White Boar Tusk -- Kill Task,40,Lough Derg,Experience,Kill Task,Classic
Hibernia,3417,Looking for the Lookout,16,Tir na Nog,"Coin, Experience",Mini Quest,Shrouded Isle expansion
Hibernia,3251,Lord of Deception,48,Lough Derg,Frostryder Signet,Regular,Classic
Hibernia,1825,Lornas' Trial (M1T2),40,Mesothalassa,,Master Level,Trials of Atlantis expansion
Hibernia,2325,Losing a Memory,17,Veil Rift,"Coin, Experience",Mini Quest,Catacombs expansion
Hibernia,2291,Lost,34,The Otherworld (Hib),"Coin, Experience",Mini Quest,Catacombs expansion
Hibernia,3804,Lost Friends,7,Lamfhota's Sound,Flame-licked Scale Vest,Regular,Classic
Hibernia,2130,Lost in Oblivion,40,Shar Labyrinth,Lost Crypt Flecked Leggings,Regular,Catacombs expansion
Hibernia,1919,Lost in the Sands of Time,48,Stygian Delta,Sun Sapphire,Regular,Trials of Atlantis expansion
Hibernia,2397,Lost Lore,45,Underground Forest (Hib),Belt of Lost Lore,Regular,Catacombs expansion
Hibernia,3087,Lost Lucky Coin,24,Tir na Nog,"Coin, Experience",Mini Quest,Shrouded Isle expansion
Hibernia,2276,Lost Quiver,30,Abandoned Mines (Hib),"Coin, Experience",Mini Quest,Catacombs expansion
Hibernia,416,Lost Townfolk of Bran Llyr,40,Tir na Nog,Druidic Oaken Recurve Bow,Regular,Classic
Hibernia,2222,Love's Locket Lost,26,The Otherworld (Hib),"Coin, Experience",Mini Quest,Catacombs expansion
Hibernia,2109,Lower Crypt Intelligence,49,Underground Forest (Hib),"Coin, Experience",Mini Quest,Catacombs expansion
Hibernia,385,Luchtigern One Time Drop,30,Shannon Estuary,Mouse Lord's Tail,One Time Drop,Classic
Hibernia,92,Lysagh's Problem,16,Tir na Nog,Fury Sprite's Ring,Regular,Classic
Hibernia,644,Mad Grazer Ears -- Kill Task,46,Domnann,Experience,Kill Task,Shrouded Isle expansion
Hibernia,1978,Maddening Scalars/ Mad Tales,50,Typhon's Reach,Maddening Scalars (Alb) (chain),Artifact,Trials of Atlantis expansion
Hibernia,2183,Magic Arrows,7,Veil Rift,"Coin, Experience",Mini Quest,Catacombs expansion
Hibernia,1788,Magic for Torrance,7,Domnann,Forest Strider's Belt,Regular,Shrouded Isle expansion
Hibernia,1773,Magic in the Grove,3,Domnann,"Coin, Experience",Regular,Shrouded Isle expansion
Hibernia,477,Magic's Scar,36,Lough Derg,Vaporous Cloak,Regular,Classic
Hibernia,3315,Magical Backlash,2,Lough Derg,Recruit's Short Sword (Hib),Regular,Classic
Hibernia,1766,Magical Branches,11,Domnann,Wrapped Wood Ring,Regular,Shrouded Isle expansion
Hibernia,548,Magical Disturbances,3,Domnann,"Coin, Experience",Regular,Shrouded Isle expansion
Hibernia,1923,Magical Ingrediants,48,Oceanus Anatole,,Regular,Trials of Atlantis expansion
Hibernia,1973,Mahaf and Riding the Boat Trial (M5T9),40,Halls of Ma'ati,,Master Level,Trials of Atlantis expansion
Hibernia,2565,Make Haste,2,Veil Rift,"Coin, Experience",Mini Quest,Catacombs expansion
Hibernia,2864,Making Friends the Old Fashioned Way (Hib),9,Tir na Nog,"Coin, Experience",Mini Quest,Shrouded Isle expansion
Hibernia,3239,Maldahar the Glimmer Prince,49,Sheeroe Hills,"Coin, Experience",Regular,Classic
Hibernia,1965,Malice's Axe,50,Typhon's Reach,Malice's Axe (Alb),Artifact,Trials of Atlantis expansion
Hibernia,2283,Maniacal Eyes,32,The Otherworld (Hib),"Coin, Experience",Mini Quest,Catacombs expansion
Hibernia,3314,Manic Mannix's Misery,2,Lough Derg,"Coin, Experience",Regular,Classic
Hibernia,2202,Mapmaker Astela,23,Abandoned Mines (Hib),"Coin, Experience",Mini Quest,Catacombs expansion
Hibernia,1850,Marauding Bandit (Hib),46,Stygian Delta,Silver and Coral Ring,Regular,Trials of Atlantis expansion
Hibernia,1968,Mariasha's Sharkskin Gloves,50,Oceanus Hesperos,Mariasha's Sharkskin Gloves (Mid),Artifact,Trials of Atlantis expansion
Hibernia,677,Marine Shriller Eggs -- Kill Task,40,Vigilant Rock,Experience,Kill Task,Shrouded Isle expansion
Hibernia,1971,Mask Trials (M5T7),40,Halls of Ma'ati,,Master Level,Trials of Atlantis expansion
Hibernia,1954,Matikhoras Trial (M4T10),40,Stygian Delta,,Master Level,Trials of Atlantis expansion
Hibernia,2433,Mature Scorpion Poison Gland -- Kill Task,47,Oceanus Hesperos,"Coin, Experience",Kill Task,Trials of Atlantis expansion
Hibernia,678,Mature Skimmer Hide -- Kill Task,44,World's End,Experience,Kill Task,Shrouded Isle expansion
Hibernia,2071,Mau Mane Hair -- Kill Task,47,Stygian Delta,"Coin, Experience",Kill Task,Trials of Atlantis expansion
Hibernia,1926,Mau of Bastet,46,Stygian Delta,,Regular,Trials of Atlantis expansion
Hibernia,3412,Mauler Guild Gift (Hib),10,Tir na Nog,Novice's Fist Wrap,Regular,Classic
Hibernia,3140,Medical Supplies (Hib),1,Connacht,"Coin, Experience",Regular,Classic
Hibernia,389,Medicinal Herbs -- Kill Task,39,Valley of Bri Leith,Experience,Kill Task,Classic
Hibernia,2395,Medicine for Mumbles,44,Underground Forest (Hib),"Coin, Experience",Mini Quest,Catacombs expansion
Hibernia,1929,Medusa's Trial (M3T10),40,Temple of Twilight,,Master Level,Trials of Atlantis expansion
Hibernia,1767,Melancholic Fairy Wings -- Kill Task,45,Bog of Cullen,Experience,Kill Task,Classic
Hibernia,3624,Melee Combat (Hib),1,Lamfhota's Sound,"Coin, Experience",Regular,Classic
Hibernia,1961,Melos Alliance,30,Mesothalassa,Major Melos Breath Potion,Regular,Trials of Atlantis expansion
Hibernia,3183,Mentalist Guild Gift,10,Tir na Nog,Novice's Stave (Hib),Regular,Classic
Hibernia,117,Merle's Informant,15,Tir na Nog,"Coin, Experience",Regular,Classic
Hibernia,2267,Message,28,The Otherworld (Hib),"Coin, Experience",Mini Quest,Catacombs expansion
Hibernia,2389,Messages of Healing,41,Underground Forest (Hib),"Coin, Experience",Mini Quest,Catacombs expansion
Hibernia,3428,Messenger's Folly,29,Tir na Nog,"Coin, Experience",Mini Quest,Catacombs expansion
Hibernia,736,Miari's Seed,1,Domnann,"Coin, Experience",Regular,Shrouded Isle expansion
Hibernia,2193,Mid Eves Madness,7,Veil Rift,"Coin, Experience",Mini Quest,Catacombs expansion
Hibernia,3363,Midwinter Tree of Hibernia,35,Connacht,Small Hibernian Winter Tree,Regular,Classic
Hibernia,45,Mild Deception,3,Lough Derg,"Coin, Experience",Regular,Classic
Hibernia,2635,Mining for Information (Epic 5),25,Tir na Nog,Void Adept Ring,Regular,Classic
Hibernia,2205,Mining for the Shar,21,Abandoned Mines (Hib),The Queen's Gift,Regular,Catacombs expansion
Hibernia,2566,Mischief Maker,3,Veil Rift,"Coin, Experience",Mini Quest,Catacombs expansion
Hibernia,64,Misdelivered Letter,1,Shannon Estuary,Experience,Regular,Classic
Hibernia,2044,Missing Bard,43,Silvermine Mountains,Imbedded Greatsword,Regular,Classic
Hibernia,3334,Missing Shipments,8,Connacht,"Coin, Experience",Regular,Classic
Hibernia,596,Missing Tapestry,33,Caillte Garran,Lilerbad's Beads of Musical Might,Regular,Shrouded Isle expansion
Hibernia,2734,Mission for Sargoth,22,Silvermine Mountains,"Coin, Experience",Regular,Classic
Hibernia,3248,Mission: Infiltration (Hib),48,Tir na Nog,"Coin, Experience",Regular,Classic
Hibernia,1895,Moirai's Trial (M3T1),40,Temple of Twilight,,Master Level,Trials of Atlantis expansion
Hibernia,3470,Molvik Egg Hunt (Hib),35,Connacht,"Coin, Experience",Regular,Classic
Hibernia,3439,Monstrous Information,32,Tir na Nog,"Coin, Experience",Mini Quest,Shrouded Isle expansion
Hibernia,491,Morass Leech Blood -- Kill Task,41,Lough Derg,Experience,Kill Task,Classic
Hibernia,3025,Moray Eel Eye -- Kill Task,45,Stygian Delta,"Coin, Experience",Kill Task,Trials of Atlantis expansion
Hibernia,342,Morven's Return,40,Tir na Nog,Mindnumber,Regular,Classic
Hibernia,2391,Mossy Little Thieves,42,Underground Forest (Hib),"Coin, Experience",Mini Quest,Catacombs expansion
Hibernia,3615,Movement and Interaction (Hib),1,Lamfhota's Sound,,Regular,Classic
Hibernia,269,Muir One Time Drop,26,Shannon Estuary,Gilded Sea Spear,One Time Drop,Classic
Hibernia,2045,Murgar One Time Drop,36,Connacht,,One Time Drop,Classic
Hibernia,239,Muroi One Time Drop,34,Bog of Cullen,Muroi's Weighted Battlemace,One Time Drop,Classic
Hibernia,1976,Mystaia's Mischief,11,Silvermine Mountains,Mystaia's Wisdom,Regular,Classic
Hibernia,2969,Mysterious Vanishing Messengers,42,Tir na Nog,"Coin, Experience",Mini Quest,Shrouded Isle expansion
Hibernia,1934,Nahkt's Fragmented Mind,50,Stygian Delta,Wind Torn Cloak (Mid) (healing),Regular,Trials of Atlantis expansion
Hibernia,1868,Nailah's Robes,50,Stygian Delta,Nailah's Robes (Alb),Artifact,Trials of Atlantis expansion
Hibernia,2052,Naois' Best Friend,16,Connacht,Whistle,Regular,Classic
Hibernia,245,Nasher One Time Drop,37,Snowdonia,Macabre Medallion,One Time Drop,Classic
Hibernia,1945,Naxos Society,30,Mesothalassa,Coin,Regular,Trials of Atlantis expansion
Hibernia,256,Neese One Time Drop,33,Bog of Cullen,Elite Mireguard Bracer,One Time Drop,Classic
Hibernia,3531,"Neither Rain, Sleet, nor Monsters...",35,Tir na Nog,"Coin, Experience",Mini Quest,Darkness Rising expansion
Hibernia,3416,News for the Ranks,16,Tir na Nog,"Coin, Experience",Mini Quest,Shrouded Isle expansion
Hibernia,3637,Nice Horsey Horsey,6,Lamfhota's Sound,Soggy-bane Mauler Staff,Regular,Classic
Hibernia,3033,Nightmare Horse Quest (Hib),50,King Lamhfotas' Throne Room,Nightmare Steed,Regular,Darkness Rising expansion
Hibernia,1882,Nightshroud Bracelet,45,Oceanus Boreal,Nightshroud Bracelet,Artifact,Trials of Atlantis expansion
Hibernia,2400,Nimora's Celestial Compass,50,Oceanus Notos,Nimora's Celestial Compass,Regular,Trials of Atlantis expansion
Hibernia,287,Niy the Overseer One Time Drop,39,Valley of Bri Leith,War Blade of the Stoic,One Time Drop,Classic
Hibernia,2078,Nuisances (Hib),2,Lough Derg,Recruit's Short Sword (Hib) (old) (nld),Regular,Classic
Hibernia,2172,Nyra's Package,1,Lough Derg,Silver Ring of Health (Hib),Regular,Classic
Hibernia,293,Oak Man One Time Drop,44,Mount Collory,Enchanter Staff of the Arcane,One Time Drop,Classic
Hibernia,2131,Obelisk Test,48,The Otherworld (Hib),"Coin, Experience",Mini Quest,Catacombs expansion
Hibernia,331,Occupation of Lough Gur (version 1),24,Lough Derg,Gramail Bann,Regular,Classic
Hibernia,332,Occupation of Lough Gur (version 2),24,Lough Derg,Gramail Bann,Regular,Classic
Hibernia,676,Octonid Tentacles -- Kill Task,44,World's End,Experience,Kill Task,Shrouded Isle expansion
Hibernia,2339,Off with their Heads!,40,Underground Forest (Hib),"Coin, Experience",Mini Quest,Catacombs expansion
Hibernia,3706,Offensive Tactics (Hib),50,Darkness Falls,"Coin, Experience",Regular,Classic
Hibernia,1986,Oglidarsh's Belt,50,Oceanus Hesperos,Belt of Oglidarsh,Artifact,Trials of Atlantis expansion
Hibernia,3166,Old Stones (Hib),47,Connacht,"Coin, Experience",Regular,Classic
Hibernia,2844,On the Road Again (Hib),6,Tir na Nog,"Coin, Experience",Mini Quest,Darkness Rising expansion
Hibernia,3199,"Once more, to Tir na mBeo!",47,Connacht,"Coin, Experience",Regular,Classic
Hibernia,3343,One More Small Service (Hib),1,Lough Derg,,Regular,Classic
Hibernia,3636,One Taur's Salvage,6,Lamfhota's Sound,Threadbare Belt,Crafting,Classic
Hibernia,2326,Oracles Schmoracles,17,Veil Rift,"Coin, Experience",Mini Quest,Catacombs expansion
Hibernia,2003,Orb of Apollo (M6T8),40,Ashen Isle,,Master Level,Trials of Atlantis expansion
Hibernia,3628,Orders to the Dockmaster,3,Lamfhota's Sound,"Coin, Experience",Regular,Classic
Hibernia,2178,Organ Donation,4,Veil Rift,"Coin, Experience",Mini Quest,Catacombs expansion
Hibernia,1841,Origins of the Harpies,48,Oceanus Hesperos,Wind Hardened Leggings (plate),Regular,Trials of Atlantis expansion
Hibernia,2049,Orion's Belt,21,Oceanus Hesperos,Orion's Belt (caster),Artifact,Trials of Atlantis expansion
Hibernia,1942,Oukesson Trial (M4T6),40,Land of Atum,,Master Level,Trials of Atlantis expansion
Hibernia,3645,Out of the Woodwork (Hib),8,Lamfhota's Sound,"Coin, Experience",Regular,Classic
Hibernia,3003,Outfitting the Demonslayers,43,Tir na Nog,"Coin, Experience",Regular,Classic
Hibernia,760,Pastry Puff -- Kill Task,46,Tir na Nog,Experience,Kill Task,Classic
Hibernia,3830,Path of Harmony,45,Lough Derg,Firbolg Blademaster Call Stone,Regular,Classic
Hibernia,2252,Patrolling the Veil,10,Veil Rift,"Coin, Experience",Mini Quest,Catacombs expansion
Hibernia,3322,Pawns of Research,4,Lough Derg,Recruit's Clouded Jewel,Regular,Classic
Hibernia,2024,Perfect Barracuda Tooth -- Kill Task,37,Oceanus Hesperos,Experience,Kill Task,Trials of Atlantis expansion
Hibernia,2348,Perilous Poison,36,Underground Forest (Hib),"Coin, Experience",Mini Quest,Catacombs expansion
Hibernia,2991,Pest Control (Hib),46,Tir na Nog,"Coin, Experience",Mini Quest,Darkness Rising expansion
Hibernia,3559,Pest Control (Lamfhota's Sound),6,Lamfhota's Sound,Soggy-bane Longsword,Regular,Classic
Hibernia,392,Phaeghoul Red Hand -- Kill Task,37,Cliffs of Moher,Experience,Kill Task,Classic
Hibernia,1913,Phoebus Harp Necklace,50,Mesothalassa,Phoebus Harp Necklace,Artifact,Trials of Atlantis expansion
Hibernia,362,Piaras and Lhia,49,Silvermine Mountains,Yellow Silken Robes,Regular,Classic
Hibernia,2194,Pieces of the Veil,9,Veil Rift,"Coin, Experience",Mini Quest,Catacombs expansion
Hibernia,2019,Pillars (M7T8),40,Heart of Volcanus,,Master Level,Trials of Atlantis expansion
Hibernia,334,Please Deliver! (Way of Stealth),2,Lough Derg,"Coin, Experience",Regular,Classic
Hibernia,609,Poison for Ivy,31,Domnann,Ivy Trimmed Rapier,Regular,Shrouded Isle expansion
Hibernia,2274,Poisoning the Well,30,Abandoned Mines (Hib),Leather Gardener's Gloves,Regular,Catacombs expansion
Hibernia,2344,Possessed Shar on the Loose!,41,Underground Forest (Hib),"Coin, Experience",Mini Quest,Catacombs expansion
Hibernia,2203,Presumed Lost,23,Abandoned Mines (Hib),"Coin, Experience",Regular,Catacombs expansion
Hibernia,1835,Priceless Antiques,50,Oceanus Hesperos,Barnacle Encrusted Boots (Alb) (plate),Regular,Trials of Atlantis expansion
Hibernia,3045,Progress Quest,44,Tir na Nog,"Coin, Experience",Mini Quest,Shrouded Isle expansion
Hibernia,2035,Proof of Integrity,47,Stygian Delta,Golden Tuning Fork,Regular,Trials of Atlantis expansion
Hibernia,3335,Protecting the Crone,8,Connacht,Weak Elixir of Healing,Regular,Classic
Hibernia,740,Protecting the Groves,2,Domnann,"Coin, Experience",Regular,Shrouded Isle expansion
Hibernia,2711,Protection Racket,14,Silvermine Mountains,"Coin, Experience",Mini Quest,Classic
Hibernia,2664,Proving Ground,1,Veil Rift,"Coin, Experience",Mini Quest,Catacombs expansion
Hibernia,2347,Prowling in the Dark,37,Underground Forest (Hib),"Coin, Experience",Mini Quest,Catacombs expansion
Hibernia,2413,Prozlena's Gargoyles,47,Underground Forest (Hib),"Coin, Experience",Mini Quest,Catacombs expansion
Hibernia,2345,Prozlena's Poultice,37,Underground Forest (Hib),"Coin, Experience",Mini Quest,Catacombs expansion
Hibernia,3112,Pryde's Gifts,6,Connacht,Protector's Ring of Subtley,Regular,Classic
Hibernia,3330,Putting a Problem to Rest,6,Connacht,"Coin, Experience",Regular,Classic
Hibernia,2349,Queen's Labyrinth Scouting,37,The Otherworld (Hib),"Coin, Experience",Mini Quest,Catacombs expansion
Hibernia,3558,Quell the Invasion (Hib),4,Lamfhota's Sound,Sound's Cloth Sleeves of Grace (Hib),Regular,Classic
Hibernia,3082,Quest by Association (Hib),22,Tir na Nog,"Coin, Experience",Mini Quest,Darkness Rising expansion
Hibernia,2854,Quick Fix,7,Connacht,"Coin, Experience",Mini Quest,Classic
Hibernia,2411,R.S.V.P.,46,Queen's Labyrinth (Hib),"Coin, Experience",Mini Quest,Catacombs expansion
Hibernia,404,Rage Wolf Teeth -- Kill Task,31,Valley of Bri Leith,Experience,Kill Task,Classic
Hibernia,3158,Ranger Guild Gift,10,Tir na Nog,Novice's Longsword (Hib),Regular,Classic
Hibernia,2106,Ranger Jensyn's Duty,49,Underground Forest (Hib),"Coin, Experience",Mini Quest,Catacombs expansion
Hibernia,2610,Ranger Jensyn's Peace Drink,46,Underground Forest (Hib),"Coin, Experience",Mini Quest,Catacombs expansion
Hibernia,1899,Rare Snake (M6T1),40,Typhon's Reach,Cloak of Flowing Fire (Hib),Master Level,Trials of Atlantis expansion
Hibernia,2984,Ration Delivery (Hib),47,Tir na Nog,"Coin, Experience",Mini Quest,Darkness Rising expansion
Hibernia,2581,Rattled Recruit,6,Connacht,"Coin, Experience",Mini Quest,Classic
Hibernia,635,Ravaging Marine Shriller Hides -- Kill Task,46,Domnann,Experience,Kill Task,Shrouded Isle expansion
Hibernia,2845,Reagent 007 (Hib),6,Tir na Nog,"Coin, Experience",Mini Quest,Darkness Rising expansion
Hibernia,120,Reawakening,15,Silvermine Mountains,Experience,Regular,Classic
Hibernia,2690,Rebellion: Among the Dissidents (Chapter 1:4),30,King Lamhfotas' Throne Room,Villager's Victory Ring,Champion,Darkness Rising expansion
Hibernia,2688,Rebellion: Answering the Call (Chapter 1:2) (Hib),30,King Lamhfotas' Throne Room,"Coin, Experience",Champion,Darkness Rising expansion
Hibernia,2687,Rebellion: Introduction to the Cause (Chapter 1:1) (Hib),30,King Lamhfotas' Throne Room,"Coin, Experience",Champion,Darkness Rising expansion
Hibernia,2689,Rebellion: Spreading the Word (Chapter 1:3) (Hib),30,King Lamhfotas' Throne Room,,Champion,Darkness Rising expansion
Hibernia,2691,Rebellion: The Race to Clocha Liatha (Chapter 1:5),30,King Lamhfotas' Throne Room,Champion's Cloak of Shielding (Hib),Champion,Classic
Hibernia,3810,Rebuilding Flora (Hib),10,Lamfhota's Sound,"Coin, Experience",Regular,Classic
Hibernia,3437,Recalling the Wise,1,Lough Derg,Coin,Regular,Classic
Hibernia,2655,Reclaiming the Mines (Epic 6),30,Tir na Nog,Marksman Jewel,Regular,Classic
Hibernia,3094,Recruitment in Droighaid,27,Tir na Nog,"Coin, Experience",Mini Quest,Darkness Rising expansion
Hibernia,380,Red Cruach Wings -- Kill Task,33,Connacht,Experience,Kill Task,Classic
Hibernia,330,Regional Distinctions,16,Lough Derg,Skillful Ring,Regular,Classic
Hibernia,2739,Relcon's Mission,24,Silvermine Mountains,"Coin, Experience",Mini Quest,Classic
Hibernia,3063,Rending of the Earth,49,Tir na Nog,"Coin, Experience",Regular,Classic
Hibernia,3560,Reporting for Duty (Hib),5,Lamfhota's Sound,"Coin, Experience",Regular,Classic
Hibernia,2919,Reprisal (Epic 5),25,Tir na Nog,Midnight Seeker Ring,Regular,Classic
Hibernia,3141,Rescue Operation (Hib),1,Connacht,"Coin, Experience",Regular,Classic
Hibernia,2253,Research for the Queen,13,Veil Rift,"Coin, Experience",Mini Quest,Catacombs expansion
Hibernia,1970,Resin Trial (M5T6),40,Halls of Ma'ati,,Master Level,Trials of Atlantis expansion
Hibernia,3337,Respecting Territory,9,Connacht,Protector's Charm of Fortitude,Regular,Classic
Hibernia,516,Rest in Peace,17,Connacht,Dueling Sword,Regular,Classic
Hibernia,3809,Restoring Fauna (Hib),10,Lamfhota's Sound,"Coin, Experience",Regular,Classic
Hibernia,2651,Return of the Draoi Dorcha (Epic 3),15,Tir na Nog,Apprentice Bracer,Regular,Classic
Hibernia,367,Returning for More,31,Silvermine Mountains,Spinner's Cloak (level 33),Regular,Classic
Hibernia,3656,Returning Resources (Hib),10,Lamfhota's Sound,"Coin, Experience",Regular,Classic
Hibernia,369,Returning to the Source,31,Silvermine Mountains,"Coin, Experience",Regular,Classic
Hibernia,74,Rhian's Dyes,11,Lough Derg,"Coin, Experience",Regular,Classic
Hibernia,627,Rhoiwyn's Necklace,49,Caillte Garran,Rhoiwyn's Necklace,Regular,Shrouded Isle expansion
Hibernia,1985,Ring of Dances,50,Oceanus Notos,Ring of Dances (stealth),Artifact,Trials of Atlantis expansion
Hibernia,1870,Ring of Fire,50,Typhon's Reach,Ring of Fire,Artifact,Trials of Atlantis expansion
Hibernia,2055,Ring of Unyielding Will,30,Mesothalassa,Ring of Unyielding Will,Artifact,Trials of Atlantis expansion
Hibernia,124,Riona's Revenge,17,Silvermine Mountains,Dergal's Runed Hauberk (reinf),Regular,Classic
Hibernia,2978,Rites of Passage (Hib),49,Tir na Nog,"Coin, Experience",Regular,Darkness Rising expansion
Hibernia,1851,Riverland Menace,48,Stygian Delta,River Fighter Bracer,Regular,Trials of Atlantis expansion
Hibernia,51,Roane Skin,11,Tir na Nog,Ring of Song,Regular,Classic
Hibernia,2293,Rock Collection,35,Shar Labyrinth,"Coin, Experience",Mini Quest,Catacombs expansion
Hibernia,2264,Roots,14,Veil Rift,"Coin, Experience",Mini Quest,Catacombs expansion
Hibernia,3001,Rotten Apples,25,Tir na Nog,"Coin, Experience",Regular,Classic
Hibernia,2257,Royal Summons,12,Veil Rift,Cloak of the Chasm,Regular,Catacombs expansion
Hibernia,1838,Rrionne's Trial (M2T4),40,Sobekite Eternal,,Master Level,Trials of Atlantis expansion
Hibernia,1845,Ruin Samples,40,Oceanus Hesperos,Coin,Regular,Trials of Atlantis expansion
Hibernia,2278,Runner Solrar's Delivery,31,The Otherworld (Hib),"Coin, Experience",Mini Quest,Catacombs expansion
Hibernia,391,Sack of Grain -- Kill Task,35,Cliffs of Moher,Experience,Kill Task,Classic
Hibernia,1997,Sacrifice (M6T2),40,Typhon's Reach,,Master Level,Trials of Atlantis expansion
Hibernia,1842,Sacrificial Rites,48,Typhon's Reach,Cenalon's Ring of Power,Regular,Trials of Atlantis expansion
Hibernia,27,Sad Fomorie,17,Silvermine Mountains,"Coin, Experience",Regular,Classic
Hibernia,562,Sanidon Magical Sand -- Kill Task,40,Vigilant Rock,Experience,Kill Task,Shrouded Isle expansion
Hibernia,2738,Sargoth Who?,23,Silvermine Mountains,"Coin, Experience",Mini Quest,Classic
Hibernia,3377,Saving Midwinter (Hib),48,Connacht,Sleigh,Regular,Classic
Hibernia,3438,Saving the Fields,29,Tir na Nog,"Coin, Experience",Mini Quest,Shrouded Isle expansion
Hibernia,3430,Saving Zarees (lvl 48) (Hib),48,Lough Derg,Greater Cat's Claw Pendant,Regular,Shrouded Isle expansion
Hibernia,3336,Saving Zarees (lvl 7) (Hib),7,Lough Derg,Cat's Claw Pendant,Regular,Shrouded Isle expansion
Hibernia,3620,Saying Hello (Hib),1,Lamfhota's Sound,Chat Guide,Regular,Classic
Hibernia,1912,Scepter of the Meritorious,50,Oceanus Boreal,Scepter of the Meritorious (Alb),Artifact,Trials of Atlantis expansion
Hibernia,1889,Scorpion's Tail Ring,50,Stygian Delta,The Scorpions Tail,Artifact,Trials of Atlantis expansion
Hibernia,2167,Scryer (Hib),3,Lough Derg,Recruit's Cailiocht Leggings (old) (nld),Regular,Classic
Hibernia,97,Scuttle,17,Silvermine Mountains,Scuttle's Glowing Tooth,Regular,Classic
Hibernia,252,Sea Shell Sleeves,25,Tir na Nog,Sea Shell Sleeves,Regular,Classic
Hibernia,3394,Search for Answers,10,Connacht,Protector's Bracelet of Fortitude,Regular,Classic
Hibernia,3311,Search for Knowledge,1,Lough Derg,Recruit's Cloak (Hib),Regular,Classic
Hibernia,339,Search for Nasco's Spear,27,Lough Derg,Nasco's Barbed Spear,Regular,Classic
Hibernia,565,Search For The Missing Smith,38,Tir na Nog,Otherworldly Ring,Regular,Classic
Hibernia,1772,Season of Remorse,28,Silvermine Mountains,Empyrean Round Shield (small),Regular,Classic
Hibernia,313,Secret of Nuada's Silver A (level 25),25,Cliffs of Moher,Runic Woven Cap,Regular,Classic
Hibernia,314,Secret of Nuada's Silver B (level 30),30,Silvermine Mountains,Silvered Gauntlets,Regular,Classic
Hibernia,2195,Secrets of the Stone,9,Veil Rift,"Coin, Experience",Mini Quest,Catacombs expansion
Hibernia,3018,Securing the Path to Scathaig,38,Tir na Nog,"Coin, Experience",Mini Quest,Darkness Rising expansion
Hibernia,1836,Seed Pouch,50,Oceanus Hesperos,Sand Scorched Helm (Alb) (leather),Regular,Trials of Atlantis expansion
Hibernia,3091,Seek the Dragonslayer (Hib),1,Tir na Nog,Coin,Mini Quest,Classic
Hibernia,116,Seek the Moonstone,15,Tir na Nog,Fagan's Signet Ring,Regular,Classic
Hibernia,356,Seek the Moonstone B,20,Connacht,Empyrean Mist Leggings,Regular,Classic
Hibernia,522,Seek the Moonstone C,25,Lough Derg,Master Champion's Necklace,Regular,Classic
Hibernia,697,Seek the Moonstone D,30,Tir na Nog,Fagan's Helm of Honor,Regular,Classic
Hibernia,148,Seeking Glory,20,Tir na Nog,Siabrian Recurve Bow,Regular,Classic
Hibernia,1879,Sekhmet's Messenger,48,Stygian Delta,Sekhmet's Blessing Crown,Regular,Trials of Atlantis expansion
Hibernia,1900,Setian Plans,46,Stygian Delta,Golden Cat Linked Belt,Regular,Trials of Atlantis expansion
Hibernia,438,Sett Fur -- Kill Task,22,Mount Collory,Experience,Kill Task,Classic
Hibernia,658,Setting Sail,20,Shannon Estuary,Tiaga's Charm,Regular,Classic
Hibernia,2702,Settling the Score (Epic 3),15,Tir na Nog,Glamourist Bracer,Regular,Classic
Hibernia,1847,Seven Coins,49,Oceanus Notos,Ring of the Seven Solstices (rejuv),Regular,Trials of Atlantis expansion
Hibernia,547,Shade of a Grove,2,Domnann,"Coin, Experience",Regular,Shrouded Isle expansion
Hibernia,3011,Shaders of Evil,19,Tir na Nog,"Coin, Experience",Mini Quest,Shrouded Isle expansion
Hibernia,1911,Shades of Mist,50,Typhon's Reach,Shades of Mist (melee),Artifact,Trials of Atlantis expansion
Hibernia,272,Shadowgnash One Time Drop,47,Cursed Forest,Pooka Lord's Mantle,One Time Drop,Classic
Hibernia,433,Shadowy Helm -- Kill Task,43,Lough Gur,Experience,Kill Task,Classic
Hibernia,2016,Shaitan's Challenge (M7T5),40,Heart of Volcanus,,Master Level,Trials of Atlantis expansion
Hibernia,2196,Shards of the Veil,8,Veil Rift,"Coin, Experience",Mini Quest,Catacombs expansion
Hibernia,2675,Shattering the Alliance (Epic 8),40,Tir na Nog,Arboreal Mage Belt,Regular,Classic
Hibernia,193,Sheerie Mischief,22,Lough Derg,Mist Formed Bracer,Regular,Classic
Hibernia,2861,Shoe Enough (Hib),9,Tir na Nog,"Coin, Experience",Mini Quest,Darkness Rising expansion
Hibernia,3631,Showing Respect (Hib),4,Lamfhota's Sound,"Coin, Experience",Regular,Classic
Hibernia,1904,Shraogh's Trial (M3T7),40,Oceanus Notos,,Master Level,Trials of Atlantis expansion
Hibernia,3392,Siabra Amulet,10,Connacht,"Coin, Experience",Mini Quest,Classic
Hibernia,493,Siabra Charm Rings -- Kill Task,43,Shannon Estuary,Experience,Kill Task,Classic
Hibernia,3320,Siabra Influences,3,Lough Derg,Recruit's Cailiocht Sleeves,Regular,Classic
Hibernia,377,Siabra Waylayer Sash -- Kill Task,26,Valley of Bri Leith,Experience,Kill Task,Classic
Hibernia,2004,Siege of Vazul's Fortress (M6T9),40,Ashen Isle,,Master Level,Trials of Atlantis expansion
Hibernia,207,Sile's Sight,27,Shannon Estuary,Sword of the Keeper,Regular,Classic
Hibernia,701,Silver Run,11,Domnann,Boots of Agility,Regular,Shrouded Isle expansion
Hibernia,1907,Sinovia Trial (M3T9),40,Temple of Twilight,,Master Level,Trials of Atlantis expansion
Hibernia,2001,Siraadi (M6T6),40,Typhon's Reach,,Master Level,Trials of Atlantis expansion
Hibernia,512,Skeletal Dwarf Invader Skull -- Kill Task,43,Connacht,Experience,Kill Task,Classic
Hibernia,666,Skimmer Skins -- Kill Task,36,Caillte Garran,Experience,Kill Task,Shrouded Isle expansion
Hibernia,1962,Skyros Order,30,Mesothalassa,,Regular,Trials of Atlantis expansion
Hibernia,3086,Slaying Shrillers,24,Tir na Nog,"Coin, Experience",Mini Quest,Shrouded Isle expansion
Hibernia,2327,Slaying the Scaanagh,18,Veil Rift,"Coin, Experience",Mini Quest,Catacombs expansion
Hibernia,65,Slevin's Powder,1,Silvermine Mountains,"Coin, Experience",Regular,Classic
Hibernia,3007,Slinking Sylvanshade Finger -- Kill Task,38,Vigilant Rock,"Coin, Experience",Kill Task,Classic
Hibernia,494,Sloithi One Time Drop,17,Valley of Bri Leith,Sloithi's Ring of Fortitude,One Time Drop,Classic
Hibernia,3577,Smithing Supplies (Hib),10,Tir na Nog,"Coin, Experience",Mini Quest,Shrouded Isle expansion
Hibernia,1865,Snakes and Spikes (M2T10),40,Sobekite Eternal,,Master Level,Trials of Atlantis expansion
Hibernia,1910,Snatcher's Tale,50,Typhon's Reach,Snatcher,Artifact,Trials of Atlantis expansion
Hibernia,2204,Sneaking the Supplies,23,Abandoned Mines (Hib),"Coin, Experience",Mini Quest,Catacombs expansion
Hibernia,2340,Sneaky Sneaks!,40,Underground Forest (Hib),"Coin, Experience",Mini Quest,Catacombs expansion
Hibernia,2342,So Says I,40,The Otherworld (Hib),"Coin, Experience",Mini Quest,Catacombs expansion
Hibernia,647,Soaring Manta Wings -- Kill Task,44,Vigilant Rock,Experience,Kill Task,Shrouded Isle expansion
Hibernia,3458,Speaking of Dragonslaying (Hib),1,Lough Derg,,Regular,Classic
Hibernia,1953,Spear of Kings,50,Oceanus Notos,Spear of Kings (Hib) (cs),Artifact,Trials of Atlantis expansion
Hibernia,3562,Special Delivery (Hib),6,Lamfhota's Sound,Defender's Gem,Regular,Classic
Hibernia,1762,Spectral Essence -- Kill Task,48,Tir na Nog,Experience,Kill Task,Classic
Hibernia,513,Speghoul Heart -- Kill Task,40,Connacht,Experience,Kill Task,Classic
Hibernia,3625,Spell Damage (Hib),1,Lamfhota's Sound,"Coin, Experience",Regular,Classic
Hibernia,3641,Spellcrafting - It's Magically Imbuing!,7,Lamfhota's Sound,Apprentice's Scale Gloves,Crafting,Classic
Hibernia,305,"Spicket, Spackit and Spykit",5,Lough Derg,Spicket's Belt,Regular,Classic
Hibernia,238,Spifnar One Time Drop,33,Cruachan Gorge,Crescent Reaver,One Time Drop,Classic
Hibernia,162,Spinner's Cloak,17,Silvermine Mountains,Spinner's Cloak (lvl 19),Regular,Classic
Hibernia,434,Spirit Catcher Stone -- Kill Task,40,Bog of Cullen,Experience,Kill Task,Classic
Hibernia,646,Spiteful Sylvanshade Head -- Kill Task,46,Domnann,Experience,Kill Task,Shrouded Isle expansion
Hibernia,2733,Spraggon Threat,21,Silvermine Mountains,"Coin, Experience",Mini Quest,Classic
Hibernia,382,Squabbler Eye --Kill Task,29,Connacht,Experience,Kill Task,Classic
Hibernia,340,Sraoi's Heart,25,Tir na Nog,Sraoi's Luminescent Heart,Regular,Classic
Hibernia,1854,Staff of the God,50,Mesothalassa,Staff of the God (caster),Artifact,Trials of Atlantis expansion
Hibernia,1839,Stand Fast (M2T8),40,Sobekite Eternal,,Master Level,Trials of Atlantis expansion
Hibernia,3448,Starting at the Beginning (Hib),20,Tir na Nog,"Coin, Experience",Mini Quest,Darkness Rising expansion
Hibernia,2841,Staunch Allies (Hib),5,Tir na Nog,"Coin, Experience",Mini Quest,Darkness Rising expansion
Hibernia,3196,Stealing Supplies (Hib),47,Lough Gur,"Coin, Experience",Regular,Classic
Hibernia,3508,Steel Delivery,33,Tir na Nog,"Coin, Experience",Mini Quest,Shrouded Isle expansion
Hibernia,1906,Sting Ray Trial (M3T8),40,Temple of Twilight,,Master Level,Trials of Atlantis expansion
Hibernia,2169,Stolen Hatchling,4,Lough Derg,Recruit's Silver Ring (Hib) (old) (nld),Regular,Classic
Hibernia,1982,Stolen History,45,Mesothalassa,Melos Pearl-Edged Cloak,Regular,Trials of Atlantis expansion
Hibernia,166,Stolen Ore A (level 15),15,Tir na Nog,Ore Ring,Regular,Classic
Hibernia,312,Stolen Ore B (level 20),20,Lough Derg,Woven Sash,Regular,Classic
Hibernia,2254,Stolen Stones,13,Veil Rift,"Coin, Experience",Mini Quest,Catacombs expansion
Hibernia,3333,Stolen Weapons Retrieval,7,Connacht,Protector's Belt of Fortitude,Regular,Classic
Hibernia,2328,Stolen Wine,18,Veil Rift,"Coin, Experience",Mini Quest,Catacombs expansion
Hibernia,1843,Stone King,49,Arbor Glen,Wrap of Withstanding,Regular,Trials of Atlantis expansion
Hibernia,1890,Stone of Atlantis,50,Stygian Delta,Stone of Atlantis,Artifact,Trials of Atlantis expansion
Hibernia,3415,Stop the Villians,16,Tir na Nog,"Coin, Experience",Mini Quest,Darkness Rising expansion
Hibernia,3414,Stopping a Sneeze,16,Tir na Nog,"Coin, Experience",Mini Quest,Shrouded Isle expansion
Hibernia,82,Storyteller's Tale,28,Shannon Estuary,"Coin, Experience",Regular,Classic
Hibernia,1905,Strange Barracuda Trial (M3T6),40,Temple of Twilight,,Master Level,Trials of Atlantis expansion
Hibernia,2007,Strange Bedfellows (Hib),45,Tir na Nog,Perfect Life Stone,Regular,Classic
Hibernia,76,Strange Matters Indeed,7,Tir na Nog,Gem Encrusted Bracelet,Regular,Classic
Hibernia,306,Straw's In Town,7,Connacht,Straw's Belt,Regular,Classic
Hibernia,394,Streaming Wisp Husk -- Kill Task,24,Tir na Nog,Experience,Kill Task,Classic
Hibernia,2268,Strike a Deal,28,The Otherworld (Hib),"Coin, Experience",Mini Quest,Catacombs expansion
Hibernia,2041,String of Curses,23,Shannon Estuary,Spiked Mace of Thorns,Regular,Classic
Hibernia,2179,Stronger Magic,5,Veil Rift,"Coin, Experience",Mini Quest,Catacombs expansion
Hibernia,3013,Struggle Against the Stranglers,19,Tir na Nog,"Coin, Experience",Mini Quest,Darkness Rising expansion
Hibernia,1876,Studies Abroad,35,Domnann,Ailionora's Token,Regular,Shrouded Isle expansion
Hibernia,43,Summoner Expulsion,4,Connacht,Ring of Staves,Regular,Classic
Hibernia,2197,Supplies for the Shar,4,Veil Rift,"Coin, Experience",Mini Quest,Catacombs expansion
Hibernia,3665,Supply & Demand (Hero),9,Lamfhota's Sound,Longsword of the Protector,Regular,Classic
Hibernia,3110,Supplying Connla,28,Tir na Nog,"Coin, Experience",Mini Quest,Darkness Rising expansion
Hibernia,3275,Surprise Attack,10,Connacht,"Coin, Experience",Mini Quest,Classic
Hibernia,2633,Sweating the Smith (Epic 3),15,Tir na Nog,Conjurer Bracer,Regular,Classic
Hibernia,2882,Swords to Ale Casks,50,King Lamhfotas' Throne Room,"Coin, Experience",Regular,Darkness Rising expansion
Hibernia,756,Sylvan Shadows (level 11),11,Domnann,Shrouding Shadow,Regular,Shrouded Isle expansion
Hibernia,1765,Sylvan Shadows (level 7),7,Domnann,Bracer of Hero's Integrity,Regular,Shrouded Isle expansion
Hibernia,3526,Sylvan Situation,34,Tir na Nog,"Coin, Experience",Mini Quest,Shrouded Isle expansion
Hibernia,3019,Sylvanshade Shenanigans,27,Tir na Nog,"Coin, Experience",Mini Quest,Shrouded Isle expansion
Hibernia,2198,Synnelae's Research,3,Veil Rift,"Coin, Experience",Mini Quest,Catacombs expansion
Hibernia,3418,Tackling a Task,16,Tir na Nog,"Coin, Experience",Mini Quest,Darkness Rising expansion
Hibernia,283,Tadhg's Lost Treasure,1,Shannon Estuary,Faded Old Blue Vest,Regular,Classic
Hibernia,2851,Take One and Pass It (Hib),7,Tir na Nog,"Coin, Experience",Mini Quest,Darkness Rising expansion
Hibernia,2865,Taking Care of our Own (Hib),9,Tir na Nog,"Coin, Experience",Mini Quest,Darkness Rising expansion
Hibernia,2298,Taking Samples,36,The Otherworld (Hib),"Coin, Experience",Mini Quest,Catacombs expansion
Hibernia,3318,Taking The Pawns,3,Lough Derg,Recruit's Cailiocht Leggings,Regular,Classic
Hibernia,2265,Taking up Arms,14,Veil Rift,"Coin, Experience",Mini Quest,Catacombs expansion
Hibernia,48,Tale of Cad Goddeau,4,Shannon Estuary,Band of Twigs,Regular,Classic
Hibernia,1966,Tarnished Tradeskill Tools (Hib),10,Tir na Nog,Tarnished Weapon Etching Tool,Crafting,Classic
Hibernia,1933,Tartaros Gift,50,Typhon's Reach,Tartaros Gift  (friar),Artifact,Trials of Atlantis expansion
Hibernia,3445,Tasked to Talk (Hib),20,Tir na Nog,"Coin, Experience",Mini Quest,Catacombs expansion
Hibernia,2981,Tasking in the Glory (Hib),46,Tir na Nog,"Coin, Experience",Mini Quest,Darkness Rising expansion
Hibernia,2847,Tasks to Master (Hib),6,Tir na Nog,"Coin, Experience",Mini Quest,Darkness Rising expansion
Hibernia,2567,Tathor's Beauty Essence,2,Veil Rift,"Coin, Experience",Mini Quest,Catacombs expansion
Hibernia,2047,Tears of Fire (Hib),48,Oceanus Notos,Phoenix Tear,Regular,Trials of Atlantis expansion
Hibernia,1897,Telgar's Redemption,48,Oceanus Anatole,Lava Scorched Belt (dex/str),Regular,Trials of Atlantis expansion
Hibernia,2393,Terracite Weapon,43,Underground Forest (Hib),"Coin, Experience",Mini Quest,Catacombs expansion
Hibernia,3252,Testing the Manual (Hib),1,Tir na Nog,Dragonsworn Manual of Arms,Regular,Classic
Hibernia,2988,That Voodoo That You Do (Hib),47,Tir na Nog,"Coin, Experience",Mini Quest,Catacombs expansion
Hibernia,3640,The Alchemist (Hib),6,Lamfhota's Sound,Bracer of Shadow,Regular,Classic
Hibernia,101,The Anxious Healer,31,Cliffs of Moher,Cloak of Obscurement,Regular,Classic
Hibernia,2669,The Apple's Kiss (Epic 2),10,Tir na Nog,Adept's Belt,Regular,Classic
Hibernia,3254,The Arrogant Eldritch,25,Lough Derg,Ring of the Lake,Regular,Classic
Hibernia,3250,The Battlelord,48,Lough Derg,Frostryder Signet,Regular,Classic
Hibernia,3623,The Benefits of Potions (Hib),1,Lamfhota's Sound,Elixir of Might,Regular,Classic
Hibernia,2297,The Blade of Revenge,36,The Otherworld (Hib),"Coin, Experience",Mini Quest,Catacombs expansion
Hibernia,2329,The Blink of an Eye,17,Veil Rift,"Coin, Experience",Mini Quest,Catacombs expansion
Hibernia,724,The Broken Seal,24,Cliffs of Moher,Waterspun Belt of Fortitude,Regular,Classic
Hibernia,304,The Bug Catcher's Studies,5,Lough Derg,"Coin, Experience",Regular,Classic
Hibernia,3655,The Carver's Mystery (Hib),10,Lamfhota's Sound,"Coin, Experience",Regular,Classic
Hibernia,2221,The Cloak Shell,25,The Otherworld (Hib),"Coin, Experience",Mini Quest,Catacombs expansion
Hibernia,3317,The Cursed Burrow,2,Lough Derg,Light Green Cloth Dye,Regular,Classic
Hibernia,2568,The Dark Elves,2,Veil Rift,"Coin, Experience",Mini Quest,Catacombs expansion
Hibernia,2201,The Deceiver,5,Veil Rift,Resistant Rift Cloak,Regular,Catacombs expansion
Hibernia,3046,The Deed's the Thing,44,Tir na Nog,"Coin, Experience",Mini Quest,Darkness Rising expansion
Hibernia,3714,The Demon Queen (Hib),50,Darkness Falls,Demonslayer Medal of Honor,Regular,Classic
Hibernia,3339,The Depraved Sylvan,5,Lough Derg,Ring of the Oak,Regular,Classic
Hibernia,2569,The Devil's in the Details,1,Lough Derg,"Coin, Experience",Mini Quest,Classic
Hibernia,3255,The Discontented Soldier,35,Lough Derg,Ring of the Equinox,Regular,Classic
Hibernia,2703,The Elf Lord's Vengeance (Epic 5),25,Tir na Nog,Seductor Ring,Regular,Classic
Hibernia,2704,The Empyrean Dilemma (Epic 6),30,Tir na Nog,Mesmerizer Jewel,Regular,Classic
Hibernia,2977,The End is Near (Hib),48,Tir na Nog,"Coin, Experience",Mini Quest,Darkness Rising expansion
Hibernia,3200,The Enemy Appears (Hib),5,Lough Derg,"Coin, Experience",Regular,Classic
Hibernia,2330,The Featherlight Cap,15,Veil Rift,"Coin, Experience",Mini Quest,Catacombs expansion
Hibernia,350,The Feud,20,Silvermine Mountains,Aged Stone Staff,Regular,Classic
Hibernia,2658,The Final Strike (Epic 9),45,Tir na Nog,Mistbound Robe,Regular,Classic
Hibernia,3138,The First of Many (Hib),45,Lough Gur,"Coin, Experience",Regular,Classic
Hibernia,1925,The Five Idols of Sobek,50,Mesothalassa,,Regular,Trials of Atlantis expansion
Hibernia,3277,The Ghostly Harvest (Hib),45,Lough Derg,Battled Mantle of Samhain,Regular,Classic
Hibernia,1887,The Golden Spear,50,Stygian Delta,The Golden Spear (Hib),Artifact,Trials of Atlantis expansion
Hibernia,3218,The Great Hunt (Hib),49,Lough Derg,"Coin, Experience",Regular,Classic
Hibernia,1816,The Hand of God,49,Allta Fearann,Archaic Carragh Robe,Regular,Shrouded Isle expansion
Hibernia,2656,The Hand of Nuada Airgedlamh (Epic 1),5,Tir na Nog,Wilder Jewel,Regular,Classic
Hibernia,3040,The Hands of the Enemy,26,Abandoned Mines (Hib),"Coin, Experience",Mini Quest,Catacombs expansion
Hibernia,3651,The Hilt of the Blade (Hib),9,Lamfhota's Sound,"Coin, Experience",Regular,Classic
Hibernia,3202,The Hunt Begins,47,Lough Derg,"Coin, Experience",Regular,Classic
Hibernia,126,The Hunt for Bristle,13,Connacht,Bristle's Fang,Regular,Classic
Hibernia,2846,The King Wants You! (Hib),6,Tir na Nog,"Coin, Experience",Mini Quest,Darkness Rising expansion
Hibernia,2012,The Lava Bridge (M7T1),40,Heart of Volcanus,,Master Level,Trials of Atlantis expansion
Hibernia,2682,The Legacy of Fragarach (Epic 1),5,Tir na Nog,Midnight Initiate Jewel,Regular,Catacombs expansion
Hibernia,2684,The Light-Fingered Blademaster (Epic 3),15,Tir na Nog,Midnight Adept Bracer,Regular,Classic
Hibernia,2271,The Loss of a Son,30,The Otherworld (Hib),"Coin, Experience",Mini Quest,Catacombs expansion
Hibernia,3002,The Lost Coin,24,Tir na Nog,"Coin, Experience",Regular,Shrouded Isle expansion
Hibernia,1796,The Lost Relics,45,Tir na Nog,Defender's Cloak of the Clear Mind,Regular,Classic
Hibernia,734,The Lost Seed,48,Caillte Garran,Paidrean Necklace,Regular,Shrouded Isle expansion
Hibernia,3626,The Matriarch (Hib),3,Lamfhota's Sound,Sound's Cloth Leggings of Grace (Hib),Regular,Classic
Hibernia,2294,The Missing Ingredient,35,Abandoned Mines (Hib),"Coin, Experience",Mini Quest,Catacombs expansion
Hibernia,2108,The Missing Watcher,37,Underground Forest (Hib),Caerid's Cincture,Regular,Catacombs expansion
Hibernia,1828,The Monument (Rassa) (M1T7),40,Oceanus Anatole,,Master Level,Trials of Atlantis expansion
Hibernia,297,The Moonstone Twin (level 43),43,Tir na Nog,Enchanted Gold Chain,Regular,Classic
Hibernia,298,The Moonstone Twin (level 45),45,Tir na Nog,Enchanter's Jewel,Regular,Classic
Hibernia,341,The Moonstone Twin (level 47),47,Tir na Nog,"Coin, Experience",Regular,Classic
Hibernia,299,The Moonstone Twin (level 50),50,Tir na Nog,Moonspun Boots,Regular,Classic
Hibernia,1927,The Other Side,50,Stygian Delta,Desert Warrior Cloak,Regular,Trials of Atlantis expansion
Hibernia,3529,The Overdue Report,35,Tir na Nog,"Coin, Experience",Mini Quest,Darkness Rising expansion
Hibernia,3638,The Package,7,Lamfhota's Sound,Strategist's Ring of Might,Regular,Classic
Hibernia,1790,The Piper's Price,25,Lough Gur,Embellished Rat-Tooth Belt,Regular,Classic
Hibernia,2881,The Price of Toile in Tir na Nog,50,King Lamhfotas' Throne Room,"Coin, Experience",Regular,Darkness Rising expansion
Hibernia,2975,The Progression (Hib),46,Tir na Nog,"Coin, Experience",Mini Quest,Darkness Rising expansion
Hibernia,2352,The Queen's Bounty,38,The Otherworld (Hib),"Coin, Experience",Mini Quest,Catacombs expansion
Hibernia,2227,The Researcher's Protection,19,Veil Rift,"Coin, Experience",Mini Quest,Catacombs expansion
Hibernia,3230,The Road to Tailtiu,48,Sheeroe Hills,"Coin, Experience",Regular,Classic
Hibernia,1981,The Secrets of Naxos,40,Mesothalassa,Naxos Abalone Bracer,Regular,Trials of Atlantis expansion
Hibernia,2338,The Shar Hand,39,Underground Forest (Hib),"Coin, Experience",Mini Quest,Catacombs expansion
Hibernia,2665,The Shar's Armor,1,Tir na Nog,"Coin, Experience",Mini Quest,Catacombs expansion
Hibernia,2288,The Sincerest Form of Flattery,33,Abandoned Mines (Hib),"Coin, Experience",Mini Quest,Catacombs expansion
Hibernia,1877,The Snakecharmer's Weapon,50,Land of Atum,The Snakecharmer's Scythe,Artifact,Trials of Atlantis expansion
Hibernia,3632,The Specialists (Hib),2,Lamfhota's Sound,"Coin, Experience",Regular,Classic
Hibernia,3838,The Stag,45,Lough Derg,Firbolg Stag Call Stone,Regular,Classic
Hibernia,576,The Status of Information,13,Domnann,Lyrical Leaf Gauntlets,Regular,Shrouded Isle expansion
Hibernia,2683,The Sword of Cuchulainn (Epic 2),10,Tir na Nog,Midnight Apprentice Belt,Regular,Classic
Hibernia,711,The Sylvan's Pain,47,Caillte Garran,Holly Ring,Regular,Shrouded Isle expansion
Hibernia,3436,The Tale of a Dragon's Revenge,1,Lough Derg,,Regular,Classic
Hibernia,3514,The Taskmaster's Duty,40,Tir na Nog,"Coin, Experience",Mini Quest,Darkness Rising expansion
Hibernia,415,The Touch of Amadan Duhb,40,Shannon Estuary,Band of Hidden Talent,Regular,Classic
Hibernia,2692,The Treasures of Tir na mBeo (Epic 1),5,Tir na Nog,Charmer Jewel,Regular,Classic
Hibernia,610,The Tree Maidens,48,Caillte Garran,Song of the Bard,Regular,Shrouded Isle expansion
Hibernia,3633,The Ubiquitous Mrs. Smith,6,Lamfhota's Sound,"Coin, Experience",Regular,Classic
Hibernia,3084,The Unbearable Beings of Darkness (Hib),22,Tir na Nog,"Coin, Experience",Mini Quest,Darkness Rising expansion
Hibernia,1898,The Wandering Ones,47,Stygian Delta,Tooth of the Cat Gem,Regular,Trials of Atlantis expansion
Hibernia,2107,The War Council,41,Underground Forest (Hib),Misty Gem of the Underforest,Regular,Catacombs expansion
Hibernia,3662,The Way of the Rider,10,Lamfhota's Sound,"Coin, Experience",Regular,Classic
Hibernia,2883,The Wayward Son,50,King Lamhfotas' Throne Room,"Coin, Experience",Regular,Darkness Rising expansion
Hibernia,196,The West Wind,38,Tir na Nog,Scale Greaves of Might,Regular,Classic
Hibernia,2848,The Widowmaker (Hib),7,Tir na Nog,"Coin, Experience",Mini Quest,Darkness Rising expansion
Hibernia,1944,The Winged Helm,50,Oceanus Notos,The Winged Helm (Alb) (chain),Artifact,Trials of Atlantis expansion
Hibernia,3467,Thidranki Egg Hunt (Hib),20,Connacht,"Coin, Experience",Regular,Classic
Hibernia,2266,Thief in the Veil,14,Veil Rift,"Coin, Experience",Mini Quest,Catacombs expansion
Hibernia,3253,This Land is My Land,25,Lough Derg,Ring of the Lake,Regular,Classic
Hibernia,224,Thistle One Time Drop,32,Cruachan Gorge,Shape-changer's Vest,One Time Drop,Classic
Hibernia,3811,Those in Need,9,Lamfhota's Sound,"Coin, Experience",Regular,Classic
Hibernia,645,Tidal Angler Meat -- Kill Task,43,Vigilant Rock,Experience,Kill Task,Shrouded Isle expansion
Hibernia,1818,Tittering Tree Dervish Bark -- Kill Task,48,Cothrom Gorge,Experience,Kill Task,Shrouded Isle expansion
Hibernia,2255,To Invoke or Not to Invoke,13,Veil Rift,"Coin, Experience",Mini Quest,Catacombs expansion
Hibernia,3805,To kill a Forest Changeling,8,Lamfhota's Sound,"Coin, Experience",Regular,Classic
Hibernia,2973,Too Much for the Realm Guards,41,Tir na Nog,"Coin, Experience",Mini Quest,Darkness Rising expansion
Hibernia,403,Torc Teeth -- Kill Task,34,Valley of Bri Leith,Experience,Kill Task,Classic
Hibernia,368,Traces of the Mad Changlings,31,Silvermine Mountains,Lusmorebane's Jeweled Necklace,Regular,Classic
Hibernia,46,Track and Seek,4,Lough Derg,Ring of Masked Faces,Regular,Classic
Hibernia,2729,Track Inspection,20,Abandoned Mines (Hib),"Coin, Experience",Mini Quest,Catacombs expansion
Hibernia,3618,Trainers and Merchants (Hib),1,Lamfhota's Sound,Miraveth's Cloak,Regular,Classic
Hibernia,2079,Traitor in Mag Mell,2,Lough Derg,Recruit's Cailiocht Boots (old) (nld),Regular,Classic
Hibernia,1922,Traitor's Dagger,50,Mesothalassa,Traitor's Dagger (Hib),Artifact,Trials of Atlantis expansion
Hibernia,1932,Traldor's Oracle,50,Oceanus Boreal,Traldor's Oracle (Alb) (int),Artifact,Trials of Atlantis expansion
Hibernia,3598,Trampled,35,Tir na Nog,"Coin, Experience",Mini Quest,Shrouded Isle expansion
Hibernia,570,Trampler Stomachs -- Kill Task,34,Caillte Garran,Experience,Kill Task,Shrouded Isle expansion
Hibernia,3321,Trapping a Trapper,4,Lough Derg,Recruit's Cailiocht Gauntlets,Regular,Classic
Hibernia,20,Traveler's Way (Hib),7,Tir na Nog,Experience,Regular,Classic
Hibernia,2296,Traversing the Insanity,35,Shar Labyrinth,"Coin, Experience",Mini Quest,Catacombs expansion
Hibernia,3031,Treant Bark -- Kill Task,38,Vale of Balor,"Coin, Experience",Kill Task,Shrouded Isle expansion
Hibernia,461,Treasure Hunt,21,Silvermine Mountains,Glom's Tiny Brooch,Regular,Classic
Hibernia,3362,Trinkets for Tots (Hib),1,Connacht,Snowy Wreath,Regular,Classic
Hibernia,1837,Triton Chief's Trial (M2T3),40,Oceanus Boreal,,Master Level,Trials of Atlantis expansion
Hibernia,289,Troya's Research,2,Silvermine Mountains,Reed Bracer,Regular,Classic
Hibernia,2985,Tur Suil Awaits,49,Tir na Nog,"Coin, Experience",Mini Quest,Shrouded Isle expansion
Hibernia,642,Twisted Barkstripper Treant Wood -- Kill Task,30,Vigilant Rock,Experience,Kill Task,Shrouded Isle expansion
Hibernia,2473,Twisted Corrupter Hand -- Kill Task,45,Vigilant Rock,"Coin, Experience",Kill Task,Shrouded Isle expansion
Hibernia,577,Twisted Evil,38,Domnann,Moss Covered Coif,Regular,Shrouded Isle expansion
Hibernia,1771,"Two Ales, Ailish!",15,Tir na Nog,Gold Etched Wine Glass,Regular,Classic
Hibernia,2976,"Two Steps Forward, Three Steps Back (Hib)",47,Tir na Nog,"Coin, Experience",Regular,Darkness Rising expansion
Hibernia,2021,Typhon's Rage (M7T10),40,Typhon's Palace,,Master Level,Trials of Atlantis expansion
Hibernia,2207,Tysholt's Home Brew,27,Abandoned Mines (Hib),"Coin, Experience",Mini Quest,Catacombs expansion
Hibernia,402,Umber Bear Teeth -- Kill Task,44,Valley of Bri Leith,Experience,Kill Task,Classic
Hibernia,2989,Underneath it All (Hib),49,Tir na Nog,"Coin, Experience",Mini Quest,Catacombs expansion
Hibernia,500,Unnatural Powers (level 43),43,Tir na Nog,Emerald Threaded Forest Cloak,Regular,Classic
Hibernia,650,Unnatural Powers (level 50),50,Tir na Nog,Mist Shrouded Helm,Regular,Classic
Hibernia,3449,Unraveling: Illusions of Grandeur (Hib),50,King Lamhfotas' Throne Room,"Coin, Experience",Champion,Darkness Rising expansion
Hibernia,3435,Unraveling: Infernal Investigation (Hib),50,King Lamhfotas' Throne Room,"Coin, Experience",Champion,Labyrinth of the Minotaur expansion
Hibernia,3006,Unwanted Even in Death,36,Vigilant Rock,"Coin, Experience",Regular,Shrouded Isle expansion
Hibernia,3513,Urgent Supplies,39,Tir na Nog,"Coin, Experience",Mini Quest,Shrouded Isle expansion
Hibernia,2842,Using What We Can (Hib),5,Tir na Nog,"Coin, Experience",Mini Quest,Darkness Rising expansion
Hibernia,3113,Valentine's Traditions (Hib),1,Lough Derg,Hearts Cloak (lvl 45),Regular,Classic
Hibernia,3168,Valewalker Guild Gift,10,Tir na Nog,Novice's Scythe,Regular,Classic
Hibernia,2132,Valryn's Request,49,The Otherworld (Hib),"Coin, Experience",Mini Quest,Catacombs expansion
Hibernia,1940,Valuable Stone Trial (M4T4),40,Land of Atum,,Master Level,Trials of Atlantis expansion
Hibernia,525,Vehement Gizzard -- Kill Task,40,Cliffs of Moher,Experience,Kill Task,Classic
Hibernia,2199,Veil Touched Weapons,6,Tir na Nog,"Coin, Experience",Mini Quest,Catacombs expansion
Hibernia,2256,Veil Wine,11,Veil Rift,"Coin, Experience",Mini Quest,Catacombs expansion
Hibernia,692,Venomous Spore Poison Sac -- Kill Task,49,Cothrom Gorge,Experience,Kill Task,Shrouded Isle expansion
Hibernia,3806,Venting Spleen,8,Lamfhota's Sound,Helm of Dubious Intentions (leather),Regular,Classic
Hibernia,2025,Vial of Barracuda Slime -- Kill Task,43,Oceanus Hesperos,Experience,Kill Task,Trials of Atlantis expansion
Hibernia,432,Vial of Deamhan Breath -- Kill Task,40,Silvermine Mountains,Experience,Kill Task,Classic
Hibernia,437,Vial of Glowing Gases (Eiral) -- Kill Task,43,Connacht,Experience,Kill Task,Classic
Hibernia,430,Vial of Glowing Gasses (Iola) -- Kill Task,40,Silvermine Mountains,Experience,Kill Task,Classic
Hibernia,718,Vial of Moss Juice -- Kill Task,40,Lough Derg,Coin,Kill Task,Classic
Hibernia,3328,Victim of the Siabra Ways,5,Lough Derg,Recruit's Insightful Cloak,Regular,Classic
Hibernia,611,Vigilant One Leaves -- Kill Task,36,Vigilant Rock,Experience,Kill Task,Shrouded Isle expansion
Hibernia,1798,Viraniel's Plague,35,Tir na Nog,Diamond Skull,Regular,Classic
Hibernia,2015,Volurgon's Challenge (M7T4),40,Heart of Volcanus,,Master Level,Trials of Atlantis expansion
Hibernia,2860,Ward Science (Hib),8,Tir na Nog,"Coin, Experience",Mini Quest,Catacombs expansion
Hibernia,3170,Warden Guild Gift,10,Tir na Nog,Novice's Longsword (Hib),Regular,Classic
Hibernia,3634,"Waste Not, Want Not (Hib)",4,Lamfhota's Sound,Sound's Cloth Helm of Grace (Hib),Regular,Classic
Hibernia,3702,Waterblade Back Fin -- Kill Task,44,Stygian Delta,"Coin, Experience",Kill Task,Trials of Atlantis expansion
Hibernia,62,Way of Arms -- Learn the Paths,1,Silvermine Mountains,"Coin, Experience",Regular,Classic
Hibernia,259,Way of Magic - Learn the Paths,1,Lough Derg,"Coin, Experience",Regular,Classic
Hibernia,333,Way of Stealth - Learn the Paths,1,Lough Derg,"Coin, Experience",Regular,Classic
Hibernia,3658,Way of the Cat (Hib),10,Lamfhota's Sound,"Coin, Experience",Regular,Classic
Hibernia,549,Way of the Grove -- Learning the Paths,4,Domnann,"Coin, Experience",Regular,Shrouded Isle expansion
Hibernia,3653,Way of the Wolf (Hib),9,Lamfhota's Sound,"Coin, Experience",Regular,Classic
Hibernia,2982,Weapons Grade Metal (Hib),47,Tir na Nog,"Coin, Experience",Mini Quest,Shrouded Isle expansion
Hibernia,3083,What a Guard Wants,22,Tir na Nog,"Coin, Experience",Mini Quest,Darkness Rising expansion
Hibernia,2215,What Ryhmes with 'Thallooniagh'?,24,The Otherworld (Hib),"Coin, Experience",Mini Quest,Catacombs expansion
Hibernia,597,Whatcha Gonna Do,12,Domnann,Shadow Scythe,Regular,Shrouded Isle expansion
Hibernia,2843,When the Guards are Away (Hib),6,Tir na Nog,"Coin, Experience",Mini Quest,Shrouded Isle expansion
Hibernia,3229,Whispering Light,47,Sheeroe Hills,"Coin, Experience",Regular,Classic
Hibernia,3820,White Shark Jawbone -- Kill Task,48,Ruins of Atlantis,"Coin, Experience",Kill Task,Trials of Atlantis expansion
Hibernia,3561,Who's Crate is it Anyway,6,Lamfhota's Sound,"Coin, Experience",Regular,Classic
Hibernia,1834,Wicoessa's Proposition,46,Oceanus Hesperos,Ancient Carved Breastplate,Regular,Trials of Atlantis expansion
Hibernia,546,Wild Wilderness,1,Domnann,"Coin, Experience",Regular,Shrouded Isle expansion
Hibernia,1776,Wilde's One Time Drop,20,Valley of Bri Leith,Wilde's Mane,One Time Drop,Classic
Hibernia,3469,Wilton Egg Hunt (Hib),30,Connacht,"Coin, Experience",Regular,Classic
Hibernia,396,Wind Swept Leaves -- Kill Task,25,Lough Gur,Experience,Kill Task,Classic
Hibernia,1963,Wings Dive,50,Arbor Glen,Wings Dive (Hib) (scale),Artifact,Trials of Atlantis expansion
Hibernia,3630,Wings of the Isle (Hib),3,Lamfhota's Sound,Reed Flute,Regular,Classic
Hibernia,1880,Wishes,45,Stygian Delta,Sand-Coated Gloves (Alb) (leather),Regular,Trials of Atlantis expansion
Hibernia,227,Withe One Time Drop,29,Connacht,Pestilent Sickle,One Time Drop,Classic
Hibernia,67,Wolf Infestation,4,Lough Derg,"Coin, Experience",Regular,Classic
Hibernia,3573,Wood You Be So Kind,7,Lamfhota's Sound,"Coin, Experience",Regular,Classic
Hibernia,3021,Woodchipper,37,Tir na Nog,"Coin, Experience",Mini Quest,Shrouded Isle expansion
Hibernia,3329,Word of Warning,5,Lough Derg,"Coin, Experience",Regular,Classic
Hibernia,3090,Word to the Wise (Hib),1,Lough Derg,"Coin, Experience",Mini Quest,Classic
Hibernia,1967,Worn Tradeskill Tools (Hib),5,Tir na Nog,Worn Pair of Scissors,Crafting,Classic
Hibernia,3425,Worrisome Wraiths,29,Tir na Nog,"Coin, Experience",Mini Quest,Darkness Rising expansion
Hibernia,1972,Wrappings Trial (M5T8),40,Halls of Ma'ati,,Master Level,Trials of Atlantis expansion
Hibernia,1791,Writhing Death,49,Vigilant Rock,Skillfully Woven Belt,Regular,Shrouded Isle expansion
Hibernia,3422,Wrong Side of the Tracks (Hib),18,Tir na Nog,"Coin, Experience",Mini Quest,Catacombs expansion
Hibernia,50,Wug's Jug,11,Tir na Nog,Mentalist Charm,Regular,Classic
Hibernia,1807,Xaxnxi's Quest,36,Allta Fearann,Girdle of Earthen Grandeur (Hib),Regular,Shrouded Isle expansion
Hibernia,492,Yellow Curmudgeon Teeth -- Kill Task,42,Connacht,Experience,Kill Task,Classic
Hibernia,2190,You Have Summoned a Shar Guide,1,Tir na Nog,,Regular,Catacombs expansion
Hibernia,2209,You're My Champion!,27,Abandoned Mines (Hib),"Coin, Experience",Mini Quest,Catacombs expansion
Hibernia,3316,Youth Gone Wild,2,Lough Derg,Recruit's Cailiocht Boots,Regular,Classic
Hibernia,276,Youth Gone Wrong,4,Lough Derg,Snake-tail Ring (Hib),Regular,Classic
Hibernia,3444,Zephyr Conclusion,33,Tir na Nog,"Coin, Experience",Mini Quest,Shrouded Isle expansion
Hibernia,2720,Zoology (Hib),30,Tir na Nog,"Coin, Experience",Mini Quest,Classic
