name,guild,classtype,kind,realm,level,region,zone,zone_id,origin
Wylie Edyn,Weapon Merchant,GameMerchant,npc,1,1,1,Avalon Marsh,9,"likely period: listed in this zone by Illia's bestiary (2001-2010 data, may include later NPCs)"
Master Elementalist,,Scripts.OFAssistant,npc,1,100,200,Emain Macha,214,Atlas / later: Atlas frontier medallion assistant
Huscarl,Malafinja,Keeps.GuardFighter,guard,2,56,200,Mount Collory,210,1.65-era: seen by CapnBry (another zone)
Banon,Smith,Blacksmith,npc,3,35,201,Tir na Nog,209,1.65-era: seen in this zone by CapnBry
Riber,Poison Merchant,GameMerchant,npc,0,38,27,Lamfhota's Sound,29,likely period: listed by Illia's bestiary in another zone
Kynllai,Weaponsmiths Master,WeaponCraftingMaster,npc,1,65,2,Stoneleigh,262,unverified: no CapnBry data for this zone
horse,,GameNPC,npc,2,55,100,Vale of Mularn,100,1.65-era: seen in this zone by CapnBry
Druid,,Keeps.GuardHealer,guard,3,255,165,Cathal Valley,165,1.65-era: seen by CapnBry (another zone)
Apprentice Taxidermist,,GameNPC,npc,2,35,102,Stavgaard,268,unverified: no CapnBry data for this zone
Aiellana,,GameNPC,npc,1,35,1,Avalon Marsh,9,"likely period: listed in this zone by Illia's bestiary (2001-2010 data, may include later NPCs)"
Harklen,Vault Banker,GameNPC,npc,2,53,102,Arothi,117,unverified: no CapnBry data for this zone
stable horse,,GameNPC,npc,1,10,1,Salisbury Plains,1,1.65-era: seen in this zone by CapnBry
Grungir,Armor Merchant,GameMerchant,npc,2,20,100,Gotar,103,1.65-era: seen in this zone by CapnBry
Knight Commander,,GameGuard,guard,1,255,200,Emain Macha,214,1.65-era: seen in this zone by CapnBry
Hlif,Recharger,Scripts.Recharger,npc,2,13,151,Aegir's Landing,151,1.65-era: seen in this zone by CapnBry
Brynja Torundd,Armor Merchant,GameMerchant,npc,2,50,151,Aegir's Landing,151,1.65-era: seen in this zone by CapnBry
Knight Commander,,GameGuard,guard,1,255,1,Snowdonia,12,"likely period: listed in this zone by Illia's bestiary (2001-2010 data, may include later NPCs)"
Flone,,GameNPC,npc,1,50,2,Chiltern,260,unverified: no CapnBry data for this zone
Gothi of Odin,,Scripts.OFAssistant,npc,2,100,200,Emain Macha,214,Atlas / later: Atlas frontier medallion assistant
Heal Dummy,Atlas Dummy Union,HealDummy,npc,0,50,100,Uppland,111,Atlas / later: Atlas training dummy
Master Ranger,,GameGuard,guard,3,255,234,The Proving Grounds,234,1.65-era: seen by CapnBry (another zone)
Bowman Commander,,GameGuard,guard,1,255,165,Cathal Valley,165,"likely period: listed in this zone by Illia's bestiary (2001-2010 data, may include later NPCs)"
Kethiel,Vault Banker,GameNPC,npc,1,50,2,Stoneleigh,262,unverified: no CapnBry data for this zone
horse,,GameNPC,npc,1,55,1,Camelot Hills,0,1.65-era: seen by CapnBry (another zone)
Master Guardian,,GameGuard,guard,3,255,100,Odin's Gate,115,unverified: not in CapnBry for this zone
Knight Commander,,GameNPC,npc,1,255,1,Snowdonia,12,"likely period: listed in this zone by Illia's bestiary (2001-2010 data, may include later NPCs)"
new mob,,Keeps.FrontierHastener,npc,0,1,200,Mount Collory,210,unverified: not in CapnBry for this zone
deamhan aeir,,NightSpawn,npc,0,35,200,Lough Gur,204,"likely period: listed in this zone by Illia's bestiary (2001-2010 data, may include later NPCs)"
Viking Dreng,,GameNPC,npc,2,21,100,Vale of Mularn,100,1.65-era: seen in this zone by CapnBry
Cloth 2cd Page,Dye Merchant,GameMerchant,npc,2,50,334,Midgard Event,334,unverified: no CapnBry data for this zone
Idian,Stable Master,GameStableMaster,npc,1,4,1,Campacorentin Forest,8,1.65-era: seen in this zone by CapnBry
Guardian Sergeant,,GameGuard,guard,1,40,1,Campacorentin Forest,8,1.65-era: seen in this zone by CapnBry
Master Ranger,,GameGuard,guard,3,255,200,Valley of Bri Leith,206,1.65-era: seen by CapnBry (another zone)
Mostan,Alchemists Master,GameNPC,npc,1,68,2,Aylesbury,64,unverified: no CapnBry data for this zone
wind ghoul,,NightSpawn,npc,0,7,200,Connacht,207,1.65-era: seen in this zone by CapnBry
Barkeep Kaari,,GameNPC,npc,2,50,151,Aegir's Landing,151,1.65-era: seen in this zone by CapnBry
Kaijan,Armorsmiths Master,ArmorCraftingMaster,npc,2,70,102,Wyndham,119,unverified: no CapnBry data for this zone
Nugget,,GameNPC,npc,1,75,27,Lamfhota's Sound,29,unverified: no CapnBry data for this zone
Viking Huscarl,,GameGuard,guard,2,255,200,Emain Macha,214,1.65-era: seen in this zone by CapnBry
disturbed presence,,NightSpawn,npc,0,14,1,Salisbury Plains,1,1.65-era: seen in this zone by CapnBry
Godfreid,Merchant,GameMerchant,npc,1,15,10,City of Camelot,26,unverified: not in CapnBry for this zone
Lellybet,Fletchers Master,GameNPC,npc,1,65,2,Stoneleigh,262,unverified: no CapnBry data for this zone
Huscarl,,Keeps.GuardFighter,guard,2,52,100,Jamtland Mountains,113,1.65-era: seen by CapnBry (another zone)
Ema,Weapon Merchant,GameMerchant,npc,2,50,101,Jordheim,120,1.65-era: seen in this zone by CapnBry
Saruro,Arrow Merchant,GameMerchant,npc,2,57,100,Uppland,111,unverified: not in CapnBry for this zone
Keep Sentinel,,GameNPC,npc,2,90,100,West Svealand,102,1.65-era: seen in this zone by CapnBry
Gwallter ap Trevls,Armor Merchant,GameMerchant,npc,1,29,1,Llyn Barfog,7,"likely period: listed in this zone by Illia's bestiary (2001-2010 data, may include later NPCs)"
thrall,,GameNPC,npc,2,3,100,East Svealand,101,1.65-era: seen in this zone by CapnBry
Albion warder,,GameNPC,npc,1,46,1,Camelot Hills,0,1.65-era: seen in this zone by CapnBry
Morgostan,Vault Banker,GameNPC,npc,1,50,2,Chiltern,260,unverified: no CapnBry data for this zone
Armsman,,GameGuard,guard,1,50,1,Campacorentin Forest,8,1.65-era: seen by CapnBry (another zone)
Master Elementalist,,Scripts.OFAssistant,npc,3,100,1,Hadrian's Wall,15,Atlas / later: Atlas frontier medallion assistant
Eyslk,Enchanter Trainer,Trainer.EnchanterTrainer,npc,3,50,200,Shannon Estuary,202,1.65-era: seen in this zone by CapnBry
Sorcha,Armor Merchant,GameMerchant,npc,3,50,200,Shannon Estuary,202,1.65-era: seen in this zone by CapnBry
Gothi of Ymir,,GameNPC,npc,2,50,101,Jordheim,120,1.65-era: seen in this zone by CapnBry
Ari,Healer Trainer,Trainer.HealerTrainer,npc,2,50,100,West Svealand,102,1.65-era: seen in this zone by CapnBry
innocent,,GameNPC,npc,3,39,276,Marfach Cavern,276,1.65-era: seen by CapnBry (another zone)
Keenar Woedin,,GameNPC,npc,1,15,1,Black Mtns. South,2,1.65-era: seen in this zone by CapnBry
gray spectre,,NightSpawn,npc,0,22,200,Cruachan Gorge,211,"likely period: listed in this zone by Illia's bestiary (2001-2010 data, may include later NPCs)"
Lethantis Guard,,GameGuard,guard,1,40,1,Campacorentin Forest,8,"likely period: listed in this zone by Illia's bestiary (2001-2010 data, may include later NPCs)"
Trill,Instrument Merchant,GameMerchant,npc,1,20,1,Avalon Marsh,9,"likely period: listed in this zone by Illia's bestiary (2001-2010 data, may include later NPCs)"
giant skeleton,,NightSpawn,npc,0,28,1,Cornwall,6,1.65-era: seen in this zone by CapnBry
Master Wizard,,GameNPC,npc,1,255,1,Snowdonia,12,1.65-era: seen in this zone by CapnBry
Greta Songbird,,GameMerchant,npc,1,20,1,Black Mtns. South,2,1.65-era: seen in this zone by CapnBry
Piper,Hastener,GameHastener,npc,1,30,2,Caerwent,13,1.65-era: seen in this zone by CapnBry
Ozur,Dye Merchant,GameMerchant,npc,2,45,101,Jordheim,120,unverified: not in CapnBry for this zone
Lara Weathers,Armor Merchant,GameMerchant,npc,1,38,10,City of Camelot,26,1.65-era: seen in this zone by CapnBry
Knight Commander,,GameNPC,npc,1,255,1,Forest Sauvage,11,1.65-era: seen in this zone by CapnBry
Larsson,Stable Master,GameStableMaster,npc,2,43,100,West Svealand,102,1.65-era: seen in this zone by CapnBry
Legalikath,Weaponsmiths Master,GameNPC,npc,1,65,2,Brisworthy,20,unverified: no CapnBry data for this zone
wind ghoul,,NightSpawn,npc,0,7,200,Connacht,207,1.65-era: seen in this zone by CapnBry
gray spectre,,NightSpawn,npc,0,23,200,Cruachan Gorge,211,"likely period: listed in this zone by Illia's bestiary (2001-2010 data, may include later NPCs)"
Blanche,Dye Merchant,GameMerchant,npc,3,35,201,Tir na Nog,209,1.65-era: seen in this zone by CapnBry
Guardian,,Keeps.GuardFighter,guard,3,52,200,Breifine,212,1.65-era: seen in this zone by CapnBry
disturbed presence,,NightSpawn,npc,0,14,1,Black Mtns. North,3,"likely period: listed in this zone by Illia's bestiary (2001-2010 data, may include later NPCs)"
Flayer Jicq,,GameNPC,npc,2,30,100,Gotar,103,1.65-era: seen in this zone by CapnBry
Veteran Guardsman,,GameGuard,guard,1,40,10,City of Camelot,26,1.65-era: seen in this zone by CapnBry
Master Eldritch,,GameGuard,guard,3,255,165,Cathal Valley,165,1.65-era: seen by CapnBry (another zone)
Seamstress Lynnet,Armor Merchant,GameMerchant,npc,1,22,1,Black Mtns. South,2,1.65-era: seen in this zone by CapnBry
Dyemaster Irwin,Dye Merchant,GameMerchant,npc,1,15,1,Black Mtns. South,2,1.65-era: seen in this zone by CapnBry
ambient rat,,GameNPC,npc,0,1,100,Vale of Mularn,100,unverified: not in CapnBry for this zone
Master Ranger,,GameGuard,guard,3,255,200,Connacht,207,1.65-era: seen in this zone by CapnBry
Stor Gothi Annark,Teleporter,Scripts.LiveTeleporter,npc,2,60,151,Faraheim,154,teleporter (not 1.65; listed separately)
Melkorka,Vault Banker,GameNPC,npc,2,50,102,Carlingford,118,unverified: no CapnBry data for this zone
Freya Edelmar,Merchant,GameBountyMerchant,npc,1,1,10,City of Camelot,26,1.65-era: seen in this zone by CapnBry
Inaksha,,GameNPC,npc,2,41,100,Vale of Mularn,100,1.65-era: seen in this zone by CapnBry
faerie frog,,DaySpawn,npc,0,30,1,Snowdonia,12,"likely period: listed in this zone by Illia's bestiary (2001-2010 data, may include later NPCs)"
Shayl Mercer,Armorsmiths Master,ArmorCraftingMaster,npc,1,65,2,Stoneleigh,262,unverified: no CapnBry data for this zone
Jezzy Piper,,GameNPC,npc,1,16,1,Black Mtns. South,2,1.65-era: seen in this zone by CapnBry
Viking Huscarl,,GameGuard,guard,2,255,200,Emain Macha,214,1.65-era: seen in this zone by CapnBry
Jon Smythe,Armor Merchant,GameMerchant,npc,1,1,1,Camelot Hills,0,1.65-era: seen in this zone by CapnBry
Pebble,,GameNPC,npc,1,4,1,Black Mtns. South,2,1.65-era: seen in this zone by CapnBry
Ranger,,Keeps.GuardArcher,guard,3,52,200,Breifine,212,1.65-era: seen in this zone by CapnBry
Willa Dalston,Merchant,GameMerchant,npc,1,15,10,City of Camelot,26,1.65-era: seen in this zone by CapnBry
Fenrir,Effect Master,EffectNPC,npc,0,50,27,Lamfhota's Sound,29,Atlas / later: Atlas cosmetic effect vendor
Master Ranger,,GameGuard,guard,3,255,165,Cathal Valley,165,1.65-era: seen by CapnBry (another zone)
new mob,,Keeps.FrontierHastener,npc,0,1,200,Cruachan Gorge,211,unverified: no CapnBry data for this zone
Franseza,Weapon Merchant,GameMerchant,npc,3,40,201,Tir na Nog,209,1.65-era: seen in this zone by CapnBry
Guardian,PWNOGRAPHY,Keeps.GuardFighter,guard,3,59,200,Cruachan Gorge,211,1.65-era: seen by CapnBry (another zone)
Tora,Merchant,GameBountyMerchant,npc,2,50,101,Jordheim,120,1.65-era: seen in this zone by CapnBry
Sister Gwendolyn,Acolyte Trainer,Trainer.AcolyteTrainer,npc,1,50,1,Camelot Hills,0,1.65-era: seen in this zone by CapnBry
Market Explorer,,MarketExplorer,npc,1,50,2,Chiltern,260,"Atlas / later: Market Explorer (housing consignment search, post-1.65 / Atlas)"
Skald of Midgard,Hastener,GameHastener,npc,2,50,101,Jordheim,120,likely period: listed by Illia's bestiary in another zone
Viking Huscarl,,GameGuard,guard,2,255,200,Emain Macha,214,1.65-era: seen in this zone by CapnBry
Guardian,,Keeps.GuardFighter,guard,3,57,200,Breifine,212,1.65-era: seen in this zone by CapnBry
Hastener,,GameHastener,npc,2,50,165,Cathal Valley,165,1.65-era: seen by CapnBry (another zone)
innocent,,GameNPC,npc,3,39,276,Marfach Cavern,276,1.65-era: seen by CapnBry (another zone)
Oilibhear,Poison Merchant,GameMerchant,npc,2,50,101,Jordheim,120,1.65-era: seen in this zone by CapnBry
horse,,GameNPC,npc,2,55,102,Stavgaard,268,1.65-era: seen by CapnBry (another zone)
Oslin,,GameNPC,npc,2,43,100,Vale of Mularn,100,1.65-era: seen in this zone by CapnBry
Veteran Guardsman,,GameGuard,guard,1,40,10,City of Camelot,26,1.65-era: seen in this zone by CapnBry
Fusi,,GameNPC,npc,3,75,27,Lamfhota's Sound,29,unverified: no CapnBry data for this zone
Sir Defi,,GameNPC,npc,1,50,1,Snowdonia,12,1.65-era: seen in this zone by CapnBry
Huscarl,,Keeps.GuardFighter,guard,2,52,200,Breifine,212,1.65-era: seen by CapnBry (another zone)
Yrsa,,GameNPC,npc,2,41,151,Munin Sound,155,1.65-era: seen in this zone by CapnBry
Veteran Guardsman,,GameGuard,guard,1,44,10,City of Camelot,26,1.65-era: seen in this zone by CapnBry
Maeva,Vault Banker,GameNPC,npc,2,55,102,Wyndham,119,unverified: no CapnBry data for this zone
Aslynav,Animist Trainer,Trainer.AnimistTrainer,npc,3,50,200,Valley of Bri Leith,206,unverified: not in CapnBry for this zone
Pig Herder Stanley,,GameNPC,npc,1,51,1,Black Mtns. South,2,"likely period: listed in this zone by Illia's bestiary (2001-2010 data, may include later NPCs)"
horse,,GameNPC,npc,1,51,1,Forest Sauvage,11,1.65-era: seen in this zone by CapnBry
Ailish,,GameNPC,npc,3,40,201,Tir na Nog,209,1.65-era: seen in this zone by CapnBry
Sals Pew,Weapon Merchant,GameMerchant,npc,1,40,1,Black Mtns. South,2,1.65-era: seen in this zone by CapnBry
Kalbin,Healer,GameHealer,npc,2,20,334,Midgard Event,334,1.65-era: seen by CapnBry (another zone)
Gogoh,Assistant to the Recharger,GameNPC,npc,3,50,200,Connacht,207,unverified: not in CapnBry for this zone
Shelly Ripley,,GameNPC,npc,1,50,2,Rilan,17,unverified: not in CapnBry for this zone
Armsman,,Keeps.GuardFighter,guard,1,52,1,Hadrian's Wall,15,"likely period: listed in this zone by Illia's bestiary (2001-2010 data, may include later NPCs)"
ambient pixie,,GameNPC,npc,3,1,201,Tir na Nog,209,unverified: not in CapnBry for this zone
Pompin the Crier,,GameNPC,npc,1,50,1,Camelot Hills,0,1.65-era: seen in this zone by CapnBry
Elzbet Sable,Armor Merchant,GameMerchant,npc,1,17,10,City of Camelot,26,1.65-era: seen in this zone by CapnBry
Jolgeir,Poison Merchant,GameMerchant,npc,2,50,100,East Svealand,101,1.65-era: seen in this zone by CapnBry
Radek Silven,Armor Merchant,GameMerchant,npc,1,8,10,City of Camelot,26,1.65-era: seen in this zone by CapnBry
Ostein,,GameMerchant,npc,2,50,100,East Svealand,101,1.65-era: seen in this zone by CapnBry
Master Wizard,,GameGuard,guard,1,255,100,Odin's Gate,115,1.65-era: seen in this zone by CapnBry
Albion Magical,Item Merchant,GameMerchant,npc,1,50,10,City of Camelot,26,unverified: not in CapnBry for this zone
Provere,,GameNPC,npc,1,31,2,Dalton,18,unverified: no CapnBry data for this zone
Guardian Sergeant,,GameGuard,guard,1,40,1,Avalon Marsh,9,1.65-era: seen in this zone by CapnBry
Lys,Necromancer Trainer,Trainer.NecromancerTrainer,npc,1,51,1,Avalon Marsh,9,"likely period: listed in this zone by Illia's bestiary (2001-2010 data, may include later NPCs)"
Bowman Commander,,GameGuard,guard,1,255,165,Cathal Valley,165,"likely period: listed in this zone by Illia's bestiary (2001-2010 data, may include later NPCs)"
Master of Runes,,GameNPC,npc,2,255,100,West Svealand,102,1.65-era: seen in this zone by CapnBry
Intoner,Hastener,GameHastener,npc,2,30,102,Carlingford,118,1.65-era: seen by CapnBry (another zone)
Guardian,,GameGuard,guard,3,50,181,Caillte Garran,182,1.65-era: seen by CapnBry (another zone)
Tolmas,Merchant,GameMerchant,npc,1,50,2,Caerwent,13,unverified: not in CapnBry for this zone
Master Wizard,,GameNPC,npc,1,255,200,Emain Macha,214,1.65-era: seen in this zone by CapnBry
Potion Seller,Our Strongest Potions,GameMerchant,npc,0,60,339,Brimstone Caverns,339,unverified: no CapnBry data for this zone
Guardsman,,GameGuard,guard,1,30,10,City of Camelot,26,1.65-era: seen in this zone by CapnBry
Igdis,Bonedancer Trainer,Trainer.BonedancerTrainer,npc,2,50,101,Jordheim,120,1.65-era: seen in this zone by CapnBry
ambient rat,,GameNPC,npc,0,1,101,Jordheim,120,unverified: not in CapnBry for this zone
Algaurs,Stable Master,GameStableMaster,npc,1,54,2,Brisworthy,20,unverified: no CapnBry data for this zone
horse,,GameNPC,npc,1,55,2,Brisworthy,20,1.65-era: seen by CapnBry (another zone)
Ime,Shield Merchant,GameMerchant,npc,2,20,100,Vale of Mularn,100,1.65-era: seen in this zone by CapnBry
Hunter,,Keeps.GuardStaticArcher,guard,2,28,252,Thidranki,252,"likely period: listed in this zone by Illia's bestiary (2001-2010 data, may include later NPCs)"
Apprentice Taxidermist,,GameNPC,npc,1,35,2,Chiltern,260,unverified: no CapnBry data for this zone
Guardian,French Corporation,Keeps.GuardFighter,guard,3,56,200,Cruachan Gorge,211,1.65-era: seen by CapnBry (another zone)
Guardian,,Keeps.GuardFighter,guard,3,52,200,Breifine,212,1.65-era: seen in this zone by CapnBry
Viking Archer,,GameGuard,guard,2,95,100,West Svealand,102,1.65-era: seen in this zone by CapnBry
Albion Decorator,Merchant,GameMerchant,npc,1,40,2,Aylesbury,64,unverified: no CapnBry data for this zone
Fusi,,GameNPC,npc,3,75,130,Stygian Delta,138,unverified: no CapnBry data for this zone
Intoner,Hastener,GameHastener,npc,2,30,102,Stavgaard,268,1.65-era: seen by CapnBry (another zone)
Guardian,,GameGuard,guard,1,32,1,Avalon Marsh,9,1.65-era: seen in this zone by CapnBry
Council of Battle,,GameNPC,npc,0,75,90,City of Aerus,90,unverified: not in CapnBry for this zone
Council of Battle,,GameNPC,npc,0,75,47,City of Aerus,47,unverified: no CapnBry data for this zone
Council of Battle,,GameNPC,npc,0,75,147,City of Aerus,147,unverified: no CapnBry data for this zone
Champion,,GameGuard,guard,3,255,234,The Proving Grounds,234,1.65-era: seen by CapnBry (another zone)
Ron,,GameNPC,npc,1,7,1,Salisbury Plains,1,"likely period: listed in this zone by Illia's bestiary (2001-2010 data, may include later NPCs)"
Master of Runes,,GameGuard,guard,2,255,200,Emain Macha,214,1.65-era: seen in this zone by CapnBry
Svard,Weapon Merchant,GameMerchant,npc,2,41,100,East Svealand,101,1.65-era: seen in this zone by CapnBry
innocent,,GameNPC,npc,1,39,277,Hall of the Corrupt,277,"likely period: listed in this zone by Illia's bestiary (2001-2010 data, may include later NPCs)"
faerie frog,,DaySpawn,npc,0,30,1,Snowdonia,12,"likely period: listed in this zone by Illia's bestiary (2001-2010 data, may include later NPCs)"
May,,GameNPC,npc,2,17,100,East Svealand,101,1.65-era: seen in this zone by CapnBry
Alchemist apprentice,Merchant,GameMerchant,npc,2,50,102,Wyndham,119,unverified: no CapnBry data for this zone
Gwellian Su'Lan'Ki,,GameNPC,npc,1,50,51,Avalon Isle,52,1.65-era: seen in this zone by CapnBry
Frode,Thane Trainer,Trainer.ThaneTrainer,npc,2,50,101,Jordheim,120,1.65-era: seen in this zone by CapnBry
Treflun,Stable Master,GameStableMaster,npc,2,44,100,Myrkwood Forest,105,1.65-era: seen in this zone by CapnBry
Taleai,Armor Merchant,GameMerchant,npc,3,38,201,Tir na Nog,209,1.65-era: seen in this zone by CapnBry
Lulo,Emerald Weapon Merchant,GameEmeraldSealsMerchant,npc,2,40,249,Darkness Falls,249,"Atlas / later: Seals merchant (Darkness Rising era, used by Atlas)"
Yroniel,Recharger,Recharger,npc,1,57,10,City of Camelot,26,Atlas / later: Atlas charge recharger
Master of Runes,,GameNPC,npc,2,255,100,West Svealand,102,1.65-era: seen in this zone by CapnBry
Bedri,Vault Banker,GameNPC,npc,1,50,2,Brisworthy,20,unverified: no CapnBry data for this zone
Master Guardian,,GameGuard,guard,3,255,1,Hadrian's Wall,15,unverified: not in CapnBry for this zone
Sage Nelson,,GameNPC,npc,1,8,1,Camelot Hills,0,1.65-era: seen in this zone by CapnBry
Ranger,,Keeps.GuardArcher,guard,3,52,200,Breifine,212,1.65-era: seen in this zone by CapnBry
Vilma,Vault Banker,GameNPC,npc,2,50,102,Erikstaad,114,unverified: not in CapnBry for this zone
gray spectre,,NightSpawn,npc,0,22,200,Cruachan Gorge,211,"likely period: listed in this zone by Illia's bestiary (2001-2010 data, may include later NPCs)"
Chieftain Guard Eyvald,,GameNPC,npc,2,65,151,Aegir's Landing,151,1.65-era: seen in this zone by CapnBry
pack horse guardsman,,GameGuard,guard,1,50,1,Avalon Marsh,9,unverified: not in CapnBry for this zone
Master Guardian,,GameGuard,guard,3,255,165,Cathal Valley,165,unverified: no CapnBry data for this zone
Bernadette,Smith,Blacksmith,npc,1,50,51,Dales of Devwy,53,unverified: no CapnBry data for this zone
Sentinel,,GameGuard,guard,3,50,200,Bog of Cullen,205,1.65-era: seen by CapnBry (another zone)
Yulia,Necromancer Trainer,Trainer.NecromancerTrainer,npc,1,50,10,City of Camelot,26,1.65-era: seen in this zone by CapnBry
Trulion Vrundon,Vault Keeper,GameVaultKeeper,npc,1,53,1,Avalon Marsh,9,"likely period: listed in this zone by Illia's bestiary (2001-2010 data, may include later NPCs)"
Hastener,Regnum Cleritas,GameHastener,npc,0,75,1,Pennine Mountains,14,1.65-era: seen by CapnBry (another zone)
Seph,,GameNPC,npc,2,1,100,Myrkwood Forest,105,1.65-era: seen in this zone by CapnBry
Champion Commander,,Keeps.GuardCommander,guard,3,52,200,Breifine,212,1.65-era: seen in this zone by CapnBry
Keep Sentinel,,GameNPC,npc,2,90,100,Uppland,111,1.65-era: seen in this zone by CapnBry
Kobold Guard,,GameNPC,npc,2,53,151,Faraheim,154,1.65-era: seen in this zone by CapnBry
Afiessi,Tailors Master,GameNPC,npc,2,65,102,Carlingford,118,unverified: no CapnBry data for this zone
Viking Huscarl,,GameGuard,guard,2,255,100,Yggdra Forest,112,1.65-era: seen in this zone by CapnBry
Veteran Guardsman,,GameGuard,guard,1,40,10,City of Camelot,26,1.65-era: seen in this zone by CapnBry
Intoner,Hastener,GameHastener,npc,2,32,102,Arothi,117,1.65-era: seen by CapnBry (another zone)
Master Wizard,,GameGuard,guard,1,255,100,Odin's Gate,115,1.65-era: seen in this zone by CapnBry
Master Ranger,,GameGuard,guard,3,255,165,Cathal Valley,165,1.65-era: seen by CapnBry (another zone)
Master Sceley,Smith,Blacksmith,npc,1,40,1,Black Mtns. South,2,1.65-era: seen in this zone by CapnBry
Master Guardian,,GameGuard,guard,3,255,165,Cathal Valley,165,unverified: no CapnBry data for this zone
Twr ap Alsig,,GameNPC,npc,1,1,1,Llyn Barfog,7,"likely period: listed in this zone by Illia's bestiary (2001-2010 data, may include later NPCs)"
Elga Wyman,Weapon Merchant,GameMerchant,npc,1,40,1,Campacorentin Forest,8,"likely period: listed in this zone by Illia's bestiary (2001-2010 data, may include later NPCs)"
Master Guardian,,GameGuard,guard,3,255,1,Hadrian's Wall,15,unverified: not in CapnBry for this zone
Haskis Mordoo,Merchant,GameMerchant,npc,1,54,1,Black Mtns. South,2,1.65-era: seen in this zone by CapnBry
Riden,Fletchers Master,FletchingMaster,npc,2,65,102,Holmestrand,266,unverified: no CapnBry data for this zone
Creirwy,Weapon Merchant,GameMerchant,npc,3,37,200,Connacht,207,1.65-era: seen in this zone by CapnBry
Borghilda,Weapon Merchant,GameMerchant,npc,2,50,100,Vale of Mularn,100,1.65-era: seen in this zone by CapnBry
Gaute,Vault Banker,GameNPC,npc,2,53,102,Wyndham,119,unverified: no CapnBry data for this zone
Gythja of Eir,,GameNPC,npc,2,50,101,Jordheim,120,1.65-era: seen in this zone by CapnBry
Takker,Arrow Merchant,GameMerchant,npc,2,50,100,Vale of Mularn,100,1.65-era: seen in this zone by CapnBry
Iacob,,GameNPC,npc,3,22,200,Shannon Estuary,202,1.65-era: seen in this zone by CapnBry
Ranger,,Keeps.GuardArcher,guard,3,52,200,Breifine,212,1.65-era: seen in this zone by CapnBry
Loraine Elgen,Armorsmiths Master,GameNPC,npc,1,77,10,City of Camelot,26,1.65-era: seen in this zone by CapnBry
Sentinel,,GameGuard,guard,3,54,200,Shannon Estuary,202,1.65-era: seen in this zone by CapnBry
Fusi,,GameNPC,npc,1,75,73,Stygian Delta,81,unverified: not in CapnBry for this zone
Marna,Merchant,GameMerchant,npc,1,16,10,City of Camelot,26,likely period: listed by Illia's bestiary in another zone
Apprentice Taxidermist,,GameNPC,npc,1,35,2,Stoneleigh,262,unverified: no CapnBry data for this zone
Guardian,,Keeps.GuardFighter,guard,3,52,200,Breifine,212,1.65-era: seen in this zone by CapnBry
Master Eldritch,,GameGuard,guard,3,255,1,Hadrian's Wall,15,1.65-era: seen by CapnBry (another zone)
Ranger,,Keeps.GuardArcher,guard,3,52,200,Breifine,212,1.65-era: seen in this zone by CapnBry
Guard Eiddef,,GameGuard,guard,1,21,1,Salisbury Plains,1,1.65-era: seen in this zone by CapnBry
new mob,,Keeps.FrontierHastener,npc,0,1,1,Snowdonia,12,unverified: not in CapnBry for this zone
Rondelya,Vault Banker,GameNPC,npc,2,50,102,Nittedal,267,unverified: no CapnBry data for this zone
Master Elementalist,,Scripts.OFAssistant,npc,1,100,100,Odin's Gate,115,Atlas / later: Atlas frontier medallion assistant
Albion Decorator,Merchant,GameMerchant,npc,1,40,2,Caerwent,13,unverified: not in CapnBry for this zone
Ember,Weapon Merchant,GameMerchant,npc,1,40,1,Black Mtns. North,3,1.65-era: seen in this zone by CapnBry
Armsman Commander,,Keeps.GuardCommander,guard,1,52,1,Hadrian's Wall,15,unverified: not in CapnBry for this zone
Piper,Hastener,GameHastener,npc,1,33,2,Chiltern,260,1.65-era: seen by CapnBry (another zone)
Sentinel,,GameGuard,guard,3,53,200,Connacht,207,1.65-era: seen in this zone by CapnBry
Ranger,,Keeps.GuardArcher,guard,3,52,200,Breifine,212,1.65-era: seen in this zone by CapnBry
Col Aldar,Armor Merchant,GameMerchant,npc,1,38,1,Camelot Hills,0,1.65-era: seen in this zone by CapnBry
Master Eldritch,,GameGuard,guard,3,255,165,Cathal Valley,165,1.65-era: seen by CapnBry (another zone)
Vomli,Mystic Trainer,Trainer.MysticTrainer,npc,2,53,229,Burial Grounds,229,unverified: no CapnBry data for this zone
Master Visur,Teleporter,Scripts.LiveTeleporter,npc,1,60,51,Dales of Devwy,53,teleporter (not 1.65; listed separately)
Jytal,Merchant,GameMerchant,npc,2,20,100,Myrkwood Forest,105,"likely period: listed in this zone by Illia's bestiary (2001-2010 data, may include later NPCs)"
Knight Commander,,GameNPC,npc,1,255,1,Snowdonia,12,"likely period: listed in this zone by Illia's bestiary (2001-2010 data, may include later NPCs)"
Valkyn Guard,,GameNPC,npc,2,50,151,Faraheim,154,1.65-era: seen in this zone by CapnBry
Guardian,,GameNPC,npc,3,50,200,Lough Gur,204,"likely period: listed in this zone by Illia's bestiary (2001-2010 data, may include later NPCs)"
Ociremas,Armorsmiths Master,GameNPC,npc,1,65,2,Brisworthy,20,unverified: no CapnBry data for this zone
new mob,,Keeps.FrontierHastener,npc,0,1,200,Emain Macha,214,unverified: not in CapnBry for this zone
Master Edric,Infiltrator Trainer,Trainer.InfiltratorTrainer,npc,1,50,10,City of Camelot,26,1.65-era: seen in this zone by CapnBry
Piper,Hastener,GameHastener,npc,1,30,2,Caerwent,13,1.65-era: seen in this zone by CapnBry
Guardian,,GameGuard,guard,3,40,201,Tir na Nog,209,1.65-era: seen in this zone by CapnBry
innocent,,GameNPC,npc,3,39,276,Marfach Cavern,276,1.65-era: seen by CapnBry (another zone)
Viking Huscarl,,GameGuard,guard,2,255,200,Emain Macha,214,1.65-era: seen in this zone by CapnBry
Rashan,Weapon Merchant,GameMerchant,npc,1,38,10,City of Camelot,26,unverified: not in CapnBry for this zone
Maitiu,Enchanter Trainer,Trainer.EnchanterTrainer,npc,3,50,181,Vigilant Rock,186,likely period: listed by Illia's bestiary in another zone
Niklaas,Weapon Merchant,GameMerchant,npc,2,50,151,Aegir's Landing,151,1.65-era: seen in this zone by CapnBry
Gro,Merchant,GameMerchant,npc,2,50,101,Jordheim,120,1.65-era: seen in this zone by CapnBry
Sister Enyalle,Healer,GameHealer,npc,1,50,1,Snowdonia,12,likely period: listed by Illia's bestiary in another zone
ambient rat,,GameNPC,npc,0,1,101,Jordheim,120,unverified: not in CapnBry for this zone
Viking Huscarl,,GameGuard,guard,2,255,100,Uppland,111,1.65-era: seen in this zone by CapnBry
Baidoc,Armorsmiths Master,ArmorCraftingMaster,npc,1,66,2,Chiltern,260,unverified: no CapnBry data for this zone
Lyna,Weapon Merchant,GameMerchant,npc,2,50,100,Vale of Mularn,100,1.65-era: seen in this zone by CapnBry
Market Explorer,,MarketExplorer,npc,1,50,2,Caerwent,13,"Atlas / later: Market Explorer (housing consignment search, post-1.65 / Atlas)"
Sentinel,,GameGuard,guard,3,50,200,Silvermine Mts.,201,1.65-era: seen in this zone by CapnBry
Tyrcyn,Merchant,GameMerchant,npc,3,50,202,Aberillan,225,unverified: no CapnBry data for this zone
Midgard Trainer,Master Trainer,Scripts.AtlasTrainer,npc,2,75,334,Midgard Event,334,Atlas / later: Atlas trainer
Lasrina,,GameNPC,npc,3,40,200,Silvermine Mts.,201,1.65-era: seen in this zone by CapnBry
Master Ranger,,GameGuard,guard,3,255,200,Valley of Bri Leith,206,1.65-era: seen by CapnBry (another zone)
Skald of Midgard,Hastener,GameHastener,npc,2,50,100,Gotar,103,"likely period: listed in this zone by Illia's bestiary (2001-2010 data, may include later NPCs)"
Master of Runes,,GameGuard,guard,2,255,165,Cathal Valley,165,"likely period: listed in this zone by Illia's bestiary (2001-2010 data, may include later NPCs)"
Hrodny,Bonedancer Trainer,Trainer.BonedancerTrainer,npc,2,50,100,Myrkwood Forest,105,1.65-era: seen in this zone by CapnBry
Guardian Sergeant,,GameGuard,guard,1,45,1,Avalon Marsh,9,1.65-era: seen in this zone by CapnBry
Knight Commander,,GameNPC,npc,1,255,1,Snowdonia,12,"likely period: listed in this zone by Illia's bestiary (2001-2010 data, may include later NPCs)"
Eryklan,Stable Master,GameStableMaster,npc,2,41,100,Gotar,103,1.65-era: seen in this zone by CapnBry
Guardian,,Keeps.GuardFighter,guard,3,52,200,Breifine,212,1.65-era: seen in this zone by CapnBry
Gudmund,,GameNPC,npc,2,50,101,Jordheim,120,1.65-era: seen in this zone by CapnBry
faerie frog,,DaySpawn,npc,0,30,1,Snowdonia,12,"likely period: listed in this zone by Illia's bestiary (2001-2010 data, may include later NPCs)"
aleax of Albion,,GameGuard,guard,1,255,249,Darkness Falls,249,1.65-era: seen in this zone by CapnBry
Ceenema,,GameNPC,npc,2,50,102,Nittedal,267,unverified: no CapnBry data for this zone
wind ghoul,,NightSpawn,npc,0,7,200,Connacht,207,1.65-era: seen in this zone by CapnBry
Calldir Edyn,Armor Merchant,GameMerchant,npc,1,8,1,Black Mtns. South,2,1.65-era: seen in this zone by CapnBry
Cirwen,Tailors Master,GameNPC,npc,1,65,2,Dalton,18,unverified: no CapnBry data for this zone
Master Ranger,,GameGuard,guard,3,255,200,Mount Collory,210,1.65-era: seen by CapnBry (another zone)
Rory,,GameNPC,npc,3,40,200,Valley of Bri Leith,206,"likely period: listed in this zone by Illia's bestiary (2001-2010 data, may include later NPCs)"
Odelia Wyman,,GameNPC,npc,1,1,1,Camelot Hills,0,1.65-era: seen in this zone by CapnBry
Vordn,Weapon Merchant,GameMerchant,npc,2,50,100,East Svealand,101,1.65-era: seen in this zone by CapnBry
Candiena,Weaponsmiths Master,WeaponCraftingMaster,npc,2,65,102,Nittedal,267,unverified: no CapnBry data for this zone
Mewyn,Alchemists Master,GameNPC,npc,3,66,202,Moycullen,273,unverified: no CapnBry data for this zone
new mob,,Keeps.FrontierHastener,npc,0,1,100,Jamtland Mountains,113,unverified: not in CapnBry for this zone
Lady Senia,Effect Master,EffectNPC,npc,1,50,10,City of Camelot,26,Atlas / later: Atlas cosmetic effect vendor
faerie frog,,DaySpawn,npc,0,28,1,Snowdonia,12,"likely period: listed in this zone by Illia's bestiary (2001-2010 data, may include later NPCs)"
Tegolan,Weaponsmiths Master,WeaponCraftingMaster,npc,3,65,202,Moycullen,273,unverified: no CapnBry data for this zone
Vik,,GameNPC,npc,2,41,100,Vale of Mularn,100,1.65-era: seen in this zone by CapnBry
ambient pixie,,GameNPC,npc,3,1,201,Tir na Nog,209,unverified: not in CapnBry for this zone
Piper,Hastener,GameHastener,npc,1,32,2,Aylesbury,64,1.65-era: seen by CapnBry (another zone)
Llyn,Healer,GameHealer,npc,3,39,200,Connacht,207,1.65-era: seen in this zone by CapnBry
Guardian,,GameGuard,guard,3,43,200,Shannon Estuary,202,1.65-era: seen in this zone by CapnBry
Master Wizard,,GameNPC,npc,1,255,1,Forest Sauvage,11,1.65-era: seen in this zone by CapnBry
Lyrist,Hastener,GameHastener,npc,3,30,202,Tullamore,272,unverified: no CapnBry data for this zone
Market Explorer,,MarketExplorer,npc,2,50,102,Holmestrand,266,"Atlas / later: Market Explorer (housing consignment search, post-1.65 / Atlas)"
Master Ranger,,GameGuard,guard,3,255,200,Valley of Bri Leith,206,1.65-era: seen by CapnBry (another zone)
Gemma,Armor Merchant,GameMerchant,npc,3,40,201,Tir na Nog,209,1.65-era: seen in this zone by CapnBry
Master Wizard,,GameNPC,npc,1,255,165,Cathal Valley,165,"likely period: listed in this zone by Illia's bestiary (2001-2010 data, may include later NPCs)"
Alchemist apprentice,Merchant,GameMerchant,npc,3,53,202,Saeranthal,219,unverified: no CapnBry data for this zone
Veteran Guardsman,,GameGuard,guard,1,40,10,City of Camelot,26,1.65-era: seen in this zone by CapnBry
ambient pixie,,GameNPC,npc,3,1,201,Tir na Nog,209,unverified: not in CapnBry for this zone
Channeler Glasny,Teleporter,Scripts.LiveTeleporter,npc,3,60,73,Stygian Delta,81,teleporter (not 1.65; listed separately)
Master Ranger,,GameGuard,guard,3,255,235,The Lions Den,235,1.65-era: seen by CapnBry (another zone)
Vadry,Merchant,GameMerchant,npc,3,50,202,Dunshire,215,unverified: no CapnBry data for this zone
innocent,,GameNPC,npc,3,39,276,Marfach Cavern,276,1.65-era: seen by CapnBry (another zone)
Jezza Blackfingers,Smith,Blacksmith,npc,3,40,201,Tir na Nog,209,1.65-era: seen in this zone by CapnBry
Gymir,Weapon Merchant,GameMerchant,npc,2,50,101,Jordheim,120,1.65-era: seen in this zone by CapnBry
Guardian,,GameGuard,guard,3,44,200,Silvermine Mts.,201,1.65-era: seen in this zone by CapnBry
Sir Kenley,,GameNPC,npc,1,40,10,City of Camelot,26,1.65-era: seen in this zone by CapnBry
Gridash,,GameNPC,npc,2,21,100,East Svealand,101,1.65-era: seen in this zone by CapnBry
Siegara,Merchant,GameMerchant,npc,2,50,102,Wyndham,119,unverified: no CapnBry data for this zone
Master Torr,Fighter Trainer,Trainer.FighterTrainer,npc,1,1,1,Black Mtns. South,2,"likely period: listed in this zone by Illia's bestiary (2001-2010 data, may include later NPCs)"
Viking Archer,,GameNPC,npc,2,95,100,West Svealand,102,1.65-era: seen in this zone by CapnBry
Keep Sentinel,,GameGuard,guard,2,255,100,Uppland,111,1.65-era: seen in this zone by CapnBry
Keep Sentinel,,GameNPC,npc,2,90,100,Uppland,111,1.65-era: seen in this zone by CapnBry
Viking Archer,,GameNPC,npc,2,255,100,West Svealand,102,1.65-era: seen in this zone by CapnBry
Keep Sentinel,,GameNPC,npc,2,90,100,West Svealand,102,1.65-era: seen in this zone by CapnBry
Agnis Invis Mob,,GameNPC,npc,2,30,100,Gotar,103,1.65-era: seen in this zone by CapnBry
Hund,,GameNPC,npc,2,8,100,Gotar,103,1.65-era: seen in this zone by CapnBry
Viking Archer,,GameNPC,npc,2,95,100,West Svealand,102,1.65-era: seen in this zone by CapnBry
Om,Merchant,GameMerchant,npc,2,50,101,Jordheim,120,1.65-era: seen in this zone by CapnBry
Gest,Armorsmiths Master,ArmorCraftingMaster,npc,2,50,101,Jordheim,120,1.65-era: seen in this zone by CapnBry
horse,,GameNPC,npc,2,55,102,Erikstaad,114,1.65-era: seen in this zone by CapnBry
Harek Kortson,Stable Master,GameStableMaster,npc,2,43,151,Gripklosa Mountains,152,1.65-era: seen in this zone by CapnBry
Veikko,Savage Trainer,Trainer.SavageTrainer,npc,2,60,151,Gripklosa Mountains,152,1.65-era: seen in this zone by CapnBry
Blan,Armor Merchant,GameMerchant,npc,2,50,151,Faraheim,154,1.65-era: seen in this zone by CapnBry
Dgyve,Dye Merchant,GameMerchant,npc,2,41,151,Faraheim,154,1.65-era: seen in this zone by CapnBry
Arnie,Merchant,GameMerchant,npc,2,50,151,Gripklosa Mountains,152,1.65-era: seen in this zone by CapnBry
Gjaflaug Sigrid,Vault Keeper,GameVaultKeeper,npc,2,30,151,Gripklosa Mountains,152,1.65-era: seen in this zone by CapnBry
Kormak,Healer Trainer,Trainer.HealerTrainer,npc,2,50,151,Gripklosa Mountains,152,1.65-era: seen in this zone by CapnBry
Lyyli,Armor Merchant,GameMerchant,npc,2,50,151,Munin Sound,155,1.65-era: seen in this zone by CapnBry
Willamehina,Merchant,GameMerchant,npc,2,53,151,Faraheim,154,1.65-era: seen in this zone by CapnBry
Seaja,Savage Trainer,Trainer.SavageTrainer,npc,2,60,151,Faraheim,154,1.65-era: seen in this zone by CapnBry
Keelee,Healer,GameHealer,npc,2,50,151,Faraheim,154,1.65-era: seen in this zone by CapnBry
Chieftain Guard Tharnsonn,,GameNPC,npc,2,65,151,Aegir's Landing,151,1.65-era: seen in this zone by CapnBry
Alfrim Gamellson,Stable Master,GameStableMaster,npc,2,41,151,Munin Sound,155,1.65-era: seen in this zone by CapnBry
Ragi,Dye Merchant,GameMerchant,npc,2,50,151,Munin Sound,155,1.65-era: seen in this zone by CapnBry
Palda,Spiritmaster Trainer,Trainer.SpiritmasterTrainer,npc,2,50,151,Aegir's Landing,151,1.65-era: seen in this zone by CapnBry
Meregrota Solvor,Enchanter,Enchanter,npc,2,51,151,Aegir's Landing,151,1.65-era: seen in this zone by CapnBry
Moeida,Hunter Trainer,Trainer.HunterTrainer,npc,2,50,151,Faraheim,154,1.65-era: seen in this zone by CapnBry
Ville,Merchant,GameMerchant,npc,2,50,151,Gripklosa Mountains,152,1.65-era: seen in this zone by CapnBry
Lisel,Merchant,GameMerchant,npc,2,55,151,Aegir's Landing,151,1.65-era: seen in this zone by CapnBry
Korlis,Stable Master,GameStableMaster,npc,2,50,151,Faraheim,154,1.65-era: seen in this zone by CapnBry
Taimi Merkalt,Dye Merchant,GameMerchant,npc,2,54,151,Aegir's Landing,151,1.65-era: seen in this zone by CapnBry
Jaana,Weapon Merchant,GameMerchant,npc,2,50,151,Gripklosa Mountains,152,1.65-era: seen in this zone by CapnBry
Edony,Alchemists Master,AlchemistsMaster,npc,2,53,151,Aegir's Landing,151,1.65-era: seen in this zone by CapnBry
Astra,Skald Trainer,Trainer.SkaldTrainer,npc,2,52,151,Faraheim,154,1.65-era: seen in this zone by CapnBry
Vindr Ulffson,Vault Keeper,GameVaultKeeper,npc,2,50,151,Aegir's Landing,151,1.65-era: seen in this zone by CapnBry
Jura,Vault Keeper,GameVaultKeeper,npc,2,50,151,Faraheim,154,1.65-era: seen in this zone by CapnBry
Reynilda,Merchant,GameMerchant,npc,2,50,151,Munin Sound,155,1.65-era: seen in this zone by CapnBry
Juura,Healer,GameHealer,npc,2,50,151,Aegir's Landing,151,1.65-era: seen in this zone by CapnBry
Truda,Spiritmaster Trainer,Trainer.SpiritmasterTrainer,npc,2,50,151,Gripklosa Mountains,152,1.65-era: seen in this zone by CapnBry
Bodalia,Weapon Merchant,GameMerchant,npc,2,54,151,Faraheim,154,1.65-era: seen in this zone by CapnBry
Torold Sterkkriger,Viking Trainer,Trainer.VikingTrainer,npc,2,55,151,Aegir's Landing,151,1.65-era: seen in this zone by CapnBry
Svadi Tyrkirson,Armor Merchant,GameMerchant,npc,2,50,151,Munin Sound,155,1.65-era: seen in this zone by CapnBry
Kyosti,Berserker Trainer,Trainer.BerserkerTrainer,npc,2,60,151,Faraheim,154,1.65-era: seen in this zone by CapnBry
Irma,Merchant,GameMerchant,npc,2,22,151,Gripklosa Mountains,152,1.65-era: seen in this zone by CapnBry
Tjasse Vindrson,Stable Master,GameStableMaster,npc,2,41,151,Aegir's Landing,151,1.65-era: seen in this zone by CapnBry
Girdie Hemlock,Merchant,GameMerchant,npc,2,50,151,Faraheim,154,1.65-era: seen in this zone by CapnBry
Meeri,Healer,GameHealer,npc,2,50,151,Aegir's Landing,151,1.65-era: seen in this zone by CapnBry
Chieftain Guard Kaalan,,GameNPC,npc,2,65,151,Aegir's Landing,151,1.65-era: seen in this zone by CapnBry
Irsa Svalasdottir,Weapon Merchant,GameMerchant,npc,2,51,151,Munin Sound,155,1.65-era: seen in this zone by CapnBry
Alfred Holdrosk,Weapon Merchant,GameMerchant,npc,2,50,151,Faraheim,154,1.65-era: seen in this zone by CapnBry
Pinja,Merchant,GameMerchant,npc,2,50,151,Aegir's Landing,151,1.65-era: seen in this zone by CapnBry
Mielikka,Berserker Trainer,Trainer.BerserkerTrainer,npc,2,60,151,Aegir's Landing,151,1.65-era: seen in this zone by CapnBry
Bolverk,Enchanter,Enchanter,npc,2,50,151,Faraheim,154,1.65-era: seen in this zone by CapnBry
Keinide,,GameNPC,npc,2,30,151,Gripklosa Mountains,152,1.65-era: seen in this zone by CapnBry
Klara Janson,Healer,GameHealer,npc,2,50,151,Munin Sound,155,1.65-era: seen in this zone by CapnBry
Sorli,Shadowblade Trainer,Trainer.ShadowbladeTrainer,npc,2,50,151,Faraheim,154,1.65-era: seen in this zone by CapnBry
Kelsye,Thane Trainer,Trainer.ThaneTrainer,npc,2,50,151,Gripklosa Mountains,152,1.65-era: seen in this zone by CapnBry
Lofn,Armorsmiths Master,ArmorCraftingMaster,npc,2,70,151,Aegir's Landing,151,1.65-era: seen in this zone by CapnBry
Maerta,Merchant,GameMerchant,npc,2,50,151,Munin Sound,155,1.65-era: seen in this zone by CapnBry
Sirkka,Bonedancer Trainer,Trainer.BonedancerTrainer,npc,2,61,151,Gripklosa Mountains,152,1.65-era: seen in this zone by CapnBry
Airu,Shaman Trainer,Trainer.ShamanTrainer,npc,2,60,151,Aegir's Landing,151,1.65-era: seen in this zone by CapnBry
Qwinhild Rockbreaker,Armor Merchant,GameMerchant,npc,2,50,151,Munin Sound,155,1.65-era: seen in this zone by CapnBry
Teija,Bonedancer Trainer,Trainer.BonedancerTrainer,npc,2,60,151,Aegir's Landing,151,1.65-era: seen in this zone by CapnBry
Gilda,Dye Merchant,GameMerchant,npc,2,50,151,Faraheim,154,1.65-era: seen in this zone by CapnBry
Darla,Weapon Merchant,GameMerchant,npc,2,53,151,Gripklosa Mountains,152,1.65-era: seen in this zone by CapnBry
Reeta,Berserker Trainer,Trainer.BerserkerTrainer,npc,2,60,151,Gripklosa Mountains,152,1.65-era: seen in this zone by CapnBry
Grenda,Seer Trainer,Trainer.SeerTrainer,npc,2,55,151,Aegir's Landing,151,1.65-era: seen in this zone by CapnBry
Chieftess Guard Olura,,GameNPC,npc,2,65,151,Aegir's Landing,151,1.65-era: seen in this zone by CapnBry
Borra,Armor Merchant,GameMerchant,npc,2,50,151,Gripklosa Mountains,152,1.65-era: seen in this zone by CapnBry
Brono,Fletchers Master,FletchingMaster,npc,2,40,151,Aegir's Landing,151,1.65-era: seen in this zone by CapnBry
Steinar Gorgunsonn,Dye Merchant,GameMerchant,npc,2,50,151,Munin Sound,155,1.65-era: seen in this zone by CapnBry
Maarit,Poison Merchant,GameMerchant,npc,2,50,151,Munin Sound,155,1.65-era: seen in this zone by CapnBry
Eyvund Glum,Enchanter,Enchanter,npc,2,20,151,Gripklosa Mountains,152,1.65-era: seen in this zone by CapnBry
Dagna,Warrior Trainer,Trainer.WarriorTrainer,npc,2,60,151,Faraheim,154,1.65-era: seen in this zone by CapnBry
Nibalk,Enchanter,Enchanter,npc,2,50,151,Aegir's Landing,151,1.65-era: seen in this zone by CapnBry
Gauk,Merchant,GameMerchant,npc,2,50,151,Aegir's Landing,151,1.65-era: seen in this zone by CapnBry
Besja,Shadowblade Trainer,Trainer.ShadowbladeTrainer,npc,2,50,151,Gripklosa Mountains,152,1.65-era: seen in this zone by CapnBry
horse,,GameNPC,npc,2,55,151,Aegir's Landing,151,1.65-era: seen in this zone by CapnBry
Koll Stonesmasher,Armor Merchant,GameMerchant,npc,2,50,151,Munin Sound,155,1.65-era: seen in this zone by CapnBry
Beiwe,Weaponsmiths Master,WeaponCraftingMaster,npc,2,70,151,Aegir's Landing,151,1.65-era: seen in this zone by CapnBry
Jeren,Vault Keeper,GameVaultKeeper,npc,3,50,181,Vale of Balor,183,"likely period: listed in this zone by Illia's bestiary (2001-2010 data, may include later NPCs)"
Isibeal,Enchanter Trainer,Trainer.EnchanterTrainer,npc,3,40,181,Vale of Balor,183,"likely period: listed in this zone by Illia's bestiary (2001-2010 data, may include later NPCs)"
Faolan,Animist Trainer,Trainer.AnimistTrainer,npc,3,50,181,Domnann,181,"likely period: listed in this zone by Illia's bestiary (2001-2010 data, may include later NPCs)"
Miniine,Merchant,GameMerchant,npc,3,50,181,Vale of Balor,183,"likely period: listed in this zone by Illia's bestiary (2001-2010 data, may include later NPCs)"
Carly,Shield Merchant,GameMerchant,npc,3,51,181,Domnann,181,"likely period: listed in this zone by Illia's bestiary (2001-2010 data, may include later NPCs)"
Eersie,Healer,GameHealer,npc,3,54,181,Vigilant Rock,186,"likely period: listed in this zone by Illia's bestiary (2001-2010 data, may include later NPCs)"
Duald,Eldritch Trainer,Trainer.EldritchTrainer,npc,3,40,181,Vigilant Rock,186,"likely period: listed in this zone by Illia's bestiary (2001-2010 data, may include later NPCs)"
Eretabh,Dye Merchant,GameMerchant,npc,3,50,181,Vale of Balor,183,"likely period: listed in this zone by Illia's bestiary (2001-2010 data, may include later NPCs)"
Yori,Warden Trainer,Trainer.WardenTrainer,npc,3,50,181,Domnann,181,"likely period: listed in this zone by Illia's bestiary (2001-2010 data, may include later NPCs)"
Mirari,,GameNPC,npc,3,50,181,Domnann,181,"likely period: listed in this zone by Illia's bestiary (2001-2010 data, may include later NPCs)"
Mirra,,GameNPC,npc,3,55,181,Domnann,181,"likely period: listed in this zone by Illia's bestiary (2001-2010 data, may include later NPCs)"
Jack,,GameNPC,npc,3,40,181,Domnann,181,"likely period: listed in this zone by Illia's bestiary (2001-2010 data, may include later NPCs)"
Noe,Nightshade Trainer,Trainer.NightshadeTrainer,npc,3,40,181,Vigilant Rock,186,"likely period: listed in this zone by Illia's bestiary (2001-2010 data, may include later NPCs)"
Oriara,Valewalker Trainer,Trainer.ValewalkerTrainer,npc,3,50,181,Domnann,181,"likely period: listed in this zone by Illia's bestiary (2001-2010 data, may include later NPCs)"
Maraharna,Armor Merchant,GameMerchant,npc,3,50,181,Domnann,181,"likely period: listed in this zone by Illia's bestiary (2001-2010 data, may include later NPCs)"
Fidelma,Armor Merchant,GameMerchant,npc,3,50,181,Domnann,181,"likely period: listed in this zone by Illia's bestiary (2001-2010 data, may include later NPCs)"
Lookout,,GameNPC,npc,3,50,181,Domnann,181,"likely period: listed in this zone by Illia's bestiary (2001-2010 data, may include later NPCs)"
Sarkan,Magician Trainer,Trainer.MagicianTrainer,npc,3,50,181,Domnann,181,"likely period: listed in this zone by Illia's bestiary (2001-2010 data, may include later NPCs)"
Eileen Murphee,Enchanter,Enchanter,npc,3,50,181,Domnann,181,"likely period: listed in this zone by Illia's bestiary (2001-2010 data, may include later NPCs)"
Niamh,,GameNPC,npc,3,35,181,Vale of Balor,183,"likely period: listed in this zone by Illia's bestiary (2001-2010 data, may include later NPCs)"
Yna Lliaallgh,Eldritch Trainer,Trainer.EldritchTrainer,npc,3,51,181,Domnann,181,"likely period: listed in this zone by Illia's bestiary (2001-2010 data, may include later NPCs)"
Adhamh,Druid Trainer,Trainer.DruidTrainer,npc,3,50,181,Vigilant Rock,186,"likely period: listed in this zone by Illia's bestiary (2001-2010 data, may include later NPCs)"
Crace,,GameNPC,npc,3,50,181,Domnann,181,"likely period: listed in this zone by Illia's bestiary (2001-2010 data, may include later NPCs)"
Guardian Pariu,,GameGuard,guard,3,50,181,Domnann,181,"likely period: listed in this zone by Illia's bestiary (2001-2010 data, may include later NPCs)"
Naithi,Warden Trainer,Trainer.WardenTrainer,npc,3,40,181,Vale of Balor,183,"likely period: listed in this zone by Illia's bestiary (2001-2010 data, may include later NPCs)"
Liisu,,GameNPC,npc,3,58,181,Domnann,181,"likely period: listed in this zone by Illia's bestiary (2001-2010 data, may include later NPCs)"
Arboreal Horse,,GameNPC,npc,3,50,181,Vigilant Rock,186,unverified: no CapnBry data for this zone
Searlait,Guardian Trainer,Trainer.GuardianTrainer,npc,3,50,181,Domnann,181,"likely period: listed in this zone by Illia's bestiary (2001-2010 data, may include later NPCs)"
Anyro,,GameNPC,npc,3,50,181,Vigilant Rock,186,"likely period: listed in this zone by Illia's bestiary (2001-2010 data, may include later NPCs)"
Serenda,Hero Trainer,Trainer.HeroTrainer,npc,3,50,181,Domnann,181,"likely period: listed in this zone by Illia's bestiary (2001-2010 data, may include later NPCs)"
Jaeltrat,Siegecrafters Master,GameNPC,npc,3,70,181,Domnann,181,"likely period: listed in this zone by Illia's bestiary (2001-2010 data, may include later NPCs)"
Kevan,Hero Trainer,Trainer.HeroTrainer,npc,3,44,181,Vigilant Rock,186,"likely period: listed in this zone by Illia's bestiary (2001-2010 data, may include later NPCs)"
Nessima,Vault Keeper,GameVaultKeeper,npc,3,51,181,Domnann,181,"likely period: listed in this zone by Illia's bestiary (2001-2010 data, may include later NPCs)"
Keeley,,GameNPC,npc,3,50,181,Vale of Balor,183,"likely period: listed in this zone by Illia's bestiary (2001-2010 data, may include later NPCs)"
Guardian Leanda,,GameGuard,guard,3,50,181,Domnann,181,"likely period: listed in this zone by Illia's bestiary (2001-2010 data, may include later NPCs)"
Laura,Guild Registrar,GuildRegistrar,npc,3,50,181,Domnann,181,unverified: no CapnBry data for this zone
Ulrich,Stable Master,GameStableMaster,npc,3,4,181,Domnann,181,"likely period: listed in this zone by Illia's bestiary (2001-2010 data, may include later NPCs)"
Letselina,Smith,Blacksmith,npc,3,50,181,Vale of Balor,183,"likely period: listed in this zone by Illia's bestiary (2001-2010 data, may include later NPCs)"
Aresso Cinire,Enchanter,Enchanter,npc,3,51,181,Domnann,181,"likely period: listed in this zone by Illia's bestiary (2001-2010 data, may include later NPCs)"
Phiala,Eldritch Trainer,Trainer.EldritchTrainer,npc,3,43,181,Vale of Balor,183,"likely period: listed in this zone by Illia's bestiary (2001-2010 data, may include later NPCs)"
Dyrari,Warden Trainer,Trainer.WardenTrainer,npc,3,40,181,Vigilant Rock,186,"likely period: listed in this zone by Illia's bestiary (2001-2010 data, may include later NPCs)"
Lughaidh MacKiernan,,GameNPC,npc,3,50,181,Domnann,181,"likely period: listed in this zone by Illia's bestiary (2001-2010 data, may include later NPCs)"
Lookout,,GameNPC,npc,3,50,181,Domnann,181,"likely period: listed in this zone by Illia's bestiary (2001-2010 data, may include later NPCs)"
Ellialah,Enchanter Trainer,Trainer.EnchanterTrainer,npc,3,50,181,Domnann,181,"likely period: listed in this zone by Illia's bestiary (2001-2010 data, may include later NPCs)"
Guardian,,GameGuard,guard,3,52,181,Domnann,181,"likely period: listed in this zone by Illia's bestiary (2001-2010 data, may include later NPCs)"
Guardian,,GameGuard,guard,3,52,181,Domnann,181,"likely period: listed in this zone by Illia's bestiary (2001-2010 data, may include later NPCs)"
Loral,Naturalist Trainer,Trainer.NaturalistTrainer,npc,3,50,181,Domnann,181,"likely period: listed in this zone by Illia's bestiary (2001-2010 data, may include later NPCs)"
Anraoi,,GameNPC,npc,3,50,181,Domnann,181,"likely period: listed in this zone by Illia's bestiary (2001-2010 data, may include later NPCs)"
Chullan,Stable Master,GameStableMaster,npc,3,50,181,Vale of Balor,183,"likely period: listed in this zone by Illia's bestiary (2001-2010 data, may include later NPCs)"
Lemfid,Merchant,GameMerchant,npc,3,52,181,Vigilant Rock,186,"likely period: listed in this zone by Illia's bestiary (2001-2010 data, may include later NPCs)"
Almioghnaarna,Instrument Merchant,GameMerchant,npc,3,50,181,Vigilant Rock,186,"likely period: listed in this zone by Illia's bestiary (2001-2010 data, may include later NPCs)"
Roisin,,GameNPC,npc,3,40,181,Vigilant Rock,186,"likely period: listed in this zone by Illia's bestiary (2001-2010 data, may include later NPCs)"
Ailionora Parra,Smith,Blacksmith,npc,3,50,181,Domnann,181,"likely period: listed in this zone by Illia's bestiary (2001-2010 data, may include later NPCs)"
Priestess of the Watch,,GameNPC,npc,3,19,181,Domnann,181,"likely period: listed in this zone by Illia's bestiary (2001-2010 data, may include later NPCs)"
Guardian Leide,,GameGuard,guard,3,50,181,Domnann,181,"likely period: listed in this zone by Illia's bestiary (2001-2010 data, may include later NPCs)"
Kylian,Guild Emblemeer,EmblemNPC,npc,3,50,181,Domnann,181,"likely period: listed in this zone by Illia's bestiary (2001-2010 data, may include later NPCs)"
Eriano,Tailors Master,GameNPC,npc,3,70,181,Domnann,181,"likely period: listed in this zone by Illia's bestiary (2001-2010 data, may include later NPCs)"
Arboreal Horse,,GameNPC,npc,3,50,181,Vigilant Rock,186,unverified: no CapnBry data for this zone
Guardian Tiran,,GameGuard,guard,3,50,181,Domnann,181,"likely period: listed in this zone by Illia's bestiary (2001-2010 data, may include later NPCs)"
Kelly,Bard Trainer,Trainer.BardTrainer,npc,3,40,181,Vigilant Rock,186,"likely period: listed in this zone by Illia's bestiary (2001-2010 data, may include later NPCs)"
Guardian Eriuna,,GameGuard,guard,3,50,181,Domnann,181,"likely period: listed in this zone by Illia's bestiary (2001-2010 data, may include later NPCs)"
Finndith,Weapon Merchant,GameMerchant,npc,3,50,181,Vigilant Rock,186,"likely period: listed in this zone by Illia's bestiary (2001-2010 data, may include later NPCs)"
Aleel,Recharger,Recharger,npc,3,50,181,Domnann,181,Atlas / later: Atlas charge recharger
Taillte MacCann,Merchant,GameMerchant,npc,3,50,181,Domnann,181,"likely period: listed in this zone by Illia's bestiary (2001-2010 data, may include later NPCs)"
Bartley,,GameNPC,npc,3,55,181,Vigilant Rock,186,"likely period: listed in this zone by Illia's bestiary (2001-2010 data, may include later NPCs)"
Tegoornaith,Healer,GameHealer,npc,3,50,181,Vale of Balor,183,"likely period: listed in this zone by Illia's bestiary (2001-2010 data, may include later NPCs)"
Guardian Siranu,,GameGuard,guard,3,50,181,Domnann,181,"likely period: listed in this zone by Illia's bestiary (2001-2010 data, may include later NPCs)"
Resalg,,GameNPC,npc,3,60,181,Domnann,181,"likely period: listed in this zone by Illia's bestiary (2001-2010 data, may include later NPCs)"
Natila,Weapon Merchant,GameMerchant,npc,3,50,181,Domnann,181,"likely period: listed in this zone by Illia's bestiary (2001-2010 data, may include later NPCs)"
Riame,Poison Merchant,GameMerchant,npc,3,50,181,Vigilant Rock,186,"likely period: listed in this zone by Illia's bestiary (2001-2010 data, may include later NPCs)"
Cadei,,GameNPC,npc,3,50,181,Vigilant Rock,186,"likely period: listed in this zone by Illia's bestiary (2001-2010 data, may include later NPCs)"
Miach,Forester Trainer,Trainer.ForesterTrainer,npc,3,50,181,Domnann,181,"likely period: listed in this zone by Illia's bestiary (2001-2010 data, may include later NPCs)"
Guardian Cilanya,,GameNPC,npc,3,50,181,Domnann,181,"likely period: listed in this zone by Illia's bestiary (2001-2010 data, may include later NPCs)"
Eachann,Mentalist Trainer,Trainer.MentalistTrainer,npc,3,40,181,Domnann,181,1.65-era: seen by CapnBry (another zone)
Sean McCrean,Champion Trainer,Trainer.ChampionTrainer,npc,3,55,181,Domnann,181,"likely period: listed in this zone by Illia's bestiary (2001-2010 data, may include later NPCs)"
Kilian,Ranger Trainer,Trainer.RangerTrainer,npc,3,40,181,Vale of Balor,183,"likely period: listed in this zone by Illia's bestiary (2001-2010 data, may include later NPCs)"
Laire Indil,Armor Merchant,GameMerchant,npc,3,50,181,Domnann,181,"likely period: listed in this zone by Illia's bestiary (2001-2010 data, may include later NPCs)"
Guardian,,GameGuard,guard,3,50,181,Domnann,181,"likely period: listed in this zone by Illia's bestiary (2001-2010 data, may include later NPCs)"
Lucas,Mentalist Trainer,Trainer.MentalistTrainer,npc,3,50,181,Vigilant Rock,186,"likely period: listed in this zone by Illia's bestiary (2001-2010 data, may include later NPCs)"
Feargh,Stable Master,GameStableMaster,npc,3,4,181,Domnann,181,"likely period: listed in this zone by Illia's bestiary (2001-2010 data, may include later NPCs)"
Felic,Blademaster Trainer,Trainer.BlademasterTrainer,npc,3,40,181,Vale of Balor,183,"likely period: listed in this zone by Illia's bestiary (2001-2010 data, may include later NPCs)"
Stiofann,Animist Trainer,Trainer.AnimistTrainer,npc,3,53,181,Vigilant Rock,186,likely period: listed by Illia's bestiary in another zone
Guardian,,GameGuard,guard,3,53,181,Domnann,181,"likely period: listed in this zone by Illia's bestiary (2001-2010 data, may include later NPCs)"
Almiogh,Enchanter,Enchanter,npc,3,50,181,Vale of Balor,183,"likely period: listed in this zone by Illia's bestiary (2001-2010 data, may include later NPCs)"
Stiofann,Animist Trainer,Trainer.AnimistTrainer,npc,3,50,181,Vale of Balor,183,"likely period: listed in this zone by Illia's bestiary (2001-2010 data, may include later NPCs)"
Gearoid,,GameNPC,npc,3,40,181,Domnann,181,"likely period: listed in this zone by Illia's bestiary (2001-2010 data, may include later NPCs)"
Siobiaha,Vault Keeper,GameVaultKeeper,npc,3,50,181,Domnann,181,"likely period: listed in this zone by Illia's bestiary (2001-2010 data, may include later NPCs)"
Fylara MacKieran,,GameNPC,npc,3,50,181,Vale of Balor,183,"likely period: listed in this zone by Illia's bestiary (2001-2010 data, may include later NPCs)"
Sevaen,Merchant,GameMerchant,npc,3,50,181,Domnann,181,"likely period: listed in this zone by Illia's bestiary (2001-2010 data, may include later NPCs)"
"Niara, Priestess of the Grove",,GameNPC,npc,3,50,181,Domnann,181,"likely period: listed in this zone by Illia's bestiary (2001-2010 data, may include later NPCs)"
Kerall Anacha,Dye Merchant,GameMerchant,npc,3,55,181,Domnann,181,"likely period: listed in this zone by Illia's bestiary (2001-2010 data, may include later NPCs)"
Filidh Kendu,,GameNPC,npc,3,54,181,Domnann,181,"likely period: listed in this zone by Illia's bestiary (2001-2010 data, may include later NPCs)"
Krrkxrx,,GameNPC,npc,3,35,181,Vale of Balor,183,"likely period: listed in this zone by Illia's bestiary (2001-2010 data, may include later NPCs)"
Garyn,,GameNPC,npc,3,50,181,Vale of Balor,183,"likely period: listed in this zone by Illia's bestiary (2001-2010 data, may include later NPCs)"
Peige,Nightshade Trainer,Trainer.NightshadeTrainer,npc,3,40,181,Vale of Balor,183,"likely period: listed in this zone by Illia's bestiary (2001-2010 data, may include later NPCs)"
Dualtach,Bard Trainer,Trainer.BardTrainer,npc,3,41,181,Vale of Balor,183,"likely period: listed in this zone by Illia's bestiary (2001-2010 data, may include later NPCs)"
Arnya,Name Registrar,NameRegistrar,npc,3,50,181,Domnann,181,"likely period: listed in this zone by Illia's bestiary (2001-2010 data, may include later NPCs)"
Berandil,Dye Merchant,GameMerchant,npc,3,50,181,Domnann,181,"likely period: listed in this zone by Illia's bestiary (2001-2010 data, may include later NPCs)"
Tiaga,Weapon Merchant,GameMerchant,npc,3,52,181,Domnann,181,"likely period: listed in this zone by Illia's bestiary (2001-2010 data, may include later NPCs)"
Ciarda,Druid Trainer,Trainer.DruidTrainer,npc,3,50,181,Domnann,181,"likely period: listed in this zone by Illia's bestiary (2001-2010 data, may include later NPCs)"
Philyno,Healer,GameHealer,npc,3,51,181,Domnann,181,"likely period: listed in this zone by Illia's bestiary (2001-2010 data, may include later NPCs)"
Guardian Ryandu,,GameGuard,guard,3,50,181,Domnann,181,"likely period: listed in this zone by Illia's bestiary (2001-2010 data, may include later NPCs)"
Berlil,Recharger,Recharger,npc,3,50,181,Vigilant Rock,186,Atlas / later: Atlas charge recharger
Sarah,,GameNPC,npc,3,35,181,Vale of Balor,183,"likely period: listed in this zone by Illia's bestiary (2001-2010 data, may include later NPCs)"
Miog,Enchanter,Enchanter,npc,3,50,181,Vigilant Rock,186,"likely period: listed in this zone by Illia's bestiary (2001-2010 data, may include later NPCs)"
Finsharse,Merchant,GameMerchant,npc,3,50,181,Vale of Balor,183,"likely period: listed in this zone by Illia's bestiary (2001-2010 data, may include later NPCs)"
Vikta,Smith,Blacksmith,npc,3,50,181,Vigilant Rock,186,"likely period: listed in this zone by Illia's bestiary (2001-2010 data, may include later NPCs)"
Byrania,Merchant,GameMerchant,npc,3,55,181,Domnann,181,"likely period: listed in this zone by Illia's bestiary (2001-2010 data, may include later NPCs)"
Tyrlano,Valewalker Trainer,Trainer.ValewalkerTrainer,npc,3,50,181,Vigilant Rock,186,"likely period: listed in this zone by Illia's bestiary (2001-2010 data, may include later NPCs)"
Filidh Greigg,,GameNPC,npc,3,50,181,Vigilant Rock,186,"likely period: listed in this zone by Illia's bestiary (2001-2010 data, may include later NPCs)"
Ailela,Dye Merchant,GameMerchant,npc,3,50,181,Vigilant Rock,186,"likely period: listed in this zone by Illia's bestiary (2001-2010 data, may include later NPCs)"
Caireann,Druid Trainer,Trainer.DruidTrainer,npc,3,40,181,Vale of Balor,183,"likely period: listed in this zone by Illia's bestiary (2001-2010 data, may include later NPCs)"
Iian,Bard Trainer,Trainer.BardTrainer,npc,3,50,181,Domnann,181,"likely period: listed in this zone by Illia's bestiary (2001-2010 data, may include later NPCs)"
Iryne,Vault Keeper,GameVaultKeeper,npc,3,50,181,Vigilant Rock,186,"likely period: listed in this zone by Illia's bestiary (2001-2010 data, may include later NPCs)"
Guardian Moirne,,GameGuard,guard,3,50,181,Domnann,181,"likely period: listed in this zone by Illia's bestiary (2001-2010 data, may include later NPCs)"
Ceana,,GameNPC,npc,3,50,181,Domnann,181,"likely period: listed in this zone by Illia's bestiary (2001-2010 data, may include later NPCs)"
Lierna,Nightshade Trainer,Trainer.NightshadeTrainer,npc,3,50,181,Domnann,181,"likely period: listed in this zone by Illia's bestiary (2001-2010 data, may include later NPCs)"
Cocan,Healer,GameHealer,npc,3,50,181,Domnann,181,"likely period: listed in this zone by Illia's bestiary (2001-2010 data, may include later NPCs)"
Bulchaid,Stable Master,GameStableMaster,npc,3,4,181,Vigilant Rock,186,"likely period: listed in this zone by Illia's bestiary (2001-2010 data, may include later NPCs)"
Daylin,,GameNPC,npc,3,50,181,Vale of Balor,183,"likely period: listed in this zone by Illia's bestiary (2001-2010 data, may include later NPCs)"
Airdin,Recharger,Recharger,npc,3,50,181,Domnann,181,Atlas / later: Atlas charge recharger
Ruairi,,GameNPC,npc,3,50,181,Domnann,181,"likely period: listed in this zone by Illia's bestiary (2001-2010 data, may include later NPCs)"
Chrriptax,,GameNPC,npc,3,39,181,Vale of Balor,183,"likely period: listed in this zone by Illia's bestiary (2001-2010 data, may include later NPCs)"
Anola,,GameNPC,npc,3,52,181,Domnann,181,"likely period: listed in this zone by Illia's bestiary (2001-2010 data, may include later NPCs)"
Guardian,,GameGuard,guard,3,50,181,Domnann,181,"likely period: listed in this zone by Illia's bestiary (2001-2010 data, may include later NPCs)"
Mayrin,Smith,Blacksmith,npc,3,50,181,Domnann,181,"likely period: listed in this zone by Illia's bestiary (2001-2010 data, may include later NPCs)"
Alarana,Valewalker Trainer,Trainer.ValewalkerTrainer,npc,3,50,181,Vale of Balor,183,"likely period: listed in this zone by Illia's bestiary (2001-2010 data, may include later NPCs)"
Guardian,,GameGuard,guard,3,55,181,Domnann,181,"likely period: listed in this zone by Illia's bestiary (2001-2010 data, may include later NPCs)"
Guardian Kelsyno,,GameGuard,guard,3,55,181,Domnann,181,"likely period: listed in this zone by Illia's bestiary (2001-2010 data, may include later NPCs)"
Orlaith,,GameNPC,npc,3,40,181,Vigilant Rock,186,"likely period: listed in this zone by Illia's bestiary (2001-2010 data, may include later NPCs)"
Guardian Rynoia,,GameGuard,guard,3,50,181,Domnann,181,"likely period: listed in this zone by Illia's bestiary (2001-2010 data, may include later NPCs)"
Syrana,Weapon Merchant,GameMerchant,npc,3,50,181,Domnann,181,"likely period: listed in this zone by Illia's bestiary (2001-2010 data, may include later NPCs)"
Macawld,Ranger Trainer,Trainer.RangerTrainer,npc,3,50,181,Domnann,181,"likely period: listed in this zone by Illia's bestiary (2001-2010 data, may include later NPCs)"
Guardian Diryna,,GameGuard,guard,3,51,181,Domnann,181,"likely period: listed in this zone by Illia's bestiary (2001-2010 data, may include later NPCs)"
Artgal,Champion Trainer,Trainer.ChampionTrainer,npc,3,40,181,Vale of Balor,183,"likely period: listed in this zone by Illia's bestiary (2001-2010 data, may include later NPCs)"
Landru,Weapon Merchant,GameMerchant,npc,3,50,181,Domnann,181,"likely period: listed in this zone by Illia's bestiary (2001-2010 data, may include later NPCs)"
Farvila,Hero Trainer,Trainer.HeroTrainer,npc,3,40,181,Vale of Balor,183,"likely period: listed in this zone by Illia's bestiary (2001-2010 data, may include later NPCs)"
Aurnia,Blademaster Trainer,Trainer.BlademasterTrainer,npc,3,50,181,Domnann,181,"likely period: listed in this zone by Illia's bestiary (2001-2010 data, may include later NPCs)"
Aapo,,GameNPC,npc,3,50,181,Domnann,181,"likely period: listed in this zone by Illia's bestiary (2001-2010 data, may include later NPCs)"
Bairbre,Mentalist Trainer,Trainer.MentalistTrainer,npc,3,40,181,Vale of Balor,183,"likely period: listed in this zone by Illia's bestiary (2001-2010 data, may include later NPCs)"
Sentinel Greavas,,GameNPC,npc,3,53,181,Vale of Balor,183,"likely period: listed in this zone by Illia's bestiary (2001-2010 data, may include later NPCs)"
Keefe,Stalker Trainer,Trainer.StalkerTrainer,npc,3,50,181,Domnann,181,"likely period: listed in this zone by Illia's bestiary (2001-2010 data, may include later NPCs)"
Guardian Belno,,GameGuard,guard,3,50,181,Domnann,181,"likely period: listed in this zone by Illia's bestiary (2001-2010 data, may include later NPCs)"
Aberlil,Recharger,Recharger,npc,3,50,181,Vale of Balor,183,Atlas / later: Atlas charge recharger
Filidh Charone,,GameNPC,npc,3,50,181,Vale of Balor,183,"likely period: listed in this zone by Illia's bestiary (2001-2010 data, may include later NPCs)"
Jyrlan,,GameNPC,npc,3,38,181,Vigilant Rock,186,"likely period: listed in this zone by Illia's bestiary (2001-2010 data, may include later NPCs)"
Seriea,Healer,GameHealer,npc,3,50,181,Domnann,181,"likely period: listed in this zone by Illia's bestiary (2001-2010 data, may include later NPCs)"
Ascatinius,,GameNPC,npc,3,97,200,Shannon Estuary,202,"likely period: listed in this zone by Illia's bestiary (2001-2010 data, may include later NPCs)"
Melina,Stable Master,GameStableMaster,npc,3,71,200,Valley of Bri Leith,206,"likely period: listed in this zone by Illia's bestiary (2001-2010 data, may include later NPCs)"
Poiara,,GameNPC,npc,3,5,200,Lough Derg,200,"likely period: listed in this zone by Illia's bestiary (2001-2010 data, may include later NPCs)"
Alabhois,,GameNPC,npc,3,45,200,Valley of Bri Leith,206,"likely period: listed in this zone by Illia's bestiary (2001-2010 data, may include later NPCs)"
Lysagh,Armor Merchant,GameNPC,npc,3,30,200,Valley of Bri Leith,206,"likely period: listed in this zone by Illia's bestiary (2001-2010 data, may include later NPCs)"
Erine,Stable Master,GameStableMaster,npc,3,70,200,Valley of Bri Leith,206,"likely period: listed in this zone by Illia's bestiary (2001-2010 data, may include later NPCs)"
Greagoir,,GameNPC,npc,3,30,200,Lough Derg,200,1.65-era: seen in this zone by CapnBry
Dream Tree,,GameNPC,npc,3,40,201,Tir na Nog,209,1.65-era: seen in this zone by CapnBry
Dream Tree,,GameNPC,npc,3,4,201,Tir na Nog,209,1.65-era: seen in this zone by CapnBry
Hendrika,Weaponsmiths Master,WeaponCraftingMaster,npc,3,71,201,Tir na Nog,209,1.65-era: seen in this zone by CapnBry
Aslander,Alchemists Master,AlchemistsMaster,npc,3,70,201,Tir na Nog,209,"likely period: listed in this zone by Illia's bestiary (2001-2010 data, may include later NPCs)"
Cedric,Merchant,GameMerchant,npc,3,70,201,Tir na Nog,209,1.65-era: seen in this zone by CapnBry
Shannen,Spellcrafters Master,SpellCraftingMaster,npc,3,72,201,Tir na Nog,209,"likely period: listed in this zone by Illia's bestiary (2001-2010 data, may include later NPCs)"
Dream Tree,,GameNPC,npc,3,40,201,Tir na Nog,209,1.65-era: seen in this zone by CapnBry
Dream Tree,,GameNPC,npc,3,40,201,Tir na Nog,209,1.65-era: seen in this zone by CapnBry
Scryer Idora,,GameNPC,npc,2,50,234,The Proving Grounds,234,"likely period: listed in this zone by Illia's bestiary (2001-2010 data, may include later NPCs)"
Siegemaster Salendar,Merchant,GameMerchant,npc,1,25,238,Thidranki,238,"likely period: listed in this zone by Illia's bestiary (2001-2010 data, may include later NPCs)"
Siegemaster Ordrand,Merchant,GameNPC,npc,2,25,238,Thidranki,238,"likely period: listed in this zone by Illia's bestiary (2001-2010 data, may include later NPCs)"
Siegemaster Sigfreid,Merchant,GameNPC,npc,2,25,238,Thidranki,238,"likely period: listed in this zone by Illia's bestiary (2001-2010 data, may include later NPCs)"
Champion,,GameGuard,guard,3,255,238,Thidranki,238,"likely period: listed in this zone by Illia's bestiary (2001-2010 data, may include later NPCs)"
Champion,,GameGuard,guard,3,99,238,Thidranki,238,"likely period: listed in this zone by Illia's bestiary (2001-2010 data, may include later NPCs)"
Master Eldritch,,GameGuard,guard,3,99,238,Thidranki,238,"likely period: listed in this zone by Illia's bestiary (2001-2010 data, may include later NPCs)"
Champion,,GameGuard,guard,3,255,238,Thidranki,238,"likely period: listed in this zone by Illia's bestiary (2001-2010 data, may include later NPCs)"
Master Eldritch,,GameGuard,guard,3,99,238,Thidranki,238,"likely period: listed in this zone by Illia's bestiary (2001-2010 data, may include later NPCs)"
Siegemaster Camey,Merchant,GameNPC,npc,3,25,238,Thidranki,238,"likely period: listed in this zone by Illia's bestiary (2001-2010 data, may include later NPCs)"
Master Eldritch,,GameGuard,guard,3,99,238,Thidranki,238,"likely period: listed in this zone by Illia's bestiary (2001-2010 data, may include later NPCs)"
Master Eldritch,,GameGuard,guard,3,99,238,Thidranki,238,"likely period: listed in this zone by Illia's bestiary (2001-2010 data, may include later NPCs)"
Champion,,GameGuard,guard,3,255,238,Thidranki,238,"likely period: listed in this zone by Illia's bestiary (2001-2010 data, may include later NPCs)"
Siegemaster Wyllam,Merchant,GameMerchant,npc,1,40,241,Molvik,241,unverified: no CapnBry data for this zone
Perry,Arrow Merchant,GameMerchant,npc,2,50,242,Leirvik,254,"likely period: listed in this zone by Illia's bestiary (2001-2010 data, may include later NPCs)"
DeVille,Poison Merchant,GameNPC,npc,2,50,242,Leirvik,254,"likely period: listed in this zone by Illia's bestiary (2001-2010 data, may include later NPCs)"
Tess'la,Recharger,GameNPC,npc,2,52,242,Leirvik,254,"likely period: listed in this zone by Illia's bestiary (2001-2010 data, may include later NPCs)"
Marr,Smith,Blacksmith,npc,2,50,242,Leirvik,254,"likely period: listed in this zone by Illia's bestiary (2001-2010 data, may include later NPCs)"
Alchemist apprentice,Merchant,GameMerchant,npc,3,50,202,Kilcullen,218,unverified: no CapnBry data for this zone
Onirel,Vault Banker,GameNPC,npc,2,55,102,Frisia,121,unverified: no CapnBry data for this zone
Viran,,GameNPC,npc,3,50,202,Tullamore,272,unverified: no CapnBry data for this zone
Ebo,Diamond Armor Merchant,GameDiamondSealsMerchant,npc,3,36,249,Darkness Falls,249,"Atlas / later: Seals merchant (Darkness Rising era, used by Atlas)"
Sentinel,,GameGuard,guard,3,53,200,Connacht,207,1.65-era: seen in this zone by CapnBry
Master of Runes,,GameNPC,npc,2,255,100,Uppland,111,1.65-era: seen in this zone by CapnBry
Callaghan,Effect Master,EffectNPC,npc,3,50,335,Hibernia Event,335,Atlas / later: Atlas cosmetic effect vendor
swarm of flies,,GameNPC,npc,3,0,200,Lough Derg,200,likely period: listed by Illia's bestiary in another zone
Viking Huscarl,,GameGuard,guard,2,255,1,Hadrian's Wall,15,1.65-era: seen in this zone by CapnBry
Liot,,GameNPC,npc,2,25,100,West Svealand,102,unverified: not in CapnBry for this zone
Filidh Filiara,Name Registrar,NameRegistrar,npc,3,52,201,Tir na Nog,209,1.65-era: seen in this zone by CapnBry
Brother Willem,Healer,GameHealer,npc,1,23,1,Camelot Hills,0,1.65-era: seen in this zone by CapnBry
Maedry,Vault Banker,GameNPC,npc,3,50,202,Aberillan,225,unverified: no CapnBry data for this zone
Market Explorer,,MarketExplorer,npc,2,50,102,Frisia,121,"Atlas / later: Market Explorer (housing consignment search, post-1.65 / Atlas)"
Hibernia Decorator,Merchant,GameMerchant,npc,3,40,202,Torrylin,217,unverified: no CapnBry data for this zone
Master Eldritch,,GameGuard,guard,3,255,1,Hadrian's Wall,15,1.65-era: seen by CapnBry (another zone)
Osric,Weapon Merchant,GameMerchant,npc,1,44,1,Black Mtns. North,3,1.65-era: seen in this zone by CapnBry
Master Guardian,,GameGuard,guard,3,255,100,Odin's Gate,115,unverified: not in CapnBry for this zone
ambient pixie,,GameNPC,npc,3,1,200,Lough Derg,200,unverified: not in CapnBry for this zone
Nyle,Weapon Merchant,GameMerchant,npc,3,35,200,Silvermine Mts.,201,1.65-era: seen in this zone by CapnBry
Sentry Crush,,GameGuard,guard,2,30,100,Myrkwood Forest,105,"likely period: listed in this zone by Illia's bestiary (2001-2010 data, may include later NPCs)"
Dyemaster Edare,Dye Merchant,GameMerchant,npc,1,16,10,City of Camelot,26,1.65-era: seen in this zone by CapnBry
Gwendolyn Arlington,Dye Merchant,GameMerchant,npc,1,15,1,Campacorentin Forest,8,"likely period: listed in this zone by Illia's bestiary (2001-2010 data, may include later NPCs)"
Gothi of Odin,,Scripts.OFAssistant,npc,2,100,1,Hadrian's Wall,15,Atlas / later: Atlas frontier medallion assistant
Mellyn,Tailors Master,TailoringMaster,npc,3,65,202,Dunshire,215,unverified: no CapnBry data for this zone
Vigdis,Mystic Trainer,Trainer.MysticTrainer,npc,2,50,100,Vale of Mularn,100,1.65-era: seen in this zone by CapnBry
Guard Dooley,,GameNPC,npc,3,30,200,Connacht,207,1.65-era: seen in this zone by CapnBry
ambient pixie,,GameNPC,npc,3,1,201,Tir na Nog,209,unverified: not in CapnBry for this zone
Doramthalli,Vault Banker,GameNPC,npc,2,52,102,Nittedal,267,unverified: no CapnBry data for this zone
Mif Feit,Weapon Merchant,GameMerchant,npc,1,40,1,Black Mtns. South,2,"likely period: listed in this zone by Illia's bestiary (2001-2010 data, may include later NPCs)"
Viking Archer,,GameGuard,guard,2,255,165,Cathal Valley,165,1.65-era: seen by CapnBry (another zone)
ambient pixie,,GameNPC,npc,3,1,200,Lough Derg,200,unverified: not in CapnBry for this zone
Master of Runes,,GameGuard,guard,2,255,165,Cathal Valley,165,"likely period: listed in this zone by Illia's bestiary (2001-2010 data, may include later NPCs)"
Apprentice Taxidermist,,GameNPC,npc,1,35,2,Rilan,17,unverified: not in CapnBry for this zone
Viking Huscarl,,GameGuard,guard,2,255,165,Cathal Valley,165,1.65-era: seen by CapnBry (another zone)
Sheridan Ripley,,GameNPC,npc,1,50,2,Brisworthy,20,unverified: no CapnBry data for this zone
Minstrel of Albion,Hastener,GameHastener,npc,1,50,1,Forest Sauvage,11,likely period: listed by Illia's bestiary in another zone
ambient boar,,GameNPC,npc,2,5,101,Jordheim,120,unverified: not in CapnBry for this zone
Elvar Tambor,Weapon Merchant,GameMerchant,npc,1,15,1,Camelot Hills,0,1.65-era: seen in this zone by CapnBry
Kelldhog,Vault Banker,GameNPC,npc,2,50,102,Stavgaard,268,unverified: no CapnBry data for this zone
Master Ranger,,GameGuard,guard,3,255,200,Connacht,207,1.65-era: seen in this zone by CapnBry
horse,,GameNPC,npc,2,55,100,East Svealand,101,1.65-era: seen by CapnBry (another zone)
Brother Lensar,,GameNPC,npc,1,35,10,City of Camelot,26,1.65-era: seen in this zone by CapnBry
Master Armsman,,GameGuard,guard,1,255,165,Cathal Valley,165,unverified: no CapnBry data for this zone
Monty,,GameNPC,npc,1,55,1,Black Mtns. South,2,"likely period: listed in this zone by Illia's bestiary (2001-2010 data, may include later NPCs)"
Morffen,Vault Banker,GameNPC,npc,2,50,102,Stavgaard,268,unverified: no CapnBry data for this zone
Magus Saloc,Mage Trainer,Trainer.MageTrainer,npc,1,1,1,Avalon Marsh,9,unverified: not in CapnBry for this zone
Kalea Tait,,GameNPC,npc,1,50,1,Forest Sauvage,11,1.65-era: seen in this zone by CapnBry
ambient pixie,,GameNPC,npc,3,1,201,Tir na Nog,209,unverified: not in CapnBry for this zone
Ereda,Stable Master,GameStableMaster,npc,1,16,2,Chiltern,260,unverified: no CapnBry data for this zone
Kel,Merchant,GameMerchant,npc,1,55,1,Dartmoor,4,"likely period: listed in this zone by Illia's bestiary (2001-2010 data, may include later NPCs)"
Ewen,Weapon Merchant,GameMerchant,npc,3,40,201,Tir na Nog,209,1.65-era: seen in this zone by CapnBry
Lathrop,Vault Banker,GameNPC,npc,1,50,2,Dalton,18,unverified: no CapnBry data for this zone
Master Eldritch,,GameGuard,guard,3,255,100,Odin's Gate,115,1.65-era: seen by CapnBry (another zone)
Champion,,GameGuard,guard,3,255,200,Valley of Bri Leith,206,1.65-era: seen by CapnBry (another zone)
Sentry,,GameGuard,guard,2,53,151,Munin Sound,155,1.65-era: seen in this zone by CapnBry
Stor Gothi Goreg,,GameNPC,npc,2,60,102,Erikstaad,114,unverified: not in CapnBry for this zone
Harry,Weapon Merchant,GameMerchant,npc,2,50,101,Jordheim,120,1.65-era: seen in this zone by CapnBry
Knight Commander,,GameNPC,npc,1,255,1,Snowdonia,12,"likely period: listed in this zone by Illia's bestiary (2001-2010 data, may include later NPCs)"
Ole,Weapon Merchant,GameMerchant,npc,2,50,101,Jordheim,120,1.65-era: seen in this zone by CapnBry
Scribe Eril,,GameNPC,npc,1,28,1,Avalon Marsh,9,"likely period: listed in this zone by Illia's bestiary (2001-2010 data, may include later NPCs)"
Halker,Warrior Trainer,Trainer.WarriorTrainer,npc,2,40,100,Gotar,103,1.65-era: seen in this zone by CapnBry
Eoghan,,GameNPC,npc,3,40,200,Connacht,207,1.65-era: seen in this zone by CapnBry
Sentinel Champion,,GameGuard,guard,3,52,200,Lough Gur,204,unverified: no CapnBry data for this zone
Fianait,Armor Merchant,GameMerchant,npc,3,35,200,Connacht,207,1.65-era: seen in this zone by CapnBry
Keep Sentinel,,GameNPC,npc,3,255,200,Valley of Bri Leith,206,1.65-era: seen by CapnBry (another zone)
Sawyl Mercher,Armorsmiths Master,ArmorCraftingMaster,npc,1,65,2,Old Sarum,16,unverified: no CapnBry data for this zone
Lethantis Guard,,GameGuard,guard,1,40,1,Campacorentin Forest,8,"likely period: listed in this zone by Illia's bestiary (2001-2010 data, may include later NPCs)"
Master Guardian,,GameGuard,guard,3,255,165,Cathal Valley,165,unverified: no CapnBry data for this zone
Viking Huscarl,,GameGuard,guard,2,255,200,Emain Macha,214,1.65-era: seen in this zone by CapnBry
Cloth 2cd Page,Dye Merchant,GameMerchant,npc,3,50,335,Hibernia Event,335,unverified: no CapnBry data for this zone
Veteran Guardsman,,GameGuard,guard,1,40,10,City of Camelot,26,1.65-era: seen in this zone by CapnBry
pack horse guardsman,,GameGuard,guard,1,50,1,Avalon Marsh,9,unverified: not in CapnBry for this zone
Keith Powell,Alchemists Master,AlchemistsMaster,npc,1,65,2,Old Sarum,16,unverified: no CapnBry data for this zone
Gothi of Odin,,Scripts.OFAssistant,npc,2,100,100,Uppland,111,Atlas / later: Atlas frontier medallion assistant
Albion Decorator,Merchant,GameMerchant,npc,1,40,2,Rilan,17,unverified: not in CapnBry for this zone
Briac,Weapon Merchant,GameMerchant,npc,3,35,200,Connacht,207,"likely period: listed in this zone by Illia's bestiary (2001-2010 data, may include later NPCs)"
Magus Isen,Cabalist Trainer,Trainer.CabalistTrainer,npc,1,50,10,City of Camelot,26,1.65-era: seen in this zone by CapnBry
Chieftain Guard Hnef,,GameNPC,npc,2,65,151,Munin Sound,155,1.65-era: seen in this zone by CapnBry
Lord Prydwen,Paladin Trainer,Trainer.PaladinTrainer,npc,1,50,10,City of Camelot,26,1.65-era: seen in this zone by CapnBry
ambient pixie,,GameNPC,npc,3,1,201,Tir na Nog,209,unverified: not in CapnBry for this zone
Callaghan,Effect Master,EffectNPC,npc,3,50,201,Tir na Nog,209,Atlas / later: Atlas cosmetic effect vendor
pack horse,,GameNPC,npc,1,14,1,Camelot Hills,0,unverified: not in CapnBry for this zone
Shaughnessy,,GameNPC,npc,3,50,202,Meath,213,unverified: no CapnBry data for this zone
Master of Runes,,GameGuard,guard,2,255,200,Emain Macha,214,1.65-era: seen in this zone by CapnBry
Idona Tiu,Armor Merchant,GameMerchant,npc,2,44,100,Vale of Mularn,100,1.65-era: seen in this zone by CapnBry
Rusalka,Shadowblade Trainer,Trainer.ShadowbladeTrainer,npc,2,50,151,Aegir's Landing,151,1.65-era: seen in this zone by CapnBry
Fuinhel,Valewalker Trainer,Trainer.ValewalkerTrainer,npc,3,51,201,Tir na Nog,209,"likely period: listed in this zone by Illia's bestiary (2001-2010 data, may include later NPCs)"
Ea,Blademaster Trainer,Trainer.BlademasterTrainer,npc,3,45,200,Silvermine Mts.,201,1.65-era: seen in this zone by CapnBry
Chieftess Guard Runnla,,GameNPC,npc,2,65,151,Aegir's Landing,151,1.65-era: seen in this zone by CapnBry
Anja,Vault Banker,GameNPC,npc,2,53,102,Arothi,117,unverified: no CapnBry data for this zone
Brother Demay,Healer,GameHealer,npc,1,40,1,Black Mtns. South,2,"likely period: listed in this zone by Illia's bestiary (2001-2010 data, may include later NPCs)"
Kol Smithir,Smith,Blacksmith,npc,2,50,100,West Svealand,102,1.65-era: seen in this zone by CapnBry
Moyrek,Fletchers Master,FletchingMaster,npc,3,65,202,Broughshane,274,unverified: no CapnBry data for this zone
Cornelis,Smith,Blacksmith,npc,2,22,100,Vale of Mularn,100,1.65-era: seen in this zone by CapnBry
Iain,Armor Merchant,GameMerchant,npc,3,40,200,Silvermine Mts.,201,1.65-era: seen in this zone by CapnBry
Magus Aelle,Mage Trainer,Trainer.MageTrainer,npc,1,27,1,Camelot Hills,0,1.65-era: seen in this zone by CapnBry
Master Eldritch,,GameGuard,guard,3,255,165,Cathal Valley,165,1.65-era: seen by CapnBry (another zone)
Catla Gardasdottir,,GameNPC,npc,2,50,151,Aegir's Landing,151,1.65-era: seen in this zone by CapnBry
Muirinn,,GameNPC,npc,3,60,202,Saeranthal,219,unverified: no CapnBry data for this zone
Glodry,Armorsmiths Master,GameNPC,npc,3,65,202,Dunshire,215,unverified: no CapnBry data for this zone
Miar,Poison Merchant,GameMerchant,npc,3,50,181,Vale of Balor,183,"likely period: listed in this zone by Illia's bestiary (2001-2010 data, may include later NPCs)"
Ormor,Armorsmiths Master,ArmorCraftingMaster,npc,3,70,202,Meath,213,unverified: no CapnBry data for this zone
Auda,Weapon Merchant,GameMerchant,npc,2,50,100,West Svealand,102,1.65-era: seen in this zone by CapnBry
Hastener,,GameHastener,npc,0,1,1,Hadrian's Wall,15,1.65-era: seen in this zone by CapnBry
Magnor,Shadowblade Trainer,Trainer.ShadowbladeTrainer,npc,2,50,100,Myrkwood Forest,105,1.65-era: seen in this zone by CapnBry
Linnea,,GameNPC,npc,2,23,100,West Svealand,102,unverified: not in CapnBry for this zone
Knight Commander,,GameGuard,guard,1,255,100,Odin's Gate,115,1.65-era: seen in this zone by CapnBry
Hastener,Wulvar Clan,GameHastener,npc,0,75,100,Jamtland Mountains,113,1.65-era: seen in this zone by CapnBry
Champion,,GameGuard,guard,3,255,235,The Lions Den,235,1.65-era: seen by CapnBry (another zone)
Almhighseh,,GameNPC,npc,2,50,102,Nittedal,267,unverified: no CapnBry data for this zone
innocent,,GameNPC,npc,2,38,246,Dodens Gruva,246,1.65-era: seen in this zone by CapnBry
ambient rat,,GameNPC,npc,0,1,101,Jordheim,120,unverified: not in CapnBry for this zone
Hekja,Vault Banker,GameNPC,npc,2,52,102,Carlingford,118,unverified: no CapnBry data for this zone
ambient pixie,,GameNPC,npc,3,1,201,Tir na Nog,209,unverified: not in CapnBry for this zone
ambient pixie,,GameNPC,npc,3,1,200,Connacht,207,unverified: not in CapnBry for this zone
Dierdra,Dye Merchant,GameMerchant,npc,3,35,201,Tir na Nog,209,1.65-era: seen in this zone by CapnBry
ambient pixie,,GameNPC,npc,3,1,200,Silvermine Mts.,201,unverified: not in CapnBry for this zone
Sir Barcroft,,GameNPC,npc,1,30,1,Camelot Hills,0,1.65-era: seen in this zone by CapnBry
ambient pixie,,GameNPC,npc,3,1,200,Connacht,207,unverified: not in CapnBry for this zone
Dwarven Guard,,GameGuard,guard,2,52,151,Aegir's Landing,151,1.65-era: seen in this zone by CapnBry
Magus Sacyn,Cabalist Trainer,Trainer.CabalistTrainer,npc,1,50,1,Campacorentin Forest,8,"likely period: listed in this zone by Illia's bestiary (2001-2010 data, may include later NPCs)"
Hafgan Corley,Armor Merchant,GameMerchant,npc,1,1,10,City of Camelot,26,1.65-era: seen in this zone by CapnBry
Regin,Skald Trainer,Trainer.SkaldTrainer,npc,2,50,151,Gripklosa Mountains,152,1.65-era: seen in this zone by CapnBry
Hibernia Armor,Item Merchant,GameMerchant,npc,3,50,201,Tir na Nog,209,unverified: not in CapnBry for this zone
ambient pixie,,GameNPC,npc,3,1,201,Tir na Nog,209,unverified: not in CapnBry for this zone
gray spectre,,NightSpawn,npc,0,22,200,Cruachan Gorge,211,"likely period: listed in this zone by Illia's bestiary (2001-2010 data, may include later NPCs)"
Thyra,Armor Merchant,GameMerchant,npc,2,42,100,Myrkwood Forest,105,1.65-era: seen in this zone by CapnBry
Saraid,,GameNPC,npc,3,49,200,Valley of Bri Leith,206,"likely period: listed in this zone by Illia's bestiary (2001-2010 data, may include later NPCs)"
Tiche,Merchant,GameMerchant,npc,3,50,202,Broughshane,274,unverified: no CapnBry data for this zone
Dartan,,GameNPC,npc,3,20,200,Cliffs of Moher,203,"likely period: listed in this zone by Illia's bestiary (2001-2010 data, may include later NPCs)"
horse,,GameNPC,npc,2,55,100,Myrkwood Forest,105,1.65-era: seen in this zone by CapnBry
Brogan,,GameNPC,npc,3,52,200,Lough Derg,200,"likely period: listed in this zone by Illia's bestiary (2001-2010 data, may include later NPCs)"
Sister Marjorie,Acolyte Trainer,Trainer.AcolyteTrainer,npc,1,50,1,Camelot Hills,0,"likely period: listed in this zone by Illia's bestiary (2001-2010 data, may include later NPCs)"
Valda,Stable Master,GameStableMaster,npc,2,51,102,Erikstaad,114,unverified: not in CapnBry for this zone
Siv Alfevson,,GameNPC,npc,2,20,100,East Svealand,101,likely period: listed by Illia's bestiary in another zone
Lynara,Recharger,Recharger,npc,3,50,181,Caillte Garran,182,Atlas / later: Atlas charge recharger
Master Wizard,,GameNPC,npc,1,255,165,Cathal Valley,165,"likely period: listed in this zone by Illia's bestiary (2001-2010 data, may include later NPCs)"
Brother Tanis,Healer,GameHealer,npc,1,40,1,Black Mtns. South,2,"likely period: listed in this zone by Illia's bestiary (2001-2010 data, may include later NPCs)"
ambient rat,,GameNPC,npc,0,1,200,Lough Derg,200,unverified: not in CapnBry for this zone
Magus Agyfen,Cabalist Trainer,Trainer.CabalistTrainer,npc,1,50,10,City of Camelot,26,1.65-era: seen in this zone by CapnBry
Kyndia,Armor Merchant,GameMerchant,npc,3,50,181,Domnann,181,"likely period: listed in this zone by Illia's bestiary (2001-2010 data, may include later NPCs)"
Apprentice Taxidermist,,GameNPC,npc,2,35,102,Kaupang,122,unverified: no CapnBry data for this zone
Master Eldritch,,GameGuard,guard,3,255,165,Cathal Valley,165,1.65-era: seen by CapnBry (another zone)
Master of Runes,,GameGuard,guard,2,255,165,Cathal Valley,165,"likely period: listed in this zone by Illia's bestiary (2001-2010 data, may include later NPCs)"
gray spectre,,NightSpawn,npc,0,24,200,Cruachan Gorge,211,"likely period: listed in this zone by Illia's bestiary (2001-2010 data, may include later NPCs)"
Viking Huscarl,,GameGuard,guard,2,255,1,Hadrian's Wall,15,1.65-era: seen in this zone by CapnBry
Midgard Trainer,Master Trainer,Scripts.AtlasTrainer,npc,2,75,334,Midgard Event,334,Atlas / later: Atlas trainer
phantom wickerman,,NightSpawn,npc,0,30,200,Connacht,207,"likely period: listed in this zone by Illia's bestiary (2001-2010 data, may include later NPCs)"
Morth,Vault Banker,GameNPC,npc,2,50,102,Arothi,117,unverified: no CapnBry data for this zone
Alfdis Rannveig,Smith,Blacksmith,npc,2,20,151,Faraheim,154,1.65-era: seen in this zone by CapnBry
Master of Runes,,GameGuard,guard,2,255,200,Emain Macha,214,1.65-era: seen in this zone by CapnBry
swarm of flies,,GameNPC,npc,1,0,1,Forest Sauvage,11,likely period: listed by Illia's bestiary in another zone
Njaya,,GameNPC,npc,2,32,102,Kaupang,122,unverified: no CapnBry data for this zone
Hastener,,GameHastener,npc,0,1,100,Odin's Gate,115,1.65-era: seen in this zone by CapnBry
Bersi,Poison Merchant,GameMerchant,npc,2,53,100,Gotar,103,1.65-era: seen in this zone by CapnBry
Lyrist,Hastener,GameHastener,npc,3,30,202,Torrylin,217,unverified: no CapnBry data for this zone
Sentinel,,GameGuard,guard,3,51,201,Tir na Nog,209,1.65-era: seen in this zone by CapnBry
Eabae Egesa,Weapon Merchant,GameMerchant,npc,1,8,1,Black Mtns. South,2,1.65-era: seen in this zone by CapnBry
Master Nightshade,,GameNPC,npc,3,255,234,The Proving Grounds,234,1.65-era: seen by CapnBry (another zone)
Albion Trainer,Master Trainer,Scripts.AtlasTrainer,npc,1,75,10,City of Camelot,26,Atlas / later: Atlas trainer
Gretta,,GameNPC,npc,2,41,151,Gripklosa Mountains,152,1.65-era: seen in this zone by CapnBry
Master Guardian,,GameGuard,guard,3,255,165,Cathal Valley,165,unverified: no CapnBry data for this zone
Hastener,Regnum Cleritas,GameHastener,npc,0,75,1,Pennine Mountains,14,1.65-era: seen by CapnBry (another zone)
Lyrist,Hastener,GameHastener,npc,3,30,202,Kilcullen,218,unverified: no CapnBry data for this zone
Mildrid,,GameNPC,npc,2,30,100,Vale of Mularn,100,1.65-era: seen in this zone by CapnBry
mist wraith,,NightSpawn,npc,0,27,200,Cruachan Gorge,211,"likely period: listed in this zone by Illia's bestiary (2001-2010 data, may include later NPCs)"
Master Reginald,Rogue Trainer,Trainer.AlbionRogueTrainer,npc,1,40,51,Isle of Glass,51,1.65-era: seen in this zone by CapnBry
Nikole the crier,,GameNPC,npc,1,45,51,Avalon Isle,52,1.65-era: seen in this zone by CapnBry
Sir Fundin,,GameNPC,npc,1,45,1,Campacorentin Forest,8,1.65-era: seen by CapnBry (another zone)
Frederik Rolby,,GameNPC,npc,1,40,51,Isle of Glass,51,1.65-era: seen in this zone by CapnBry
Jereladric,Armorsmiths Master,ArmorCraftingMaster,npc,1,67,2,Rilan,17,unverified: not in CapnBry for this zone
Troll Flayer,,GameGuard,guard,2,30,100,Myrkwood Forest,105,1.65-era: seen in this zone by CapnBry
Chieftess Da Behnn,,Keeps.GuardLord,guard,3,63,200,Breifine,212,unverified: not in CapnBry for this zone
Adrira,Merchant,GameMerchant,npc,3,50,181,Caillte Garran,182,"likely period: listed in this zone by Illia's bestiary (2001-2010 data, may include later NPCs)"
Gogarty Muire,,GameNPC,npc,3,14,200,Connacht,207,"likely period: listed in this zone by Illia's bestiary (2001-2010 data, may include later NPCs)"
Jack Landrey,Armor Merchant,GameMerchant,npc,1,41,1,Cornwall,6,1.65-era: seen in this zone by CapnBry
Asa,Armor Merchant,GameMerchant,npc,2,50,151,Aegir's Landing,151,1.65-era: seen in this zone by CapnBry
Celtic Guardian,,GameGuard,guard,3,255,200,Mount Collory,210,unverified: not in CapnBry for this zone
Scout,,Keeps.GuardArcher,guard,1,52,1,Forest Sauvage,11,1.65-era: seen in this zone by CapnBry
Flayer Kegnar,,GameGuard,guard,2,31,100,Gotar,103,1.65-era: seen in this zone by CapnBry
scourge rat,,GameNPC,npc,3,1,200,Lough Gur,204,unverified: no CapnBry data for this zone
Dyemaster Clarrie,Dye Merchant,GameMerchant,npc,1,50,51,Aldland,56,unverified: no CapnBry data for this zone
Master of Runes,,GameGuard,guard,2,255,165,Cathal Valley,165,"likely period: listed in this zone by Illia's bestiary (2001-2010 data, may include later NPCs)"
Master of Runes,,GameGuard,guard,2,255,200,Emain Macha,214,1.65-era: seen in this zone by CapnBry
Derry,Merchant,GameMerchant,npc,2,40,101,Jordheim,120,unverified: not in CapnBry for this zone
Jill Huntington,,GameNPC,npc,1,9,1,Salisbury Plains,1,1.65-era: seen in this zone by CapnBry
Idunda,Tailors Master,GameNPC,npc,2,71,102,Kaupang,122,unverified: no CapnBry data for this zone
Averrius,,GameNPC,npc,2,21,100,Myrkwood Forest,105,"likely period: listed in this zone by Illia's bestiary (2001-2010 data, may include later NPCs)"
Hulda,Shield Merchant,GameMerchant,npc,2,50,100,East Svealand,101,1.65-era: seen in this zone by CapnBry
Master Wizard,,GameNPC,npc,1,255,1,Forest Sauvage,11,1.65-era: seen in this zone by CapnBry
Viking Dreng,,GameNPC,npc,2,21,100,East Svealand,101,1.65-era: seen in this zone by CapnBry
ambient pixie,,GameNPC,npc,3,1,201,Tir na Nog,209,unverified: not in CapnBry for this zone
Bowman Commander,,GameGuard,guard,1,255,165,Cathal Valley,165,"likely period: listed in this zone by Illia's bestiary (2001-2010 data, may include later NPCs)"
Elrigh,,GameNPC,npc,1,8,1,Black Mtns. North,3,1.65-era: seen in this zone by CapnBry
Vetusta Abbey Bell,DO NOT REMOVE,VetustaAbbeyBell,npc,0,50,1,Black Mtns. South,2,unverified: not in CapnBry for this zone
Apprentice Taxidermist,,GameNPC,npc,1,35,2,Rilan,17,unverified: not in CapnBry for this zone
Aase,Weaponsmiths Master,WeaponCraftingMaster,npc,2,50,101,Jordheim,120,1.65-era: seen in this zone by CapnBry
Maggie McClellan,,GameNPC,npc,1,44,1,Black Mtns. South,2,1.65-era: seen in this zone by CapnBry
Troll Guard,,GameNPC,npc,2,50,151,Faraheim,154,1.65-era: seen in this zone by CapnBry
Iomharr Buchanan,,GameNPC,npc,1,38,1,Black Mtns. South,2,"likely period: listed in this zone by Illia's bestiary (2001-2010 data, may include later NPCs)"
Deryn,Weapon Merchant,GameMerchant,npc,3,35,200,Connacht,207,"likely period: listed in this zone by Illia's bestiary (2001-2010 data, may include later NPCs)"
Huntsman,,GameNPC,npc,1,30,1,Campacorentin Forest,8,1.65-era: seen in this zone by CapnBry
Guardsman,,GameGuard,guard,1,30,10,City of Camelot,26,1.65-era: seen in this zone by CapnBry
Master Visur,Teleporter,Scripts.LiveTeleporter,npc,1,75,10,City of Camelot,26,teleporter (not 1.65; listed separately)
Val,,GameNPC,npc,2,25,100,East Svealand,101,1.65-era: seen in this zone by CapnBry
Warren Gibson,Armor Merchant,GameMerchant,npc,1,1,10,City of Camelot,26,1.65-era: seen in this zone by CapnBry
ambient rat,,GameNPC,npc,0,1,100,Vale of Mularn,100,unverified: not in CapnBry for this zone
ambient pixie,,GameNPC,npc,3,1,200,Connacht,207,unverified: not in CapnBry for this zone
Brother Kenton,Healer,GameHealer,npc,1,50,51,Avalon Isle,52,1.65-era: seen in this zone by CapnBry
Barkeep Gjerta,,GameNPC,npc,2,50,151,Gripklosa Mountains,152,1.65-era: seen in this zone by CapnBry
deamhan aeir,,NightSpawn,npc,0,37,200,Lough Gur,204,"likely period: listed in this zone by Illia's bestiary (2001-2010 data, may include later NPCs)"
ambient pixie,,GameNPC,npc,3,1,201,Tir na Nog,209,unverified: not in CapnBry for this zone
Sonyw,Merchant,GameMerchant,npc,2,47,151,Aegir's Landing,151,unverified: not in CapnBry for this zone
Channeler Glasny,Teleporter,Scripts.LiveTeleporter,npc,3,75,200,Shannon Estuary,202,teleporter (not 1.65; listed separately)
stabled horse,,GameNPC,npc,3,55,201,Tir na Nog,209,unverified: not in CapnBry for this zone
Albion World,Item Merchant,GameMerchant,npc,1,50,10,City of Camelot,26,unverified: not in CapnBry for this zone
Dienyc,Fletchers Master,FletchingMaster,npc,1,65,2,Sherborne,261,unverified: no CapnBry data for this zone
Herlaiy,Vault Banker,GameNPC,npc,1,50,2,Brisworthy,20,unverified: no CapnBry data for this zone
Brother Spilr,Friar Trainer,Trainer.FriarTrainer,npc,1,54,1,Campacorentin Forest,8,1.65-era: seen in this zone by CapnBry
Hastener,,GameHastener,npc,2,50,100,Uppland,111,1.65-era: seen in this zone by CapnBry
Valgerd,Hunter Trainer,Trainer.HunterTrainer,npc,2,50,100,Myrkwood Forest,105,1.65-era: seen in this zone by CapnBry
Annevlann,Vault Banker,GameNPC,npc,2,50,102,Nittedal,267,unverified: no CapnBry data for this zone
Dafyd Graham,Smith,Blacksmith,npc,1,15,1,Campacorentin Forest,8,"likely period: listed in this zone by Illia's bestiary (2001-2010 data, may include later NPCs)"
Gudlor,,GameNPC,npc,2,35,100,West Svealand,102,1.65-era: seen in this zone by CapnBry
ambient pixie,,GameNPC,npc,3,1,200,Silvermine Mts.,201,unverified: not in CapnBry for this zone
Hastener,,GameHastener,npc,0,100,200,Breifine,212,1.65-era: seen by CapnBry (another zone)
new mob,,Keeps.FrontierHastener,npc,0,1,200,Emain Macha,214,unverified: not in CapnBry for this zone
Scandlain,,GameNPC,npc,2,50,151,Munin Sound,155,1.65-era: seen in this zone by CapnBry
Tullyn,Vault Banker,GameNPC,npc,3,50,202,Tullamore,272,unverified: no CapnBry data for this zone
Salma,Thane Trainer,Trainer.ThaneTrainer,npc,2,40,100,Gotar,103,1.65-era: seen in this zone by CapnBry
Viking Huscarl,,GameGuard,guard,2,255,165,Cathal Valley,165,1.65-era: seen by CapnBry (another zone)
Knight Commander,,GameNPC,npc,1,255,200,Emain Macha,214,1.65-era: seen in this zone by CapnBry
Ta'ifah Alhambra,,GameNPC,npc,1,50,1,Black Mtns. South,2,"likely period: listed in this zone by Illia's bestiary (2001-2010 data, may include later NPCs)"
Master Visur,Teleporter,Scripts.LiveTeleporter,npc,1,60,73,Stygian Delta,81,teleporter (not 1.65; listed separately)
Licrin the crier,,GameNPC,npc,1,35,1,Camelot Hills,0,1.65-era: seen in this zone by CapnBry
Gavina,Shield Merchant,GameMerchant,npc,3,33,200,Shannon Estuary,202,1.65-era: seen in this zone by CapnBry
Master Elementalist,,Scripts.OFAssistant,npc,1,100,1,Forest Sauvage,11,Atlas / later: Atlas frontier medallion assistant
Krisst,Arrow Merchant,GameMerchant,npc,2,44,100,East Svealand,101,1.65-era: seen in this zone by CapnBry
Market Explorer,,MarketExplorer,npc,3,50,202,Aberillan,225,"Atlas / later: Market Explorer (housing consignment search, post-1.65 / Atlas)"
Garu,,GameNPC,npc,2,43,100,East Svealand,101,1.65-era: seen in this zone by CapnBry
Mistress Gwenda,Wizard Trainer,Trainer.WizardTrainer,npc,1,50,51,Isle of Glass,51,1.65-era: seen in this zone by CapnBry
faerie frog,,DaySpawn,npc,0,30,1,Snowdonia,12,"likely period: listed in this zone by Illia's bestiary (2001-2010 data, may include later NPCs)"
Bombard,Stable Master,GameStableMaster,npc,1,4,1,Black Mtns. South,2,1.65-era: seen in this zone by CapnBry
Hastener,,GameHastener,npc,0,1,1,Forest Sauvage,11,1.65-era: seen in this zone by CapnBry
Vadri Pade,,GameNPC,npc,1,30,10,City of Camelot,26,1.65-era: seen in this zone by CapnBry
Tomaz,Stable Master,GameStableMaster,npc,1,50,2,Old Sarum,16,unverified: no CapnBry data for this zone
Ljot,,GameNPC,npc,2,30,100,West Svealand,102,1.65-era: seen in this zone by CapnBry
Viking Archer,,GameNPC,npc,2,95,100,Uppland,111,1.65-era: seen in this zone by CapnBry
Master Visur,,Scripts.OFTeleporter,npc,1,100,1,Forest Sauvage,11,teleporter (not 1.65; listed separately)
Serani,Poison Merchant,GameMerchant,npc,1,50,330,Albion Event,330,unverified: no CapnBry data for this zone
Jymm,,GameNPC,npc,1,15,10,City of Camelot,26,unverified: not in CapnBry for this zone
Leshorm Hael,Armor Merchant,GameMerchant,npc,1,15,1,Avalon Marsh,9,"likely period: listed in this zone by Illia's bestiary (2001-2010 data, may include later NPCs)"
Og,Armor Merchant,GameMerchant,npc,2,20,100,Gotar,103,1.65-era: seen in this zone by CapnBry
housing,,GameNPC,npc,0,1,2,Caerwent,13,unverified: not in CapnBry for this zone
Sentinel,,GameGuard,guard,3,45,200,Cliffs of Moher,203,1.65-era: seen by CapnBry (another zone)
Seosaimhin,Vault Banker,GameNPC,npc,3,55,202,Saeranthal,219,unverified: no CapnBry data for this zone
Allistar,Blademaster Trainer,Trainer.BlademasterTrainer,npc,3,50,200,Shannon Estuary,202,"likely period: listed in this zone by Illia's bestiary (2001-2010 data, may include later NPCs)"
Market Explorer,,MarketExplorer,npc,1,50,2,Dalton,18,"Atlas / later: Market Explorer (housing consignment search, post-1.65 / Atlas)"
Knight Commander,,GameGuard,guard,1,255,200,Emain Macha,214,1.65-era: seen in this zone by CapnBry
Lieutenant Platon,Scout Trainer,Trainer.ScoutTrainer,npc,1,50,51,Aldland,56,"likely period: listed in this zone by Illia's bestiary (2001-2010 data, may include later NPCs)"
Master Rusiv,Castle Sauvage Emissary,SimpleTeleporter,npc,1,60,73,Stygian Delta,81,added by this project (excluded)
Hammond,Weapon Merchant,GameMerchant,npc,2,50,151,Gripklosa Mountains,152,1.65-era: seen in this zone by CapnBry
Flosi,Weapon Merchant,GameMerchant,npc,2,50,101,Jordheim,120,1.65-era: seen in this zone by CapnBry
Sentinel Grania,,GameGuard,guard,3,42,200,Shannon Estuary,202,1.65-era: seen in this zone by CapnBry
Kvasir,Merchant,GameMerchant,npc,2,70,101,Jordheim,120,1.65-era: seen in this zone by CapnBry
Ina,Eldritch Trainer,Trainer.EldritchTrainer,npc,3,45,200,Valley of Bri Leith,206,"likely period: listed in this zone by Illia's bestiary (2001-2010 data, may include later NPCs)"
Dyemaster Gary,Dye Merchant,GameMerchant,npc,1,17,51,Isle of Glass,51,1.65-era: seen in this zone by CapnBry
Sentinel,,GameGuard,guard,3,52,200,Shannon Estuary,202,1.65-era: seen in this zone by CapnBry
Skald of Midgard,Hastener,GameHastener,npc,2,50,101,Jordheim,120,likely period: listed by Illia's bestiary in another zone
Eilis,Tailors Master,TailoringMaster,npc,3,65,202,Saeranthal,219,unverified: no CapnBry data for this zone
Brother Ethelbald,Friar Trainer,Trainer.FriarTrainer,npc,1,50,10,City of Camelot,26,1.65-era: seen in this zone by CapnBry
Master of Runes,,GameGuard,guard,2,255,1,Hadrian's Wall,15,1.65-era: seen in this zone by CapnBry
Edarg,Stable Master,GameStableMaster,npc,1,4,1,Salisbury Plains,1,1.65-era: seen in this zone by CapnBry
svartalf smith,Smith,Blacksmith,npc,2,18,100,Gotar,103,1.65-era: seen in this zone by CapnBry
Viking Huscarl,,GameGuard,guard,2,255,165,Cathal Valley,165,1.65-era: seen by CapnBry (another zone)
Karayan,,GameNPC,npc,1,50,51,Avalon Isle,52,1.65-era: seen in this zone by CapnBry
Master Qilith,Infiltrator Trainer,Trainer.InfiltratorTrainer,npc,1,50,1,Campacorentin Forest,8,"likely period: listed in this zone by Illia's bestiary (2001-2010 data, may include later NPCs)"
Guardsman Exeter,,GameGuard,guard,1,41,10,City of Camelot,26,1.65-era: seen in this zone by CapnBry
Mandra,,GameNPC,npc,3,4,200,Lough Derg,200,1.65-era: seen in this zone by CapnBry
Valkyrie Sentry,,GameGuard,guard,2,39,101,Jordheim,120,1.65-era: seen in this zone by CapnBry
Master Wizard,,GameGuard,guard,1,255,100,Odin's Gate,115,1.65-era: seen in this zone by CapnBry
ambient rat,,GameNPC,npc,0,1,10,City of Camelot,26,unverified: not in CapnBry for this zone
Nellen,Spellcrafters Master,SpellCraftingMaster,npc,2,65,102,Arothi,117,unverified: no CapnBry data for this zone
Frika,Healer Trainer,Trainer.HealerTrainer,npc,2,55,151,Faraheim,154,1.65-era: seen in this zone by CapnBry
Gwulla,Medallion Merchant,GameMerchant,npc,2,75,100,Uppland,111,1.65-era: seen in this zone by CapnBry
Bonhilda,,GameNPC,npc,2,50,102,Kaupang,122,unverified: no CapnBry data for this zone
horse,,GameNPC,npc,3,51,200,Lough Derg,200,1.65-era: seen by CapnBry (another zone)
Collen Blist,Cleric Trainer,Trainer.ClericTrainer,npc,1,50,1,Campacorentin Forest,8,1.65-era: seen in this zone by CapnBry
wind ghoul,,NightSpawn,npc,0,7,200,Connacht,207,1.65-era: seen in this zone by CapnBry
Master Eldritch,,GameGuard,guard,3,255,100,Odin's Gate,115,1.65-era: seen by CapnBry (another zone)
Dyemaster Druce,Dye Merchant,GameMerchant,npc,1,40,1,Campacorentin Forest,8,1.65-era: seen in this zone by CapnBry
Abjorn Onefoot,,GameNPC,npc,2,50,151,Faraheim,154,1.65-era: seen in this zone by CapnBry
Alciana,Poison Merchant,GameMerchant,npc,3,50,181,Domnann,181,"likely period: listed in this zone by Illia's bestiary (2001-2010 data, may include later NPCs)"
Caylon,Vault Banker,GameNPC,npc,1,50,2,Caerwent,13,unverified: not in CapnBry for this zone
Ryden,Weapon Merchant,GameMerchant,npc,2,41,100,West Svealand,102,1.65-era: seen in this zone by CapnBry
horse,,GameNPC,npc,1,55,1,Campacorentin Forest,8,1.65-era: seen in this zone by CapnBry
Enchanter Grumwold,Enchanter,Enchanter,npc,1,50,1,Camelot Hills,0,1.65-era: seen in this zone by CapnBry
Ronan,Armor Merchant,GameMerchant,npc,3,50,200,Shannon Estuary,202,1.65-era: seen in this zone by CapnBry
ambient rat,,GameNPC,npc,0,1,101,Jordheim,120,unverified: not in CapnBry for this zone
Seamstress Marie,Armor Merchant,GameMerchant,npc,1,20,1,Black Mtns. South,2,1.65-era: seen in this zone by CapnBry
horse,,GameNPC,npc,1,61,2,Sherborne,261,1.65-era: seen by CapnBry (another zone)
Pirkko,Savage Trainer,Trainer.SavageTrainer,npc,2,50,101,Jordheim,120,1.65-era: seen in this zone by CapnBry
Master Wizard,,GameGuard,guard,1,255,100,Odin's Gate,115,1.65-era: seen in this zone by CapnBry
Zinia Marsen,Armor Merchant,GameMerchant,npc,1,50,51,Isle of Glass,51,1.65-era: seen in this zone by CapnBry
Edricar,Stable Master,GameStableMaster,npc,3,30,200,Silvermine Mts.,201,1.65-era: seen in this zone by CapnBry
Veteran Guardsman,,GameGuard,guard,1,40,1,Black Mtns. South,2,1.65-era: seen in this zone by CapnBry
Flayer Rosil,,GameNPC,npc,2,31,100,Gotar,103,1.65-era: seen in this zone by CapnBry
Meerak,Armor Merchant,GameMerchant,npc,3,50,181,Vale of Balor,183,"likely period: listed in this zone by Illia's bestiary (2001-2010 data, may include later NPCs)"
horse,,GameNPC,npc,1,55,2,Old Sarum,16,1.65-era: seen by CapnBry (another zone)
Hunter,,Keeps.GuardStaticArcher,guard,2,52,200,Breifine,212,1.65-era: seen by CapnBry (another zone)
Lirele,,GameNPC,npc,1,50,51,Isle of Glass,51,1.65-era: seen in this zone by CapnBry
Fachnan,Vault Banker,GameNPC,npc,3,50,202,Torrylin,217,unverified: no CapnBry data for this zone
innocent,,GameNPC,npc,2,36,246,Dodens Gruva,246,1.65-era: seen in this zone by CapnBry
Kylirean,Armor Merchant,GameMerchant,npc,3,35,200,Lough Derg,200,1.65-era: seen in this zone by CapnBry
Thora,,GameNPC,npc,2,35,100,West Svealand,102,1.65-era: seen in this zone by CapnBry
Urho,Merchant,GameMerchant,npc,2,50,151,Aegir's Landing,151,1.65-era: seen in this zone by CapnBry
Ailinh,Forester Trainer,Trainer.ForesterTrainer,npc,3,1,200,Shannon Estuary,202,unverified: not in CapnBry for this zone
Hegarty,Vault Banker,GameNPC,npc,3,50,202,Torrylin,217,unverified: no CapnBry data for this zone
Inga,Arrow Merchant,GameMerchant,npc,2,50,100,East Svealand,101,1.65-era: seen in this zone by CapnBry
Filidh Morven,Hastener,GameHastener,npc,3,35,200,Lough Derg,200,1.65-era: seen in this zone by CapnBry
Toireasa,Vault Banker,GameNPC,npc,3,50,202,Saeranthal,219,unverified: no CapnBry data for this zone
Scout,,GameNPC,npc,1,45,1,Black Mtns. North,3,1.65-era: seen by CapnBry (another zone)
Hunter,,Keeps.GuardStaticArcher,guard,2,28,252,Thidranki,252,"likely period: listed in this zone by Illia's bestiary (2001-2010 data, may include later NPCs)"
Hunter,Die Raecher von Hel,Keeps.GuardArcher,guard,2,56,200,Emain Macha,214,1.65-era: seen by CapnBry (another zone)
Hastener,,GameHastener,npc,3,50,200,Valley of Bri Leith,206,1.65-era: seen by CapnBry (another zone)
Vaegwyn,Merchant,GameMerchant,npc,3,55,202,Tullamore,272,unverified: no CapnBry data for this zone
Viking Huscarl,,GameGuard,guard,2,255,1,Hadrian's Wall,15,1.65-era: seen in this zone by CapnBry
Troll Archer,,GameGuard,guard,2,255,100,Uppland,111,1.65-era: seen in this zone by CapnBry
Viking Huscarl,,GameGuard,guard,2,255,1,Hadrian's Wall,15,1.65-era: seen in this zone by CapnBry
Green Knight,,OFGreenKnight,npc,0,79,1,Forest Sauvage,11,"likely period: listed in this zone by Illia's bestiary (2001-2010 data, may include later NPCs)"
Hibernia Decorator,Merchant,GameMerchant,npc,3,40,202,Aberillan,225,unverified: no CapnBry data for this zone
Market Explorer,,MarketExplorer,npc,1,50,2,Caerwent,13,"Atlas / later: Market Explorer (housing consignment search, post-1.65 / Atlas)"
Eda,Weapon Merchant,GameMerchant,npc,2,50,100,Vale of Mularn,100,1.65-era: seen in this zone by CapnBry
Viking Huscarl,,GameGuard,guard,2,255,165,Cathal Valley,165,1.65-era: seen by CapnBry (another zone)
Ama Koivu,Weapon Merchant,GameMerchant,npc,2,50,151,Aegir's Landing,151,1.65-era: seen in this zone by CapnBry
Armsman,,Keeps.GuardFighter,guard,1,57,100,Odin's Gate,115,1.65-era: seen by CapnBry (another zone)
Thiyr,Vault Banker,GameNPC,npc,2,50,102,Kaupang,122,unverified: no CapnBry data for this zone
Master Graent,Fighter Trainer,Trainer.FighterTrainer,npc,1,25,1,Camelot Hills,0,1.65-era: seen in this zone by CapnBry
Baldus,Armor Merchant,GameMerchant,npc,2,50,100,East Svealand,101,1.65-era: seen in this zone by CapnBry
Rois,,GameNPC,npc,3,50,200,Bog of Cullen,205,"likely period: listed in this zone by Illia's bestiary (2001-2010 data, may include later NPCs)"
Wolgrun,Stable Master,GameStableMaster,npc,2,45,100,Myrkwood Forest,105,"likely period: listed in this zone by Illia's bestiary (2001-2010 data, may include later NPCs)"
Chieftain Guard Rockcrusher,,GameGuard,guard,2,72,151,Aegir's Landing,151,1.65-era: seen in this zone by CapnBry
Master Guardian,,GameGuard,guard,3,255,165,Cathal Valley,165,unverified: no CapnBry data for this zone
Debo,Emerald Armor Merchant,GameEmeraldSealsMerchant,npc,1,36,249,Darkness Falls,249,"Atlas / later: Seals merchant (Darkness Rising era, used by Atlas)"
Aelbfled Smith,Poison Merchant,GameMerchant,npc,1,50,51,Dales of Devwy,53,"likely period: listed in this zone by Illia's bestiary (2001-2010 data, may include later NPCs)"
Champion,,GameGuard,guard,3,255,235,The Lions Den,235,1.65-era: seen by CapnBry (another zone)
Veteran Guardsman,,GameGuard,guard,1,40,10,City of Camelot,26,1.65-era: seen in this zone by CapnBry
Minstrel Tomas,Hastener,GameHastener,npc,1,50,10,City of Camelot,26,likely period: listed by Illia's bestiary in another zone
Hillena,,GameNPC,npc,3,60,202,Broughshane,274,unverified: no CapnBry data for this zone
ambient pixie,,GameNPC,npc,3,1,200,Connacht,207,unverified: not in CapnBry for this zone
Fluvon,Stable Master,GameStableMaster,npc,1,4,1,Camelot Hills,0,1.65-era: seen in this zone by CapnBry
Master Ranger,,GameGuard,guard,3,255,165,Cathal Valley,165,1.65-era: seen by CapnBry (another zone)
ambient rat,,GameNPC,npc,0,1,10,City of Camelot,26,unverified: not in CapnBry for this zone
veteran guard,,GameGuard,guard,1,40,1,Black Mtns. North,3,1.65-era: seen in this zone by CapnBry
Dwarven Guard,,GameGuard,guard,2,52,151,Aegir's Landing,151,1.65-era: seen in this zone by CapnBry
Master Wizard,,GameNPC,npc,1,255,200,Emain Macha,214,1.65-era: seen in this zone by CapnBry
Keep Sentinel,,GameNPC,npc,3,255,200,Connacht,207,1.65-era: seen by CapnBry (another zone)
Sentinel,,GameGuard,guard,3,51,201,Tir na Nog,209,1.65-era: seen in this zone by CapnBry
Master Eldritch,,GameGuard,guard,3,255,1,Hadrian's Wall,15,1.65-era: seen by CapnBry (another zone)
Lord Fusin,Reskin NPC,ItemModel,npc,1,50,330,Albion Event,330,unverified: no CapnBry data for this zone
Captain Sutton,Armsman Trainer,Trainer.ArmsmanTrainer,npc,1,50,51,Dales of Devwy,53,"likely period: listed in this zone by Illia's bestiary (2001-2010 data, may include later NPCs)"
Huscarl,,Keeps.GuardFighter,guard,2,37,165,Cathal Valley,165,1.65-era: seen by CapnBry (another zone)
deamhan aeir,,NightSpawn,npc,0,36,200,Lough Gur,204,"likely period: listed in this zone by Illia's bestiary (2001-2010 data, may include later NPCs)"
Haylei,Merchant,GameMerchant,npc,2,50,101,Jordheim,120,1.65-era: seen in this zone by CapnBry
Master Eldritch,,GameGuard,guard,3,255,1,Hadrian's Wall,15,1.65-era: seen by CapnBry (another zone)
Skald of Midgard,Hastener,GameHastener,npc,2,50,100,West Svealand,102,likely period: listed by Illia's bestiary in another zone
Clayton Gage,Spellcrafters Master,SpellCraftingMaster,npc,1,50,10,City of Camelot,26,1.65-era: seen in this zone by CapnBry
Augebert,,GameNPC,npc,1,55,51,Avalon Isle,52,1.65-era: seen in this zone by CapnBry
Warmir,,GameNPC,npc,2,54,102,Erikstaad,114,unverified: not in CapnBry for this zone
Keep Sentinel,,GameNPC,npc,3,255,200,Connacht,207,1.65-era: seen by CapnBry (another zone)
Master Guardian,,GameGuard,guard,3,255,165,Cathal Valley,165,unverified: no CapnBry data for this zone
Allia Fletcher,Arrow Merchant,GameMerchant,npc,1,15,330,Albion Event,330,1.65-era: seen by CapnBry (another zone)
Piper,Hastener,GameHastener,npc,1,33,2,Aylesbury,64,1.65-era: seen by CapnBry (another zone)
ambient pixie,,GameNPC,npc,3,1,200,Connacht,207,unverified: not in CapnBry for this zone
Jorun,Merchant,GameMerchant,npc,2,50,101,Jordheim,120,1.65-era: seen in this zone by CapnBry
Finn,,GameNPC,npc,2,26,100,East Svealand,101,1.65-era: seen by CapnBry (another zone)
Finn,Dye Merchant,GameMerchant,npc,2,35,100,Vale of Mularn,100,1.65-era: seen in this zone by CapnBry
Kristan,Tailors Master,GameNPC,npc,1,66,2,Aylesbury,64,unverified: no CapnBry data for this zone
Mordolena,Stable Master,GameStableMaster,npc,3,50,202,Moycullen,273,unverified: no CapnBry data for this zone
Piper,Hastener,GameHastener,npc,1,30,2,Chiltern,260,1.65-era: seen by CapnBry (another zone)
Riber,Poison Merchant,GameMerchant,npc,3,38,335,Hibernia Event,335,likely period: listed by Illia's bestiary in another zone
Knight Commander,,GameGuard,guard,1,255,1,Snowdonia,12,"likely period: listed in this zone by Illia's bestiary (2001-2010 data, may include later NPCs)"
Maher,Vault Banker,GameNPC,npc,3,50,202,Kilcullen,218,unverified: no CapnBry data for this zone
faerie frog,,DaySpawn,npc,0,30,1,Snowdonia,12,"likely period: listed in this zone by Illia's bestiary (2001-2010 data, may include later NPCs)"
Wyborn,Weapon Merchant,GameMerchant,npc,2,50,100,East Svealand,101,1.65-era: seen in this zone by CapnBry
Adardori,Spellcrafters Master,SpellCraftingMaster,npc,3,65,202,Torrylin,217,unverified: no CapnBry data for this zone
Bowman Commander,,GameGuard,guard,1,255,165,Cathal Valley,165,"likely period: listed in this zone by Illia's bestiary (2001-2010 data, may include later NPCs)"
Macilen Polden,Merchant,GameMerchant,npc,3,50,181,Domnann,181,"likely period: listed in this zone by Illia's bestiary (2001-2010 data, may include later NPCs)"
Guardian,,GameGuard,guard,3,44,200,Silvermine Mts.,201,1.65-era: seen in this zone by CapnBry
Guardian,,Keeps.GuardFighter,guard,3,52,200,Breifine,212,1.65-era: seen in this zone by CapnBry
Armswoman,,Keeps.GuardFighter,guard,1,52,1,Hadrian's Wall,15,"likely period: listed in this zone by Illia's bestiary (2001-2010 data, may include later NPCs)"
Holsvi Hallgrim,Merchant,GameMerchant,npc,2,43,101,Jordheim,120,1.65-era: seen in this zone by CapnBry
Champion Commander,PWNOGRAPHY,Keeps.GuardCommander,guard,3,59,200,Cruachan Gorge,211,"likely period: listed in this zone by Illia's bestiary (2001-2010 data, may include later NPCs)"
Master Ranger,,GameGuard,guard,3,255,200,Connacht,207,1.65-era: seen in this zone by CapnBry
Arnleif,,GameNPC,npc,2,20,100,East Svealand,101,1.65-era: seen in this zone by CapnBry
Knight Commander,,GameGuard,guard,1,255,200,Emain Macha,214,1.65-era: seen in this zone by CapnBry
Raelyan,Weapon Merchant,GameMerchant,npc,2,50,100,Vale of Mularn,100,1.65-era: seen in this zone by CapnBry
Viking Huscarl,,GameGuard,guard,2,255,200,Emain Macha,214,1.65-era: seen in this zone by CapnBry
Seoltoir,,Scripts.OFAssistant,npc,3,100,1,Hadrian's Wall,15,Atlas / later: Atlas frontier medallion assistant
Lord Christopher,Guild Registrar,GuildRegistrar,npc,1,80,330,Albion Event,330,1.65-era: seen by CapnBry (another zone)
Master Ranger,,GameGuard,guard,3,255,200,Connacht,207,1.65-era: seen in this zone by CapnBry
Lachlan,Weapon Merchant,GameMerchant,npc,3,38,200,Lough Derg,200,1.65-era: seen in this zone by CapnBry
Lauryn Swiftrun,Weapon Merchant,GameMerchant,npc,1,39,1,Camelot Hills,0,1.65-era: seen in this zone by CapnBry
Meagane,,GameNPC,npc,3,50,200,Valley of Bri Leith,206,"likely period: listed in this zone by Illia's bestiary (2001-2010 data, may include later NPCs)"
Bolo,,GameNPC,npc,1,36,249,Darkness Falls,249,1.65-era: seen in this zone by CapnBry
Finian,Vault Banker,GameNPC,npc,3,50,202,Saeranthal,219,likely period: listed by Illia's bestiary in another zone
Dympna,Armor Merchant,GameMerchant,npc,3,35,200,Bog of Cullen,205,"likely period: listed in this zone by Illia's bestiary (2001-2010 data, may include later NPCs)"
Viking Huscarl,,GameGuard,guard,2,255,165,Cathal Valley,165,1.65-era: seen by CapnBry (another zone)
Sijur Halfdan,,GameNPC,npc,2,44,100,East Svealand,101,1.65-era: seen in this zone by CapnBry
new mob,,Keeps.FrontierHastener,npc,0,1,200,Emain Macha,214,unverified: not in CapnBry for this zone
Odindisa,Runemaster Trainer,Trainer.RunemasterTrainer,npc,2,50,151,Gripklosa Mountains,152,1.65-era: seen in this zone by CapnBry
Keki,Armor Merchant,GameMerchant,npc,2,50,101,Jordheim,120,1.65-era: seen in this zone by CapnBry
Master Wizard,,GameNPC,npc,1,255,200,Emain Macha,214,1.65-era: seen in this zone by CapnBry
Skald of Midgard,Hastener,GameHastener,npc,2,50,151,Gripklosa Mountains,152,likely period: listed by Illia's bestiary in another zone
Master Guardian,,GameGuard,guard,3,255,100,Odin's Gate,115,unverified: not in CapnBry for this zone
Council of Battle,,GameNPC,npc,0,75,90,City of Aerus,90,unverified: not in CapnBry for this zone
Council of Battle,,GameNPC,npc,0,75,47,City of Aerus,47,unverified: no CapnBry data for this zone
Council of Battle,,GameNPC,npc,0,75,147,City of Aerus,147,unverified: no CapnBry data for this zone
Vevina,Warden Trainer,Trainer.WardenTrainer,npc,3,50,200,Valley of Bri Leith,206,"likely period: listed in this zone by Illia's bestiary (2001-2010 data, may include later NPCs)"
Muld,Alchemists Master,AlchemistsMaster,npc,2,65,102,Kaupang,122,unverified: no CapnBry data for this zone
Taldav,,GameNPC,npc,1,50,2,Aylesbury,64,unverified: no CapnBry data for this zone
zombie boar,,NightSpawn,npc,0,5,1,Camelot Hills,0,1.65-era: seen in this zone by CapnBry
Guardian,,GameGuard,guard,1,53,51,Aldland,56,1.65-era: seen by CapnBry (another zone)
Navar,Armorsmiths Master,GameNPC,npc,3,71,202,Torrylin,217,unverified: no CapnBry data for this zone
Ban Ronem,Weapon Merchant,GameMerchant,npc,1,40,1,Black Mtns. South,2,"likely period: listed in this zone by Illia's bestiary (2001-2010 data, may include later NPCs)"
Armswoman,,Keeps.GuardFighter,guard,1,52,1,Hadrian's Wall,15,"likely period: listed in this zone by Illia's bestiary (2001-2010 data, may include later NPCs)"
Sentinel Andreasa,,GameGuard,guard,3,40,200,Connacht,207,unverified: not in CapnBry for this zone
Master Eldritch,,GameGuard,guard,3,255,1,Hadrian's Wall,15,1.65-era: seen by CapnBry (another zone)
Thyra,Smith,Blacksmith,npc,2,30,151,Aegir's Landing,151,1.65-era: seen in this zone by CapnBry
Arni,,GameNPC,npc,2,43,100,Gotar,103,1.65-era: seen in this zone by CapnBry
Arzhela,Armor Merchant,GameMerchant,npc,3,50,200,Connacht,207,"likely period: listed in this zone by Illia's bestiary (2001-2010 data, may include later NPCs)"
Minstrel of Albion,Hastener,GameHastener,npc,1,50,1,Camelot Hills,0,"likely period: listed in this zone by Illia's bestiary (2001-2010 data, may include later NPCs)"
Gardowen Egesa,Weapon Merchant,GameMerchant,npc,1,16,10,City of Camelot,26,1.65-era: seen in this zone by CapnBry
Viking Huscarl,,GameGuard,guard,2,255,100,Uppland,111,1.65-era: seen in this zone by CapnBry
Master Visur,Teleporter,Scripts.LiveTeleporter,npc,1,75,51,Isle of Glass,51,teleporter (not 1.65; listed separately)
Enchanter Haephus,Enchanter,Enchanter,npc,1,48,1,Black Mtns. South,2,"likely period: listed in this zone by Illia's bestiary (2001-2010 data, may include later NPCs)"
Skald of Midgard,Hastener,GameHastener,npc,2,50,101,Jordheim,120,likely period: listed by Illia's bestiary in another zone
Lainie,Smith,Blacksmith,npc,3,35,200,Lough Derg,200,1.65-era: seen in this zone by CapnBry
deamhan aeir,,NightSpawn,npc,0,37,200,Lough Gur,204,"likely period: listed in this zone by Illia's bestiary (2001-2010 data, may include later NPCs)"
Wyne Scead,Weapon Merchant,GameMerchant,npc,1,1,10,City of Camelot,26,1.65-era: seen in this zone by CapnBry
Raghnall,Armor Merchant,GameMerchant,npc,3,35,200,Bog of Cullen,205,"likely period: listed in this zone by Illia's bestiary (2001-2010 data, may include later NPCs)"
Hradi Thorleif,Spellcrafters Master,SpellCraftingMaster,npc,2,50,101,Jordheim,120,1.65-era: seen in this zone by CapnBry
John Weyland,Weapon Merchant,GameMerchant,npc,1,1,1,Camelot Hills,0,1.65-era: seen in this zone by CapnBry
Master Guardian,,GameGuard,guard,3,255,100,Odin's Gate,115,unverified: not in CapnBry for this zone
Goulc'hen,,GameNPC,npc,3,50,200,Connacht,207,"likely period: listed in this zone by Illia's bestiary (2001-2010 data, may include later NPCs)"
Lieutenant Watson,,GameNPC,npc,1,49,1,Forest Sauvage,11,likely period: listed by Illia's bestiary in another zone
Tuukka,Savage Trainer,Trainer.SavageTrainer,npc,2,60,151,Aegir's Landing,151,1.65-era: seen in this zone by CapnBry
Marius Caest,Weapon Merchant,GameMerchant,npc,1,17,10,City of Camelot,26,1.65-era: seen in this zone by CapnBry
Guardian,,Keeps.GuardFighter,guard,3,57,200,Mount Collory,210,1.65-era: seen in this zone by CapnBry
Corath,,GameNPC,npc,2,20,100,West Svealand,102,1.65-era: seen in this zone by CapnBry
Stor Gothi Annark,Teleporter,Scripts.LiveTeleporter,npc,2,60,100,West Svealand,102,teleporter (not 1.65; listed separately)
Armswoman,,Keeps.GuardFighter,guard,1,52,1,Pennine Mountains,14,1.65-era: seen by CapnBry (another zone)
Ley Manton,,GameNPC,npc,1,40,1,Black Mtns. North,3,1.65-era: seen in this zone by CapnBry
horse,,GameNPC,npc,3,51,202,Kilcullen,218,1.65-era: seen by CapnBry (another zone)
Maeran,Vault Banker,GameNPC,npc,3,50,202,Dunshire,215,unverified: no CapnBry data for this zone
Veteran Guardsman,,GameGuard,guard,1,50,1,Black Mtns. South,2,1.65-era: seen in this zone by CapnBry
gray spectre,,NightSpawn,npc,0,22,200,Cruachan Gorge,211,"likely period: listed in this zone by Illia's bestiary (2001-2010 data, may include later NPCs)"
Vivian,Consignment Banker,GameNPC,npc,1,50,2,Caerwent,13,unverified: not in CapnBry for this zone
Janash,Account Vault Keeper,AccountVaultKeeper,npc,0,75,27,Lamfhota's Sound,29,Atlas / later: Account vault keeper (post-1.65 live feature)
horse,,GameNPC,npc,2,55,100,Gotar,103,1.65-era: seen by CapnBry (another zone)
Guardian,,GameGuard,guard,3,50,181,Vigilant Rock,186,1.65-era: seen by CapnBry (another zone)
Armsman,,GameGuard,guard,1,32,1,Avalon Marsh,9,1.65-era: seen by CapnBry (another zone)
Sage Crystal,,GameNPC,npc,1,39,1,Black Mtns. South,2,1.65-era: seen in this zone by CapnBry
Fial Bronzearm,Smith,Blacksmith,npc,1,16,1,Forest Sauvage,11,likely period: listed by Illia's bestiary in another zone
Council of Battle,,GameNPC,npc,0,75,90,City of Aerus,90,unverified: not in CapnBry for this zone
Council of Battle,,GameNPC,npc,0,75,47,City of Aerus,47,unverified: no CapnBry data for this zone
Council of Battle,,GameNPC,npc,0,75,147,City of Aerus,147,unverified: no CapnBry data for this zone
Hastener,Regnum Cleritas,GameHastener,npc,0,75,1,Hadrian's Wall,15,1.65-era: seen in this zone by CapnBry
ambient pixie,,GameNPC,npc,3,1,200,Lough Derg,200,unverified: not in CapnBry for this zone
horse,,GameNPC,npc,1,60,2,Brisworthy,20,1.65-era: seen by CapnBry (another zone)
Blarcyn,,GameNPC,npc,3,50,200,Shannon Estuary,202,"likely period: listed in this zone by Illia's bestiary (2001-2010 data, may include later NPCs)"
Guardian,,GameGuard,guard,1,50,51,Dales of Devwy,53,"likely period: listed in this zone by Illia's bestiary (2001-2010 data, may include later NPCs)"
Guardian Sergeant,,GameGuard,guard,1,46,1,Avalon Marsh,9,1.65-era: seen in this zone by CapnBry
Harper Jocelin,,GameNPC,npc,3,35,200,Lough Derg,200,1.65-era: seen in this zone by CapnBry
Scout,,GameNPC,npc,1,45,1,Black Mtns. North,3,1.65-era: seen by CapnBry (another zone)
ambient pixie,,GameNPC,npc,3,1,201,Tir na Nog,209,unverified: not in CapnBry for this zone
Viking Huscarl,,GameGuard,guard,2,255,100,West Svealand,102,1.65-era: seen in this zone by CapnBry
Bronagh,Alchemists Master,AlchemistsMaster,npc,3,65,202,Saeranthal,219,unverified: no CapnBry data for this zone
Dotta,Weapon Merchant,GameMerchant,npc,2,50,151,Aegir's Landing,151,1.65-era: seen in this zone by CapnBry
Woodsman,,GameGuard,guard,1,19,1,Black Mtns. South,2,"likely period: listed in this zone by Illia's bestiary (2001-2010 data, may include later NPCs)"
Guardian,,GameGuard,guard,3,54,200,Lough Derg,200,1.65-era: seen in this zone by CapnBry
Nulb Pew,Bolts Merchant,GameMerchant,npc,1,40,1,Black Mtns. South,2,1.65-era: seen in this zone by CapnBry
Ileene,Weapon Merchant,GameMerchant,npc,3,50,181,Vigilant Rock,186,unverified: no CapnBry data for this zone
Master of Runes,,GameGuard,guard,2,255,100,West Svealand,102,1.65-era: seen in this zone by CapnBry
Salwis the crier,,GameNPC,npc,1,5,1,Avalon Marsh,9,"likely period: listed in this zone by Illia's bestiary (2001-2010 data, may include later NPCs)"
Grumblebelly,,GameNPC,npc,2,47,100,Myrkwood Forest,105,"likely period: listed in this zone by Illia's bestiary (2001-2010 data, may include later NPCs)"
Market Explorer,,MarketExplorer,npc,1,50,2,Caerwent,13,"Atlas / later: Market Explorer (housing consignment search, post-1.65 / Atlas)"
ambient pixie,,GameNPC,npc,3,1,200,Lough Derg,200,unverified: not in CapnBry for this zone
Hastener,,Keeps.FrontierHastener,npc,3,1,200,Breifine,212,1.65-era: seen by CapnBry (another zone)
Dakko,Weapon Merchant,GameMerchant,npc,2,50,151,Aegir's Landing,151,1.65-era: seen in this zone by CapnBry
Blathnaid,Nightshade Trainer,Trainer.NightshadeTrainer,npc,3,40,201,Tir na Nog,209,1.65-era: seen in this zone by CapnBry
Geiri,,GameNPC,npc,2,25,100,Gotar,103,1.65-era: seen in this zone by CapnBry
ambient pixie,,GameNPC,npc,3,1,201,Tir na Nog,209,unverified: not in CapnBry for this zone
Farlen,Vault Banker,GameNPC,npc,3,53,202,Dunshire,215,unverified: no CapnBry data for this zone
Sinmora,Weapon Merchant,GameMerchant,npc,2,33,100,Vale of Mularn,100,1.65-era: seen in this zone by CapnBry
aleax of Hibernia,,GameGuard,guard,3,255,249,Darkness Falls,249,"likely period: listed in this zone by Illia's bestiary (2001-2010 data, may include later NPCs)"
Albion Decorator,Merchant,GameMerchant,npc,1,40,2,Chiltern,260,unverified: no CapnBry data for this zone
Kedra,Healer,GameHealer,npc,2,50,151,Aegir's Landing,151,1.65-era: seen in this zone by CapnBry
Mysing,,GameNPC,npc,2,50,151,Gripklosa Mountains,152,1.65-era: seen in this zone by CapnBry
Terhi Otila,Vault Keeper,GameVaultKeeper,npc,2,50,151,Munin Sound,155,1.65-era: seen in this zone by CapnBry
Esbeth,Tailors Master,GameNPC,npc,2,65,102,Arothi,117,unverified: no CapnBry data for this zone
horse,,GameNPC,npc,3,55,181,Vale of Balor,183,1.65-era: seen by CapnBry (another zone)
Viking Archer,,GameGuard,guard,2,255,165,Cathal Valley,165,1.65-era: seen by CapnBry (another zone)
Master Wizard,,GameNPC,npc,1,255,1,Forest Sauvage,11,1.65-era: seen in this zone by CapnBry
Sentinel,,GameGuard,guard,3,50,200,Shannon Estuary,202,1.65-era: seen in this zone by CapnBry
Intoner,Hastener,GameHastener,npc,2,30,102,Erikstaad,114,1.65-era: seen in this zone by CapnBry
Apprentice Taxidermist,,GameNPC,npc,3,36,202,Meath,213,unverified: no CapnBry data for this zone
Arve,Enchanter,Enchanter,npc,2,50,101,Jordheim,120,1.65-era: seen in this zone by CapnBry
Hyndia,Seer Trainer,Trainer.SeerTrainer,npc,2,40,100,Gotar,103,1.65-era: seen in this zone by CapnBry
Guardian,,Keeps.GuardFighter,guard,3,52,200,Breifine,212,1.65-era: seen in this zone by CapnBry
ambient pixie,,GameNPC,npc,3,1,201,Tir na Nog,209,unverified: not in CapnBry for this zone
Mannix,Weapon Merchant,GameMerchant,npc,3,35,200,Lough Derg,200,1.65-era: seen in this zone by CapnBry
Sebbi Brookshire,Dye Merchant,GameMerchant,npc,1,42,51,Dales of Devwy,53,"likely period: listed in this zone by Illia's bestiary (2001-2010 data, may include later NPCs)"
Celtic Guardian,,GameGuard,guard,3,255,200,Valley of Bri Leith,206,unverified: not in CapnBry for this zone
innocent,,GameNPC,npc,2,38,246,Dodens Gruva,246,1.65-era: seen in this zone by CapnBry
Marianne,Armor Merchant,GameMerchant,npc,2,20,100,East Svealand,101,1.65-era: seen in this zone by CapnBry
Rayn Olwyc,Weapon Merchant,GameMerchant,npc,1,8,1,Camelot Hills,0,1.65-era: seen in this zone by CapnBry
Jeffrey Jefferson,,GameGuard,guard,1,51,10,City of Camelot,26,unverified: not in CapnBry for this zone
Filidh Fadywn,Guild Registrar,GuildRegistrar,npc,3,52,201,Tir na Nog,209,1.65-era: seen in this zone by CapnBry
Guardian,,GameGuard,guard,1,53,51,Aldland,56,1.65-era: seen by CapnBry (another zone)
Knight Commander,,GameNPC,npc,1,255,100,Odin's Gate,115,1.65-era: seen in this zone by CapnBry
Bein,Armor Merchant,GameMerchant,npc,2,50,100,Vale of Mularn,100,1.65-era: seen in this zone by CapnBry
innocent,,GameNPC,npc,1,35,277,Hall of the Corrupt,277,"likely period: listed in this zone by Illia's bestiary (2001-2010 data, may include later NPCs)"
Fadia,Dye Merchant,GameMerchant,npc,3,50,165,Cathal Valley,165,unverified: no CapnBry data for this zone
Gralon,Healer,GameHealer,npc,3,39,200,Silvermine Mts.,201,1.65-era: seen in this zone by CapnBry
Ethranda,Spellcrafters Master,SpellCraftingMaster,npc,3,65,202,Meath,213,unverified: no CapnBry data for this zone
Apprentice Taxidermist,,GameNPC,npc,3,38,202,Broughshane,274,unverified: no CapnBry data for this zone
faerie frog,,DaySpawn,npc,0,30,1,Snowdonia,12,"likely period: listed in this zone by Illia's bestiary (2001-2010 data, may include later NPCs)"
Culben,Armor Merchant,GameMerchant,npc,2,50,100,Vale of Mularn,100,1.65-era: seen in this zone by CapnBry
Anra,Weapon Merchant,GameMerchant,npc,3,45,200,Silvermine Mts.,201,1.65-era: seen in this zone by CapnBry
Hibernia Trainer,Master Trainer,Scripts.AtlasTrainer,npc,3,75,73,Stygian Delta,81,Atlas / later: Atlas trainer
Gerb,Crossbow Merchant,GameMerchant,npc,1,30,1,Black Mtns. North,3,"likely period: listed in this zone by Illia's bestiary (2001-2010 data, may include later NPCs)"
Alyllyra,Weapon Merchant,GameMerchant,npc,2,50,100,West Svealand,102,1.65-era: seen in this zone by CapnBry
giant skeleton,,NightSpawn,npc,0,28,1,Snowdonia,12,1.65-era: seen by CapnBry (another zone)
Cavana,Vault Banker,GameNPC,npc,3,50,202,Kilcullen,218,unverified: no CapnBry data for this zone
Piper,Hastener,GameHastener,npc,1,30,2,Rilan,17,1.65-era: seen in this zone by CapnBry
Kelinya,Weapon Merchant,GameMerchant,npc,3,50,181,Vale of Balor,183,"likely period: listed in this zone by Illia's bestiary (2001-2010 data, may include later NPCs)"
Aishhe,Throwing Weapon Merchant,GameMerchant,npc,2,35,334,Midgard Event,334,unverified: no CapnBry data for this zone
deamhan aeir,,NightSpawn,npc,0,37,200,Lough Gur,204,"likely period: listed in this zone by Illia's bestiary (2001-2010 data, may include later NPCs)"
Brone,,GameNPC,npc,3,20,200,Lough Gur,204,"likely period: listed in this zone by Illia's bestiary (2001-2010 data, may include later NPCs)"
Master of Runes,,GameGuard,guard,2,255,200,Emain Macha,214,1.65-era: seen in this zone by CapnBry
Scout,,GameNPC,npc,1,45,1,Black Mtns. North,3,1.65-era: seen by CapnBry (another zone)
Master Elementalist,,Scripts.OFAssistant,npc,1,100,100,Odin's Gate,115,Atlas / later: Atlas frontier medallion assistant
Hastener,,GameHastener,npc,0,1,200,Mount Collory,210,1.65-era: seen in this zone by CapnBry
Jahan,Merchant,GameMerchant,npc,3,12,200,Lough Derg,200,1.65-era: seen in this zone by CapnBry
Master Ranger,,GameGuard,guard,3,255,235,The Lions Den,235,1.65-era: seen by CapnBry (another zone)
Arauryn,Vault Banker,GameNPC,npc,1,50,2,Sherborne,261,unverified: no CapnBry data for this zone
Riber,Poison Merchant,GameMerchant,npc,3,38,200,Connacht,207,"likely period: listed in this zone by Illia's bestiary (2001-2010 data, may include later NPCs)"
Ffion,Weapon Merchant,GameMerchant,npc,3,40,200,Silvermine Mts.,201,1.65-era: seen in this zone by CapnBry
Searlas,Hero Trainer,Trainer.HeroTrainer,npc,3,50,200,Shannon Estuary,202,"likely period: listed in this zone by Illia's bestiary (2001-2010 data, may include later NPCs)"
Legelag,Alchemists Master,GameNPC,npc,1,65,2,Rilan,17,unverified: not in CapnBry for this zone
Stor Gothi Annark,Teleporter,Scripts.LiveTeleporter,npc,2,60,100,Vale of Mularn,100,teleporter (not 1.65; listed separately)
Armswoman Commander,,Keeps.GuardCommander,guard,1,52,1,Snowdonia,12,unverified: not in CapnBry for this zone
Hakon,Weapon Merchant,GameMerchant,npc,2,20,100,West Svealand,102,1.65-era: seen in this zone by CapnBry
Terod,,GameNPC,npc,3,50,181,Caillte Garran,182,"likely period: listed in this zone by Illia's bestiary (2001-2010 data, may include later NPCs)"
Stor Gothi Annark,Teleporter,Scripts.LiveTeleporter,npc,2,60,100,East Svealand,101,teleporter (not 1.65; listed separately)
Lura,Merchant,GameMerchant,npc,2,52,102,Arothi,117,likely period: listed by Illia's bestiary in another zone
Alun,Weapon Merchant,GameMerchant,npc,3,50,200,Shannon Estuary,202,1.65-era: seen in this zone by CapnBry
a horse,,GameNPC,npc,2,1,101,Jordheim,120,unverified: not in CapnBry for this zone
Knight Commander,,GameGuard,guard,1,255,1,Snowdonia,12,"likely period: listed in this zone by Illia's bestiary (2001-2010 data, may include later NPCs)"
Devin,Armor Merchant,GameMerchant,npc,3,37,200,Bog of Cullen,205,"likely period: listed in this zone by Illia's bestiary (2001-2010 data, may include later NPCs)"
Toby Keeler,Stable Master,GameStableMaster,npc,1,50,51,Isle of Glass,51,"likely period: listed in this zone by Illia's bestiary (2001-2010 data, may include later NPCs)"
Wrenn Darkcloud,Dummy Supervisor,GameNPC,npc,3,39,200,Connacht,207,"likely period: listed in this zone by Illia's bestiary (2001-2010 data, may include later NPCs)"
Knight Commander,,GameNPC,npc,1,255,100,Odin's Gate,115,1.65-era: seen in this zone by CapnBry
Skuld,Vault Banker,GameNPC,npc,2,50,102,Holmestrand,266,unverified: no CapnBry data for this zone
Kers,Potion Merchant,GameMerchant,npc,2,1,27,Lamfhota's Sound,29,unverified: no CapnBry data for this zone
Viking Dreng,,GameNPC,npc,2,41,100,East Svealand,101,1.65-era: seen in this zone by CapnBry
horse,,GameNPC,npc,1,55,51,Isle of Glass,51,1.65-era: seen in this zone by CapnBry
Gothi of Odin,,Scripts.OFAssistant,npc,2,100,1,Hadrian's Wall,15,Atlas / later: Atlas frontier medallion assistant
horse,,GameNPC,npc,2,55,102,Kaupang,122,1.65-era: seen by CapnBry (another zone)
Sarelle,Armor Merchant,GameMerchant,npc,3,50,181,Domnann,181,"likely period: listed in this zone by Illia's bestiary (2001-2010 data, may include later NPCs)"
Hastener,,GameHastener,npc,0,100,200,Breifine,212,1.65-era: seen by CapnBry (another zone)
Riber,Poison Merchant,GameMerchant,npc,3,38,165,Cathal Valley,165,likely period: listed by Illia's bestiary in another zone
Champion Commander,,Keeps.GuardCommander,guard,3,52,200,Breifine,212,1.65-era: seen in this zone by CapnBry
phantom wickerman,,NightSpawn,npc,0,29,200,Connacht,207,"likely period: listed in this zone by Illia's bestiary (2001-2010 data, may include later NPCs)"
Market Explorer,,MarketExplorer,npc,2,50,102,Erikstaad,114,"Atlas / later: Market Explorer (housing consignment search, post-1.65 / Atlas)"
Lord Urqhart,Vault Keeper,GameVaultKeeper,npc,1,50,10,City of Camelot,26,1.65-era: seen in this zone by CapnBry
horse,,GameNPC,npc,2,55,100,Vale of Mularn,100,1.65-era: seen in this zone by CapnBry
Armswoman,,Keeps.GuardFighter,guard,1,57,100,Odin's Gate,115,1.65-era: seen by CapnBry (another zone)
Void Merchant,Realm Point Trade-In,Scripts.RPTradeInMerchant,npc,2,75,252,Thidranki,252,unverified: no CapnBry data for this zone
Kaitlyn Montgomery,Weapon Merchant,GameMerchant,npc,1,50,51,Isle of Glass,51,1.65-era: seen in this zone by CapnBry
Guardian,,Keeps.GuardFighter,guard,3,52,200,Breifine,212,1.65-era: seen in this zone by CapnBry
Master Visur,Teleporter,Scripts.LiveTeleporter,npc,1,75,1,Black Mtns. South,2,teleporter (not 1.65; listed separately)
Master Armsman,,GameGuard,guard,1,255,165,Cathal Valley,165,unverified: no CapnBry data for this zone
Master Ranger,,GameGuard,guard,3,255,200,Connacht,207,1.65-era: seen in this zone by CapnBry
Channeler Glasny,Teleporter,Scripts.LiveTeleporter,npc,3,75,201,Tir na Nog,209,teleporter (not 1.65; listed separately)
Guardsman,,GameGuard,guard,1,50,10,City of Camelot,26,1.65-era: seen in this zone by CapnBry
Hodard,Vault Banker,GameNPC,npc,1,55,2,Caerwent,13,unverified: not in CapnBry for this zone
Stor Gothi Magra,,GameNPC,npc,2,60,102,Arothi,117,unverified: no CapnBry data for this zone
Shefyn,Merchant,GameMerchant,npc,3,50,202,Broughshane,274,unverified: no CapnBry data for this zone
Muadhnait,Weapon Merchant,GameMerchant,npc,3,35,200,Lough Derg,200,1.65-era: seen in this zone by CapnBry
Bille,Vault Banker,GameNPC,npc,3,54,202,Broughshane,274,unverified: no CapnBry data for this zone
Tatia,Necromancer Trainer,Trainer.NecromancerTrainer,npc,1,50,10,City of Camelot,26,1.65-era: seen in this zone by CapnBry
Kari,Healer,GameHealer,npc,2,22,100,Gotar,103,1.65-era: seen in this zone by CapnBry
ghastly siabra,,NightSpawn,npc,0,14,200,Lough Derg,200,1.65-era: seen in this zone by CapnBry
Caroc,Vault Banker,GameNPC,npc,3,50,202,Aberillan,225,unverified: no CapnBry data for this zone
wind ghoul,,NightSpawn,npc,0,7,200,Connacht,207,1.65-era: seen in this zone by CapnBry
Midgard World,Item Merchant,GameMerchant,npc,2,50,101,Jordheim,120,unverified: not in CapnBry for this zone
Dwarven Thegn,,GameNPC,npc,2,46,100,Vale of Mularn,100,1.65-era: seen in this zone by CapnBry
Fusi,,GameNPC,npc,1,1,10,City of Camelot,26,unverified: not in CapnBry for this zone
Kulo,Emerald Weapon Merchant,GameEmeraldSealsMerchant,npc,1,40,249,Darkness Falls,249,"Atlas / later: Seals merchant (Darkness Rising era, used by Atlas)"
Darby,Armor Merchant,GameMerchant,npc,2,41,100,Vale of Mularn,100,1.65-era: seen in this zone by CapnBry
Keep Sentinel,,GameNPC,npc,3,255,200,Valley of Bri Leith,206,1.65-era: seen by CapnBry (another zone)
Florlin,Fletchers Master,FletchingMaster,npc,1,65,2,Chiltern,260,unverified: no CapnBry data for this zone
innocent,,GameNPC,npc,2,39,246,Dodens Gruva,246,1.65-era: seen in this zone by CapnBry
Troll Flayer,,GameGuard,guard,2,30,100,Gotar,103,1.65-era: seen in this zone by CapnBry
phantom wickerman,,NightSpawn,npc,0,28,200,Connacht,207,"likely period: listed in this zone by Illia's bestiary (2001-2010 data, may include later NPCs)"
Glyllyn,,GameNPC,npc,3,50,202,Dunshire,215,unverified: no CapnBry data for this zone
Cyneheard,Vault Banker,GameNPC,npc,1,53,2,Rilan,17,unverified: not in CapnBry for this zone
Heiclya,Tailors Master,TailoringMaster,npc,3,65,202,Meath,213,unverified: no CapnBry data for this zone
horse,,GameNPC,npc,1,55,2,Old Sarum,16,1.65-era: seen by CapnBry (another zone)
horse,,GameNPC,npc,2,55,151,Gripklosa Mountains,152,1.65-era: seen by CapnBry (another zone)
Spexies,Recharger,Recharger,npc,1,1,1,Forest Sauvage,11,Atlas / later: Atlas charge recharger
Farnum Bronzearm,Smith,Blacksmith,npc,1,15,1,Snowdonia,12,likely period: listed by Illia's bestiary in another zone
Master Guardian,,GameGuard,guard,3,255,100,Odin's Gate,115,unverified: not in CapnBry for this zone
Caley,,GameNPC,npc,3,70,201,Tir na Nog,209,1.65-era: seen in this zone by CapnBry
Olaevia Wyman,Weapon Merchant,GameMerchant,npc,1,1,10,City of Camelot,26,1.65-era: seen in this zone by CapnBry
Annete Howell,Merchant,GameMerchant,npc,1,50,51,Avalon Isle,52,1.65-era: seen in this zone by CapnBry
Ranger,,Keeps.GuardArcher,guard,3,52,200,Breifine,212,1.65-era: seen in this zone by CapnBry
Yroniel,Recharger,Recharger,npc,2,57,100,Uppland,111,Atlas / later: Atlas charge recharger
Guyon,Armor Merchant,GameMerchant,npc,1,40,1,Black Mtns. North,3,1.65-era: seen in this zone by CapnBry
Master Aglorlin,,GameNPC,npc,1,64,2,Chiltern,260,unverified: no CapnBry data for this zone
horse,,GameNPC,npc,2,55,151,Munin Sound,155,1.65-era: seen by CapnBry (another zone)
Huscarl,,Keeps.GuardFighter,guard,2,52,100,Jamtland Mountains,113,1.65-era: seen by CapnBry (another zone)
Ysunoic,Weapon Merchant,GameMerchant,npc,2,50,100,Myrkwood Forest,105,1.65-era: seen in this zone by CapnBry
Meran the Weaver,,GameNPC,npc,1,50,1,Camelot Hills,0,1.65-era: seen in this zone by CapnBry
Dwarven Guard,,GameGuard,guard,2,52,151,Aegir's Landing,151,1.65-era: seen in this zone by CapnBry
Sally,,GameNPC,npc,1,25,1,Black Mtns. South,2,"likely period: listed in this zone by Illia's bestiary (2001-2010 data, may include later NPCs)"
Unigow,Vault Banker,GameNPC,npc,2,54,102,Frisia,121,unverified: no CapnBry data for this zone
Knight Commander,,GameNPC,npc,1,255,100,Odin's Gate,115,1.65-era: seen in this zone by CapnBry
Viking Huscarl,,GameGuard,guard,2,255,200,Emain Macha,214,1.65-era: seen in this zone by CapnBry
BG TELEPORTER,Atlas Alpha,Scripts.BGTeleporter,npc,0,50,73,Stygian Delta,81,teleporter (not 1.65; listed separately)
Hastener,,GameHastener,npc,0,1,1,Hadrian's Wall,15,1.65-era: seen in this zone by CapnBry
Troll Guard,,GameNPC,npc,2,50,151,Munin Sound,155,1.65-era: seen in this zone by CapnBry
Keep Sentinel,,GameNPC,npc,3,255,200,Connacht,207,1.65-era: seen by CapnBry (another zone)
Roise,Armor Merchant,GameMerchant,npc,3,38,200,Silvermine Mts.,201,1.65-era: seen in this zone by CapnBry
Dimo,Merchant,GameMerchant,npc,3,1,201,Tir na Nog,209,unverified: not in CapnBry for this zone
Alfgeirr,,GameNPC,npc,2,50,101,Jordheim,120,1.65-era: seen in this zone by CapnBry
Rhunvyn,Vault Banker,GameNPC,npc,3,50,202,Dunshire,215,unverified: no CapnBry data for this zone
Hlaford,Vault Banker,GameNPC,npc,1,50,2,Dalton,18,unverified: no CapnBry data for this zone
drowned soul,,NightSpawn,npc,0,3,100,Gotar,103,1.65-era: seen in this zone by CapnBry
Davyn Hakoson,Armor Merchant,GameMerchant,npc,2,50,151,Munin Sound,155,1.65-era: seen in this zone by CapnBry
Jena,Enchanter,Enchanter,npc,3,36,200,Connacht,207,"likely period: listed in this zone by Illia's bestiary (2001-2010 data, may include later NPCs)"
Dahn,Smith,Blacksmith,npc,2,32,100,East Svealand,101,1.65-era: seen in this zone by CapnBry
Guardian Brighid,,GameGuard,guard,3,50,201,Tir na Nog,209,1.65-era: seen in this zone by CapnBry
Master Eldritch,,GameGuard,guard,3,255,165,Cathal Valley,165,1.65-era: seen by CapnBry (another zone)
Aaric,Weapon Merchant,GameMerchant,npc,2,50,101,Jordheim,120,1.65-era: seen in this zone by CapnBry
Gamyr,,GameNPC,npc,3,33,202,Meath,213,unverified: no CapnBry data for this zone
Howard the Crier,,GameNPC,npc,1,50,51,Isle of Glass,51,"likely period: listed in this zone by Illia's bestiary (2001-2010 data, may include later NPCs)"
horse,,GameNPC,npc,1,58,51,Dales of Devwy,53,"likely period: listed in this zone by Illia's bestiary (2001-2010 data, may include later NPCs)"
Void Merchant,Realm Point Trade-In,Scripts.RPTradeInMerchant,npc,1,75,250,Caledon,250,unverified: no CapnBry data for this zone
Bowman Commander,,GameNPC,npc,1,255,1,Forest Sauvage,11,1.65-era: seen in this zone by CapnBry
Knight Commander,,GameNPC,npc,1,255,100,Odin's Gate,115,1.65-era: seen in this zone by CapnBry
Merian,Vault Banker,GameNPC,npc,1,50,2,Rilan,17,unverified: not in CapnBry for this zone
Finni,,GameNPC,npc,2,25,100,Gotar,103,1.65-era: seen in this zone by CapnBry
Laius,,GameNPC,npc,1,15,1,Camelot Hills,0,"likely period: listed in this zone by Illia's bestiary (2001-2010 data, may include later NPCs)"
Keirstyn Alfevson,,GameNPC,npc,2,50,151,Aegir's Landing,151,1.65-era: seen in this zone by CapnBry
Mistress Etheldreda,,GameNPC,npc,1,50,51,Isle of Glass,51,1.65-era: seen in this zone by CapnBry
giant skeleton,,NightSpawn,npc,0,27,1,Cornwall,6,1.65-era: seen in this zone by CapnBry
ambient pixie,,GameNPC,npc,3,1,200,Silvermine Mts.,201,unverified: not in CapnBry for this zone
Ley Manton,Weapon Merchant,GameMerchant,npc,1,40,1,Black Mtns. North,3,1.65-era: seen in this zone by CapnBry
Apprentice Taxidermist,,GameNPC,npc,2,35,102,Carlingford,118,unverified: no CapnBry data for this zone
Alchemist apprentice,Merchant,GameMerchant,npc,2,50,102,Arothi,117,unverified: no CapnBry data for this zone
Runthal Devyn,Fletchers Master,FletchingMaster,npc,1,50,10,City of Camelot,26,1.65-era: seen in this zone by CapnBry
Ranger,PWNOGRAPHY,Keeps.GuardArcher,guard,3,59,200,Cruachan Gorge,211,1.65-era: seen by CapnBry (another zone)
Fusi,,GameNPC,npc,3,75,165,Cathal Valley,165,unverified: no CapnBry data for this zone
Major Fenn,,GameNPC,npc,1,50,51,Dales of Devwy,53,"likely period: listed in this zone by Illia's bestiary (2001-2010 data, may include later NPCs)"
ambient pixie,,GameNPC,npc,3,1,200,Connacht,207,unverified: not in CapnBry for this zone
veteran guard,,GameGuard,guard,1,42,1,Black Mtns. South,2,1.65-era: seen in this zone by CapnBry
Sentinel,,GameGuard,guard,3,50,200,Cliffs of Moher,203,1.65-era: seen by CapnBry (another zone)
Crayg,Weapon Merchant,GameMerchant,npc,3,52,200,Lough Gur,204,"likely period: listed in this zone by Illia's bestiary (2001-2010 data, may include later NPCs)"
Chieftess Guard Bestla,,GameGuard,guard,2,65,151,Aegir's Landing,151,1.65-era: seen in this zone by CapnBry
Sulis,Vault Banker,GameNPC,npc,1,50,2,Dalton,18,unverified: no CapnBry data for this zone
Dolph,Armor Merchant,GameMerchant,npc,3,50,181,Vigilant Rock,186,"likely period: listed in this zone by Illia's bestiary (2001-2010 data, may include later NPCs)"
Woerith,Fletchers Master,FletchingMaster,npc,3,65,202,Torrylin,217,unverified: no CapnBry data for this zone
Ybaedric Dinailaine,,GameNPC,npc,1,50,2,Brisworthy,20,unverified: no CapnBry data for this zone
Jofrid Spioner,Rogue Trainer,Trainer.RogueTrainer,npc,2,51,151,Aegir's Landing,151,1.65-era: seen in this zone by CapnBry
Saehild,,GameNPC,npc,2,50,102,Wyndham,119,unverified: no CapnBry data for this zone
Fenrir,Effect Master,EffectNPC,npc,2,50,334,Midgard Event,334,Atlas / later: Atlas cosmetic effect vendor
Friden,,GameNPC,npc,2,52,102,Holmestrand,266,unverified: no CapnBry data for this zone
ambient pixie,,GameNPC,npc,3,1,201,Tir na Nog,209,unverified: not in CapnBry for this zone
Viking Huscarl,,GameGuard,guard,2,255,1,Hadrian's Wall,15,1.65-era: seen in this zone by CapnBry
Bowman Commander,,GameGuard,guard,1,255,165,Cathal Valley,165,"likely period: listed in this zone by Illia's bestiary (2001-2010 data, may include later NPCs)"
Rundeg Faerweth,Armor Merchant,GameMerchant,npc,1,1,1,Campacorentin Forest,8,"likely period: listed in this zone by Illia's bestiary (2001-2010 data, may include later NPCs)"
Kalla,Poison Merchant,GameMerchant,npc,3,40,200,Silvermine Mts.,201,1.65-era: seen in this zone by CapnBry
Lyrist,Hastener,GameHastener,npc,3,33,202,Dunshire,215,unverified: no CapnBry data for this zone
Somryn,Weaponsmiths Master,WeaponCraftingMaster,npc,3,65,202,Aberillan,225,unverified: no CapnBry data for this zone
Viking Kreimhilde,,GameNPC,npc,2,50,100,Vale of Mularn,100,1.65-era: seen in this zone by CapnBry
Oken,Weapon Merchant,GameMerchant,npc,2,40,100,Vale of Mularn,100,1.65-era: seen in this zone by CapnBry
Armsman,,Keeps.GuardFighter,guard,1,57,100,Yggdra Forest,112,1.65-era: seen by CapnBry (another zone)
Master Eldritch,,GameGuard,guard,3,255,165,Cathal Valley,165,1.65-era: seen by CapnBry (another zone)
horse,,GameNPC,npc,3,55,202,Aberillan,225,1.65-era: seen by CapnBry (another zone)
Aldys Meccus,Armor Merchant,GameMerchant,npc,1,42,1,Black Mtns. North,3,1.65-era: seen in this zone by CapnBry
Iago,Emerald Armor Merchant,GameEmeraldSealsMerchant,npc,2,36,249,Darkness Falls,249,"Atlas / later: Seals merchant (Darkness Rising era, used by Atlas)"
Chareweth,Spellcrafters Master,SpellCraftingMaster,npc,1,65,2,Rilan,17,unverified: not in CapnBry for this zone
Frein,Alchemists Master,GameNPC,npc,2,65,102,Carlingford,118,unverified: no CapnBry data for this zone
Sellih,Weapon Merchant,GameMerchant,npc,1,36,10,City of Camelot,26,unverified: not in CapnBry for this zone
Bartleby,,GameNPC,npc,1,15,10,City of Camelot,26,likely period: listed by Illia's bestiary in another zone
Council of Battle,,GameNPC,npc,0,75,90,City of Aerus,90,unverified: not in CapnBry for this zone
Council of Battle,,GameNPC,npc,0,75,47,City of Aerus,47,unverified: no CapnBry data for this zone
Council of Battle,,GameNPC,npc,0,75,147,City of Aerus,147,unverified: no CapnBry data for this zone
Knight Commander,,GameGuard,guard,1,255,200,Emain Macha,214,1.65-era: seen in this zone by CapnBry
Sentinel Champion,,GameGuard,guard,3,52,200,Lough Gur,204,unverified: no CapnBry data for this zone
ambient rat,,GameNPC,npc,0,1,10,City of Camelot,26,unverified: not in CapnBry for this zone
"Cloth, Leather, Enamel",Dye Merchant,GameMerchant,npc,2,50,334,Midgard Event,334,unverified: no CapnBry data for this zone
swarm of flies,,GameNPC,npc,2,0,100,Vale of Mularn,100,likely period: listed by Illia's bestiary in another zone
Bowman Commander,,GameGuard,guard,1,255,165,Cathal Valley,165,"likely period: listed in this zone by Illia's bestiary (2001-2010 data, may include later NPCs)"
Galn,Spiritmaster Trainer,Trainer.SpiritmasterTrainer,npc,2,53,101,Jordheim,120,1.65-era: seen in this zone by CapnBry
Dyre,Spiritmaster Trainer,Trainer.SpiritmasterTrainer,npc,2,50,101,Jordheim,120,1.65-era: seen in this zone by CapnBry
Macelroy,Vault Banker,GameNPC,npc,3,50,202,Torrylin,217,unverified: no CapnBry data for this zone
Brother Eurius,Healer,GameHealer,npc,1,29,1,Campacorentin Forest,8,1.65-era: seen in this zone by CapnBry
Viking Dreng,,GameNPC,npc,2,20,100,Vale of Mularn,100,1.65-era: seen in this zone by CapnBry
Sentinel,,GameGuard,guard,3,53,200,Connacht,207,1.65-era: seen in this zone by CapnBry
Master Wizard,,GameNPC,npc,1,255,165,Cathal Valley,165,"likely period: listed in this zone by Illia's bestiary (2001-2010 data, may include later NPCs)"
Mercenary Iuskedaro,,GameNPC,npc,3,50,200,Connacht,207,"likely period: listed in this zone by Illia's bestiary (2001-2010 data, may include later NPCs)"
Amren,Vault Banker,GameNPC,npc,1,50,2,Old Sarum,16,unverified: no CapnBry data for this zone
Daelodin,Vault Banker,GameNPC,npc,3,50,202,Moycullen,273,unverified: no CapnBry data for this zone
Theidar,,GameNPC,npc,2,30,102,Stavgaard,268,unverified: no CapnBry data for this zone
Stor Gothi Annark,Teleporter,Scripts.LiveTeleporter,npc,2,60,100,Skona Ravine,106,teleporter (not 1.65; listed separately)
Apprentice Taxidermist,,GameNPC,npc,2,35,102,Frisia,121,unverified: no CapnBry data for this zone
Sentinel,,GameGuard,guard,3,50,200,Valley of Bri Leith,206,1.65-era: seen by CapnBry (another zone)
Guardian Daire,,GameGuard,guard,3,45,201,Tir na Nog,209,1.65-era: seen in this zone by CapnBry
Annabeth,Stable Master,GameStableMaster,npc,1,53,2,Aylesbury,64,unverified: no CapnBry data for this zone
Master Eldritch,,GameGuard,guard,3,255,235,The Lions Den,235,1.65-era: seen by CapnBry (another zone)
Guardsman,,GameGuard,guard,1,30,10,City of Camelot,26,1.65-era: seen in this zone by CapnBry
Dranna,Dye Merchant,GameMerchant,npc,3,50,200,Valley of Bri Leith,206,"likely period: listed in this zone by Illia's bestiary (2001-2010 data, may include later NPCs)"
Master Guardian,,GameGuard,guard,3,255,100,Odin's Gate,115,unverified: not in CapnBry for this zone
ghastly siabra,,NightSpawn,npc,0,15,200,Lough Derg,200,1.65-era: seen in this zone by CapnBry
Jeffrey Kenric,Armor Merchant,GameMerchant,npc,1,1,10,City of Camelot,26,1.65-era: seen in this zone by CapnBry
Council of Battle,,GameNPC,npc,0,75,90,City of Aerus,90,unverified: not in CapnBry for this zone
Council of Battle,,GameNPC,npc,0,75,47,City of Aerus,47,unverified: no CapnBry data for this zone
Council of Battle,,GameNPC,npc,0,75,147,City of Aerus,147,unverified: no CapnBry data for this zone
Blauvale,,GameNPC,npc,1,31,2,Rilan,17,unverified: not in CapnBry for this zone
Nia Leof,Weapon Merchant,GameMerchant,npc,1,40,1,Black Mtns. North,3,1.65-era: seen in this zone by CapnBry
Shauna,,GameNPC,npc,3,50,202,Torrylin,217,unverified: no CapnBry data for this zone
Master Eldritch,,GameGuard,guard,3,255,1,Hadrian's Wall,15,1.65-era: seen by CapnBry (another zone)
Master Eldritch,,GameGuard,guard,3,255,1,Hadrian's Wall,15,1.65-era: seen by CapnBry (another zone)
Serilyna,Weapon Merchant,GameMerchant,npc,2,20,100,Myrkwood Forest,105,1.65-era: seen in this zone by CapnBry
Midgard Armor,Item Merchant,GameMerchant,npc,2,50,101,Jordheim,120,unverified: not in CapnBry for this zone
Loman,,GameNPC,npc,3,36,200,Silvermine Mts.,201,"likely period: listed in this zone by Illia's bestiary (2001-2010 data, may include later NPCs)"
Cruella de Vil,Pet Merchant,GameMerchant,npc,2,50,101,Jordheim,120,unverified: not in CapnBry for this zone
Melidia,Stable Master,GameStableMaster,npc,1,50,2,Aylesbury,64,unverified: no CapnBry data for this zone
Sentry Stenbjorn,,GameNPC,npc,2,28,100,Myrkwood Forest,105,1.65-era: seen in this zone by CapnBry
Jeros,Necromancer Trainer,Trainer.NecromancerTrainer,npc,1,50,1,Black Mtns. North,3,"likely period: listed in this zone by Illia's bestiary (2001-2010 data, may include later NPCs)"
Albion Decorator,Merchant,GameMerchant,npc,1,40,2,Dalton,18,unverified: no CapnBry data for this zone
Pavar,Enchanter,Enchanter,npc,2,17,100,Vale of Mularn,100,1.65-era: seen in this zone by CapnBry
Knight Commander,,GameNPC,npc,1,255,100,Odin's Gate,115,1.65-era: seen in this zone by CapnBry
Dostram,,GameNPC,npc,1,1,1,Black Mtns. North,3,likely period: listed by Illia's bestiary in another zone
Styrkar Svein,Armor Merchant,GameMerchant,npc,2,65,151,Aegir's Landing,151,1.65-era: seen in this zone by CapnBry
Armsman,,Keeps.GuardFighter,guard,1,70,1,Snowdonia,12,1.65-era: seen by CapnBry (another zone)
Sentinel,,GameGuard,guard,3,54,200,Lough Derg,200,1.65-era: seen in this zone by CapnBry
Viking Huscarl,,GameGuard,guard,2,255,1,Hadrian's Wall,15,1.65-era: seen in this zone by CapnBry
Stor Gothi Carnoid,,MidgardSITeleporter,npc,2,50,151,Munin Sound,155,unverified: not in CapnBry for this zone
Jolgeir,Hunter Trainer,Trainer.HunterTrainer,npc,2,52,151,Aegir's Landing,151,1.65-era: seen in this zone by CapnBry
Viking Archer,,GameGuard,guard,2,255,165,Cathal Valley,165,1.65-era: seen by CapnBry (another zone)
Whitney,Vault Banker,GameNPC,npc,1,50,2,Dalton,18,unverified: no CapnBry data for this zone
Guardian,,Keeps.GuardFighter,guard,3,52,200,Breifine,212,1.65-era: seen in this zone by CapnBry
gray spectre,,NightSpawn,npc,0,23,200,Cruachan Gorge,211,"likely period: listed in this zone by Illia's bestiary (2001-2010 data, may include later NPCs)"
Nugget,,GameNPC,npc,1,80,10,City of Camelot,26,unverified: not in CapnBry for this zone
mist wraith,,NightSpawn,npc,0,27,200,Cruachan Gorge,211,"likely period: listed in this zone by Illia's bestiary (2001-2010 data, may include later NPCs)"
Apoc Initializator,,ApocInitializator,npc,0,50,60,Caer Sidi,60,unverified: no CapnBry data for this zone
ambient pixie,,GameNPC,npc,3,1,201,Tir na Nog,209,unverified: not in CapnBry for this zone
ambient pixie,,GameNPC,npc,3,1,200,Connacht,207,unverified: not in CapnBry for this zone
Armsman Commander,,Keeps.GuardCommander,guard,1,52,1,Pennine Mountains,14,unverified: not in CapnBry for this zone
Master Wizard,,GameNPC,npc,1,255,1,Snowdonia,12,1.65-era: seen in this zone by CapnBry
Zinna,Weapon Merchant,GameMerchant,npc,3,35,200,Connacht,207,"likely period: listed in this zone by Illia's bestiary (2001-2010 data, may include later NPCs)"
innocent,,GameNPC,npc,3,39,276,Marfach Cavern,276,1.65-era: seen by CapnBry (another zone)
Piper,Hastener,GameHastener,npc,1,30,2,Aylesbury,64,1.65-era: seen by CapnBry (another zone)
Hord,Healer,GameHealer,npc,2,20,100,Myrkwood Forest,105,1.65-era: seen in this zone by CapnBry
Calder,Arrow Merchant,GameMerchant,npc,3,35,200,Lough Derg,200,1.65-era: seen in this zone by CapnBry
Jodis Rindasdottir,,GameNPC,npc,2,51,100,Skona Ravine,106,"likely period: listed in this zone by Illia's bestiary (2001-2010 data, may include later NPCs)"
Zenob Mra,Armor Merchant,GameMerchant,npc,1,42,1,Black Mtns. South,2,"likely period: listed in this zone by Illia's bestiary (2001-2010 data, may include later NPCs)"
Aenda,,GameNPC,npc,2,50,102,Arothi,117,unverified: no CapnBry data for this zone
Sar Aldar,Armor Merchant,GameMerchant,npc,1,45,1,Cornwall,6,1.65-era: seen in this zone by CapnBry
Morag,Shield Merchant,GameMerchant,npc,3,35,200,Bog of Cullen,205,"likely period: listed in this zone by Illia's bestiary (2001-2010 data, may include later NPCs)"
Guardian Sergeant,,GameGuard,guard,1,40,1,Campacorentin Forest,8,1.65-era: seen in this zone by CapnBry
Piper,Hastener,GameHastener,npc,1,30,2,Rilan,17,1.65-era: seen in this zone by CapnBry
Dyemaster Wanetta,Dye Merchant,GameMerchant,npc,1,1,1,Camelot Hills,0,1.65-era: seen in this zone by CapnBry
Gazsi,,GameNPC,npc,2,60,151,Aegir's Landing,151,1.65-era: seen in this zone by CapnBry
Master Wizard,,GameNPC,npc,1,255,1,Snowdonia,12,1.65-era: seen in this zone by CapnBry
Sabine,Potion Merchant,GameMerchant,npc,1,34,165,Cathal Valley,165,unverified: no CapnBry data for this zone
Ulwatyl,Merchant,GameMerchant,npc,2,20,100,Myrkwood Forest,105,"likely period: listed in this zone by Illia's bestiary (2001-2010 data, may include later NPCs)"
Trustan,,GameNPC,npc,2,12,100,West Svealand,102,1.65-era: seen in this zone by CapnBry
Dyemaster Godric,Dye Merchant,GameMerchant,npc,1,16,1,Avalon Marsh,9,"likely period: listed in this zone by Illia's bestiary (2001-2010 data, may include later NPCs)"
Lonrah,Smith,Blacksmith,npc,3,35,335,Hibernia Event,335,likely period: listed by Illia's bestiary in another zone
Terrance,,GameNPC,npc,1,35,1,Avalon Marsh,9,unverified: not in CapnBry for this zone
Viking Archer,,GameGuard,guard,2,255,165,Cathal Valley,165,1.65-era: seen by CapnBry (another zone)
Maola,Vault Banker,GameNPC,npc,3,51,202,Kilcullen,218,unverified: no CapnBry data for this zone
Geirmund,Vault Banker,GameNPC,npc,2,52,102,Wyndham,119,unverified: no CapnBry data for this zone
Frontier Assistant,Necklace Vendor,Scripts.OFMerchantHome,npc,1,75,200,Emain Macha,214,Atlas / later: Atlas frontier medallion merchant
Jiskarr de'Mordan,Weapon Merchant,GameMerchant,npc,3,50,201,Tir na Nog,209,1.65-era: seen in this zone by CapnBry
Mistress Trethia,Elementalist Trainer,Trainer.ElementalistTrainer,npc,1,1,1,Campacorentin Forest,8,"likely period: listed in this zone by Illia's bestiary (2001-2010 data, may include later NPCs)"
ambient pixie,,GameNPC,npc,3,1,201,Tir na Nog,209,unverified: not in CapnBry for this zone
Rollo,Smith,Blacksmith,npc,2,31,100,Vale of Mularn,100,1.65-era: seen in this zone by CapnBry
giant skeleton,,NightSpawn,npc,0,27,1,Cornwall,6,1.65-era: seen in this zone by CapnBry
horse,,GameNPC,npc,1,51,2,Old Sarum,16,1.65-era: seen by CapnBry (another zone)
Charles,Hastener,GameHastener,npc,3,1,200,Shannon Estuary,202,unverified: not in CapnBry for this zone
new mob,,Keeps.FrontierHastener,npc,0,1,100,Yggdra Forest,112,unverified: not in CapnBry for this zone
Sonvan,,GameNPC,npc,3,50,202,Tullamore,272,likely period: listed by Illia's bestiary in another zone
Sevvanna,Vault Banker,GameNPC,npc,3,50,202,Broughshane,274,unverified: no CapnBry data for this zone
Hywela,Armor Merchant,GameMerchant,npc,3,1,201,Tir na Nog,209,1.65-era: seen in this zone by CapnBry
Albion Decorator,Merchant,GameMerchant,npc,1,40,2,Brisworthy,20,unverified: no CapnBry data for this zone
Gustav,Healer,GameHealer,npc,2,37,100,Vale of Mularn,100,1.65-era: seen in this zone by CapnBry
Ingerd,Merchant,GameMerchant,npc,2,50,100,East Svealand,101,1.65-era: seen in this zone by CapnBry
ambient rat,,GameNPC,npc,0,1,101,Jordheim,120,unverified: not in CapnBry for this zone
Guardian Selta,,GameNPC,npc,3,49,200,Connacht,207,"likely period: listed in this zone by Illia's bestiary (2001-2010 data, may include later NPCs)"
Lynnleigh,,GameNPC,npc,2,40,100,East Svealand,101,1.65-era: seen in this zone by CapnBry
ambient pixie,,GameNPC,npc,3,1,200,Connacht,207,unverified: not in CapnBry for this zone
Huscarl,,Keeps.GuardFighter,guard,2,57,200,Breifine,212,1.65-era: seen by CapnBry (another zone)
Local Bard,Hastener,GameHastener,npc,3,50,181,Domnann,181,1.65-era: seen by CapnBry (another zone)
Yseult,Nightshade Trainer,Trainer.NightshadeTrainer,npc,3,50,200,Valley of Bri Leith,206,"likely period: listed in this zone by Illia's bestiary (2001-2010 data, may include later NPCs)"
Lyrist,Hastener,GameHastener,npc,3,30,202,Broughshane,274,unverified: no CapnBry data for this zone
Conchobhar,,GameNPC,npc,2,15,100,Vanern Swamp,107,1.65-era: seen in this zone by CapnBry
Veteran Guardsman,,GameGuard,guard,1,40,1,Camelot Hills,0,1.65-era: seen in this zone by CapnBry
ambient rat,,GameNPC,npc,0,1,10,City of Camelot,26,unverified: not in CapnBry for this zone
Morin Davem,Armor Merchant,GameMerchant,npc,1,40,1,Avalon Marsh,9,"likely period: listed in this zone by Illia's bestiary (2001-2010 data, may include later NPCs)"
Cleavale,Armorsmiths Master,ArmorCraftingMaster,npc,1,67,2,Aylesbury,64,unverified: no CapnBry data for this zone
Master of Runes,,GameGuard,guard,2,255,200,Emain Macha,214,1.65-era: seen in this zone by CapnBry
Market Explorer,,MarketExplorer,npc,2,50,102,Nittedal,267,"Atlas / later: Market Explorer (housing consignment search, post-1.65 / Atlas)"
Master of Runes,,GameGuard,guard,2,255,200,Emain Macha,214,1.65-era: seen in this zone by CapnBry
ambient pixie,,GameNPC,npc,3,1,200,Connacht,207,unverified: not in CapnBry for this zone
Intoner,Hastener,GameHastener,npc,2,30,102,Kaupang,122,1.65-era: seen by CapnBry (another zone)
Segna,,GameNPC,npc,2,54,102,Arothi,117,unverified: no CapnBry data for this zone
Korman,Merchant,GameMerchant,npc,2,50,102,Arothi,117,unverified: no CapnBry data for this zone
Guardsman Thomas,,GameGuard,guard,1,30,10,City of Camelot,26,likely period: listed by Illia's bestiary in another zone
Heremon,Vault Banker,GameNPC,npc,3,53,202,Kilcullen,218,unverified: no CapnBry data for this zone
Alchemist apprentice,Merchant,GameMerchant,npc,1,50,2,Rilan,17,unverified: not in CapnBry for this zone
Nenna,Poison Merchant,GameMerchant,npc,3,50,181,Domnann,181,unverified: no CapnBry data for this zone
innocent,,GameNPC,npc,2,37,246,Dodens Gruva,246,1.65-era: seen in this zone by CapnBry
wind ghoul,,NightSpawn,npc,0,7,200,Connacht,207,1.65-era: seen in this zone by CapnBry
Knight Commander,,GameNPC,npc,1,255,1,Forest Sauvage,11,1.65-era: seen in this zone by CapnBry
Master of Runes,,GameGuard,guard,2,255,100,West Svealand,102,1.65-era: seen in this zone by CapnBry
Piper,Hastener,GameHastener,npc,1,31,2,Dalton,18,1.65-era: seen by CapnBry (another zone)
horse,,GameNPC,npc,1,55,1,Camelot Hills,0,1.65-era: seen by CapnBry (another zone)
ambient pixie,,GameNPC,npc,3,1,200,Lough Derg,200,unverified: not in CapnBry for this zone
Aclee Marlow,,GameNPC,npc,1,50,1,Campacorentin Forest,8,1.65-era: seen in this zone by CapnBry
Dehaan,Healer,GameHealer,npc,2,32,151,Gripklosa Mountains,152,1.65-era: seen in this zone by CapnBry
Enchanter Braesia,Enchanter,Enchanter,npc,1,48,1,Avalon Marsh,9,"likely period: listed in this zone by Illia's bestiary (2001-2010 data, may include later NPCs)"
Apprentice Taxidermist,,GameNPC,npc,2,35,102,Holmestrand,266,unverified: no CapnBry data for this zone
Eryk,Skald Trainer,Trainer.SkaldTrainer,npc,2,55,100,West Svealand,102,1.65-era: seen in this zone by CapnBry
Knight Commander,,GameGuard,guard,1,255,200,Emain Macha,214,1.65-era: seen in this zone by CapnBry
Tristan,Armor Merchant,GameMerchant,npc,3,37,201,Tir na Nog,209,1.65-era: seen in this zone by CapnBry
Skald of Midgard,Hastener,GameHastener,npc,2,50,101,Jordheim,120,likely period: listed by Illia's bestiary in another zone
Brigacos,,GameNPC,npc,3,70,201,Tir na Nog,209,1.65-era: seen in this zone by CapnBry
Morlin Caan,Smith,Blacksmith,npc,2,50,101,Jordheim,120,1.65-era: seen in this zone by CapnBry
Keep Sentinel,,GameGuard,guard,2,255,100,Uppland,111,1.65-era: seen in this zone by CapnBry
Master Armsman,,GameGuard,guard,1,255,165,Cathal Valley,165,unverified: no CapnBry data for this zone
Enir,Armor Merchant,GameMerchant,npc,2,50,100,West Svealand,102,1.65-era: seen in this zone by CapnBry
Cead,Dye Merchant,GameMerchant,npc,3,50,181,Caillte Garran,182,"likely period: listed in this zone by Illia's bestiary (2001-2010 data, may include later NPCs)"
Addard Yarley,Stable Master,GameStableMaster,npc,0,31,1,Cornwall,6,"likely period: listed in this zone by Illia's bestiary (2001-2010 data, may include later NPCs)"
Etho,,GameNPC,npc,3,40,249,Darkness Falls,249,"likely period: listed in this zone by Illia's bestiary (2001-2010 data, may include later NPCs)"
ambient rat,,GameNPC,npc,0,1,101,Jordheim,120,unverified: not in CapnBry for this zone
Keir,Weapon Merchant,GameMerchant,npc,3,35,200,Valley of Bri Leith,206,"likely period: listed in this zone by Illia's bestiary (2001-2010 data, may include later NPCs)"
Deilf,Armor Merchant,GameMerchant,npc,2,50,100,East Svealand,101,1.65-era: seen in this zone by CapnBry
Giorny,Account Vault Keeper,AccountVaultKeeper,npc,3,75,165,Cathal Valley,165,Atlas / later: Account vault keeper (post-1.65 live feature)
Glyn,Weapon Merchant,GameMerchant,npc,3,37,200,Shannon Estuary,202,1.65-era: seen in this zone by CapnBry
Falin Fletcher,Arrow Merchant,GameMerchant,npc,1,22,1,Campacorentin Forest,8,"likely period: listed in this zone by Illia's bestiary (2001-2010 data, may include later NPCs)"
Heylyn Aldar,Bolts Merchant,GameMerchant,npc,1,40,1,Cornwall,6,1.65-era: seen in this zone by CapnBry
ambient pixie,,GameNPC,npc,3,1,200,Lough Derg,200,unverified: not in CapnBry for this zone
Arthauralin,Vault Banker,GameNPC,npc,1,50,2,Chiltern,260,unverified: no CapnBry data for this zone
Edmyg,Weapon Merchant,GameMerchant,npc,3,50,200,Shannon Estuary,202,1.65-era: seen in this zone by CapnBry
Magnild,,GameNPC,npc,2,12,100,Gotar,103,1.65-era: seen in this zone by CapnBry
Della,Instrument Merchant,GameMerchant,npc,3,35,200,Silvermine Mts.,201,1.65-era: seen in this zone by CapnBry
"Cloth, Leather, Enamel",Dye Merchant,GameMerchant,npc,1,50,330,Albion Event,330,unverified: no CapnBry data for this zone
ambient stag 1,,GameNPC,npc,0,0,201,Tir na Nog,209,unverified: not in CapnBry for this zone
Master Eldritch,,GameGuard,guard,3,255,100,Odin's Gate,115,1.65-era: seen by CapnBry (another zone)
horse,,GameNPC,npc,1,55,1,Camelot Hills,0,1.65-era: seen by CapnBry (another zone)
Olcasgean,,Olcasgean,npc,0,87,191,Galladoria,191,"likely period: listed in this zone by Illia's bestiary (2001-2010 data, may include later NPCs)"
Champion,,GameGuard,guard,3,255,200,Cruachan Gorge,211,1.65-era: seen by CapnBry (another zone)
horse,,GameNPC,npc,3,55,202,Moycullen,273,1.65-era: seen by CapnBry (another zone)
Mordred,Lord Of Battle,LordOfBattle,npc,0,75,339,Brimstone Caverns,339,likely period: listed by Illia's bestiary in another zone
Apprentice Taxidermist,,GameNPC,npc,1,35,2,Dalton,18,unverified: no CapnBry data for this zone
Seysild Aldar,Smith,Blacksmith,npc,1,41,1,Cornwall,6,1.65-era: seen in this zone by CapnBry
Viking Huscarl,,GameGuard,guard,2,255,200,Emain Macha,214,1.65-era: seen in this zone by CapnBry
svartalf merchant,Weapon Merchant,GameMerchant,npc,2,17,100,Gotar,103,1.65-era: seen in this zone by CapnBry
Alaiina,Weapon Merchant,GameMerchant,npc,3,50,200,Bog of Cullen,205,"likely period: listed in this zone by Illia's bestiary (2001-2010 data, may include later NPCs)"
faerie frog,,DaySpawn,npc,0,28,1,Snowdonia,12,"likely period: listed in this zone by Illia's bestiary (2001-2010 data, may include later NPCs)"
Karis,Guild Emblemeer,EmblemNPC,npc,2,50,101,Jordheim,120,1.65-era: seen in this zone by CapnBry
Piper,Hastener,GameHastener,npc,1,30,2,Dalton,18,1.65-era: seen by CapnBry (another zone)
Intoner,Hastener,GameHastener,npc,2,30,102,Wyndham,119,1.65-era: seen by CapnBry (another zone)
horse,,GameNPC,npc,3,55,202,Torrylin,217,1.65-era: seen by CapnBry (another zone)
Uliila,Vault Banker,GameNPC,npc,3,50,202,Broughshane,274,unverified: no CapnBry data for this zone
Evan,Armor Merchant,GameMerchant,npc,3,35,200,Connacht,207,1.65-era: seen in this zone by CapnBry
horse,,GameNPC,npc,3,51,200,Lough Derg,200,1.65-era: seen by CapnBry (another zone)
ambient pixie,,GameNPC,npc,3,1,200,Lough Derg,200,unverified: not in CapnBry for this zone
Dymphna,,GameNPC,npc,3,50,181,Caillte Garran,182,"likely period: listed in this zone by Illia's bestiary (2001-2010 data, may include later NPCs)"
Viking Huscarl,,GameGuard,guard,2,255,200,Emain Macha,214,1.65-era: seen in this zone by CapnBry
Champion,,GameGuard,guard,3,255,200,Mount Collory,210,1.65-era: seen by CapnBry (another zone)
Jana Fletcher,Arrow Merchant,GameMerchant,npc,1,1,10,City of Camelot,26,1.65-era: seen in this zone by CapnBry
innocent,,GameNPC,npc,1,36,277,Hall of the Corrupt,277,"likely period: listed in this zone by Illia's bestiary (2001-2010 data, may include later NPCs)"
Sioned,,GameNPC,npc,3,50,202,Dunshire,215,unverified: no CapnBry data for this zone
Drafli,Consignment Banker,GameNPC,npc,2,50,102,Erikstaad,114,unverified: not in CapnBry for this zone
Unerrang,Weaponsmiths Master,WeaponCraftingMaster,npc,2,65,102,Carlingford,118,unverified: no CapnBry data for this zone
Noreen,Armor Merchant,GameMerchant,npc,3,35,200,Silvermine Mts.,201,1.65-era: seen in this zone by CapnBry
Malvin,Vault Banker,GameNPC,npc,1,50,2,Caerwent,13,unverified: not in CapnBry for this zone
Nolan,Armor Merchant,GameMerchant,npc,3,39,201,Tir na Nog,209,1.65-era: seen in this zone by CapnBry
Knight Commander,,GameNPC,npc,1,255,100,Odin's Gate,115,1.65-era: seen in this zone by CapnBry
ambient rat,,GameNPC,npc,0,1,101,Jordheim,120,unverified: not in CapnBry for this zone
Fusi,,GameNPC,npc,3,1,201,Tir na Nog,209,unverified: not in CapnBry for this zone
Yver Tiu,,GameNPC,npc,2,23,100,Vale of Mularn,100,1.65-era: seen in this zone by CapnBry
Sentinel,,GameGuard,guard,3,53,201,Tir na Nog,209,1.65-era: seen in this zone by CapnBry
Master Ranger,,GameGuard,guard,3,255,200,Connacht,207,1.65-era: seen in this zone by CapnBry
Hastener,,GameHastener,npc,0,1,1,Forest Sauvage,11,1.65-era: seen in this zone by CapnBry
Damhnait,Stalker Trainer,Trainer.StalkerTrainer,npc,3,50,200,Silvermine Mts.,201,1.65-era: seen in this zone by CapnBry
Albion Decorator,Merchant,GameMerchant,npc,1,43,2,Stoneleigh,262,unverified: no CapnBry data for this zone
Guardian Sergeant,,GameGuard,guard,1,44,1,Avalon Marsh,9,1.65-era: seen in this zone by CapnBry
Devyn Godric,Shield Merchant,GameMerchant,npc,1,8,1,Avalon Marsh,9,"likely period: listed in this zone by Illia's bestiary (2001-2010 data, may include later NPCs)"
Champion Commander,,Keeps.GuardCommander,guard,3,52,200,Breifine,212,1.65-era: seen in this zone by CapnBry
Blanodeb,Animist Trainer,Trainer.AnimistTrainer,npc,3,50,200,Silvermine Mts.,201,"likely period: listed in this zone by Illia's bestiary (2001-2010 data, may include later NPCs)"
Guardian,,Keeps.GuardFighter,guard,3,52,200,Breifine,212,1.65-era: seen in this zone by CapnBry
Master Wizard,,GameNPC,npc,1,255,1,Snowdonia,12,1.65-era: seen in this zone by CapnBry
Etie,Poison Merchant,GameMerchant,npc,1,8,1,Avalon Marsh,9,1.65-era: seen in this zone by CapnBry
ambient pixie,,GameNPC,npc,3,1,201,Tir na Nog,209,unverified: not in CapnBry for this zone
Kedric,Weapon Merchant,GameMerchant,npc,3,40,201,Tir na Nog,209,1.65-era: seen in this zone by CapnBry
Master Armsman,,GameGuard,guard,1,255,200,Emain Macha,214,unverified: not in CapnBry for this zone
Ljufa,,GameNPC,npc,2,38,100,West Svealand,102,1.65-era: seen by CapnBry (another zone)
Ola,Weapon Merchant,GameMerchant,npc,2,49,100,Myrkwood Forest,105,1.65-era: seen in this zone by CapnBry
Golden Boy,,GameNPC,npc,1,55,1,Black Mtns. South,2,"likely period: listed in this zone by Illia's bestiary (2001-2010 data, may include later NPCs)"
Corporal Dunleigh,,GameNPC,npc,1,31,1,Camelot Hills,0,1.65-era: seen in this zone by CapnBry
Lord Adribard,Paladin Trainer,Trainer.PaladinTrainer,npc,1,50,1,Avalon Marsh,9,"likely period: listed in this zone by Illia's bestiary (2001-2010 data, may include later NPCs)"
Apprentice Taxidermist,,GameNPC,npc,2,35,102,Nittedal,267,unverified: no CapnBry data for this zone
Cronker,,Cronker,npc,0,14,1,Camelot Hills,0,"likely period: listed in this zone by Illia's bestiary (2001-2010 data, may include later NPCs)"
Knight Commander,,GameNPC,npc,1,255,1,Forest Sauvage,11,1.65-era: seen in this zone by CapnBry
innocent,,GameNPC,npc,2,36,246,Dodens Gruva,246,1.65-era: seen in this zone by CapnBry
Hardob,Armorsmiths Master,GameNPC,npc,1,65,2,Caerwent,13,unverified: not in CapnBry for this zone
new mob,,Keeps.FrontierHastener,npc,0,1,1,Hadrian's Wall,15,unverified: not in CapnBry for this zone
Daibheid,Naturalist Trainer,Trainer.NaturalistTrainer,npc,3,41,200,Silvermine Mts.,201,1.65-era: seen in this zone by CapnBry
Halko,Vault Banker,GameNPC,npc,2,50,102,Erikstaad,114,unverified: not in CapnBry for this zone
Ethandra,Armorsmiths Master,ArmorCraftingMaster,npc,2,65,102,Erikstaad,114,unverified: not in CapnBry for this zone
Siobhan,Smith,Blacksmith,npc,3,50,200,Lough Gur,204,"likely period: listed in this zone by Illia's bestiary (2001-2010 data, may include later NPCs)"
Apprentice Taxidermist,,GameNPC,npc,3,35,202,Dunshire,215,unverified: no CapnBry data for this zone
ambient pixie,,GameNPC,npc,3,1,200,Connacht,207,unverified: not in CapnBry for this zone
Lin,Hunter Trainer,Trainer.HunterTrainer,npc,2,55,100,West Svealand,102,1.65-era: seen in this zone by CapnBry
Royal Minstrel,Hastener,GameHastener,npc,1,50,1,Cornwall,6,unverified: not in CapnBry for this zone
new mob,,Keeps.FrontierHastener,npc,0,1,100,Jamtland Mountains,113,unverified: not in CapnBry for this zone
Spawn-In,,GameNPC,npc,0,70,336,Demonic Prison,336,unverified: no CapnBry data for this zone
ambient pixie,,GameNPC,npc,3,1,200,Connacht,207,unverified: not in CapnBry for this zone
Maponus,Vault Banker,GameNPC,npc,1,55,2,Rilan,17,unverified: not in CapnBry for this zone
Tally Settler,,GameNPC,npc,3,33,200,Lough Derg,200,unverified: not in CapnBry for this zone
Meccus Yrre,Armor Merchant,GameMerchant,npc,1,1,10,City of Camelot,26,1.65-era: seen in this zone by CapnBry
Llala,Arrow Merchant,GameMerchant,npc,3,35,165,Cathal Valley,165,likely period: listed by Illia's bestiary in another zone
ambient pixie,,GameNPC,npc,3,1,201,Tir na Nog,209,unverified: not in CapnBry for this zone
Sentinel Andreasa,,GameGuard,guard,3,50,200,Connacht,207,unverified: not in CapnBry for this zone
Knight Commander,,GameGuard,guard,1,255,1,Snowdonia,12,"likely period: listed in this zone by Illia's bestiary (2001-2010 data, may include later NPCs)"
Lyrist,Hastener,GameHastener,npc,3,30,202,Moycullen,273,unverified: no CapnBry data for this zone
Garvyn Kensington,Armor Merchant,GameMerchant,npc,1,7,1,Salisbury Plains,1,1.65-era: seen in this zone by CapnBry
horse,,GameNPC,npc,1,55,1,Black Mtns. South,2,1.65-era: seen in this zone by CapnBry
Scout,,GameNPC,npc,1,45,1,Black Mtns. North,3,1.65-era: seen by CapnBry (another zone)
Legwyn,Merchant,GameMerchant,npc,3,50,202,Torrylin,217,unverified: no CapnBry data for this zone
Viking Huscarl,,GameGuard,guard,2,255,100,Uppland,111,1.65-era: seen in this zone by CapnBry
Ander,Poison Merchant,GameMerchant,npc,2,50,101,Jordheim,120,1.65-era: seen in this zone by CapnBry
Jeralith,Weaponsmiths Master,WeaponCraftingMaster,npc,2,65,102,Frisia,121,unverified: no CapnBry data for this zone
Apprentice Taxidermist,,GameNPC,npc,3,39,202,Moycullen,273,unverified: no CapnBry data for this zone
Master Eldritch,,GameGuard,guard,3,255,100,Odin's Gate,115,1.65-era: seen by CapnBry (another zone)
Zoimma,Tailors Master,GameNPC,npc,1,71,2,Caerwent,13,unverified: not in CapnBry for this zone
Kirsta,Dye Merchant,GameMerchant,npc,3,1,201,Tir na Nog,209,1.65-era: seen in this zone by CapnBry
Scout,,GameNPC,npc,1,45,1,Black Mtns. North,3,1.65-era: seen by CapnBry (another zone)
horse,,GameNPC,npc,2,55,100,West Svealand,102,1.65-era: seen by CapnBry (another zone)
Diegra,Merchant,GameMerchant,npc,2,52,102,Stavgaard,268,unverified: no CapnBry data for this zone
Viking Dreng,,GameNPC,npc,2,20,100,East Svealand,101,1.65-era: seen in this zone by CapnBry
Frimda,Spellcrafters Master,SpellCraftingMaster,npc,2,65,102,Kaupang,122,unverified: no CapnBry data for this zone
Daon,Weapon Merchant,GameMerchant,npc,3,50,181,Vigilant Rock,186,"likely period: listed in this zone by Illia's bestiary (2001-2010 data, may include later NPCs)"
Vaddon,Healer,GameHealer,npc,3,40,201,Tir na Nog,209,1.65-era: seen in this zone by CapnBry
Viking Butescarl,,GameNPC,npc,2,35,100,Vale of Mularn,100,1.65-era: seen in this zone by CapnBry
Ranger,,Keeps.GuardArcher,guard,3,52,100,Jamtland Mountains,113,1.65-era: seen in this zone by CapnBry
Avaldamon,Merchant,GameMerchant,npc,2,50,102,Wyndham,119,unverified: no CapnBry data for this zone
Royal Minstrel,Hastener,GameHastener,npc,1,75,1,Camelot Hills,0,unverified: not in CapnBry for this zone
Iarla Clune,,GameNPC,npc,3,40,201,Tir na Nog,209,1.65-era: seen in this zone by CapnBry
horse,,GameNPC,npc,3,51,202,Tullamore,272,1.65-era: seen by CapnBry (another zone)
Hastener,,GameHastener,npc,0,100,200,Breifine,212,1.65-era: seen by CapnBry (another zone)
Viking Dreng,,GameNPC,npc,2,41,100,East Svealand,101,1.65-era: seen in this zone by CapnBry
Sentinel,,GameGuard,guard,3,50,200,Cliffs of Moher,203,1.65-era: seen by CapnBry (another zone)
Viking Huscarl,,GameGuard,guard,2,255,165,Cathal Valley,165,1.65-era: seen by CapnBry (another zone)
Dirmyg,Weapon Merchant,GameMerchant,npc,3,35,200,Lough Derg,200,1.65-era: seen in this zone by CapnBry
Master Wizard,,GameGuard,guard,1,255,100,Odin's Gate,115,1.65-era: seen in this zone by CapnBry
ambient pixie,,GameNPC,npc,3,1,200,Silvermine Mts.,201,unverified: not in CapnBry for this zone
Keep Sentinel,,GameNPC,npc,3,255,200,Connacht,207,1.65-era: seen by CapnBry (another zone)
Claennis,Vault Banker,GameNPC,npc,1,53,2,Dalton,18,unverified: no CapnBry data for this zone
Edalliddyn,Tailors Master,TailoringMaster,npc,1,72,2,Sherborne,261,unverified: no CapnBry data for this zone
Seoltoir,,Scripts.OFAssistant,npc,3,100,100,Odin's Gate,115,Atlas / later: Atlas frontier medallion assistant
Lidmann Halsey,,GameNPC,npc,1,50,1,Avalon Marsh,9,1.65-era: seen in this zone by CapnBry
"Maeve, the Crone",,GameNPC,npc,3,30,200,Connacht,207,"likely period: listed in this zone by Illia's bestiary (2001-2010 data, may include later NPCs)"
Master Guardian,,GameGuard,guard,3,255,100,Odin's Gate,115,unverified: not in CapnBry for this zone
Rooney,Nightshade Trainer,Trainer.NightshadeTrainer,npc,3,45,200,Shannon Estuary,202,1.65-era: seen in this zone by CapnBry
Ebril,Armor Merchant,GameMerchant,npc,3,35,200,Lough Derg,200,1.65-era: seen in this zone by CapnBry
Kedin,Weapon Merchant,GameMerchant,npc,2,20,100,Myrkwood Forest,105,"likely period: listed in this zone by Illia's bestiary (2001-2010 data, may include later NPCs)"
Master Ranger,,GameGuard,guard,3,255,234,The Proving Grounds,234,1.65-era: seen by CapnBry (another zone)
Etain,Magician Trainer,Trainer.MagicianTrainer,npc,3,44,200,Lough Derg,200,1.65-era: seen in this zone by CapnBry
Albion lookout,,GameNPC,npc,1,44,1,Black Mtns. South,2,1.65-era: seen in this zone by CapnBry
Dreyfuss,,GameNPC,npc,1,55,1,Black Mtns. South,2,"likely period: listed in this zone by Illia's bestiary (2001-2010 data, may include later NPCs)"
new mob,,Keeps.FrontierHastener,npc,0,1,1,Pennine Mountains,14,unverified: not in CapnBry for this zone
Duncan Curan,Arrow Merchant,GameMerchant,npc,1,28,1,Llyn Barfog,7,"likely period: listed in this zone by Illia's bestiary (2001-2010 data, may include later NPCs)"
Cree,,GameNPC,npc,3,50,181,Caillte Garran,182,"likely period: listed in this zone by Illia's bestiary (2001-2010 data, may include later NPCs)"
Fusi,,GameNPC,npc,3,75,335,Hibernia Event,335,unverified: no CapnBry data for this zone
Ilyalo,,GameNPC,npc,3,50,181,Domnann,181,"likely period: listed in this zone by Illia's bestiary (2001-2010 data, may include later NPCs)"
Master Eldritch,,GameGuard,guard,3,255,234,The Proving Grounds,234,1.65-era: seen by CapnBry (another zone)
Amora,,GameNPC,npc,2,29,100,Gotar,103,1.65-era: seen in this zone by CapnBry
deamhan aeir,,NightSpawn,npc,0,34,200,Lough Gur,204,"likely period: listed in this zone by Illia's bestiary (2001-2010 data, may include later NPCs)"
Guardian,,Keeps.GuardFighter,guard,3,52,200,Breifine,212,1.65-era: seen in this zone by CapnBry
Master Eldritch,,GameGuard,guard,3,255,1,Hadrian's Wall,15,1.65-era: seen by CapnBry (another zone)
Erik the crier,Hastener,GameHastener,npc,1,46,51,Isle of Glass,51,likely period: listed by Illia's bestiary in another zone
Cadalind,Enchanter,Enchanter,npc,3,30,200,Silvermine Mts.,201,1.65-era: seen in this zone by CapnBry
Atzar,,GameNPC,npc,2,50,100,Myrkwood Forest,105,1.65-era: seen in this zone by CapnBry
Gahuse,,GameNPC,npc,1,50,2,Chiltern,260,unverified: no CapnBry data for this zone
ambient pixie,,GameNPC,npc,3,1,200,Silvermine Mts.,201,unverified: not in CapnBry for this zone
Honnereil,Weaponsmiths Master,WeaponCraftingMaster,npc,2,65,102,Stavgaard,268,unverified: no CapnBry data for this zone
Araisa,Medallion Merchant,Scripts.OFMerchantHome,npc,3,75,1,Hadrian's Wall,15,Atlas / later: Atlas frontier medallion merchant
Market Explorer,,MarketExplorer,npc,3,50,202,Saeranthal,219,"Atlas / later: Market Explorer (housing consignment search, post-1.65 / Atlas)"
svartalf merchant,Armor Merchant,GameMerchant,npc,2,16,100,Gotar,103,1.65-era: seen in this zone by CapnBry
Veteran Guardsman,,GameGuard,guard,1,50,1,Camelot Hills,0,1.65-era: seen in this zone by CapnBry
Lady Charlitte,Name Registrar,NameRegistrar,npc,1,30,330,Albion Event,330,1.65-era: seen by CapnBry (another zone)
Guardian,French Corporation,Keeps.GuardFighter,guard,3,56,200,Cruachan Gorge,211,1.65-era: seen by CapnBry (another zone)
Njera,Vault Banker,GameNPC,npc,2,50,102,Kaupang,122,unverified: no CapnBry data for this zone
Mahir Shadrizar,,GameNPC,npc,1,45,1,Black Mtns. South,2,unverified: not in CapnBry for this zone
Guardian,,Keeps.GuardFighter,guard,3,52,200,Breifine,212,1.65-era: seen in this zone by CapnBry
innocent,,GameNPC,npc,2,37,246,Dodens Gruva,246,1.65-era: seen in this zone by CapnBry
Laney,Vault Banker,GameNPC,npc,3,50,202,Aberillan,225,unverified: no CapnBry data for this zone
ghastly siabra,,NightSpawn,npc,0,15,200,Lough Derg,200,1.65-era: seen in this zone by CapnBry
Channeler Ynsalg,Druim Ligen Emissary,SimpleTeleporter,npc,3,60,200,Valley of Bri Leith,206,added by this project (excluded)
Haile,Stable Master,GameStableMaster,npc,2,50,102,Arothi,117,unverified: no CapnBry data for this zone
Master Guardian,,GameGuard,guard,3,255,165,Cathal Valley,165,unverified: no CapnBry data for this zone
Frontier Assistant,Necklace Vendor,Scripts.OFMerchantHome,npc,1,75,100,Odin's Gate,115,Atlas / later: Atlas frontier medallion merchant
Eowen,Alchemists Master,AlchemistsMaster,npc,1,65,2,Dalton,18,unverified: no CapnBry data for this zone
Disciple Vahreen,Disciple Trainer,Trainer.DiscipleTrainer,npc,1,25,1,Camelot Hills,0,"likely period: listed in this zone by Illia's bestiary (2001-2010 data, may include later NPCs)"
ghastly siabra,,NightSpawn,npc,0,14,200,Lough Derg,200,1.65-era: seen in this zone by CapnBry
Armswoman,,Keeps.GuardFighter,guard,1,57,100,Yggdra Forest,112,1.65-era: seen by CapnBry (another zone)
ambient pixie,,GameNPC,npc,3,1,201,Tir na Nog,209,unverified: not in CapnBry for this zone
horse,,GameNPC,npc,3,55,202,Moycullen,273,1.65-era: seen by CapnBry (another zone)
Knight Commander,,GameNPC,npc,1,255,100,Odin's Gate,115,1.65-era: seen in this zone by CapnBry
Sentinel,,GameGuard,guard,3,50,200,Bog of Cullen,205,1.65-era: seen by CapnBry (another zone)
Troll Guard,,GameNPC,npc,2,50,151,Aegir's Landing,151,1.65-era: seen in this zone by CapnBry
phantom wickerman,,NightSpawn,npc,0,29,200,Connacht,207,"likely period: listed in this zone by Illia's bestiary (2001-2010 data, may include later NPCs)"
Janash,Account Vault Keeper,AccountVaultKeeper,npc,2,75,334,Midgard Event,334,Atlas / later: Account vault keeper (post-1.65 live feature)
Thiavia,Tailors Master,TailoringMaster,npc,3,68,202,Kilcullen,218,unverified: no CapnBry data for this zone
Veteran Guardsman,,GameGuard,guard,1,40,1,Camelot Hills,0,1.65-era: seen in this zone by CapnBry
faerie frog,,DaySpawn,npc,0,28,1,Snowdonia,12,"likely period: listed in this zone by Illia's bestiary (2001-2010 data, may include later NPCs)"
Guardsman,,GameGuard,guard,1,40,1,Camelot Hills,0,1.65-era: seen in this zone by CapnBry
Legomaldan,Fletchers Master,FletchingMaster,npc,2,65,102,Wyndham,119,unverified: no CapnBry data for this zone
Muirne,Weapon Merchant,GameMerchant,npc,3,40,201,Tir na Nog,209,1.65-era: seen in this zone by CapnBry
Huldin,Vault Banker,GameNPC,npc,2,50,102,Kaupang,122,unverified: no CapnBry data for this zone
Viking Huscarl,,GameGuard,guard,2,255,100,Yggdra Forest,112,1.65-era: seen in this zone by CapnBry
faerie frog,,DaySpawn,npc,0,29,1,Snowdonia,12,"likely period: listed in this zone by Illia's bestiary (2001-2010 data, may include later NPCs)"
Mystic Guardian,,GameGuard,guard,1,50,10,City of Camelot,26,1.65-era: seen in this zone by CapnBry
Sentinel,,GameGuard,guard,3,50,200,Shannon Estuary,202,1.65-era: seen in this zone by CapnBry
Irwyn,Vault Banker,GameNPC,npc,1,55,2,Rilan,17,unverified: not in CapnBry for this zone
Gythja of Loki,,GameNPC,npc,2,50,101,Jordheim,120,1.65-era: seen in this zone by CapnBry
horse,,GameNPC,npc,1,55,2,Caerwent,13,1.65-era: seen in this zone by CapnBry
Brishene,,GameNPC,npc,1,50,51,Avalon Isle,52,1.65-era: seen in this zone by CapnBry
Kristen,,GameNPC,npc,2,21,100,East Svealand,101,1.65-era: seen in this zone by CapnBry
Minstrel of Albion,Hastener,GameHastener,npc,1,50,1,Forest Sauvage,11,likely period: listed by Illia's bestiary in another zone
Skur,Merchant,GameMerchant,npc,2,70,102,Kaupang,122,unverified: no CapnBry data for this zone
Barkeep Kanar,,GameNPC,npc,2,15,100,East Svealand,101,1.65-era: seen in this zone by CapnBry
Bran,Stalker Trainer,Trainer.StalkerTrainer,npc,3,40,200,Shannon Estuary,202,1.65-era: seen in this zone by CapnBry
faerie frog,,DaySpawn,npc,0,30,1,Snowdonia,12,"likely period: listed in this zone by Illia's bestiary (2001-2010 data, may include later NPCs)"
Arnljot,,GameNPC,npc,2,36,100,Vale of Mularn,100,1.65-era: seen in this zone by CapnBry
Viking Huscarl,,GameGuard,guard,2,255,1,Hadrian's Wall,15,1.65-era: seen in this zone by CapnBry
Viking Huscarl,,GameGuard,guard,2,255,165,Cathal Valley,165,1.65-era: seen by CapnBry (another zone)
Sentinel Rhiona,,GameGuard,guard,3,50,200,Connacht,207,1.65-era: seen in this zone by CapnBry
Guardsman Tieler,,GameGuard,guard,1,32,1,Camelot Hills,0,"likely period: listed in this zone by Illia's bestiary (2001-2010 data, may include later NPCs)"
Alchemist apprentice,Merchant,GameMerchant,npc,3,50,202,Torrylin,217,unverified: no CapnBry data for this zone
Viking Huscarl,,GameGuard,guard,2,255,1,Hadrian's Wall,15,1.65-era: seen in this zone by CapnBry
Fuinshata,Animist Trainer,Trainer.AnimistTrainer,npc,3,51,201,Tir na Nog,209,"likely period: listed in this zone by Illia's bestiary (2001-2010 data, may include later NPCs)"
Mairi Ralilden,,GameNPC,npc,1,30,1,Campacorentin Forest,8,"likely period: listed in this zone by Illia's bestiary (2001-2010 data, may include later NPCs)"
Knight Commander,,GameGuard,guard,1,255,100,Odin's Gate,115,1.65-era: seen in this zone by CapnBry
Huscarl,,Keeps.GuardFighter,guard,2,52,1,Pennine Mountains,14,1.65-era: seen by CapnBry (another zone)
Viking Huscarl,,GameNPC,npc,2,255,100,Yggdra Forest,112,1.65-era: seen in this zone by CapnBry
Kaley,Guardian Trainer,Trainer.GuardianTrainer,npc,3,50,200,Silvermine Mts.,201,1.65-era: seen in this zone by CapnBry
Master Glorus,Minstrel Trainer,Trainer.MinstrelTrainer,npc,1,1,1,Campacorentin Forest,8,unverified: not in CapnBry for this zone
Master Guardian,,GameGuard,guard,3,255,165,Cathal Valley,165,unverified: no CapnBry data for this zone
Master Eldritch,,GameGuard,guard,3,255,165,Cathal Valley,165,1.65-era: seen by CapnBry (another zone)
Noble Steed,,GameNPC,npc,3,34,200,Lough Gur,204,unverified: no CapnBry data for this zone
Canenyo Norndis,Armor Merchant,GameMerchant,npc,3,50,181,Domnann,181,"likely period: listed in this zone by Illia's bestiary (2001-2010 data, may include later NPCs)"
Nyvad,,GameNPC,npc,2,54,151,Munin Sound,155,1.65-era: seen in this zone by CapnBry
ambient pixie,,GameNPC,npc,3,1,201,Tir na Nog,209,unverified: not in CapnBry for this zone
Kean,,GameNPC,npc,3,34,200,Lough Derg,200,1.65-era: seen in this zone by CapnBry
Acendan,Spellcrafters Master,SpellCraftingMaster,npc,2,67,102,Frisia,121,unverified: no CapnBry data for this zone
Master Ranger,,GameGuard,guard,3,255,165,Cathal Valley,165,1.65-era: seen by CapnBry (another zone)
Merja,,GameNPC,npc,2,45,151,Gripklosa Mountains,152,1.65-era: seen in this zone by CapnBry
wind ghoul,,NightSpawn,npc,0,7,200,Connacht,207,1.65-era: seen in this zone by CapnBry
Aibhne,Poison Merchant,GameMerchant,npc,3,70,200,Valley of Bri Leith,206,unverified: not in CapnBry for this zone
Master Eadig,Infiltrator Trainer,Trainer.InfiltratorTrainer,npc,1,50,10,City of Camelot,26,1.65-era: seen in this zone by CapnBry
Viking Dreng,,GameGuard,guard,2,41,100,East Svealand,101,1.65-era: seen in this zone by CapnBry
Bowman Commander,,GameNPC,npc,1,255,1,Forest Sauvage,11,1.65-era: seen in this zone by CapnBry
Eibhlin,Weaponsmiths Master,WeaponCraftingMaster,npc,3,66,202,Saeranthal,219,unverified: no CapnBry data for this zone
innocent,,GameNPC,npc,2,39,246,Dodens Gruva,246,1.65-era: seen in this zone by CapnBry
Abernai,Vault Banker,GameNPC,npc,1,50,2,Stoneleigh,262,unverified: no CapnBry data for this zone
Ghearic Chauclon,Vault Keeper,GameVaultKeeper,npc,3,40,200,Shannon Estuary,202,1.65-era: seen in this zone by CapnBry
Radgar,Armor Merchant,GameMerchant,npc,2,50,100,West Svealand,102,1.65-era: seen in this zone by CapnBry
Mistress Alarisa,Wizard Trainer,Trainer.WizardTrainer,npc,1,50,1,Black Mtns. North,3,1.65-era: seen in this zone by CapnBry
ambient pixie,,GameNPC,npc,3,1,201,Tir na Nog,209,unverified: not in CapnBry for this zone
Woodsman,,GameGuard,guard,1,15,1,Campacorentin Forest,8,1.65-era: seen in this zone by CapnBry
Boarradin,Tailors Master,GameNPC,npc,2,72,102,Stavgaard,268,unverified: no CapnBry data for this zone
Knight Commander,,GameGuard,guard,1,255,1,Snowdonia,12,"likely period: listed in this zone by Illia's bestiary (2001-2010 data, may include later NPCs)"
ambient pixie,,GameNPC,npc,3,1,200,Connacht,207,unverified: not in CapnBry for this zone
stabled horse,,GameNPC,npc,1,55,10,City of Camelot,26,unverified: not in CapnBry for this zone
Viking Huscarl,,GameGuard,guard,2,255,1,Hadrian's Wall,15,1.65-era: seen in this zone by CapnBry
Master Eldritch,,GameGuard,guard,3,255,165,Cathal Valley,165,1.65-era: seen by CapnBry (another zone)
Master Wizard,,GameGuard,guard,1,255,100,Odin's Gate,115,1.65-era: seen in this zone by CapnBry
ambient rat,,GameNPC,npc,0,1,200,Lough Derg,200,unverified: not in CapnBry for this zone
Loretta,Armor Merchant,GameMerchant,npc,3,50,181,Caillte Garran,182,"likely period: listed in this zone by Illia's bestiary (2001-2010 data, may include later NPCs)"
Huscarl Commander,,Keeps.GuardCommander,guard,2,70,100,Uppland,111,unverified: not in CapnBry for this zone
wind ghoul,,NightSpawn,npc,0,7,200,Connacht,207,1.65-era: seen in this zone by CapnBry
Master Eldritch,,GameGuard,guard,3,255,165,Cathal Valley,165,1.65-era: seen by CapnBry (another zone)
innocent,,GameNPC,npc,1,37,277,Hall of the Corrupt,277,"likely period: listed in this zone by Illia's bestiary (2001-2010 data, may include later NPCs)"
giant skeleton,,NightSpawn,npc,0,28,1,Cornwall,6,1.65-era: seen in this zone by CapnBry
Frakki,,GameNPC,npc,2,41,151,Gripklosa Mountains,152,1.65-era: seen in this zone by CapnBry
Viking Huscarl,,GameGuard,guard,2,255,165,Cathal Valley,165,1.65-era: seen by CapnBry (another zone)
Mistress Eveleen,,GameNPC,npc,1,50,51,Isle of Glass,51,1.65-era: seen in this zone by CapnBry
Armsman,,Keeps.GuardFighter,guard,1,52,1,Hadrian's Wall,15,"likely period: listed in this zone by Illia's bestiary (2001-2010 data, may include later NPCs)"
Osten,Warrior Trainer,Trainer.WarriorTrainer,npc,2,62,101,Jordheim,120,1.65-era: seen in this zone by CapnBry
Master Hawke,Minstrel Trainer,Trainer.MinstrelTrainer,npc,1,50,51,Isle of Glass,51,1.65-era: seen in this zone by CapnBry
Viking Huscarl,,GameGuard,guard,2,255,100,Uppland,111,1.65-era: seen in this zone by CapnBry
Master Ranger,,GameGuard,guard,3,255,200,Valley of Bri Leith,206,1.65-era: seen by CapnBry (another zone)
Bevin,Armor Merchant,GameMerchant,npc,3,40,200,Silvermine Mts.,201,1.65-era: seen in this zone by CapnBry
Cinhil,Vault Banker,GameNPC,npc,3,50,202,Meath,213,unverified: no CapnBry data for this zone
Ryionna,Merchant,GameMerchant,npc,3,51,181,Domnann,181,"likely period: listed in this zone by Illia's bestiary (2001-2010 data, may include later NPCs)"
Bowman Commander,,GameGuard,guard,1,255,165,Cathal Valley,165,"likely period: listed in this zone by Illia's bestiary (2001-2010 data, may include later NPCs)"
swarm of flies,,GameNPC,npc,1,0,1,Camelot Hills,0,likely period: listed by Illia's bestiary in another zone
horse,,GameNPC,npc,3,55,202,Meath,213,1.65-era: seen by CapnBry (another zone)
Dritsa,Armor Merchant,GameMerchant,npc,2,50,100,Vale of Mularn,100,1.65-era: seen in this zone by CapnBry
Grimma,Shaman Trainer,Trainer.ShamanTrainer,npc,2,54,101,Jordheim,120,1.65-era: seen in this zone by CapnBry
Linidd,Poison Merchant,GameMerchant,npc,1,40,1,Campacorentin Forest,8,"likely period: listed in this zone by Illia's bestiary (2001-2010 data, may include later NPCs)"
Alchemist apprentice,Merchant,GameMerchant,npc,2,50,102,Erikstaad,114,unverified: not in CapnBry for this zone
Hibernia Decorator,Merchant,GameMerchant,npc,3,40,202,Dunshire,215,unverified: no CapnBry data for this zone
Armswoman,,Keeps.GuardFighter,guard,1,52,1,Pennine Mountains,14,1.65-era: seen by CapnBry (another zone)
Joseph,Potion Merchant,GameMerchant,npc,1,1,27,Lamfhota's Sound,29,likely period: listed by Illia's bestiary in another zone
Dai the Welsh Pony,,GameNPC,npc,1,55,1,Black Mtns. South,2,"likely period: listed in this zone by Illia's bestiary (2001-2010 data, may include later NPCs)"
Lenia Fletcher,Arrow Merchant,GameMerchant,npc,0,15,27,Lamfhota's Sound,29,1.65-era: seen by CapnBry (another zone)
Albion Trainer,Master Trainer,Scripts.AtlasTrainer,npc,1,75,330,Albion Event,330,Atlas / later: Atlas trainer
Young Gothi,Annarks Apprentice,Scripts.InlandTeleporter,npc,2,55,100,Uppland,111,teleporter (not 1.65; listed separately)
ambient pixie,,GameNPC,npc,3,1,201,Tir na Nog,209,unverified: not in CapnBry for this zone
horse,,GameNPC,npc,2,55,100,East Svealand,101,1.65-era: seen by CapnBry (another zone)
Birgir,,GameNPC,npc,2,41,151,Munin Sound,155,1.65-era: seen in this zone by CapnBry
Viking Huscarl,,GameNPC,npc,2,50,100,West Svealand,102,1.65-era: seen in this zone by CapnBry
Master Caladar,,GameNPC,npc,1,60,2,Brisworthy,20,unverified: no CapnBry data for this zone
wind ghoul,,NightSpawn,npc,0,7,200,Connacht,207,1.65-era: seen in this zone by CapnBry
Vidar,Armor Merchant,GameMerchant,npc,2,50,100,East Svealand,101,1.65-era: seen in this zone by CapnBry
Natania Hadrosk,Armor Merchant,GameMerchant,npc,2,50,151,Faraheim,154,1.65-era: seen in this zone by CapnBry
Rhosyn,Instrument Merchant,GameMerchant,npc,3,39,201,Tir na Nog,209,1.65-era: seen in this zone by CapnBry
Mhari,Enchanter Trainer,Trainer.EnchanterTrainer,npc,3,50,200,Valley of Bri Leith,206,"likely period: listed in this zone by Illia's bestiary (2001-2010 data, may include later NPCs)"
Erik,Armor Merchant,GameMerchant,npc,2,50,100,Vale of Mularn,100,1.65-era: seen in this zone by CapnBry
ambient pixie,,GameNPC,npc,3,1,200,Connacht,207,unverified: not in CapnBry for this zone
Bard of Hibernia,Hastener,GameHastener,npc,3,50,200,Connacht,207,likely period: listed by Illia's bestiary in another zone
Gothi of Odin,,Scripts.OFAssistant,npc,2,100,200,Emain Macha,214,Atlas / later: Atlas frontier medallion assistant
Alfrig,Armor Merchant,GameMerchant,npc,2,50,100,East Svealand,101,1.65-era: seen in this zone by CapnBry
Thieya,,GameNPC,npc,2,55,102,Wyndham,119,unverified: no CapnBry data for this zone
ambient tomte,,GameNPC,npc,0,1,101,Jordheim,120,unverified: not in CapnBry for this zone
Ledry,Vault Banker,GameNPC,npc,3,50,202,Tullamore,272,unverified: no CapnBry data for this zone
Morgirs,Vault Banker,GameNPC,npc,1,53,2,Chiltern,260,unverified: no CapnBry data for this zone
Dac,Armorsmiths Master,ArmorCraftingMaster,npc,3,65,202,Tullamore,272,unverified: no CapnBry data for this zone
Kaylee,,GameNPC,npc,3,15,200,Shannon Estuary,202,1.65-era: seen in this zone by CapnBry
Knight Commander,,GameNPC,npc,1,255,1,Forest Sauvage,11,1.65-era: seen in this zone by CapnBry
faerie frog,,DaySpawn,npc,0,28,1,Snowdonia,12,"likely period: listed in this zone by Illia's bestiary (2001-2010 data, may include later NPCs)"
Ohar,Dye Merchant,GameMerchant,npc,2,20,100,Myrkwood Forest,105,1.65-era: seen in this zone by CapnBry
ambient pixie,,GameNPC,npc,3,1,201,Tir na Nog,209,unverified: not in CapnBry for this zone
Skald of Midgard,Hastener,GameHastener,npc,2,50,100,Myrkwood Forest,105,likely period: listed by Illia's bestiary in another zone
Varnher,Armor Merchant,GameMerchant,npc,3,50,181,Domnann,181,"likely period: listed in this zone by Illia's bestiary (2001-2010 data, may include later NPCs)"
Keep Sentinel,,GameNPC,npc,3,255,200,Connacht,207,1.65-era: seen by CapnBry (another zone)
Channeler Glasny,Teleporter,Scripts.LiveTeleporter,npc,3,75,202,Meath,213,teleporter (not 1.65; listed separately)
Edera,Alchemists Master,AlchemistsMaster,npc,3,65,202,Tullamore,272,unverified: no CapnBry data for this zone
Mistress Jumaana,Mercenary Trainer,Trainer.MercenaryTrainer,npc,1,50,51,Dales of Devwy,53,"likely period: listed in this zone by Illia's bestiary (2001-2010 data, may include later NPCs)"
Viking Archer,,GameNPC,npc,2,95,100,Uppland,111,1.65-era: seen in this zone by CapnBry
Piper,Hastener,GameHastener,npc,1,32,2,Aylesbury,64,1.65-era: seen by CapnBry (another zone)
Soiline,Rogue Trainer,Trainer.RogueTrainer,npc,2,50,229,Burial Grounds,229,unverified: no CapnBry data for this zone
Jeanna,Dye Merchant,GameMerchant,npc,3,35,201,Tir na Nog,209,1.65-era: seen in this zone by CapnBry
Apprentice Taxidermist,,GameNPC,npc,3,35,202,Aberillan,225,unverified: no CapnBry data for this zone
Hyarth,Stable Master,GameStableMaster,npc,3,50,181,Caillte Garran,182,"likely period: listed in this zone by Illia's bestiary (2001-2010 data, may include later NPCs)"
Gregor Lannis,Weapon Merchant,GameMerchant,npc,1,20,1,Avalon Marsh,9,"likely period: listed in this zone by Illia's bestiary (2001-2010 data, may include later NPCs)"
Hild Armstrong,,GameNPC,npc,1,46,51,Avalon Isle,52,1.65-era: seen in this zone by CapnBry
Jonathan Lee,,GameMerchant,npc,1,35,1,Camelot Hills,0,1.65-era: seen in this zone by CapnBry
Master Claistan,Fighter Trainer,Trainer.FighterTrainer,npc,1,25,1,Camelot Hills,0,"likely period: listed in this zone by Illia's bestiary (2001-2010 data, may include later NPCs)"
Stor Gothi Annark,Teleporter,Scripts.LiveTeleporter,npc,2,60,100,Vale of Mularn,100,teleporter (not 1.65; listed separately)
Bothrar Hadd,,GameNPC,npc,2,51,151,Gripklosa Mountains,152,1.65-era: seen in this zone by CapnBry
Dyemaster Cor,Dye Merchant,GameMerchant,npc,1,40,1,Black Mtns. South,2,1.65-era: seen in this zone by CapnBry
Troll Guard,,GameNPC,npc,2,50,151,Faraheim,154,1.65-era: seen in this zone by CapnBry
Ceri,Healer,GameHealer,npc,3,50,200,Bog of Cullen,205,"likely period: listed in this zone by Illia's bestiary (2001-2010 data, may include later NPCs)"
Hibernia Decorator,Merchant,GameMerchant,npc,3,40,202,Broughshane,274,unverified: no CapnBry data for this zone
Macharan,Merchant,GameMerchant,npc,3,15,200,Lough Gur,204,"likely period: listed in this zone by Illia's bestiary (2001-2010 data, may include later NPCs)"
Adelaide Dinsmore,Alchemists Master,GameNPC,npc,1,50,10,City of Camelot,26,1.65-era: seen in this zone by CapnBry
Styr,,GameNPC,npc,2,50,151,Aegir's Landing,151,1.65-era: seen in this zone by CapnBry
Nevin,Hero Trainer,Trainer.HeroTrainer,npc,3,50,200,Silvermine Mts.,201,1.65-era: seen in this zone by CapnBry
Mearchian,Weapon Merchant,GameMerchant,npc,3,39,200,Lough Derg,200,1.65-era: seen in this zone by CapnBry
Market Explorer,,MarketExplorer,npc,3,50,202,Aberillan,225,"Atlas / later: Market Explorer (housing consignment search, post-1.65 / Atlas)"
Leim,Armor Merchant,GameMerchant,npc,2,41,100,East Svealand,101,1.65-era: seen in this zone by CapnBry
Dwarven Guard,,GameGuard,guard,2,52,151,Aegir's Landing,151,1.65-era: seen in this zone by CapnBry
Sentinel,,GameGuard,guard,3,52,200,Silvermine Mts.,201,1.65-era: seen in this zone by CapnBry
Dwilibeth,Tailors Master,GameNPC,npc,2,65,102,Erikstaad,114,unverified: not in CapnBry for this zone
Leameante,Poison Merchant,GameMerchant,npc,3,50,181,Caillte Garran,182,"likely period: listed in this zone by Illia's bestiary (2001-2010 data, may include later NPCs)"
Lyrist,Hastener,GameHastener,npc,3,30,202,Broughshane,274,unverified: no CapnBry data for this zone
ambient pixie,,GameNPC,npc,3,1,201,Tir na Nog,209,unverified: not in CapnBry for this zone
ambient pixie,,GameNPC,npc,3,1,200,Silvermine Mts.,201,unverified: not in CapnBry for this zone
Master Nightshade,,GameNPC,npc,3,255,234,The Proving Grounds,234,1.65-era: seen by CapnBry (another zone)
Clirs,Vault Banker,GameNPC,npc,1,53,2,Aylesbury,64,unverified: no CapnBry data for this zone
Airyn Dinailaine,,GameNPC,npc,1,51,2,Old Sarum,16,unverified: no CapnBry data for this zone
Karn Graem,Armor Merchant,GameMerchant,npc,1,15,1,Camelot Hills,0,1.65-era: seen in this zone by CapnBry
Piper,Hastener,GameHastener,npc,1,30,2,Caerwent,13,1.65-era: seen in this zone by CapnBry
Allia Fletcher,Arrow Merchant,GameMerchant,npc,1,15,1,Forest Sauvage,11,1.65-era: seen in this zone by CapnBry
Alwyn,Smith,Blacksmith,npc,3,36,200,Silvermine Mts.,201,1.65-era: seen in this zone by CapnBry
Huscarl,,Keeps.GuardFighter,guard,2,52,100,Jamtland Mountains,113,1.65-era: seen by CapnBry (another zone)
Master Guardian,,GameGuard,guard,3,255,1,Hadrian's Wall,15,unverified: not in CapnBry for this zone
Jerad,Weapon Merchant,GameMerchant,npc,1,40,1,Black Mtns. North,3,1.65-era: seen in this zone by CapnBry
Cleavon Smyth,Stable Master,GameStableMaster,npc,1,50,51,Aldland,56,"likely period: listed in this zone by Illia's bestiary (2001-2010 data, may include later NPCs)"
Laryra,Merchant,GameMerchant,npc,3,50,181,Vigilant Rock,186,"likely period: listed in this zone by Illia's bestiary (2001-2010 data, may include later NPCs)"
Master Eldritch,,GameGuard,guard,3,255,165,Cathal Valley,165,1.65-era: seen by CapnBry (another zone)
Chieftain Guard,,GameGuard,guard,2,50,101,Jordheim,120,1.65-era: seen in this zone by CapnBry
giant skeleton,,NightSpawn,npc,0,27,1,Cornwall,6,1.65-era: seen in this zone by CapnBry
Chief Proinnsias,,GameNPC,npc,3,50,200,Silvermine Mts.,201,1.65-era: seen in this zone by CapnBry
Master of Runes,,GameGuard,guard,2,255,200,Emain Macha,214,1.65-era: seen in this zone by CapnBry
Orsularia,,HiberniaSITeleporter,npc,3,50,181,Vigilant Rock,186,"likely period: listed in this zone by Illia's bestiary (2001-2010 data, may include later NPCs)"
Kell,Armor Merchant,GameMerchant,npc,2,45,100,Vale of Mularn,100,1.65-era: seen in this zone by CapnBry
Huscarl,Malafinja,Keeps.GuardFighter,guard,2,56,200,Mount Collory,210,1.65-era: seen by CapnBry (another zone)
Riku,Shaman Trainer,Trainer.ShamanTrainer,npc,2,60,151,Gripklosa Mountains,152,1.65-era: seen in this zone by CapnBry
Solveig,Dye Merchant,GameMerchant,npc,2,50,101,Jordheim,120,1.65-era: seen in this zone by CapnBry
Gautr,,GameNPC,npc,2,20,100,Gotar,103,1.65-era: seen in this zone by CapnBry
Odietan,,GameNPC,npc,2,30,102,Arothi,117,unverified: no CapnBry data for this zone
Verona,Vault Banker,GameNPC,npc,1,51,2,Caerwent,13,unverified: not in CapnBry for this zone
Minstrel of Albion,Hastener,GameHastener,npc,1,50,1,Snowdonia,12,likely period: listed by Illia's bestiary in another zone
Scryer Muwn,,GameNPC,npc,3,50,200,Lough Derg,200,"likely period: listed in this zone by Illia's bestiary (2001-2010 data, may include later NPCs)"
Empo,Sapphire Weapon Merchant,GameSapphireSealsMerchant,npc,1,36,249,Darkness Falls,249,"Atlas / later: Seals merchant (Darkness Rising era, used by Atlas)"
Blight Controller,DO NOT REMOVE,BlightController,npc,0,50,200,Cursed Forest,208,unverified: no CapnBry data for this zone
Breachus,Stable Master,GameStableMaster,npc,3,50,200,Lough Gur,204,"likely period: listed in this zone by Illia's bestiary (2001-2010 data, may include later NPCs)"
Fagan,,GameNPC,npc,3,40,200,Lough Derg,200,1.65-era: seen in this zone by CapnBry
Master Visur,,Scripts.OFTeleporter,npc,1,100,200,Emain Macha,214,teleporter (not 1.65; listed separately)
Grardop,Stable Master,GameStableMaster,npc,3,70,202,Saeranthal,219,unverified: no CapnBry data for this zone
Diarlia,Weapon Merchant,GameMerchant,npc,3,1,181,Caillte Garran,182,"likely period: listed in this zone by Illia's bestiary (2001-2010 data, may include later NPCs)"
Sentinel,,GameGuard,guard,3,54,200,Lough Derg,200,1.65-era: seen in this zone by CapnBry
Master Wizard,,GameGuard,guard,1,255,100,Odin's Gate,115,1.65-era: seen in this zone by CapnBry
Falla Hemingr,Merchant,GameMerchant,npc,2,40,101,Jordheim,120,1.65-era: seen in this zone by CapnBry
Ridley,Weapon Merchant,GameMerchant,npc,1,50,51,Dales of Devwy,53,"likely period: listed in this zone by Illia's bestiary (2001-2010 data, may include later NPCs)"
Kyba,,GameNPC,npc,2,20,100,East Svealand,101,1.65-era: seen in this zone by CapnBry
Michal,Merchant,GameMerchant,npc,3,53,202,Torrylin,217,unverified: no CapnBry data for this zone
ambient rat,,GameNPC,npc,0,1,200,Lough Derg,200,unverified: not in CapnBry for this zone
Felix,Vault Banker,GameNPC,npc,1,50,2,Rilan,17,unverified: not in CapnBry for this zone
Sentry,,GameGuard,guard,2,52,101,Jordheim,120,1.65-era: seen in this zone by CapnBry
Svala,Weapon Merchant,GameMerchant,npc,2,20,100,West Svealand,102,1.65-era: seen in this zone by CapnBry
Sannan,,GameNPC,npc,3,50,202,Meath,213,unverified: no CapnBry data for this zone
Tessa Ohrman,Armor Merchant,GameMerchant,npc,1,50,51,Isle of Glass,51,1.65-era: seen in this zone by CapnBry
Master of Runes,,GameGuard,guard,2,255,200,Emain Macha,214,1.65-era: seen in this zone by CapnBry
Sentinel Casidhe,,GameGuard,guard,3,50,200,Cliffs of Moher,203,"likely period: listed in this zone by Illia's bestiary (2001-2010 data, may include later NPCs)"
horse,,GameNPC,npc,1,51,1,Cornwall,6,1.65-era: seen in this zone by CapnBry
Huscarl Commander,,Keeps.GuardCommander,guard,2,70,100,Yggdra Forest,112,unverified: not in CapnBry for this zone
Master Wizard,,GameNPC,npc,1,255,200,Emain Macha,214,1.65-era: seen in this zone by CapnBry
Intoner,Hastener,GameHastener,npc,2,30,102,Nittedal,267,1.65-era: seen by CapnBry (another zone)
Brother Penric,Healer,GameHealer,npc,1,40,1,Black Mtns. South,2,1.65-era: seen in this zone by CapnBry
Master Wizard,,GameNPC,npc,1,255,1,Snowdonia,12,1.65-era: seen in this zone by CapnBry
Mistress Laws,Fighter Trainer,Trainer.FighterTrainer,npc,1,40,51,Isle of Glass,51,1.65-era: seen in this zone by CapnBry
Hastener,,Keeps.FrontierHastener,npc,3,255,100,Odin's Gate,115,1.65-era: seen in this zone by CapnBry
Guardian,,Keeps.GuardFighter,guard,3,52,200,Emain Macha,214,1.65-era: seen in this zone by CapnBry
Sadhbh,Enchanter,Enchanter,npc,3,36,201,Tir na Nog,209,1.65-era: seen in this zone by CapnBry
new mob,,Keeps.FrontierHastener,npc,0,1,100,Uppland,111,unverified: not in CapnBry for this zone
Hlif,Weapon Merchant,GameMerchant,npc,2,43,100,Vale of Mularn,100,1.65-era: seen in this zone by CapnBry
Tullia,Vault Banker,GameNPC,npc,3,50,202,Kilcullen,218,unverified: no CapnBry data for this zone
Master Astyp,Mercenary Trainer,Trainer.MercenaryTrainer,npc,1,1,1,Campacorentin Forest,8,"likely period: listed in this zone by Illia's bestiary (2001-2010 data, may include later NPCs)"
Nelda Fletcher,Arrows Merchant,GameMerchant,npc,1,17,1,Black Mtns. South,2,"likely period: listed in this zone by Illia's bestiary (2001-2010 data, may include later NPCs)"
Lotheara,Vault Banker,GameNPC,npc,1,50,2,Aylesbury,64,unverified: no CapnBry data for this zone
Jynaia,Fletchers Master,FletchingMaster,npc,3,70,181,Domnann,181,unverified: no CapnBry data for this zone
Iono,Diamond Armor Merchant,GameDiamondSealsMerchant,npc,2,36,249,Darkness Falls,249,"Atlas / later: Seals merchant (Darkness Rising era, used by Atlas)"
Albion borderguard,,GameGuard,guard,1,30,10,City of Camelot,26,1.65-era: seen in this zone by CapnBry
Lieutenant Brude,,GameNPC,npc,1,49,1,Snowdonia,12,1.65-era: seen in this zone by CapnBry
Guardian,,GameGuard,guard,3,50,181,Vigilant Rock,186,1.65-era: seen by CapnBry (another zone)
Myron Troilus,,GameNPC,npc,1,35,1,Camelot Hills,0,"likely period: listed in this zone by Illia's bestiary (2001-2010 data, may include later NPCs)"
Sister Ellayne,Healer,GameHealer,npc,0,50,27,Lamfhota's Sound,29,likely period: listed by Illia's bestiary in another zone
Chiraven,Vault Banker,GameNPC,npc,2,50,102,Frisia,121,unverified: no CapnBry data for this zone
Viking Huscarl,,GameGuard,guard,2,255,200,Emain Macha,214,1.65-era: seen in this zone by CapnBry
James Yoryk,Weapon Merchant,GameMerchant,npc,1,50,51,Isle of Glass,51,"likely period: listed in this zone by Illia's bestiary (2001-2010 data, may include later NPCs)"
Veteran Guardsman,,GameGuard,guard,1,40,10,City of Camelot,26,1.65-era: seen in this zone by CapnBry
Gruth,Armor Merchant,GameMerchant,npc,2,50,100,East Svealand,101,1.65-era: seen in this zone by CapnBry
Glercyn's Garden Gnome,,GameNPC,npc,3,5,200,Silvermine Mts.,201,"likely period: listed in this zone by Illia's bestiary (2001-2010 data, may include later NPCs)"
Master Ranger,,GameGuard,guard,3,255,200,Connacht,207,1.65-era: seen in this zone by CapnBry
Eligolith,Fletchers Master,GameNPC,npc,2,65,102,Carlingford,118,unverified: no CapnBry data for this zone
Erwin Holdyn,Armor Merchant,GameMerchant,npc,1,15,1,Salisbury Plains,1,1.65-era: seen in this zone by CapnBry
horse,,GameNPC,npc,1,55,2,Sherborne,261,1.65-era: seen by CapnBry (another zone)
Ranger,,Keeps.GuardArcher,guard,3,52,200,Breifine,212,1.65-era: seen in this zone by CapnBry
ambient rat,,GameNPC,npc,0,1,200,Lough Derg,200,unverified: not in CapnBry for this zone
Tadhg,,GameNPC,npc,3,50,200,Shannon Estuary,202,1.65-era: seen in this zone by CapnBry
Kealan,,GameNPC,npc,1,32,1,Campacorentin Forest,8,"likely period: listed in this zone by Illia's bestiary (2001-2010 data, may include later NPCs)"
Sentinel,,GameGuard,guard,3,50,200,Connacht,207,1.65-era: seen in this zone by CapnBry
Captain Rhodri,,GameNPC,npc,1,50,1,Snowdonia,12,1.65-era: seen in this zone by CapnBry
Stephon the Crier,,GameNPC,npc,1,50,10,City of Camelot,26,1.65-era: seen in this zone by CapnBry
Chieftain Guard,,GameGuard,guard,2,50,101,Jordheim,120,1.65-era: seen in this zone by CapnBry
Estrilith,Weapon Merchant,GameMerchant,npc,2,25,100,Gotar,103,1.65-era: seen in this zone by CapnBry
Topi,,GameNPC,npc,2,40,151,Gripklosa Mountains,152,1.65-era: seen in this zone by CapnBry
ambient pixie,,GameNPC,npc,3,1,201,Tir na Nog,209,unverified: not in CapnBry for this zone
Ceobald,Vault Banker,GameNPC,npc,1,50,2,Caerwent,13,unverified: not in CapnBry for this zone
Master Eldritch,,GameGuard,guard,3,255,100,Odin's Gate,115,1.65-era: seen by CapnBry (another zone)
Brisen,Armor Merchant,GameMerchant,npc,3,36,200,Silvermine Mts.,201,1.65-era: seen in this zone by CapnBry
Viking Huscarl,,GameGuard,guard,2,255,200,Emain Macha,214,1.65-era: seen in this zone by CapnBry
Master Eldritch,,GameGuard,guard,3,255,100,Odin's Gate,115,1.65-era: seen by CapnBry (another zone)
giant skeleton,,NightSpawn,npc,0,27,1,Cornwall,6,1.65-era: seen in this zone by CapnBry
ambient pixie,,GameNPC,npc,3,1,200,Connacht,207,unverified: not in CapnBry for this zone
faerie frog,,DaySpawn,npc,0,29,1,Snowdonia,12,"likely period: listed in this zone by Illia's bestiary (2001-2010 data, may include later NPCs)"
Orm,Weapon Merchant,GameMerchant,npc,2,20,100,West Svealand,102,1.65-era: seen in this zone by CapnBry
Mabli,Dye Merchant,GameMerchant,npc,3,50,200,Silvermine Mts.,201,1.65-era: seen in this zone by CapnBry
Albion Trainer,Master Trainer,Scripts.AtlasTrainer,npc,1,75,73,Stygian Delta,81,Atlas / later: Atlas trainer
Tredim,,GameNPC,npc,1,40,1,Black Mtns. South,2,"likely period: listed in this zone by Illia's bestiary (2001-2010 data, may include later NPCs)"
Pywien,Spellcrafters Master,SpellCraftingMaster,npc,1,65,2,Dalton,18,unverified: no CapnBry data for this zone
Barkeep Ldande,,GameNPC,npc,2,15,151,Munin Sound,155,unverified: not in CapnBry for this zone
Addrigwyn,Fletchers Master,FletchingMaster,npc,3,65,202,Dunshire,215,unverified: no CapnBry data for this zone
horse,,GameNPC,npc,1,55,2,Caerwent,13,1.65-era: seen in this zone by CapnBry
Dwira Fletcher,Arrow Merchant,GameMerchant,npc,1,17,1,Black Mtns. North,3,1.65-era: seen in this zone by CapnBry
innocent,,GameNPC,npc,2,36,246,Dodens Gruva,246,1.65-era: seen in this zone by CapnBry
Dinaunet,Vault Banker,GameNPC,npc,1,50,2,Chiltern,260,unverified: no CapnBry data for this zone
Brother Maynard,Healer,GameHealer,npc,1,27,1,Camelot Hills,0,1.65-era: seen in this zone by CapnBry
Apprentice Taxidermist,,GameNPC,npc,3,35,202,Meath,213,unverified: no CapnBry data for this zone
deamhan aeir,,NightSpawn,npc,0,34,200,Cruachan Gorge,211,1.65-era: seen by CapnBry (another zone)
Young Seoltoir,Glasnys Apprentice,Scripts.InlandTeleporter,npc,3,55,200,Connacht,207,teleporter (not 1.65; listed separately)
Rorik,Weapon Merchant,GameMerchant,npc,2,49,100,West Svealand,102,1.65-era: seen in this zone by CapnBry
Lord Fusin,Reskin NPC,ItemModel,npc,0,50,27,Lamfhota's Sound,29,unverified: no CapnBry data for this zone
Piper,Hastener,GameHastener,npc,1,30,2,Stoneleigh,262,1.65-era: seen by CapnBry (another zone)
Gwelith Ripley,,GameNPC,npc,1,53,2,Sherborne,261,unverified: no CapnBry data for this zone
horse,,GameNPC,npc,1,51,2,Stoneleigh,262,1.65-era: seen by CapnBry (another zone)
Alchemist apprentice,Merchant,GameMerchant,npc,3,51,202,Meath,213,unverified: no CapnBry data for this zone
Lyrist,Hastener,GameHastener,npc,3,33,202,Saeranthal,219,unverified: no CapnBry data for this zone
horse,,GameNPC,npc,1,55,2,Aylesbury,64,1.65-era: seen by CapnBry (another zone)
Apprentice Taxidermist,,GameNPC,npc,1,35,2,Old Sarum,16,unverified: no CapnBry data for this zone
deamhan aeir,,NightSpawn,npc,0,37,200,Lough Gur,204,"likely period: listed in this zone by Illia's bestiary (2001-2010 data, may include later NPCs)"
Itis,Stable Master,GameStableMaster,npc,1,51,2,Caerwent,13,unverified: not in CapnBry for this zone
Edrea Fletcher,Arrow Merchant,GameMerchant,npc,1,15,1,Black Mtns. North,3,1.65-era: seen in this zone by CapnBry
Guardian,,GameGuard,guard,3,50,201,Tir na Nog,209,1.65-era: seen in this zone by CapnBry
demi-fey,,GameNPC,npc,3,22,200,Cliffs of Moher,203,likely period: listed by Illia's bestiary in another zone
Piper,Hastener,GameHastener,npc,1,30,2,Brisworthy,20,1.65-era: seen by CapnBry (another zone)
Viking Huscarl,,GameGuard,guard,2,255,100,Uppland,111,1.65-era: seen in this zone by CapnBry
Guy Reed,,GameNPC,npc,1,16,1,Black Mtns. South,2,1.65-era: seen in this zone by CapnBry
Master Guardian,,GameGuard,guard,3,255,1,Hadrian's Wall,15,unverified: not in CapnBry for this zone
horse,,GameNPC,npc,1,55,51,Aldland,56,1.65-era: seen by CapnBry (another zone)
Marc Stokes,Merchant,GameMerchant,npc,1,50,51,Dales of Devwy,53,"likely period: listed in this zone by Illia's bestiary (2001-2010 data, may include later NPCs)"
Guardian,,GameGuard,guard,3,40,200,Lough Derg,200,1.65-era: seen in this zone by CapnBry
Careomyr,Merchant,GameMerchant,npc,3,50,202,Dunshire,215,unverified: no CapnBry data for this zone
Bront Vanora,Tailors Master,GameNPC,npc,1,65,2,Stoneleigh,262,unverified: no CapnBry data for this zone
Odin,,GameNPC,npc,2,13,101,Jordheim,120,unverified: not in CapnBry for this zone
Ottar,Merchant,GameMerchant,npc,2,50,101,Jordheim,120,1.65-era: seen in this zone by CapnBry
Nyden,Armor Merchant,GameMerchant,npc,2,20,100,Myrkwood Forest,105,1.65-era: seen in this zone by CapnBry
Keep Sentinel,,GameNPC,npc,3,255,200,Valley of Bri Leith,206,1.65-era: seen by CapnBry (another zone)
Master Ranger,,GameGuard,guard,3,255,200,Connacht,207,1.65-era: seen in this zone by CapnBry
Master Elementalist,,Scripts.OFAssistant,npc,1,100,200,Emain Macha,214,Atlas / later: Atlas frontier medallion assistant
Grenlyr,Weapon Merchant,GameMerchant,npc,2,50,100,Vale of Mularn,100,1.65-era: seen in this zone by CapnBry
Master Visur,Teleporter,Scripts.LiveTeleporter,npc,1,60,1,Campacorentin Forest,8,teleporter (not 1.65; listed separately)
Olaf Vestein,Weapon Merchant,GameMerchant,npc,2,50,151,Aegir's Landing,151,1.65-era: seen in this zone by CapnBry
Midgard Trainer,Master Trainer,Scripts.AtlasTrainer,npc,2,75,130,Stygian Delta,138,Atlas / later: Atlas trainer
Ullette,Vault Banker,GameNPC,npc,3,50,202,Broughshane,274,unverified: no CapnBry data for this zone
Harnol,Smith,Blacksmith,npc,3,50,200,Valley of Bri Leith,206,"likely period: listed in this zone by Illia's bestiary (2001-2010 data, may include later NPCs)"
Siegloya,Weaponsmiths Master,WeaponCraftingMaster,npc,2,65,102,Holmestrand,266,unverified: no CapnBry data for this zone
Huntsman,,GameNPC,npc,1,31,1,Campacorentin Forest,8,1.65-era: seen in this zone by CapnBry
Colina Darksky,,GameNPC,npc,1,40,1,Black Mtns. South,2,"likely period: listed in this zone by Illia's bestiary (2001-2010 data, may include later NPCs)"
Albion lookout,,GameNPC,npc,1,40,1,Black Mtns. South,2,1.65-era: seen in this zone by CapnBry
ambient pixie,,GameNPC,npc,3,1,200,Silvermine Mts.,201,unverified: not in CapnBry for this zone
Sveck,,GameNPC,npc,2,30,100,East Svealand,101,1.65-era: seen in this zone by CapnBry
Veteran Guardsman,,GameGuard,guard,1,40,1,Camelot Hills,0,1.65-era: seen in this zone by CapnBry
ambient pixie,,GameNPC,npc,3,1,200,Lough Derg,200,unverified: not in CapnBry for this zone
Master Wizard,,GameNPC,npc,1,255,165,Cathal Valley,165,"likely period: listed in this zone by Illia's bestiary (2001-2010 data, may include later NPCs)"
Master Guardian,,GameGuard,guard,3,255,100,Odin's Gate,115,unverified: not in CapnBry for this zone
Kaivere,Vault Banker,GameNPC,npc,1,53,2,Brisworthy,20,unverified: no CapnBry data for this zone
Master of Runes,,GameGuard,guard,2,255,200,Emain Macha,214,1.65-era: seen in this zone by CapnBry
Tegvan,Armorsmiths Master,ArmorCraftingMaster,npc,3,52,201,Tir na Nog,209,1.65-era: seen in this zone by CapnBry
Freydis,Weapon Merchant,GameMerchant,npc,2,20,100,Gotar,103,1.65-era: seen in this zone by CapnBry
Marden,,GameNPC,npc,1,50,51,Avalon Isle,52,1.65-era: seen in this zone by CapnBry
Sentinel Ornora,,GameGuard,guard,3,50,200,Lough Derg,200,1.65-era: seen in this zone by CapnBry
Haeradien,Stable Master,GameStableMaster,npc,2,69,102,Frisia,121,unverified: no CapnBry data for this zone
Twm,Armor Merchant,GameMerchant,npc,3,39,200,Silvermine Mts.,201,1.65-era: seen in this zone by CapnBry
Unnatural Storm Controller,DO NOT REMOVE,UnnaturalStormController,npc,0,50,1,Lyonesse,10,unverified: not in CapnBry for this zone
Master of Runes,,GameGuard,guard,2,255,1,Hadrian's Wall,15,1.65-era: seen in this zone by CapnBry
Tove,Weapon Merchant,GameMerchant,npc,2,50,101,Jordheim,120,1.65-era: seen in this zone by CapnBry
Master of Runes,,GameNPC,npc,2,255,100,Uppland,111,1.65-era: seen in this zone by CapnBry
Arleigh Penn,Dye Merchant,GameMerchant,npc,1,15,1,Camelot Hills,0,1.65-era: seen in this zone by CapnBry
Gord,Smith,Blacksmith,npc,2,30,100,Myrkwood Forest,105,1.65-era: seen in this zone by CapnBry
horse,,GameNPC,npc,2,55,100,West Svealand,102,1.65-era: seen by CapnBry (another zone)
Drummond,Weapon Merchant,GameMerchant,npc,3,50,200,Lough Gur,204,"likely period: listed in this zone by Illia's bestiary (2001-2010 data, may include later NPCs)"
Sallomaeh,,GameNPC,npc,3,51,202,Broughshane,274,unverified: no CapnBry data for this zone
Umeradia,Fletchers Master,FletchingMaster,npc,1,65,2,Brisworthy,20,unverified: no CapnBry data for this zone
Hwithloew,Stable Master,GameStableMaster,npc,1,50,2,Rilan,17,unverified: not in CapnBry for this zone
Kenzia,Weapon Merchant,GameMerchant,npc,3,34,201,Tir na Nog,209,1.65-era: seen in this zone by CapnBry
Knight Commander,,GameNPC,npc,1,255,1,Snowdonia,12,"likely period: listed in this zone by Illia's bestiary (2001-2010 data, may include later NPCs)"
ambient pixie,,GameNPC,npc,3,1,200,Connacht,207,unverified: not in CapnBry for this zone
Viking Huscarl,,GameNPC,npc,2,50,100,West Svealand,102,1.65-era: seen in this zone by CapnBry
Tomas,Armor Merchant,GameMerchant,npc,3,35,201,Tir na Nog,209,1.65-era: seen in this zone by CapnBry
Anechka,Reaver Trainer,Trainer.ReaverTrainer,npc,1,26,1,Black Mtns. North,3,"likely period: listed in this zone by Illia's bestiary (2001-2010 data, may include later NPCs)"
Midgard Decorator,Merchant,GameMerchant,npc,2,40,102,Wyndham,119,unverified: no CapnBry data for this zone
horse,,GameNPC,npc,3,55,202,Broughshane,274,1.65-era: seen by CapnBry (another zone)
Flayer Fali,,GameNPC,npc,2,30,100,East Svealand,101,1.65-era: seen in this zone by CapnBry
Olgara,,GameNPC,npc,2,50,100,West Svealand,102,1.65-era: seen in this zone by CapnBry
Bronwyn MacEgan,Tailors Master,TailoringMaster,npc,1,50,51,Isle of Glass,51,1.65-era: seen in this zone by CapnBry
Viking Dreng,,GameNPC,npc,2,50,100,East Svealand,101,1.65-era: seen in this zone by CapnBry
Master Wizard,,GameNPC,npc,1,255,1,Snowdonia,12,1.65-era: seen in this zone by CapnBry
gray spectre,,NightSpawn,npc,0,24,200,Cruachan Gorge,211,"likely period: listed in this zone by Illia's bestiary (2001-2010 data, may include later NPCs)"
Master Beaman,Elementalist Trainer,Trainer.ElementalistTrainer,npc,1,50,51,Isle of Glass,51,1.65-era: seen in this zone by CapnBry
Freigi,Weaponsmiths Master,WeaponCraftingMaster,npc,2,65,102,Kaupang,122,unverified: no CapnBry data for this zone
Gyppa,Weapon Merchant,GameMerchant,npc,2,53,151,Faraheim,154,1.65-era: seen in this zone by CapnBry
Ochinic,Weapon Merchant,GameMerchant,npc,3,50,181,Vale of Balor,183,"likely period: listed in this zone by Illia's bestiary (2001-2010 data, may include later NPCs)"
Apprentice Taxidermist,,GameNPC,npc,2,38,102,Kaupang,122,unverified: no CapnBry data for this zone
Gudrika,Thane Trainer,Trainer.ThaneTrainer,npc,2,50,151,Faraheim,154,1.65-era: seen in this zone by CapnBry
Hibernia Trainer,Master Trainer,Scripts.AtlasTrainer,npc,3,75,130,Stygian Delta,138,Atlas / later: Atlas trainer
Knight Commander,,GameNPC,npc,1,255,200,Emain Macha,214,1.65-era: seen in this zone by CapnBry
Viking Huscarl,,GameGuard,guard,2,255,165,Cathal Valley,165,1.65-era: seen by CapnBry (another zone)
Master Hanis,Minstrel Trainer,Trainer.MinstrelTrainer,npc,1,50,1,Black Mtns. North,3,1.65-era: seen in this zone by CapnBry
Etninalb,,GameNPC,npc,2,30,151,Gripklosa Mountains,152,1.65-era: seen in this zone by CapnBry
Viking Archer,,GameNPC,npc,2,95,100,Uppland,111,1.65-era: seen in this zone by CapnBry
Izette,Vault Banker,GameNPC,npc,3,50,202,Kilcullen,218,unverified: no CapnBry data for this zone
Piper,Hastener,GameHastener,npc,1,33,2,Old Sarum,16,1.65-era: seen by CapnBry (another zone)
Oleria,Reaver Trainer,Trainer.ReaverTrainer,npc,1,50,51,Aldland,56,"likely period: listed in this zone by Illia's bestiary (2001-2010 data, may include later NPCs)"
Parthanan Farm Controller,DO NOT REMOVE,ParthananFarmController,npc,0,50,200,Lough Gur,204,unverified: no CapnBry data for this zone
Hag Madailein,,GameNPC,npc,3,55,200,Bog of Cullen,205,unverified: no CapnBry data for this zone
Sian,Weapon Merchant,GameMerchant,npc,3,35,200,Lough Derg,200,1.65-era: seen in this zone by CapnBry
Ahane,Merchant,GameMerchant,npc,3,50,202,Torrylin,217,unverified: no CapnBry data for this zone
Master of Runes,,GameNPC,npc,2,255,100,Uppland,111,1.65-era: seen in this zone by CapnBry
Intoner,Hastener,GameHastener,npc,2,30,102,Kaupang,122,1.65-era: seen by CapnBry (another zone)
Master Berwick,Minstrel Trainer,Trainer.MinstrelTrainer,npc,1,50,10,City of Camelot,26,1.65-era: seen in this zone by CapnBry
new mob,,Keeps.FrontierHastener,npc,0,1,100,Uppland,111,unverified: not in CapnBry for this zone
horse,,GameNPC,npc,2,55,102,Nittedal,267,1.65-era: seen by CapnBry (another zone)
gray spectre,,NightSpawn,npc,0,22,200,Cruachan Gorge,211,"likely period: listed in this zone by Illia's bestiary (2001-2010 data, may include later NPCs)"
Miriella,Vault Banker,GameNPC,npc,3,50,202,Meath,213,unverified: no CapnBry data for this zone
Troll Flayer,,GameGuard,guard,2,31,100,Gotar,103,1.65-era: seen in this zone by CapnBry
Sentinel,,GameGuard,guard,3,50,200,Bog of Cullen,205,1.65-era: seen by CapnBry (another zone)
Constance Fiara,Merchant,GameMerchant,npc,1,50,51,Avalon Isle,52,1.65-era: seen in this zone by CapnBry
Viking Huscarl,,GameNPC,npc,2,255,100,Yggdra Forest,112,1.65-era: seen in this zone by CapnBry
Gerald,Hastener,GameHastener,npc,2,43,100,Gotar,103,unverified: not in CapnBry for this zone
Market Explorer,,MarketExplorer,npc,2,50,102,Carlingford,118,"Atlas / later: Market Explorer (housing consignment search, post-1.65 / Atlas)"
Knight Commander,,GameNPC,npc,1,255,100,Odin's Gate,115,1.65-era: seen in this zone by CapnBry
Master Armsman,,GameGuard,guard,1,255,165,Cathal Valley,165,unverified: no CapnBry data for this zone
a horse,,GameNPC,npc,2,1,101,Jordheim,120,unverified: not in CapnBry for this zone
Knight Commander,,GameGuard,guard,1,255,1,Snowdonia,12,"likely period: listed in this zone by Illia's bestiary (2001-2010 data, may include later NPCs)"
Woodsman,,GameGuard,guard,1,15,1,Campacorentin Forest,8,1.65-era: seen in this zone by CapnBry
Effects,Effect Master,EffectNPC,npc,3,50,73,Stygian Delta,81,Atlas / later: Atlas cosmetic effect vendor
Saga,Weapon Merchant,GameMerchant,npc,2,50,101,Jordheim,120,1.65-era: seen in this zone by CapnBry
Eimhin,Weapon Merchant,GameMerchant,npc,3,35,200,Lough Derg,200,1.65-era: seen in this zone by CapnBry
Sister Ellayne,Healer,GameHealer,npc,1,50,1,Forest Sauvage,11,likely period: listed by Illia's bestiary in another zone
Hurg,,GameNPC,npc,2,43,100,West Svealand,102,1.65-era: seen in this zone by CapnBry
Malinda,Vault Banker,GameNPC,npc,3,50,202,Dunshire,215,unverified: no CapnBry data for this zone
Lonrah,Smith,Blacksmith,npc,0,35,27,Lamfhota's Sound,29,likely period: listed by Illia's bestiary in another zone
Surcyn,,GameNPC,npc,3,54,200,Connacht,207,"likely period: listed in this zone by Illia's bestiary (2001-2010 data, may include later NPCs)"
Master Eldritch,,GameGuard,guard,3,255,165,Cathal Valley,165,1.65-era: seen by CapnBry (another zone)
ambient pixie,,GameNPC,npc,3,1,201,Tir na Nog,209,unverified: not in CapnBry for this zone
deamhan aeir,,NightSpawn,npc,0,35,200,Lough Gur,204,"likely period: listed in this zone by Illia's bestiary (2001-2010 data, may include later NPCs)"
Stephan Fall,Armor Merchant,GameMerchant,npc,1,38,1,Campacorentin Forest,8,1.65-era: seen in this zone by CapnBry
Velmis,Poison Merchant,GameMerchant,npc,1,1,10,City of Camelot,26,1.65-era: seen in this zone by CapnBry
horse,,GameNPC,npc,3,55,202,Aberillan,225,1.65-era: seen by CapnBry (another zone)
Larylle,,GameNPC,npc,3,29,200,Connacht,207,1.65-era: seen in this zone by CapnBry
Lyrist,Hastener,GameHastener,npc,3,30,202,Meath,213,unverified: no CapnBry data for this zone
Llewellyn Camber,,GameNPC,npc,1,17,1,Camelot Hills,0,1.65-era: seen in this zone by CapnBry
Garnock,Weapon Merchant,GameMerchant,npc,3,35,200,Connacht,207,1.65-era: seen in this zone by CapnBry
Amynda,Weapon Merchant,GameMerchant,npc,3,50,200,Lough Gur,204,"likely period: listed in this zone by Illia's bestiary (2001-2010 data, may include later NPCs)"
O'honat,,GameNPC,npc,1,50,51,Aldland,56,"likely period: listed in this zone by Illia's bestiary (2001-2010 data, may include later NPCs)"
Yolafson,Stable Master,GameStableMaster,npc,2,41,100,Vale of Mularn,100,1.65-era: seen in this zone by CapnBry
Master Elementalist,,Scripts.OFAssistant,npc,1,100,200,Emain Macha,214,Atlas / later: Atlas frontier medallion assistant
Vlasta,Stable Master,GameStableMaster,npc,2,50,102,Wyndham,119,unverified: no CapnBry data for this zone
Viking Huscarl,,GameGuard,guard,2,255,200,Emain Macha,214,1.65-era: seen in this zone by CapnBry
Laurenna,,GameNPC,npc,1,30,10,City of Camelot,26,1.65-era: seen in this zone by CapnBry
Guardian,,Keeps.GuardFighter,guard,3,52,200,Breifine,212,1.65-era: seen in this zone by CapnBry
Armswoman,,Keeps.GuardFighter,guard,1,57,100,Odin's Gate,115,1.65-era: seen by CapnBry (another zone)
Filidh Filiara,Name Registrar,NameRegistrar,npc,3,42,165,Cathal Valley,165,1.65-era: seen by CapnBry (another zone)
Master Wizard,,GameNPC,npc,1,255,165,Cathal Valley,165,"likely period: listed in this zone by Illia's bestiary (2001-2010 data, may include later NPCs)"
innocent,,GameNPC,npc,2,39,246,Dodens Gruva,246,1.65-era: seen in this zone by CapnBry
horse,,GameNPC,npc,3,55,200,Valley of Bri Leith,206,1.65-era: seen by CapnBry (another zone)
Samwell Hornly,Weapon Merchant,GameMerchant,npc,1,15,1,Camelot Hills,0,1.65-era: seen in this zone by CapnBry
new mob,,Keeps.FrontierHastener,npc,0,1,1,Pennine Mountains,14,unverified: not in CapnBry for this zone
new mob,,Keeps.FrontierHastener,npc,0,1,200,Breifine,212,unverified: not in CapnBry for this zone
horse,,GameNPC,npc,2,51,102,Holmestrand,266,1.65-era: seen by CapnBry (another zone)
Lilib,,GameNPC,npc,2,25,100,East Svealand,101,1.65-era: seen in this zone by CapnBry
Sile,Ranger Trainer,Trainer.RangerTrainer,npc,3,50,200,Shannon Estuary,202,1.65-era: seen in this zone by CapnBry
Aelda,Armor Merchant,GameMerchant,npc,1,40,1,Black Mtns. North,3,1.65-era: seen in this zone by CapnBry
Wrina Darkcloud,,GameNPC,npc,3,50,200,Valley of Bri Leith,206,"likely period: listed in this zone by Illia's bestiary (2001-2010 data, may include later NPCs)"
Bridie,,GameNPC,npc,3,50,181,Caillte Garran,182,"likely period: listed in this zone by Illia's bestiary (2001-2010 data, may include later NPCs)"
Master Ranger,,GameGuard,guard,3,255,235,The Lions Den,235,1.65-era: seen by CapnBry (another zone)
Pico,Diamond Weapon Merchant,GameDiamondSealsMerchant,npc,1,36,249,Darkness Falls,249,"Atlas / later: Seals merchant (Darkness Rising era, used by Atlas)"
Gugda,Alchemists Master,GameNPC,npc,3,65,202,Aberillan,225,unverified: no CapnBry data for this zone
Fredi,Healer Trainer,Trainer.HealerTrainer,npc,2,50,151,Aegir's Landing,151,1.65-era: seen in this zone by CapnBry
Crep Pew,Weapon Merchant,GameMerchant,npc,1,40,1,Black Mtns. South,2,1.65-era: seen in this zone by CapnBry
Master of Runes,,GameNPC,npc,2,255,100,Uppland,111,1.65-era: seen in this zone by CapnBry
Nash,Healer,GameHealer,npc,1,50,51,Aldland,56,"likely period: listed in this zone by Illia's bestiary (2001-2010 data, may include later NPCs)"
Joffrey,Weapon Merchant,GameMerchant,npc,1,40,1,Black Mtns. South,2,1.65-era: seen in this zone by CapnBry
Gerauredred Morgaudos,Merchant,GameMerchant,npc,1,50,2,Brisworthy,20,unverified: no CapnBry data for this zone
Filidh Filiara,Name Registrar,NameRegistrar,npc,0,42,27,Lamfhota's Sound,29,1.65-era: seen by CapnBry (another zone)
Qunilan,Armor Merchant,GameMerchant,npc,3,37,200,Connacht,207,1.65-era: seen in this zone by CapnBry
Sentinel,,GameGuard,guard,3,50,200,Connacht,207,1.65-era: seen in this zone by CapnBry
Sonja Varinasdottir,Recharger,Recharger,npc,2,50,151,Aegir's Landing,151,Atlas / later: Atlas charge recharger
Master Guardian,,GameGuard,guard,3,255,1,Hadrian's Wall,15,unverified: not in CapnBry for this zone
Guardian,,GameGuard,guard,1,54,51,Isle of Glass,51,1.65-era: seen in this zone by CapnBry
Gale,Dye Merchant,GameMerchant,npc,2,16,100,Vale of Mularn,100,1.65-era: seen in this zone by CapnBry
Medana,,GameNPC,npc,2,50,151,Aegir's Landing,151,"likely period: listed in this zone by Illia's bestiary (2001-2010 data, may include later NPCs)"
Fellya Fletcher,Arrow Merchant,GameMerchant,npc,1,20,1,Campacorentin Forest,8,1.65-era: seen in this zone by CapnBry
Master Vismer,,GameNPC,npc,1,48,10,City of Camelot,26,1.65-era: seen in this zone by CapnBry
Armswoman,,Keeps.GuardFighter,guard,1,52,1,Pennine Mountains,14,1.65-era: seen by CapnBry (another zone)
Gothi of the Aesir,,GameNPC,npc,2,50,100,West Svealand,102,1.65-era: seen in this zone by CapnBry
Colm,Merchant,GameMerchant,npc,3,70,200,Valley of Bri Leith,206,1.65-era: seen by CapnBry (another zone)
Intoner,Hastener,GameHastener,npc,2,30,102,Kaupang,122,1.65-era: seen by CapnBry (another zone)
horse,,GameNPC,npc,2,51,102,Carlingford,118,1.65-era: seen by CapnBry (another zone)
Guardian,,GameGuard,guard,3,44,200,Silvermine Mts.,201,1.65-era: seen in this zone by CapnBry
Orto,Diamond Armor Merchant,GameDiamondSealsMerchant,npc,2,36,249,Darkness Falls,249,"Atlas / later: Seals merchant (Darkness Rising era, used by Atlas)"
Rhohadric,Stable Master,GameStableMaster,npc,2,65,102,Frisia,121,unverified: no CapnBry data for this zone
Arziqua,Fletchers Master,FletchingMaster,npc,3,17,201,Tir na Nog,209,1.65-era: seen in this zone by CapnBry
Teithi,Vault Banker,GameNPC,npc,1,50,2,Old Sarum,16,unverified: no CapnBry data for this zone
Cavan,Vault Banker,GameNPC,npc,3,50,202,Kilcullen,218,unverified: no CapnBry data for this zone
Etelith,Fletchers Master,GameNPC,npc,2,65,102,Frisia,121,unverified: no CapnBry data for this zone
Guardian,,GameGuard,guard,3,40,200,Silvermine Mts.,201,1.65-era: seen in this zone by CapnBry
ambient pixie,,GameNPC,npc,3,1,200,Silvermine Mts.,201,unverified: not in CapnBry for this zone
Valkyn Guard,,GameNPC,npc,2,50,151,Faraheim,154,1.65-era: seen in this zone by CapnBry
Enchanter Slone,Enchanter,Enchanter,npc,1,50,51,Isle of Glass,51,"likely period: listed in this zone by Illia's bestiary (2001-2010 data, may include later NPCs)"
Seren,Arrow Merchant,GameMerchant,npc,3,34,201,Tir na Nog,209,1.65-era: seen in this zone by CapnBry
Champion,,GameGuard,guard,3,255,200,Valley of Bri Leith,206,1.65-era: seen by CapnBry (another zone)
Knight Commander,,GameNPC,npc,1,255,100,Odin's Gate,115,1.65-era: seen in this zone by CapnBry
Jerry Goodman,Bindstone Clerk,RoyalTreasuryClerk,npc,3,50,201,Tir na Nog,209,unverified: not in CapnBry for this zone
Paddonia,,GameNPC,npc,3,50,181,Caillte Garran,182,"likely period: listed in this zone by Illia's bestiary (2001-2010 data, may include later NPCs)"
Apprentice Taxidermist,,GameNPC,npc,2,35,102,Erikstaad,114,unverified: not in CapnBry for this zone
phantom wickerman,,NightSpawn,npc,0,30,200,Connacht,207,"likely period: listed in this zone by Illia's bestiary (2001-2010 data, may include later NPCs)"
Larel Esric,Recharger,Scripts.Recharger,npc,1,30,1,Cornwall,6,1.65-era: seen in this zone by CapnBry
Looga,Weapon Merchant,GameMerchant,npc,2,20,100,Gotar,103,1.65-era: seen in this zone by CapnBry
giant skeleton,,NightSpawn,npc,0,27,1,Snowdonia,12,1.65-era: seen by CapnBry (another zone)
Magess Sharifa,Cabalist Trainer,Trainer.CabalistTrainer,npc,1,54,51,Isle of Glass,51,1.65-era: seen in this zone by CapnBry
Murran,Armorsmiths Master,ArmorCraftingMaster,npc,3,68,202,Saeranthal,219,unverified: no CapnBry data for this zone
Odella Cerdic,Weapon Merchant,GameMerchant,npc,1,28,10,City of Camelot,26,1.65-era: seen in this zone by CapnBry
Marus,Weapon Merchant,GameMerchant,npc,3,50,200,Shannon Estuary,202,1.65-era: seen in this zone by CapnBry
Laran,Weapon Merchant,GameMerchant,npc,2,50,100,East Svealand,101,1.65-era: seen in this zone by CapnBry
Filidh Medyr,Hastener,GameHastener,npc,3,35,200,Silvermine Mts.,201,1.65-era: seen in this zone by CapnBry
Knight Commander,,GameGuard,guard,1,255,200,Emain Macha,214,1.65-era: seen in this zone by CapnBry
Derrodill,Vault Banker,GameNPC,npc,2,50,102,Stavgaard,268,unverified: no CapnBry data for this zone
Bitta,Weapon Merchant,GameMerchant,npc,2,20,100,Vale of Mularn,100,1.65-era: seen in this zone by CapnBry
Master Ranger,,GameGuard,guard,3,255,200,Valley of Bri Leith,206,1.65-era: seen by CapnBry (another zone)
Lady Blendrake,,Keeps.GuardLord,guard,1,68,100,Jamtland Mountains,113,unverified: not in CapnBry for this zone
Lethantis Guard,,GameGuard,guard,1,40,1,Campacorentin Forest,8,"likely period: listed in this zone by Illia's bestiary (2001-2010 data, may include later NPCs)"
ambient pixie,,GameNPC,npc,3,1,201,Tir na Nog,209,unverified: not in CapnBry for this zone
Jeriradia,Weaponsmiths Master,GameNPC,npc,3,69,202,Meath,213,unverified: no CapnBry data for this zone
Magus Oreal,Mage Trainer,Trainer.MageTrainer,npc,1,1,1,Campacorentin Forest,8,"likely period: listed in this zone by Illia's bestiary (2001-2010 data, may include later NPCs)"
Channeler Glasny,Teleporter,Scripts.LiveTeleporter,npc,3,60,200,Lough Gur,204,teleporter (not 1.65; listed separately)
Master Eadberth,Mercenary Trainer,Trainer.MercenaryTrainer,npc,1,50,1,Avalon Marsh,9,1.65-era: seen in this zone by CapnBry
Stor Gothi Annark,Teleporter,Scripts.LiveTeleporter,npc,2,60,102,Erikstaad,114,teleporter (not 1.65; listed separately)
Suila Henders,Dye Merchant,GameMerchant,npc,2,50,151,Aegir's Landing,151,1.65-era: seen in this zone by CapnBry
a horse,,GameNPC,npc,2,1,101,Jordheim,120,unverified: not in CapnBry for this zone
faerie frog,,DaySpawn,npc,0,30,1,Snowdonia,12,"likely period: listed in this zone by Illia's bestiary (2001-2010 data, may include later NPCs)"
Gothi of Odin,,Scripts.OFAssistant,npc,2,100,1,Hadrian's Wall,15,Atlas / later: Atlas frontier medallion assistant
Master Ranger,,GameGuard,guard,3,255,200,Valley of Bri Leith,206,1.65-era: seen by CapnBry (another zone)
Troll Archer,,GameGuard,guard,2,255,100,Uppland,111,1.65-era: seen in this zone by CapnBry
Ranger,,Keeps.GuardArcher,guard,3,52,200,Breifine,212,1.65-era: seen in this zone by CapnBry
Viking Archer,,GameNPC,npc,2,95,100,Uppland,111,1.65-era: seen in this zone by CapnBry
innocent,,GameNPC,npc,3,39,276,Marfach Cavern,276,1.65-era: seen by CapnBry (another zone)
horse,,GameNPC,npc,2,55,102,Erikstaad,114,1.65-era: seen in this zone by CapnBry
Noble Steed,,GameNPC,npc,3,34,200,Lough Gur,204,unverified: no CapnBry data for this zone
Ubbi Shalestone,Weapon Merchant,GameMerchant,npc,2,50,151,Munin Sound,155,1.65-era: seen in this zone by CapnBry
Unna,Enchanter,Enchanter,npc,2,21,100,East Svealand,101,1.65-era: seen in this zone by CapnBry
Ridder,Stable Master,GameStableMaster,npc,1,4,1,Campacorentin Forest,8,"likely period: listed in this zone by Illia's bestiary (2001-2010 data, may include later NPCs)"
Corinn,Reskin NPC,ItemModel,npc,3,50,335,Hibernia Event,335,unverified: no CapnBry data for this zone
ambient pixie,,GameNPC,npc,3,1,201,Tir na Nog,209,unverified: not in CapnBry for this zone
swarm of flies,,GameNPC,npc,2,0,101,Jordheim,120,likely period: listed by Illia's bestiary in another zone
Qalin,Fletchers Master,FletchingMaster,npc,2,71,102,Erikstaad,114,unverified: not in CapnBry for this zone
disturbed presence,,NightSpawn,npc,0,14,1,Salisbury Plains,1,1.65-era: seen in this zone by CapnBry
Champion Commander,,Keeps.GuardCommander,guard,3,52,200,Breifine,212,1.65-era: seen in this zone by CapnBry
Bradwr,Merchant,GameMerchant,npc,1,52,2,Old Sarum,16,unverified: no CapnBry data for this zone
Viking Huscarl,,GameGuard,guard,2,255,165,Cathal Valley,165,1.65-era: seen by CapnBry (another zone)
Glibryn,Merchant,GameMerchant,npc,3,50,202,Meath,213,unverified: no CapnBry data for this zone
Master Guardian,,GameGuard,guard,3,255,1,Hadrian's Wall,15,unverified: not in CapnBry for this zone
Master Guardian,,GameGuard,guard,3,255,1,Hadrian's Wall,15,unverified: not in CapnBry for this zone
Guardian Sergeant,,GameGuard,guard,1,46,1,Avalon Marsh,9,1.65-era: seen in this zone by CapnBry
Lady Grace,Name Registrar,NameRegistrar,npc,1,50,51,Isle of Glass,51,1.65-era: seen in this zone by CapnBry
Apprentice Taxidermist,,GameNPC,npc,1,35,2,Caerwent,13,unverified: not in CapnBry for this zone
Bard Medrend,,GameHastener,npc,3,50,201,Tir na Nog,209,"likely period: listed in this zone by Illia's bestiary (2001-2010 data, may include later NPCs)"
Ulio,Weapon Merchant,GameMerchant,npc,2,50,151,Gripklosa Mountains,152,1.65-era: seen in this zone by CapnBry
Bard Eltonos,,GameHastener,npc,3,50,201,Tir na Nog,209,"likely period: listed in this zone by Illia's bestiary (2001-2010 data, may include later NPCs)"
Illaliel,Weapon Merchant,GameMerchant,npc,3,35,200,Silvermine Mts.,201,1.65-era: seen in this zone by CapnBry
Master Guardian,,GameGuard,guard,3,255,100,Odin's Gate,115,unverified: not in CapnBry for this zone
Gaemis Aer'Taimor,,GameNPC,npc,1,31,1,Black Mtns. South,2,"likely period: listed in this zone by Illia's bestiary (2001-2010 data, may include later NPCs)"
griffin,,GameNPC,npc,2,61,151,Modernagrav,158,1.65-era: seen in this zone by CapnBry
Virsha,Account Vault Keeper,AccountVaultKeeper,npc,1,1,10,City of Camelot,26,Atlas / later: Account vault keeper (post-1.65 live feature)
faerie frog,,DaySpawn,npc,0,28,1,Snowdonia,12,"likely period: listed in this zone by Illia's bestiary (2001-2010 data, may include later NPCs)"
Brother Salvar,Weapon Merchant,GameMerchant,npc,1,50,10,City of Camelot,26,1.65-era: seen in this zone by CapnBry
Vedi,,GameNPC,npc,2,50,102,Kaupang,122,unverified: no CapnBry data for this zone
Dory,,GameNPC,npc,1,50,51,Isle of Glass,51,1.65-era: seen in this zone by CapnBry
Master Ranger,,GameGuard,guard,3,255,165,Cathal Valley,165,1.65-era: seen by CapnBry (another zone)
Wierdandi,Vault Banker,GameNPC,npc,2,50,102,Holmestrand,266,unverified: no CapnBry data for this zone
Thrall keeper,,GameNPC,npc,2,20,100,East Svealand,101,1.65-era: seen in this zone by CapnBry
Mosby,Armor Merchant,GameMerchant,npc,3,35,200,Cliffs of Moher,203,"likely period: listed in this zone by Illia's bestiary (2001-2010 data, may include later NPCs)"
Bracken,,GameNPC,npc,3,20,181,Caillte Garran,182,"likely period: listed in this zone by Illia's bestiary (2001-2010 data, may include later NPCs)"
Edmee Heolstor,Armor Merchant,GameMerchant,npc,1,1,10,City of Camelot,26,1.65-era: seen in this zone by CapnBry
ghostly siabra,,NightSpawn,npc,0,11,200,Connacht,207,1.65-era: seen in this zone by CapnBry
Knight Commander,,GameGuard,guard,1,255,1,Snowdonia,12,"likely period: listed in this zone by Illia's bestiary (2001-2010 data, may include later NPCs)"
Guardian,,GameGuard,guard,3,50,181,Vigilant Rock,186,1.65-era: seen by CapnBry (another zone)
Midgard Decorator,Merchant,GameMerchant,npc,2,40,102,Erikstaad,114,unverified: not in CapnBry for this zone
Armswoman,,Keeps.GuardFighter,guard,1,55,200,Cruachan Gorge,211,1.65-era: seen by CapnBry (another zone)
Priest of Arawn,,GameNPC,npc,1,60,51,Dales of Devwy,53,likely period: listed by Illia's bestiary in another zone
Viking Dreng,,GameNPC,npc,2,21,100,Vale of Mularn,100,1.65-era: seen in this zone by CapnBry
Hibernia Weapons,Item Merchant,GameMerchant,npc,3,50,201,Tir na Nog,209,unverified: not in CapnBry for this zone
Master Guardian,,GameGuard,guard,3,255,100,Odin's Gate,115,unverified: not in CapnBry for this zone
Channeler Glasny,Teleporter,Scripts.LiveTeleporter,npc,3,60,200,Lough Derg,200,teleporter (not 1.65; listed separately)
Ariana,Weapon Merchant,GameMerchant,npc,3,36,200,Valley of Bri Leith,206,"likely period: listed in this zone by Illia's bestiary (2001-2010 data, may include later NPCs)"
Iridinya,,HiberniaSITeleporter,npc,3,50,181,Vale of Balor,183,unverified: no CapnBry data for this zone
Piper,Hastener,GameHastener,npc,1,30,2,Caerwent,13,1.65-era: seen in this zone by CapnBry
Huscarl,,Keeps.GuardFighter,guard,2,52,1,Pennine Mountains,14,1.65-era: seen by CapnBry (another zone)
giant skeleton,,NightSpawn,npc,0,27,1,Cornwall,6,1.65-era: seen in this zone by CapnBry
Master Eldritch,,GameGuard,guard,3,255,165,Cathal Valley,165,1.65-era: seen by CapnBry (another zone)
Acchiles Treldolph,Merchant,GameMerchant,npc,2,50,151,Faraheim,154,1.65-era: seen in this zone by CapnBry
Atheleys Sy'Lian,,GameNPC,npc,1,32,1,Camelot Hills,0,1.65-era: seen in this zone by CapnBry
pack horse guardsman,,GameGuard,guard,1,50,1,Black Mtns. South,2,unverified: not in CapnBry for this zone
Celtic Guardian,,GameGuard,guard,3,255,200,Connacht,207,unverified: not in CapnBry for this zone
Gygh,Stable Master,GameStableMaster,npc,3,50,202,Tullamore,272,unverified: no CapnBry data for this zone
Keep Sentinel,,GameNPC,npc,2,90,100,West Svealand,102,1.65-era: seen in this zone by CapnBry
Sir Baldric,,GameNPC,npc,1,45,1,Avalon Marsh,9,unverified: not in CapnBry for this zone
Ragna Sigrid,Vault Keeper,GameVaultKeeper,npc,2,30,151,Aegir's Landing,151,1.65-era: seen in this zone by CapnBry
Goewin,Vault Banker,GameNPC,npc,1,53,2,Old Sarum,16,unverified: no CapnBry data for this zone
Master Eldritch,,GameGuard,guard,3,255,234,The Proving Grounds,234,1.65-era: seen by CapnBry (another zone)
Caregh,,GameNPC,npc,3,31,202,Moycullen,273,unverified: no CapnBry data for this zone
Kyl,Channeler,GameNPC,npc,1,55,1,Dartmoor,4,"likely period: listed in this zone by Illia's bestiary (2001-2010 data, may include later NPCs)"
Viking Huscarl,,GameGuard,guard,2,255,165,Cathal Valley,165,1.65-era: seen by CapnBry (another zone)
Broc,Weapon Merchant,GameMerchant,npc,3,36,200,Bog of Cullen,205,"likely period: listed in this zone by Illia's bestiary (2001-2010 data, may include later NPCs)"
Ionhar,Healer,GameHealer,npc,3,35,200,Lough Derg,200,1.65-era: seen in this zone by CapnBry
innocent,,GameNPC,npc,2,37,246,Dodens Gruva,246,1.65-era: seen in this zone by CapnBry
Merrisenni,Vault Banker,GameNPC,npc,3,54,202,Moycullen,273,unverified: no CapnBry data for this zone
Huscarl,,Keeps.GuardFighter,guard,2,52,100,Uppland,111,1.65-era: seen by CapnBry (another zone)
horse,,GameNPC,npc,3,55,202,Meath,213,1.65-era: seen by CapnBry (another zone)
Master Ranger,,GameGuard,guard,3,255,165,Cathal Valley,165,1.65-era: seen by CapnBry (another zone)
Hild,Weapon Merchant,GameMerchant,npc,2,14,100,Vale of Mularn,100,1.65-era: seen in this zone by CapnBry
Viking Huscarl,,GameGuard,guard,2,255,200,Emain Macha,214,1.65-era: seen in this zone by CapnBry
Bowman Commander,,GameNPC,npc,1,255,1,Forest Sauvage,11,1.65-era: seen in this zone by CapnBry
Spawn-In,,GameNPC,npc,0,70,337,Demonic Prison,337,unverified: no CapnBry data for this zone
Gwulla,Medallion Merchant,Scripts.OFMerchantHome,npc,2,75,200,Emain Macha,214,Atlas / later: Atlas frontier medallion merchant
Ranger Relcon,,GameNPC,npc,3,30,200,Silvermine Mts.,201,"likely period: listed in this zone by Illia's bestiary (2001-2010 data, may include later NPCs)"
Onerrakith,Weaponsmiths Master,WeaponCraftingMaster,npc,2,67,102,Wyndham,119,unverified: no CapnBry data for this zone
energy mass,,GameNPC,npc,0,50,244,Passage of Conflict,244,1.65-era: seen in this zone by CapnBry
Intoner,Hastener,GameHastener,npc,2,30,102,Erikstaad,114,1.65-era: seen in this zone by CapnBry
Kennard Jameson,Stable Master,GameStableMaster,npc,1,50,51,Isle of Glass,51,1.65-era: seen in this zone by CapnBry
swarm of flies,,GameNPC,npc,3,0,201,Tir na Nog,209,likely period: listed by Illia's bestiary in another zone
Domalde,Warrior Trainer,Trainer.WarriorTrainer,npc,2,60,151,Aegir's Landing,151,1.65-era: seen in this zone by CapnBry
Venec,Vault Banker,GameNPC,npc,3,50,202,Meath,213,unverified: no CapnBry data for this zone
Minstrel Starlan,,GameHastener,npc,1,50,10,City of Camelot,26,likely period: listed by Illia's bestiary in another zone
Iamthrarre,Vault Banker,GameNPC,npc,2,52,102,Nittedal,267,unverified: no CapnBry data for this zone
Sasha Fletcher,Weapon Merchant,GameMerchant,npc,1,1,10,City of Camelot,26,1.65-era: seen in this zone by CapnBry
Dyemaster Camdene,Dye Merchant,GameMerchant,npc,1,50,1,Avalon Marsh,9,"likely period: listed in this zone by Illia's bestiary (2001-2010 data, may include later NPCs)"
Lyrist,Hastener,GameHastener,npc,3,31,202,Tullamore,272,unverified: no CapnBry data for this zone
Viking Huscarl,,GameGuard,guard,2,255,165,Cathal Valley,165,1.65-era: seen by CapnBry (another zone)
Master Eldritch,,GameGuard,guard,3,255,100,Odin's Gate,115,1.65-era: seen by CapnBry (another zone)
Stein,Weapon Merchant,GameMerchant,npc,2,20,100,Myrkwood Forest,105,1.65-era: seen in this zone by CapnBry
Mistress Cessa,Theurgist Trainer,Trainer.TheurgistTrainer,npc,1,53,1,Black Mtns. North,3,1.65-era: seen in this zone by CapnBry
Akira,Armor Merchant,GameMerchant,npc,3,35,200,Lough Derg,200,1.65-era: seen in this zone by CapnBry
faerie frog,,DaySpawn,npc,0,29,1,Snowdonia,12,"likely period: listed in this zone by Illia's bestiary (2001-2010 data, may include later NPCs)"
Syvwlch,Merchant,GameMerchant,npc,3,50,200,Lough Gur,204,"likely period: listed in this zone by Illia's bestiary (2001-2010 data, may include later NPCs)"
Sentry,,GameGuard,guard,2,50,101,Jordheim,120,1.65-era: seen in this zone by CapnBry
Stor Gothi Kranna,Svasud Faste Emissary,SimpleTeleporter,npc,2,60,73,Stygian Delta,81,added by this project (excluded)
Master of Runes,,GameGuard,guard,2,255,200,Emain Macha,214,1.65-era: seen in this zone by CapnBry
Eindridi,Smith,Blacksmith,npc,2,30,100,Gotar,103,1.65-era: seen in this zone by CapnBry
Piper,Hastener,GameHastener,npc,1,30,2,Caerwent,13,1.65-era: seen in this zone by CapnBry
ambient pixie,,GameNPC,npc,3,1,201,Tir na Nog,209,unverified: not in CapnBry for this zone
Hastener,,GameHastener,npc,0,100,200,Breifine,212,1.65-era: seen by CapnBry (another zone)
Master Caroy,,GameNPC,npc,1,60,2,Aylesbury,64,unverified: no CapnBry data for this zone
Stor Gothi,,Scripts.OFTeleporter,npc,2,1,1,Hadrian's Wall,15,teleporter (not 1.65; listed separately)
Piper,Hastener,GameHastener,npc,1,32,2,Dalton,18,1.65-era: seen by CapnBry (another zone)
Rania,,GameNPC,npc,2,50,151,Aegir's Landing,151,1.65-era: seen in this zone by CapnBry
Alar,Weapon Merchant,GameMerchant,npc,3,35,200,Bog of Cullen,205,"likely period: listed in this zone by Illia's bestiary (2001-2010 data, may include later NPCs)"
giant skeleton,,NightSpawn,npc,0,27,1,Cornwall,6,1.65-era: seen in this zone by CapnBry
Guardian Aron,,GameGuard,guard,1,44,1,Campacorentin Forest,8,"likely period: listed in this zone by Illia's bestiary (2001-2010 data, may include later NPCs)"
Lomdall,,GameNPC,npc,2,30,102,Wyndham,119,unverified: no CapnBry data for this zone
Lady Eilwen,,GameNPC,npc,1,53,51,Isle of Glass,51,1.65-era: seen in this zone by CapnBry
Viking Huscarl,,GameGuard,guard,2,255,1,Hadrian's Wall,15,1.65-era: seen in this zone by CapnBry
horse,,GameNPC,npc,2,55,102,Erikstaad,114,1.65-era: seen in this zone by CapnBry
Feoras,Merchant,GameMerchant,npc,3,35,200,Lough Gur,204,"likely period: listed in this zone by Illia's bestiary (2001-2010 data, may include later NPCs)"
Magus Edaev,Sorcerer Trainer,Trainer.SorcererTrainer,npc,1,50,1,Avalon Marsh,9,"likely period: listed in this zone by Illia's bestiary (2001-2010 data, may include later NPCs)"
Fenris Blakely,Weapon Merchant,GameMerchant,npc,1,1,10,City of Camelot,26,1.65-era: seen in this zone by CapnBry
horse,,GameNPC,npc,1,55,2,Aylesbury,64,1.65-era: seen by CapnBry (another zone)
Master Noijan,Infiltrator Trainer,Trainer.InfiltratorTrainer,npc,1,55,1,Avalon Marsh,9,1.65-era: seen in this zone by CapnBry
new mob,,Keeps.FrontierHastener,npc,0,1,100,Yggdra Forest,112,unverified: not in CapnBry for this zone
Guardian,,GameGuard,guard,3,50,201,Tir na Nog,209,1.65-era: seen in this zone by CapnBry
Master of Runes,,GameGuard,guard,2,255,165,Cathal Valley,165,"likely period: listed in this zone by Illia's bestiary (2001-2010 data, may include later NPCs)"
Master Ranger,,GameGuard,guard,3,255,235,The Lions Den,235,1.65-era: seen by CapnBry (another zone)
Guardian,,GameGuard,guard,3,52,200,Silvermine Mts.,201,1.65-era: seen in this zone by CapnBry
Viking Huscarl,,GameGuard,guard,2,255,165,Cathal Valley,165,1.65-era: seen by CapnBry (another zone)
Master Elementalist,,Scripts.OFAssistant,npc,1,100,100,Odin's Gate,115,Atlas / later: Atlas frontier medallion assistant
Liadan,Weapon Merchant,GameMerchant,npc,3,35,200,Lough Derg,200,1.65-era: seen in this zone by CapnBry
Iesia,Healer,GameHealer,npc,3,1,181,Caillte Garran,182,"likely period: listed in this zone by Illia's bestiary (2001-2010 data, may include later NPCs)"
Cigolin Dalston,Armor Merchant,GameMerchant,npc,1,1,10,City of Camelot,26,1.65-era: seen in this zone by CapnBry
Guardian,,Keeps.GuardFighter,guard,3,52,200,Breifine,212,1.65-era: seen in this zone by CapnBry
Magus Jeril,Cabalist Trainer,Trainer.CabalistTrainer,npc,1,53,1,Black Mtns. North,3,1.65-era: seen in this zone by CapnBry
Pedra,Mystic Trainer,Trainer.MysticTrainer,npc,2,50,151,Aegir's Landing,151,1.65-era: seen in this zone by CapnBry
Yngvild,,GameNPC,npc,2,45,151,Gripklosa Mountains,152,1.65-era: seen in this zone by CapnBry
Master Wizard,,GameNPC,npc,1,255,1,Snowdonia,12,1.65-era: seen in this zone by CapnBry
pack horse guardian,,GameGuard,guard,3,50,200,Lough Derg,200,"likely period: listed in this zone by Illia's bestiary (2001-2010 data, may include later NPCs)"
Yetta Fletcher,Arrows Merchant,GameMerchant,npc,1,1,1,Camelot Hills,0,1.65-era: seen in this zone by CapnBry
Fiora,Armor Merchant,GameMerchant,npc,2,50,101,Jordheim,120,1.65-era: seen in this zone by CapnBry
Master Guardian,,GameGuard,guard,3,255,100,Odin's Gate,115,unverified: not in CapnBry for this zone
Gavon Montgomery,Armor Merchant,GameMerchant,npc,1,50,51,Isle of Glass,51,1.65-era: seen in this zone by CapnBry
ambient pixie,,GameNPC,npc,3,1,200,Lough Derg,200,unverified: not in CapnBry for this zone
zombie boar,,NightSpawn,npc,0,5,1,Camelot Hills,0,1.65-era: seen in this zone by CapnBry
Hastener,,GameHastener,npc,0,100,200,Emain Macha,214,1.65-era: seen in this zone by CapnBry
Cinvan,Merchant,GameMerchant,npc,3,50,202,Kilcullen,218,unverified: no CapnBry data for this zone
wind ghoul,,NightSpawn,npc,0,7,200,Connacht,207,1.65-era: seen in this zone by CapnBry
Viking Huscarl,,GameGuard,guard,2,255,1,Hadrian's Wall,15,1.65-era: seen in this zone by CapnBry
Howell,Vault Banker,GameNPC,npc,1,50,2,Old Sarum,16,unverified: no CapnBry data for this zone
Penda Thatcher,Weapon Merchant,GameMerchant,npc,1,50,51,Avalon Isle,52,1.65-era: seen in this zone by CapnBry
Tordis,,GameNPC,npc,2,50,101,Jordheim,120,1.65-era: seen in this zone by CapnBry
Blaez,Shield Merchant,GameMerchant,npc,3,45,200,Silvermine Mts.,201,1.65-era: seen in this zone by CapnBry
Master Noajyn,Infiltrator Trainer,Trainer.InfiltratorTrainer,npc,1,50,1,Avalon Marsh,9,"likely period: listed in this zone by Illia's bestiary (2001-2010 data, may include later NPCs)"
giant skeleton,,NightSpawn,npc,0,28,1,Cornwall,6,1.65-era: seen in this zone by CapnBry
Guardian,,GameGuard,guard,3,52,200,Silvermine Mts.,201,1.65-era: seen in this zone by CapnBry
faerie frog,,DaySpawn,npc,0,29,1,Snowdonia,12,"likely period: listed in this zone by Illia's bestiary (2001-2010 data, may include later NPCs)"
Captain Izabeth,Armsman Trainer,Trainer.ArmsmanTrainer,npc,1,50,51,Aldland,56,"likely period: listed in this zone by Illia's bestiary (2001-2010 data, may include later NPCs)"
Nordic Huscarl,,GameNPC,npc,2,50,100,West Svealand,102,1.65-era: seen by CapnBry (another zone)
Sister Ellayne,Healer,GameHealer,npc,1,50,1,Forest Sauvage,11,likely period: listed by Illia's bestiary in another zone
ghastly siabra,,NightSpawn,npc,0,13,200,Lough Derg,200,1.65-era: seen in this zone by CapnBry
Champion,,GameGuard,guard,3,255,200,Cruachan Gorge,211,1.65-era: seen by CapnBry (another zone)
Master Guardian,,GameGuard,guard,3,255,1,Hadrian's Wall,15,unverified: not in CapnBry for this zone
Lyngheid,,GameNPC,npc,2,51,100,Gotar,103,1.65-era: seen in this zone by CapnBry
Piper,Hastener,GameHastener,npc,1,32,2,Aylesbury,64,1.65-era: seen by CapnBry (another zone)
Fingal,Instrument Merchant,GameMerchant,npc,3,34,201,Tir na Nog,209,1.65-era: seen in this zone by CapnBry
Viking Huscarl,,GameGuard,guard,2,255,100,West Svealand,102,1.65-era: seen in this zone by CapnBry
Jessica,Weapon Merchant,GameMerchant,npc,1,50,51,Aldland,56,unverified: no CapnBry data for this zone
Master Neale,Infiltrator Trainer,Trainer.InfiltratorTrainer,npc,1,50,51,Aldland,56,unverified: no CapnBry data for this zone
Gungir,Healer,GameHealer,npc,2,51,101,Jordheim,120,1.65-era: seen in this zone by CapnBry
Stor Gothi Illdane,,MidgardSITeleporter,npc,2,50,151,Faraheim,154,unverified: not in CapnBry for this zone
Cotteltatan,Merchant,GameMerchant,npc,3,54,181,Vale of Balor,183,"likely period: listed in this zone by Illia's bestiary (2001-2010 data, may include later NPCs)"
Valkyrie Sentry,,GameGuard,guard,2,39,101,Jordheim,120,1.65-era: seen in this zone by CapnBry
Mistress Maitane,Minstrel Trainer,Trainer.MinstrelTrainer,npc,1,50,51,Aldland,56,"likely period: listed in this zone by Illia's bestiary (2001-2010 data, may include later NPCs)"
horse,,GameNPC,npc,1,51,1,Black Mtns. South,2,1.65-era: seen in this zone by CapnBry
Lady Treva Evasca,,GameNPC,npc,1,50,51,Isle of Glass,51,"likely period: listed in this zone by Illia's bestiary (2001-2010 data, may include later NPCs)"
Bowman Commander,,GameNPC,npc,1,255,1,Snowdonia,12,1.65-era: seen in this zone by CapnBry
Master of Runes,,GameGuard,guard,2,255,1,Hadrian's Wall,15,1.65-era: seen in this zone by CapnBry
Kinus,,GameNPC,npc,2,35,100,East Svealand,101,likely period: listed by Illia's bestiary in another zone
Veteran Guardsman,,GameGuard,guard,1,43,1,Camelot Hills,0,1.65-era: seen in this zone by CapnBry
Bard,,GameHastener,npc,3,50,201,Tir na Nog,209,1.65-era: seen in this zone by CapnBry
Arden,Instrument Merchant,GameMerchant,npc,1,50,51,Aldland,56,"likely period: listed in this zone by Illia's bestiary (2001-2010 data, may include later NPCs)"
Master Elementalist,,Scripts.OFAssistant,npc,1,100,100,Odin's Gate,115,Atlas / later: Atlas frontier medallion assistant
Zaucien,Vault Banker,GameNPC,npc,2,50,102,Frisia,121,unverified: no CapnBry data for this zone
Seoltoir,,Scripts.OFAssistant,npc,3,100,1,Hadrian's Wall,15,Atlas / later: Atlas frontier medallion assistant
Gilley Fletcher,Arrow Merchant,GameMerchant,npc,1,18,1,Black Mtns. South,2,1.65-era: seen in this zone by CapnBry
Ranger,,Keeps.GuardArcher,guard,3,52,200,Breifine,212,1.65-era: seen in this zone by CapnBry
Hrin,Dye Merchant,GameMerchant,npc,2,20,100,Gotar,103,1.65-era: seen in this zone by CapnBry
Master Guardian,,GameGuard,guard,3,255,1,Hadrian's Wall,15,unverified: not in CapnBry for this zone
Bowman Commander,,GameNPC,npc,1,255,1,Snowdonia,12,1.65-era: seen in this zone by CapnBry
Gonvan,Armorsmiths Master,ArmorCraftingMaster,npc,3,65,202,Kilcullen,218,unverified: no CapnBry data for this zone
Cynwise Thatcher,Dye Merchant,GameMerchant,npc,1,50,51,Avalon Isle,52,1.65-era: seen in this zone by CapnBry
Kohann,Stable Master,GameStableMaster,npc,3,50,202,Broughshane,274,unverified: no CapnBry data for this zone
Master of Runes,,GameGuard,guard,2,255,165,Cathal Valley,165,"likely period: listed in this zone by Illia's bestiary (2001-2010 data, may include later NPCs)"
Rhuz,Siege Merchant,GameMerchant,npc,1,1,1,Snowdonia,12,unverified: not in CapnBry for this zone
Hakan,Armor Merchant,GameMerchant,npc,2,50,101,Jordheim,120,1.65-era: seen in this zone by CapnBry
Peze,Reaver Trainer,Trainer.ReaverTrainer,npc,1,50,10,City of Camelot,26,1.65-era: seen in this zone by CapnBry
Atrilya,Valewalker Trainer,Trainer.ValewalkerTrainer,npc,3,50,200,Valley of Bri Leith,206,unverified: not in CapnBry for this zone
Bertie Dracon,,GameNPC,npc,1,52,1,Black Mtns. North,3,"likely period: listed in this zone by Illia's bestiary (2001-2010 data, may include later NPCs)"
Bryanna,Weapon Merchant,GameMerchant,npc,3,50,200,Shannon Estuary,202,1.65-era: seen in this zone by CapnBry
Naomhan,Weapon Merchant,GameMerchant,npc,3,35,200,Connacht,207,1.65-era: seen in this zone by CapnBry
Thoaven,Weaponsmiths Master,WeaponCraftingMaster,npc,3,69,202,Torrylin,217,unverified: no CapnBry data for this zone
Curcyn,Vault Banker,GameNPC,npc,3,50,202,Aberillan,225,unverified: no CapnBry data for this zone
Nelanna,Armorsmiths Master,ArmorCraftingMaster,npc,2,65,102,Carlingford,118,unverified: no CapnBry data for this zone
Master of Runes,,GameGuard,guard,2,255,1,Hadrian's Wall,15,1.65-era: seen in this zone by CapnBry
Gothi of Odin,,Scripts.OFAssistant,npc,2,100,200,Emain Macha,214,Atlas / later: Atlas frontier medallion assistant
Liam,Arrow Merchant,GameMerchant,npc,3,50,200,Bog of Cullen,205,"likely period: listed in this zone by Illia's bestiary (2001-2010 data, may include later NPCs)"
Isrod,Merchant,GameMerchant,npc,2,21,151,Aegir's Landing,151,1.65-era: seen in this zone by CapnBry
Bowman Commander,,GameNPC,npc,1,255,1,Snowdonia,12,1.65-era: seen in this zone by CapnBry
Timmo,,GameNPC,npc,1,17,1,Black Mtns. North,3,"likely period: listed in this zone by Illia's bestiary (2001-2010 data, may include later NPCs)"
Nob the Stableboy,,GameNPC,npc,1,4,1,Camelot Hills,0,1.65-era: seen in this zone by CapnBry
Pireda,Armor Merchant,GameMerchant,npc,2,50,100,East Svealand,101,1.65-era: seen in this zone by CapnBry
Guardian Sergeant,,GameGuard,guard,1,44,1,Cornwall,6,1.65-era: seen in this zone by CapnBry
Viking Huscarl,,GameGuard,guard,2,255,200,Emain Macha,214,1.65-era: seen in this zone by CapnBry
Woodsman,,GameGuard,guard,1,21,1,Campacorentin Forest,8,1.65-era: seen in this zone by CapnBry
Young Elementalist,Visurs Apprentice,Scripts.InlandTeleporter,npc,1,55,1,Forest Sauvage,11,teleporter (not 1.65; listed separately)
Chieftain Ailinne,,Keeps.GuardLord,guard,3,63,200,Cruachan Gorge,211,unverified: no CapnBry data for this zone
Landon Huntington,,GameNPC,npc,1,9,1,Salisbury Plains,1,1.65-era: seen in this zone by CapnBry
Master of Runes,,GameGuard,guard,2,255,165,Cathal Valley,165,"likely period: listed in this zone by Illia's bestiary (2001-2010 data, may include later NPCs)"
Tiarnan,,GameNPC,npc,3,40,201,Tir na Nog,209,1.65-era: seen in this zone by CapnBry
Borlai,Poison Merchant,GameMerchant,npc,3,35,200,Lough Derg,200,1.65-era: seen in this zone by CapnBry
Nona,Poison Merchant,GameMerchant,npc,3,35,201,Tir na Nog,209,1.65-era: seen in this zone by CapnBry
Finghin,Armor Merchant,GameMerchant,npc,3,50,200,Bog of Cullen,205,"likely period: listed in this zone by Illia's bestiary (2001-2010 data, may include later NPCs)"
Huscarl Commander,,Keeps.GuardCommander,guard,2,70,100,Uppland,111,unverified: not in CapnBry for this zone
faerie frog,,DaySpawn,npc,0,28,1,Snowdonia,12,"likely period: listed in this zone by Illia's bestiary (2001-2010 data, may include later NPCs)"
Dyemaster Kael,Dye Merchant,GameMerchant,npc,1,16,10,City of Camelot,26,1.65-era: seen in this zone by CapnBry
Hastener,,GameHastener,npc,0,100,200,Emain Macha,214,1.65-era: seen in this zone by CapnBry
horse,,GameNPC,npc,1,55,2,Aylesbury,64,1.65-era: seen by CapnBry (another zone)
Lord Urqhart,Vault Keeper,GameVaultKeeper,npc,1,50,10,City of Camelot,26,1.65-era: seen in this zone by CapnBry
Fastlane's Apprentice,Smith,Blacksmith,npc,0,1,165,Cathal Valley,165,unverified: no CapnBry data for this zone
Viking Huscarl,,GameNPC,npc,2,50,100,West Svealand,102,1.65-era: seen in this zone by CapnBry
Keagan,Vault Banker,GameNPC,npc,3,50,202,Saeranthal,219,1.65-era: seen by CapnBry (another zone)
Zalerik,Berserker Trainer,Trainer.BerserkerTrainer,npc,2,40,100,Myrkwood Forest,105,"likely period: listed in this zone by Illia's bestiary (2001-2010 data, may include later NPCs)"
Olorustos,,GameNPC,npc,1,1,1,Campacorentin Forest,8,"likely period: listed in this zone by Illia's bestiary (2001-2010 data, may include later NPCs)"
Magess Caryl,Sorcerer Trainer,Trainer.SorcererTrainer,npc,1,50,51,Aldland,56,"likely period: listed in this zone by Illia's bestiary (2001-2010 data, may include later NPCs)"
Donnchadh,,GameNPC,npc,3,51,200,Lough Gur,204,"likely period: listed in this zone by Illia's bestiary (2001-2010 data, may include later NPCs)"
Veteran Guardsman,,GameGuard,guard,1,50,1,Camelot Hills,0,1.65-era: seen in this zone by CapnBry
Davania,Alchemists Master,GameNPC,npc,3,65,202,Torrylin,217,unverified: no CapnBry data for this zone
Kint,,GameNPC,npc,1,50,2,Chiltern,260,unverified: no CapnBry data for this zone
Tyna Blade,,GameNPC,npc,1,50,1,Avalon Marsh,9,1.65-era: seen in this zone by CapnBry
Champion,,GameGuard,guard,3,255,200,Cruachan Gorge,211,1.65-era: seen by CapnBry (another zone)
Alchemist apprentice,Merchant,GameMerchant,npc,2,50,102,Carlingford,118,unverified: no CapnBry data for this zone
Huscarl,,Keeps.GuardFighter,guard,2,70,100,Uppland,111,1.65-era: seen by CapnBry (another zone)
stabled horse,,GameNPC,npc,3,55,201,Tir na Nog,209,unverified: not in CapnBry for this zone
ambient rat,,GameNPC,npc,0,1,200,Lough Derg,200,unverified: not in CapnBry for this zone
Piaras,,GameNPC,npc,3,53,200,Silvermine Mts.,201,1.65-era: seen in this zone by CapnBry
ambient pixie,,GameNPC,npc,3,1,200,Silvermine Mts.,201,unverified: not in CapnBry for this zone
Seoltoir,,Scripts.OFAssistant,npc,3,100,100,Odin's Gate,115,Atlas / later: Atlas frontier medallion assistant
Blanchefleur,Vault Keeper,GameVaultKeeper,npc,3,50,200,Lough Gur,204,"likely period: listed in this zone by Illia's bestiary (2001-2010 data, may include later NPCs)"
Master Ranger,,GameGuard,guard,3,255,200,Connacht,207,1.65-era: seen in this zone by CapnBry
Maren,Vault Banker,GameNPC,npc,2,50,102,Arothi,117,unverified: no CapnBry data for this zone
ambient pixie,,GameNPC,npc,3,1,201,Tir na Nog,209,unverified: not in CapnBry for this zone
Master Eldritch,,GameGuard,guard,3,255,100,Odin's Gate,115,1.65-era: seen by CapnBry (another zone)
ambient pixie,,GameNPC,npc,3,1,200,Silvermine Mts.,201,unverified: not in CapnBry for this zone
Feren Erimen,Bows Merchant,GameMerchant,npc,1,40,1,Black Mtns. South,2,"likely period: listed in this zone by Illia's bestiary (2001-2010 data, may include later NPCs)"
Sentinel Thoma,,GameGuard,guard,3,50,201,Tir na Nog,209,unverified: not in CapnBry for this zone
Lucida,Spellcrafters Master,GameNPC,npc,1,65,2,Aylesbury,64,unverified: no CapnBry data for this zone
Channeler Glasny,Teleporter,Scripts.LiveTeleporter,npc,3,60,181,Caillte Garran,182,teleporter (not 1.65; listed separately)
Labhaoise,,GameNPC,npc,3,45,201,Tir na Nog,209,1.65-era: seen in this zone by CapnBry
Anguysh,Merchant,GameNPC,npc,1,50,2,Rilan,17,unverified: not in CapnBry for this zone
Llala,Arrow Merchant,GameMerchant,npc,3,35,335,Hibernia Event,335,likely period: listed by Illia's bestiary in another zone
Sir Gwyn,,GameNPC,npc,1,52,1,Snowdonia,12,1.65-era: seen in this zone by CapnBry
Dannen,,GameNPC,npc,1,55,1,Dartmoor,4,"likely period: listed in this zone by Illia's bestiary (2001-2010 data, may include later NPCs)"
Drunk Man,,GameNPC,npc,1,1,1,Camelot Hills,0,unverified: not in CapnBry for this zone
Sentinel,,GameGuard,guard,3,45,200,Cliffs of Moher,203,1.65-era: seen by CapnBry (another zone)
Troll Flayer,,GameGuard,guard,2,30,100,Gotar,103,1.65-era: seen in this zone by CapnBry
Cristin,Armor Merchant,GameMerchant,npc,3,50,200,Connacht,207,"likely period: listed in this zone by Illia's bestiary (2001-2010 data, may include later NPCs)"
Master Eldritch,,GameGuard,guard,3,255,100,Odin's Gate,115,1.65-era: seen by CapnBry (another zone)
gray spectre,,NightSpawn,npc,0,24,200,Cruachan Gorge,211,"likely period: listed in this zone by Illia's bestiary (2001-2010 data, may include later NPCs)"
Barkeep Prugar,,GameNPC,npc,2,15,101,Jordheim,120,1.65-era: seen in this zone by CapnBry
Sir Benitt,,GameNPC,npc,1,50,1,Forest Sauvage,11,1.65-era: seen in this zone by CapnBry
Master Armsman,,GameGuard,guard,1,255,165,Cathal Valley,165,unverified: no CapnBry data for this zone
ambient pixie,,GameNPC,npc,3,1,200,Connacht,207,unverified: not in CapnBry for this zone
Viking Dreng,,GameNPC,npc,2,41,100,Vale of Mularn,100,1.65-era: seen in this zone by CapnBry
Pallig Thorrison,Stable Master,GameStableMaster,npc,2,41,151,Aegir's Landing,151,1.65-era: seen in this zone by CapnBry
ambient pixie,,GameNPC,npc,3,1,200,Lough Derg,200,unverified: not in CapnBry for this zone
Gwierb,Tailors Master,GameNPC,npc,2,65,102,Nittedal,267,unverified: no CapnBry data for this zone
Master Odon,Rogue Trainer,Trainer.RogueTrainer,npc,1,50,1,Black Mtns. South,2,1.65-era: seen in this zone by CapnBry
Geofram Hael,Armor Merchant,GameMerchant,npc,1,50,1,Avalon Marsh,9,"likely period: listed in this zone by Illia's bestiary (2001-2010 data, may include later NPCs)"
Gris,Smith,Blacksmith,npc,2,50,101,Jordheim,120,1.65-era: seen in this zone by CapnBry
Dyemaker Bal,Dye Merchant,GameMerchant,npc,1,40,1,Black Mtns. South,2,"likely period: listed in this zone by Illia's bestiary (2001-2010 data, may include later NPCs)"
Master Visur,Teleporter,Scripts.LiveTeleporter,npc,1,75,1,Black Mtns. South,2,teleporter (not 1.65; listed separately)
Delg,Weapon Merchant,GameMerchant,npc,2,50,100,East Svealand,101,1.65-era: seen in this zone by CapnBry
Ffhionbarr,Guild Emblemeer,EmblemNPC,npc,3,52,335,Hibernia Event,335,1.65-era: seen by CapnBry (another zone)
wind ghoul,,NightSpawn,npc,0,7,200,Connacht,207,1.65-era: seen in this zone by CapnBry
Knight Commander,,GameNPC,npc,1,255,1,Forest Sauvage,11,1.65-era: seen in this zone by CapnBry
Woodsman,,GameGuard,guard,1,19,1,Black Mtns. South,2,"likely period: listed in this zone by Illia's bestiary (2001-2010 data, may include later NPCs)"
Bruna,Instrument Merchant,GameMerchant,npc,1,22,1,Avalon Marsh,9,"likely period: listed in this zone by Illia's bestiary (2001-2010 data, may include later NPCs)"
Sentry Thuger,,GameGuard,guard,2,35,100,Myrkwood Forest,105,"likely period: listed in this zone by Illia's bestiary (2001-2010 data, may include later NPCs)"
Gothi of Odin,,Scripts.OFAssistant,npc,2,100,100,Uppland,111,Atlas / later: Atlas frontier medallion assistant
faerie frog,,DaySpawn,npc,0,28,1,Snowdonia,12,"likely period: listed in this zone by Illia's bestiary (2001-2010 data, may include later NPCs)"
Gordin Tuhan,Smith,Blacksmith,npc,2,40,100,Vale of Mularn,100,1.65-era: seen in this zone by CapnBry
ambient boar,,GameNPC,npc,2,5,101,Jordheim,120,unverified: not in CapnBry for this zone
Market Explorer,,MarketExplorer,npc,3,50,202,Meath,213,"Atlas / later: Market Explorer (housing consignment search, post-1.65 / Atlas)"
Brother Sterlyn,Friar Trainer,Trainer.FriarTrainer,npc,1,50,10,City of Camelot,26,1.65-era: seen in this zone by CapnBry
Keep Sentinel,,GameNPC,npc,3,255,200,Valley of Bri Leith,206,1.65-era: seen by CapnBry (another zone)
horse,,GameNPC,npc,1,55,1,Avalon Marsh,9,1.65-era: seen in this zone by CapnBry
Viking Archer,,GameNPC,npc,2,95,100,Uppland,111,1.65-era: seen in this zone by CapnBry
Huscarl,,Keeps.GuardFighter,guard,2,37,165,Cathal Valley,165,1.65-era: seen by CapnBry (another zone)
Viking Huscarl,,GameGuard,guard,2,255,100,Uppland,111,1.65-era: seen in this zone by CapnBry
Alanna,,GameNPC,npc,3,55,181,Vigilant Rock,186,"likely period: listed in this zone by Illia's bestiary (2001-2010 data, may include later NPCs)"
Master Elementalist,,Scripts.OFAssistant,npc,1,100,1,Forest Sauvage,11,Atlas / later: Atlas frontier medallion assistant
Master Eldritch,,GameGuard,guard,3,255,100,Odin's Gate,115,1.65-era: seen by CapnBry (another zone)
ambient pixie,,GameNPC,npc,3,1,200,Lough Derg,200,unverified: not in CapnBry for this zone
Tathan,Armor Merchant,GameMerchant,npc,1,50,1,Avalon Marsh,9,"likely period: listed in this zone by Illia's bestiary (2001-2010 data, may include later NPCs)"
Armswoman,,Keeps.GuardFighter,guard,1,57,100,Yggdra Forest,112,1.65-era: seen by CapnBry (another zone)
Takker,Arrow Merchant,GameMerchant,npc,0,50,27,Lamfhota's Sound,29,1.65-era: seen by CapnBry (another zone)
Sentinel,,GameGuard,guard,3,50,200,Connacht,207,1.65-era: seen in this zone by CapnBry
Guardian,,GameGuard,guard,3,50,200,Connacht,207,1.65-era: seen in this zone by CapnBry
ambient pixie,,GameNPC,npc,3,1,200,Lough Derg,200,unverified: not in CapnBry for this zone
Aery,,GameNPC,npc,1,1,1,Camelot Hills,0,unverified: not in CapnBry for this zone
Sir Lukas,Emissary of the King,GameNPC,npc,1,55,1,Black Mtns. South,2,added by this project (excluded)
Scout,,GameNPC,npc,1,45,1,Black Mtns. North,3,1.65-era: seen by CapnBry (another zone)
Khizil,,GameNPC,npc,2,55,100,Muspelheim,104,likely period: listed by Illia's bestiary in another zone
Nyderra,,GameNPC,npc,3,23,200,Connacht,207,1.65-era: seen in this zone by CapnBry
Lavena,Weapon Merchant,GameMerchant,npc,3,36,200,Lough Derg,200,1.65-era: seen in this zone by CapnBry
Guardsman,,GameGuard,guard,1,30,10,City of Camelot,26,1.65-era: seen in this zone by CapnBry
Guardian,,Keeps.GuardFighter,guard,3,52,200,Breifine,212,1.65-era: seen in this zone by CapnBry
Wina Wyman,Weapon Merchant,GameMerchant,npc,1,1,1,Avalon Marsh,9,1.65-era: seen in this zone by CapnBry
Master Gerol,Healer,GameHealer,npc,1,75,1,Salisbury Plains,1,1.65-era: seen in this zone by CapnBry
Guardian,PWNOGRAPHY,Keeps.GuardFighter,guard,3,59,200,Cruachan Gorge,211,1.65-era: seen by CapnBry (another zone)
Midgard Decorator,Merchant,GameMerchant,npc,2,40,102,Holmestrand,266,unverified: no CapnBry data for this zone
Wovo,Emerald Armor Merchant,GameEmeraldSealsMerchant,npc,3,38,249,Darkness Falls,249,"Atlas / later: Seals merchant (Darkness Rising era, used by Atlas)"
ambient pixie,,GameNPC,npc,3,1,201,Tir na Nog,209,unverified: not in CapnBry for this zone
Veteran Guardsman,,GameGuard,guard,1,40,10,City of Camelot,26,1.65-era: seen in this zone by CapnBry
Hudi,,GameNPC,npc,2,50,102,Carlingford,118,unverified: no CapnBry data for this zone
Piper,Hastener,GameHastener,npc,1,30,2,Caerwent,13,1.65-era: seen in this zone by CapnBry
Sir Lukas,Emissary of the King,GameNPC,npc,1,55,10,City of Camelot,26,added by this project (excluded)
Morgen,Armor Merchant,GameMerchant,npc,2,50,101,Jordheim,120,1.65-era: seen in this zone by CapnBry
Chieftain Guard,,GameGuard,guard,2,50,101,Jordheim,120,1.65-era: seen in this zone by CapnBry
Adair,Magician Trainer,Trainer.MagicianTrainer,npc,3,40,200,Silvermine Mts.,201,1.65-era: seen in this zone by CapnBry
Omis,,GameNPC,npc,1,8,1,Black Mtns. North,3,1.65-era: seen in this zone by CapnBry
Keep Sentinel,,GameGuard,guard,2,255,100,Uppland,111,1.65-era: seen in this zone by CapnBry
Lyrist,Hastener,GameHastener,npc,3,30,202,Aberillan,225,unverified: no CapnBry data for this zone
Market Explorer,,MarketExplorer,npc,3,50,202,Broughshane,274,"Atlas / later: Market Explorer (housing consignment search, post-1.65 / Atlas)"
Captain Prahlion,Armsman Trainer,Trainer.ArmsmanTrainer,npc,1,50,1,Avalon Marsh,9,1.65-era: seen in this zone by CapnBry
Brynn,Weapon Merchant,GameMerchant,npc,3,35,200,Valley of Bri Leith,206,"likely period: listed in this zone by Illia's bestiary (2001-2010 data, may include later NPCs)"
Master Enchanter,,Scripts.OFAssistant,npc,3,100,200,Connacht,207,Atlas / later: Atlas frontier medallion assistant
Khelad,Warrior Trainer,Trainer.WarriorTrainer,npc,2,40,100,Myrkwood Forest,105,"likely period: listed in this zone by Illia's bestiary (2001-2010 data, may include later NPCs)"
Percor,Weaponsmiths Master,WeaponCraftingMaster,npc,1,72,2,Aylesbury,64,unverified: no CapnBry data for this zone
Sleria,Instrument Merchant,GameMerchant,npc,1,42,1,Campacorentin Forest,8,"likely period: listed in this zone by Illia's bestiary (2001-2010 data, may include later NPCs)"
Sentinel,,GameGuard,guard,3,53,200,Connacht,207,1.65-era: seen in this zone by CapnBry
Keep Sentinel,,GameNPC,npc,3,255,200,Connacht,207,1.65-era: seen by CapnBry (another zone)
Master Armsman,,GameGuard,guard,1,255,165,Cathal Valley,165,unverified: no CapnBry data for this zone
Sentinel,,GameGuard,guard,3,54,200,Lough Derg,200,1.65-era: seen in this zone by CapnBry
Yasminea Darden,,GameNPC,npc,1,54,1,Black Mtns. South,2,1.65-era: seen in this zone by CapnBry
Knight Commander,,GameGuard,guard,1,255,1,Snowdonia,12,"likely period: listed in this zone by Illia's bestiary (2001-2010 data, may include later NPCs)"
Kynlas,Weaponsmiths Master,WeaponCraftingMaster,npc,1,65,2,Old Sarum,16,unverified: no CapnBry data for this zone
Knight Commander,,GameNPC,npc,1,255,200,Emain Macha,214,1.65-era: seen in this zone by CapnBry
Frontier Assistant,Necklace Vendor,Scripts.OFMerchantHome,npc,2,75,1,Hadrian's Wall,15,Atlas / later: Atlas frontier medallion merchant
Seran,,GameNPC,npc,3,60,202,Meath,213,unverified: no CapnBry data for this zone
Conleth Cuagain,,GameNPC,npc,3,39,201,Tir na Nog,209,1.65-era: seen in this zone by CapnBry
Cordelia,Champion Trainer,Trainer.ChampionTrainer,npc,3,50,200,Shannon Estuary,202,1.65-era: seen in this zone by CapnBry
Gamel Platfoot,,GameNPC,npc,1,1,10,City of Camelot,26,1.65-era: seen in this zone by CapnBry
Addrercyn,Merchant,GameMerchant,npc,3,50,202,Saeranthal,219,unverified: no CapnBry data for this zone
Mori Godric,Armor Merchant,GameMerchant,npc,1,1,10,City of Camelot,26,1.65-era: seen in this zone by CapnBry
Troll Guard,,GameGuard,guard,2,54,151,Gripklosa Mountains,152,1.65-era: seen in this zone by CapnBry
Anice,Armor Merchant,GameMerchant,npc,3,36,200,Lough Derg,200,1.65-era: seen in this zone by CapnBry
Brother Sabutai,Healer,GameNPC,npc,1,40,1,Black Mtns. South,2,"likely period: listed in this zone by Illia's bestiary (2001-2010 data, may include later NPCs)"
Albion Weapons,Item Merchant,GameMerchant,npc,1,50,10,City of Camelot,26,unverified: not in CapnBry for this zone
Scout,,Keeps.GuardArcher,guard,1,52,1,Pennine Mountains,14,1.65-era: seen in this zone by CapnBry
Maranene Cuille,Dye Merchant,GameMerchant,npc,3,50,181,Domnann,181,"likely period: listed in this zone by Illia's bestiary (2001-2010 data, may include later NPCs)"
Yvette,,GameNPC,npc,2,42,151,Gripklosa Mountains,152,1.65-era: seen in this zone by CapnBry
Armswoman,,Keeps.GuardFighter,guard,1,28,252,Thidranki,252,1.65-era: seen by CapnBry (another zone)
Guardian,,Keeps.GuardFighter,guard,3,52,200,Cruachan Gorge,211,1.65-era: seen by CapnBry (another zone)
Pater,Weapon Merchant,GameMerchant,npc,2,50,100,East Svealand,101,1.65-era: seen in this zone by CapnBry
Guardian,,Keeps.GuardFighter,guard,3,52,200,Breifine,212,1.65-era: seen in this zone by CapnBry
Seoltoir,,Scripts.OFAssistant,npc,3,100,100,Odin's Gate,115,Atlas / later: Atlas frontier medallion assistant
Gwystad,Vault Banker,GameNPC,npc,1,50,2,Old Sarum,16,unverified: no CapnBry data for this zone
Bec,Shaman Trainer,Trainer.ShamanTrainer,npc,2,50,100,Myrkwood Forest,105,1.65-era: seen in this zone by CapnBry
Hephas Elgen,Weaponsmiths Master,WeaponCraftingMaster,npc,1,70,10,City of Camelot,26,1.65-era: seen in this zone by CapnBry
horse,,GameNPC,npc,1,55,1,Black Mtns. North,3,1.65-era: seen by CapnBry (another zone)
deamhan aeir,,NightSpawn,npc,0,37,200,Lough Gur,204,"likely period: listed in this zone by Illia's bestiary (2001-2010 data, may include later NPCs)"
veteran guard,,GameGuard,guard,1,40,1,Black Mtns. South,2,1.65-era: seen in this zone by CapnBry
Gillenyl,,GameNPC,npc,3,55,202,Moycullen,273,unverified: no CapnBry data for this zone
Viking Dreng,,GameNPC,npc,2,22,100,East Svealand,101,1.65-era: seen in this zone by CapnBry
Kan,Smith,Blacksmith,npc,1,55,1,Dartmoor,4,"likely period: listed in this zone by Illia's bestiary (2001-2010 data, may include later NPCs)"
Brelldwr,Merchant,GameMerchant,npc,1,50,2,Stoneleigh,262,unverified: no CapnBry data for this zone
Blyanche,Healer,GameHealer,npc,3,50,200,Lough Gur,204,"likely period: listed in this zone by Illia's bestiary (2001-2010 data, may include later NPCs)"
Ylaine Barrett,Merchant,GameMerchant,npc,1,50,51,Isle of Glass,51,1.65-era: seen in this zone by CapnBry
Knight Commander,,GameNPC,npc,1,255,1,Snowdonia,12,"likely period: listed in this zone by Illia's bestiary (2001-2010 data, may include later NPCs)"
Viking Huscarl,,GameGuard,guard,2,255,1,Hadrian's Wall,15,1.65-era: seen in this zone by CapnBry
Kiana,,GameNPC,npc,3,25,200,Connacht,207,1.65-era: seen in this zone by CapnBry
Master Eldritch,,GameGuard,guard,3,255,100,Odin's Gate,115,1.65-era: seen by CapnBry (another zone)
Bowman Commander,,GameGuard,guard,1,255,165,Cathal Valley,165,"likely period: listed in this zone by Illia's bestiary (2001-2010 data, may include later NPCs)"
Josh,Merchant,GameMerchant,npc,1,50,2,Dalton,18,unverified: no CapnBry data for this zone
Bloellyn,Alchemists Master,GameNPC,npc,1,65,2,Sherborne,261,unverified: no CapnBry data for this zone
Master Ranger,,GameGuard,guard,3,255,165,Cathal Valley,165,1.65-era: seen by CapnBry (another zone)
Malin Cullan,Weapon Merchant,GameMerchant,npc,1,1,1,Campacorentin Forest,8,"likely period: listed in this zone by Illia's bestiary (2001-2010 data, may include later NPCs)"
Troll Flayer,,GameGuard,guard,2,30,100,Myrkwood Forest,105,1.65-era: seen in this zone by CapnBry
Ivara,Weapon Merchant,GameMerchant,npc,2,50,100,West Svealand,102,1.65-era: seen in this zone by CapnBry
Master Eldritch,,GameGuard,guard,3,255,200,Valley of Bri Leith,206,1.65-era: seen by CapnBry (another zone)
Lyrist,Hastener,GameHastener,npc,3,30,202,Aberillan,225,unverified: no CapnBry data for this zone
Rulongja,Dye Merchant,GameMerchant,npc,2,20,100,Vale of Mularn,100,1.65-era: seen in this zone by CapnBry
Sentinel,,GameGuard,guard,3,54,200,Silvermine Mts.,201,1.65-era: seen in this zone by CapnBry
Viking Archer,,GameGuard,guard,2,255,165,Cathal Valley,165,1.65-era: seen by CapnBry (another zone)
Viking Huscarl,,GameGuard,guard,2,255,100,West Svealand,102,1.65-era: seen in this zone by CapnBry
Knight Commander,,GameGuard,guard,1,255,1,Snowdonia,12,"likely period: listed in this zone by Illia's bestiary (2001-2010 data, may include later NPCs)"
Maela,Stable Master,GameStableMaster,npc,1,50,2,Old Sarum,16,unverified: no CapnBry data for this zone
Arthur,,GameNPC,npc,1,75,130,Stygian Delta,138,unverified: no CapnBry data for this zone
Intoner,Hastener,GameHastener,npc,2,30,102,Stavgaard,268,1.65-era: seen by CapnBry (another zone)
Master of Runes,,GameNPC,npc,2,255,100,Uppland,111,1.65-era: seen in this zone by CapnBry
Pethos,Stable Master,GameStableMaster,npc,1,4,1,Cornwall,6,1.65-era: seen in this zone by CapnBry
Jerendalind,Spellcrafters Master,GameNPC,npc,1,65,2,Brisworthy,20,unverified: no CapnBry data for this zone
Eloredru,Merchant,GameBountyMerchant,npc,3,50,181,Domnann,181,"likely period: listed in this zone by Illia's bestiary (2001-2010 data, may include later NPCs)"
Master Ranger,,GameGuard,guard,3,255,200,Connacht,207,1.65-era: seen in this zone by CapnBry
Knight Commander,,GameGuard,guard,1,255,200,Emain Macha,214,1.65-era: seen in this zone by CapnBry
Commander,,GameNPC,npc,1,50,1,Black Mtns. South,2,1.65-era: seen in this zone by CapnBry
Dane,Shaman Trainer,Trainer.ShamanTrainer,npc,2,50,101,Jordheim,120,1.65-era: seen in this zone by CapnBry
Coventina Bordin,Merchant,GameMerchant,npc,1,1,10,City of Camelot,26,1.65-era: seen in this zone by CapnBry
Skald of Midgard,Hastener,GameHastener,npc,2,50,151,Munin Sound,155,likely period: listed by Illia's bestiary in another zone
Hunter,,Keeps.GuardArcher,guard,2,37,165,Cathal Valley,165,1.65-era: seen by CapnBry (another zone)
Gothi of Odin,,Scripts.OFAssistant,npc,2,100,1,Hadrian's Wall,15,Atlas / later: Atlas frontier medallion assistant
Knight Commander,,GameNPC,npc,1,255,100,Odin's Gate,115,1.65-era: seen in this zone by CapnBry
Elwyn,Weapon Merchant,GameMerchant,npc,1,40,1,Black Mtns. North,3,1.65-era: seen in this zone by CapnBry
Grainne,Merchant,GameBountyMerchant,npc,3,1,201,Tir na Nog,209,1.65-era: seen in this zone by CapnBry
Chelseigh Stilman,,GameNPC,npc,1,60,10,City of Camelot,26,1.65-era: seen in this zone by CapnBry
Master of Runes,,GameGuard,guard,2,255,200,Emain Macha,214,1.65-era: seen in this zone by CapnBry
Melannon,Poison Merchant,GameMerchant,npc,1,9,1,Forest Sauvage,11,1.65-era: seen in this zone by CapnBry
Apprentice Taxidermist,,GameNPC,npc,1,35,2,Brisworthy,20,unverified: no CapnBry data for this zone
Ethennaay,Vault Banker,GameNPC,npc,2,50,102,Nittedal,267,unverified: no CapnBry data for this zone
Fessre,Vault Banker,GameNPC,npc,1,55,2,Stoneleigh,262,unverified: no CapnBry data for this zone
Champion,,GameGuard,guard,3,255,200,Connacht,207,1.65-era: seen by CapnBry (another zone)
Viking Dreng,,GameGuard,guard,2,50,100,Vale of Mularn,100,1.65-era: seen in this zone by CapnBry
Midgard Decorator,Merchant,GameMerchant,npc,2,42,102,Carlingford,118,unverified: no CapnBry data for this zone
Bernt,,GameNPC,npc,2,50,151,Aegir's Landing,151,1.65-era: seen in this zone by CapnBry
Stor Gothi Gorrendr,,GameNPC,npc,2,60,102,Stavgaard,268,unverified: no CapnBry data for this zone
Eugene Aldar,,GameNPC,npc,1,45,1,Cornwall,6,1.65-era: seen in this zone by CapnBry
Alchemist apprentice,Merchant,GameMerchant,npc,1,52,2,Caerwent,13,unverified: not in CapnBry for this zone
Laen,Fletchers Master,FletchingMaster,npc,3,65,202,Aberillan,225,unverified: no CapnBry data for this zone
Emhyr,Weapon Merchant,GameMerchant,npc,3,35,200,Bog of Cullen,205,"likely period: listed in this zone by Illia's bestiary (2001-2010 data, may include later NPCs)"
Master Ranger,,GameGuard,guard,3,255,165,Cathal Valley,165,1.65-era: seen by CapnBry (another zone)
Chief Bran Llyr,,GameNPC,npc,3,55,200,Lough Gur,204,"likely period: listed in this zone by Illia's bestiary (2001-2010 data, may include later NPCs)"
Krip,Armor Merchant,GameMerchant,npc,2,50,100,East Svealand,101,1.65-era: seen in this zone by CapnBry
Viking Huscarl,,GameGuard,guard,2,255,165,Cathal Valley,165,1.65-era: seen by CapnBry (another zone)
Ulf,Enchanter,Enchanter,npc,2,50,100,East Svealand,101,1.65-era: seen in this zone by CapnBry
Master of Runes,,GameNPC,npc,2,255,100,West Svealand,102,1.65-era: seen in this zone by CapnBry
Master of Runes,,GameGuard,guard,2,255,165,Cathal Valley,165,"likely period: listed in this zone by Illia's bestiary (2001-2010 data, may include later NPCs)"
Veteran Guardsman,,GameGuard,guard,1,41,10,City of Camelot,26,1.65-era: seen in this zone by CapnBry
Keep Sentinel,,GameGuard,guard,3,90,200,Connacht,207,1.65-era: seen by CapnBry (another zone)
Digby,Shield Merchant,GameMerchant,npc,2,50,101,Jordheim,120,1.65-era: seen in this zone by CapnBry
Elven Summoner,,GameNPC,npc,3,255,235,The Lions Den,235,unverified: no CapnBry data for this zone
swarm of flies,,GameNPC,npc,3,0,201,Tir na Nog,209,likely period: listed by Illia's bestiary in another zone
ambient pixie,,GameNPC,npc,3,1,201,Tir na Nog,209,unverified: not in CapnBry for this zone
Owic,Stable Master,GameStableMaster,npc,3,50,202,Aberillan,225,unverified: no CapnBry data for this zone
Channeler Glasny,Teleporter,Scripts.LiveTeleporter,npc,3,75,200,Silvermine Mts.,201,teleporter (not 1.65; listed separately)
Aberfa,Vault Banker,GameNPC,npc,1,50,2,Old Sarum,16,unverified: no CapnBry data for this zone
Master Wizard,,GameNPC,npc,1,255,165,Cathal Valley,165,"likely period: listed in this zone by Illia's bestiary (2001-2010 data, may include later NPCs)"
Knight Commander,,GameGuard,guard,1,255,200,Emain Macha,214,1.65-era: seen in this zone by CapnBry
a horse,,GameNPC,npc,2,1,101,Jordheim,120,unverified: not in CapnBry for this zone
Intoner,Hastener,GameHastener,npc,2,30,102,Wyndham,119,1.65-era: seen by CapnBry (another zone)
Daron,Weapon Merchant,GameMerchant,npc,3,50,200,Connacht,207,1.65-era: seen in this zone by CapnBry
Mimdall,Stable Master,GameStableMaster,npc,2,54,102,Holmestrand,266,unverified: no CapnBry data for this zone
Dunstan,Armorsmiths Master,ArmorCraftingMaster,npc,3,52,201,Tir na Nog,209,1.65-era: seen in this zone by CapnBry
Vers,Armor Merchant,GameMerchant,npc,2,50,100,Vale of Mularn,100,1.65-era: seen in this zone by CapnBry
Asta,Armor Merchant,GameMerchant,npc,2,50,100,Vale of Mularn,100,1.65-era: seen in this zone by CapnBry
Siegitan,Alchemists Master,AlchemistsMaster,npc,2,65,102,Holmestrand,266,unverified: no CapnBry data for this zone
Klag,Shield Merchant,GameMerchant,npc,2,20,100,Gotar,103,1.65-era: seen in this zone by CapnBry
Master Wizard,,GameNPC,npc,1,255,1,Snowdonia,12,1.65-era: seen in this zone by CapnBry
Guardian,,GameGuard,guard,3,50,200,Shannon Estuary,202,1.65-era: seen in this zone by CapnBry
Alchemist apprentice,Merchant,GameMerchant,npc,1,54,2,Stoneleigh,262,unverified: no CapnBry data for this zone
Carregda,,GameNPC,npc,3,30,202,Tullamore,272,unverified: no CapnBry data for this zone
Sela Gorgunsonn,Armor Merchant,GameMerchant,npc,2,55,151,Aegir's Landing,151,1.65-era: seen in this zone by CapnBry
Keep Sentinel,,GameNPC,npc,2,255,100,West Svealand,102,1.65-era: seen in this zone by CapnBry
Alchemist apprentice,Merchant,GameMerchant,npc,2,50,102,Kaupang,122,unverified: no CapnBry data for this zone
Master Guardian,,GameGuard,guard,3,255,100,Odin's Gate,115,unverified: not in CapnBry for this zone
Corlin,Vault Banker,GameNPC,npc,2,50,102,Arothi,117,unverified: no CapnBry data for this zone
Bork,,GameGuard,guard,2,50,100,West Svealand,102,1.65-era: seen in this zone by CapnBry
Piper,Hastener,GameHastener,npc,1,30,2,Aylesbury,64,1.65-era: seen by CapnBry (another zone)
Viking Huscarl,,GameNPC,npc,2,50,100,West Svealand,102,1.65-era: seen in this zone by CapnBry
Champion Commander,,Keeps.GuardCommander,guard,3,52,200,Breifine,212,1.65-era: seen in this zone by CapnBry
Master Guardian,,GameGuard,guard,3,255,100,Odin's Gate,115,unverified: not in CapnBry for this zone
Evie,,GameNPC,npc,3,16,200,Shannon Estuary,202,"likely period: listed in this zone by Illia's bestiary (2001-2010 data, may include later NPCs)"
Barkeep Banak,Merchant,GameMerchant,npc,2,15,101,Jordheim,120,1.65-era: seen in this zone by CapnBry
Knight Commander,,GameGuard,guard,1,255,200,Emain Macha,214,1.65-era: seen in this zone by CapnBry
Gerta,,GameNPC,npc,3,60,202,Kilcullen,218,unverified: no CapnBry data for this zone
Champion,,GameGuard,guard,3,255,234,The Proving Grounds,234,1.65-era: seen by CapnBry (another zone)
Luergor,Stable Master,GameStableMaster,npc,3,30,200,Cliffs of Moher,203,unverified: no CapnBry data for this zone
Graham Mal'toinia,,GameNPC,npc,1,41,1,Black Mtns. South,2,1.65-era: seen in this zone by CapnBry
Commander Jusen,,GameNPC,npc,1,47,1,Black Mtns. South,2,1.65-era: seen in this zone by CapnBry
Goraidh,,GameNPC,npc,3,49,200,Valley of Bri Leith,206,"likely period: listed in this zone by Illia's bestiary (2001-2010 data, may include later NPCs)"
Naid,,GameNPC,npc,2,41,151,Munin Sound,155,1.65-era: seen in this zone by CapnBry
druid,,GameNPC,npc,3,41,201,Tir na Nog,209,1.65-era: seen in this zone by CapnBry
Pethos,,GameNPC,npc,3,30,200,Cliffs of Moher,203,1.65-era: seen by CapnBry (another zone)
Catreena,Vault Banker,GameNPC,npc,3,54,202,Meath,213,unverified: no CapnBry data for this zone
Master Ranger,,GameGuard,guard,3,255,200,Valley of Bri Leith,206,1.65-era: seen by CapnBry (another zone)
Vaneta,Vault Banker,GameNPC,npc,3,50,202,Meath,213,unverified: no CapnBry data for this zone
zombie boar,,NightSpawn,npc,0,5,1,Camelot Hills,0,1.65-era: seen in this zone by CapnBry
Nainsi,Eldritch Trainer,Trainer.EldritchTrainer,npc,3,50,200,Shannon Estuary,202,1.65-era: seen in this zone by CapnBry
Hermione,Stable Master,GameStableMaster,npc,0,50,151,Modernagrav,158,1.65-era: seen in this zone by CapnBry
Melro,Healer,GameHealer,npc,3,35,200,Connacht,207,"likely period: listed in this zone by Illia's bestiary (2001-2010 data, may include later NPCs)"
Local Bard,,GameHastener,npc,3,50,200,Connacht,207,1.65-era: seen in this zone by CapnBry
Ierna,Weapon Merchant,GameMerchant,npc,3,35,200,Connacht,207,1.65-era: seen in this zone by CapnBry
Seoltoir,,Scripts.OFAssistant,npc,3,100,100,Odin's Gate,115,Atlas / later: Atlas frontier medallion assistant
Addreor,,GameNPC,npc,3,30,202,Saeranthal,219,unverified: no CapnBry data for this zone
Caren,Vault Banker,GameNPC,npc,3,50,202,Dunshire,215,unverified: no CapnBry data for this zone
Ydenia Philpott,Instrument Merchant,GameMerchant,npc,1,40,1,Camelot Hills,0,1.65-era: seen in this zone by CapnBry
Armswoman,,Keeps.GuardFighter,guard,1,52,1,Hadrian's Wall,15,"likely period: listed in this zone by Illia's bestiary (2001-2010 data, may include later NPCs)"
Anderrson,,GameGuard,guard,2,45,100,Uppland,111,1.65-era: seen in this zone by CapnBry
Chad Denisc,Shield Merchant,GameMerchant,npc,1,8,1,Black Mtns. South,2,1.65-era: seen in this zone by CapnBry
Captain Ryder,,GameNPC,npc,1,50,1,Black Mtns. South,2,"likely period: listed in this zone by Illia's bestiary (2001-2010 data, may include later NPCs)"
horse,,GameNPC,npc,2,55,102,Nittedal,267,1.65-era: seen by CapnBry (another zone)
Sentinel,,GameGuard,guard,3,50,200,Connacht,207,1.65-era: seen in this zone by CapnBry
horse,,GameNPC,npc,2,55,102,Wyndham,119,1.65-era: seen by CapnBry (another zone)
Edern,Weapon Merchant,GameMerchant,npc,1,32,1,Cornwall,6,1.65-era: seen in this zone by CapnBry
Guardian,,GameGuard,guard,3,40,201,Tir na Nog,209,1.65-era: seen in this zone by CapnBry
Maddie,Merchant,GameMerchant,npc,3,50,181,Caillte Garran,182,"likely period: listed in this zone by Illia's bestiary (2001-2010 data, may include later NPCs)"
Idonna,Vault Keeper,GameVaultKeeper,npc,2,50,100,Myrkwood Forest,105,"likely period: listed in this zone by Illia's bestiary (2001-2010 data, may include later NPCs)"
Sentry,,GameGuard,guard,2,50,101,Jordheim,120,1.65-era: seen in this zone by CapnBry
Beyan Clune,,GameNPC,npc,3,40,201,Tir na Nog,209,unverified: not in CapnBry for this zone
Master Wizard,,GameNPC,npc,1,255,1,Snowdonia,12,1.65-era: seen in this zone by CapnBry
Armsman,,Keeps.GuardFighter,guard,1,70,1,Snowdonia,12,1.65-era: seen by CapnBry (another zone)
Vadolanna,Merchant,GameMerchant,npc,3,50,202,Moycullen,273,unverified: no CapnBry data for this zone
Master Wizard,,GameNPC,npc,1,255,1,Snowdonia,12,1.65-era: seen in this zone by CapnBry
Master Ranger,,GameGuard,guard,3,255,200,Connacht,207,1.65-era: seen in this zone by CapnBry
Master Eldritch,,GameGuard,guard,3,255,165,Cathal Valley,165,1.65-era: seen by CapnBry (another zone)
Torrad Gunderson,Armor Merchant,GameMerchant,npc,2,50,101,Jordheim,120,1.65-era: seen in this zone by CapnBry
innocent,,GameNPC,npc,2,36,246,Dodens Gruva,246,1.65-era: seen in this zone by CapnBry
phantom wickerman,,NightSpawn,npc,0,29,200,Connacht,207,"likely period: listed in this zone by Illia's bestiary (2001-2010 data, may include later NPCs)"
Knight Commander,,GameGuard,guard,1,255,1,Snowdonia,12,"likely period: listed in this zone by Illia's bestiary (2001-2010 data, may include later NPCs)"
Dwarven Guard Rinda,,GameNPC,npc,2,50,100,Vale of Mularn,100,1.65-era: seen in this zone by CapnBry
Midgard Decorator,Merchant,GameMerchant,npc,2,40,102,Nittedal,267,unverified: no CapnBry data for this zone
Llala,Arrow Merchant,GameMerchant,npc,0,35,27,Lamfhota's Sound,29,likely period: listed by Illia's bestiary in another zone
Guardian Sergeant,,GameGuard,guard,1,44,1,Avalon Marsh,9,1.65-era: seen in this zone by CapnBry
Noramon,Vault Banker,GameNPC,npc,3,50,202,Broughshane,274,unverified: no CapnBry data for this zone
Troll Flayer,,GameGuard,guard,2,30,100,Myrkwood Forest,105,1.65-era: seen in this zone by CapnBry
Idora,Merchant,GameMerchant,npc,2,50,102,Erikstaad,114,unverified: not in CapnBry for this zone
Hodr,Berserker Trainer,Trainer.BerserkerTrainer,npc,2,52,101,Jordheim,120,1.65-era: seen in this zone by CapnBry
Viking Huscarl,,GameGuard,guard,2,255,165,Cathal Valley,165,1.65-era: seen by CapnBry (another zone)
Master Wizard,,GameNPC,npc,1,255,200,Emain Macha,214,1.65-era: seen in this zone by CapnBry
Neras,,GameNPC,npc,3,60,202,Aberillan,225,unverified: no CapnBry data for this zone
Rheton,,GameNPC,npc,0,1,244,Passage of Conflict,244,"likely period: listed in this zone by Illia's bestiary (2001-2010 data, may include later NPCs)"
Cragg,Arrow Merchant,GameMerchant,npc,2,21,100,Gotar,103,1.65-era: seen in this zone by CapnBry
Ranger,,Keeps.GuardArcher,guard,3,57,200,Cruachan Gorge,211,1.65-era: seen by CapnBry (another zone)
ambient pixie,,GameNPC,npc,3,1,200,Connacht,207,unverified: not in CapnBry for this zone
Hastener,,GameHastener,npc,0,1,100,Odin's Gate,115,1.65-era: seen in this zone by CapnBry
ambient boar,,GameNPC,npc,2,5,101,Jordheim,120,unverified: not in CapnBry for this zone
Kyli,,GameNPC,npc,3,45,200,Shannon Estuary,202,1.65-era: seen in this zone by CapnBry
Scholar Nenet,,GameNPC,npc,1,1,1,Campacorentin Forest,8,"likely period: listed in this zone by Illia's bestiary (2001-2010 data, may include later NPCs)"
Aileri Dinailaine,,GameNPC,npc,1,53,2,Stoneleigh,262,unverified: no CapnBry data for this zone
Kennocha,Weapon Merchant,GameMerchant,npc,3,50,201,Tir na Nog,209,1.65-era: seen in this zone by CapnBry
Intoner,Hastener,GameHastener,npc,2,30,102,Carlingford,118,1.65-era: seen by CapnBry (another zone)
Master Ranger,,GameGuard,guard,3,255,200,Connacht,207,1.65-era: seen in this zone by CapnBry
Champion Commander,,Keeps.GuardCommander,guard,3,52,200,Breifine,212,1.65-era: seen in this zone by CapnBry
Master Visur,Teleporter,Scripts.LiveTeleporter,npc,1,75,2,Caerwent,13,teleporter (not 1.65; listed separately)
Midgard Decorator,Merchant,GameMerchant,npc,2,40,102,Kaupang,122,unverified: no CapnBry data for this zone
Valkyrie Sentry,,GameGuard,guard,2,39,101,Jordheim,120,1.65-era: seen in this zone by CapnBry
ambient pixie,,GameNPC,npc,3,1,200,Connacht,207,unverified: not in CapnBry for this zone
Champion,,GameGuard,guard,3,255,200,Connacht,207,1.65-era: seen by CapnBry (another zone)
swarm of flies,,GameNPC,npc,2,0,101,Jordheim,120,likely period: listed by Illia's bestiary in another zone
Ula,Stalker Trainer,Trainer.StalkerTrainer,npc,3,40,200,Lough Derg,200,1.65-era: seen in this zone by CapnBry
veteran guard,,GameGuard,guard,1,40,1,Black Mtns. South,2,1.65-era: seen in this zone by CapnBry
Champion Commander,,Keeps.GuardCommander,guard,3,52,200,Breifine,212,1.65-era: seen in this zone by CapnBry
Lieutenant Rydderac,Scout Trainer,Trainer.ScoutTrainer,npc,1,50,10,City of Camelot,26,1.65-era: seen in this zone by CapnBry
Bowman Commander,,GameGuard,guard,1,255,165,Cathal Valley,165,"likely period: listed in this zone by Illia's bestiary (2001-2010 data, may include later NPCs)"
Im,Armor Merchant,GameMerchant,npc,2,50,101,Jordheim,120,1.65-era: seen in this zone by CapnBry
Ranger,,Keeps.GuardArcher,guard,3,52,200,Breifine,212,1.65-era: seen in this zone by CapnBry
Dorraent,Spellcrafters Master,SpellCraftingMaster,npc,3,65,202,Tullamore,272,unverified: no CapnBry data for this zone
Odiemdall,Stable Master,GameStableMaster,npc,2,50,102,Holmestrand,266,unverified: no CapnBry data for this zone
Master Guardian,,GameGuard,guard,3,255,165,Cathal Valley,165,unverified: no CapnBry data for this zone
giant skeleton,,NightSpawn,npc,0,28,1,Snowdonia,12,1.65-era: seen by CapnBry (another zone)
Armond,Weapon Merchant,GameMerchant,npc,2,41,100,East Svealand,101,1.65-era: seen in this zone by CapnBry
Viking Huscarl,,GameGuard,guard,2,255,200,Emain Macha,214,1.65-era: seen in this zone by CapnBry
Hyndla Gunderson,Dye Merchant,GameMerchant,npc,2,1,101,Jordheim,120,1.65-era: seen in this zone by CapnBry
Belef,,GameNPC,npc,1,38,1,Black Mtns. South,2,"likely period: listed in this zone by Illia's bestiary (2001-2010 data, may include later NPCs)"
Captain Vidalion,Armsman Trainer,Trainer.ArmsmanTrainer,npc,1,50,1,Avalon Marsh,9,unverified: not in CapnBry for this zone
Gythja of Odin,,GameNPC,npc,2,50,101,Jordheim,120,1.65-era: seen in this zone by CapnBry
Master Ranger,,GameGuard,guard,3,255,165,Cathal Valley,165,1.65-era: seen by CapnBry (another zone)
phantom wickerman,,NightSpawn,npc,0,28,200,Connacht,207,"likely period: listed in this zone by Illia's bestiary (2001-2010 data, may include later NPCs)"
Argus Bowman,Bows Merchant,GameMerchant,npc,1,18,1,Black Mtns. South,2,1.65-era: seen in this zone by CapnBry
faerie frog,,DaySpawn,npc,0,28,1,Snowdonia,12,"likely period: listed in this zone by Illia's bestiary (2001-2010 data, may include later NPCs)"
ghastly siabra,,NightSpawn,npc,0,13,200,Lough Derg,200,1.65-era: seen in this zone by CapnBry
Gorlorae,Stable Master,GameStableMaster,npc,1,50,2,Sherborne,261,unverified: no CapnBry data for this zone
Yop,Weapon Merchant,GameMerchant,npc,2,20,100,Gotar,103,1.65-era: seen in this zone by CapnBry
Pheuloc,Stable Master,GameStableMaster,npc,3,30,200,Silvermine Mts.,201,1.65-era: seen in this zone by CapnBry
Stor Gothi Magra,,GameNPC,npc,2,60,102,Nittedal,267,unverified: no CapnBry data for this zone
Gilbert,Merchant,GameMerchant,npc,1,17,10,City of Camelot,26,unverified: not in CapnBry for this zone
Ganiel,Merchant,GameMerchant,npc,1,50,2,Sherborne,261,unverified: no CapnBry data for this zone
Niniver,Weapon Merchant,GameMerchant,npc,2,50,100,Gotar,103,1.65-era: seen in this zone by CapnBry
innocent,,GameNPC,npc,1,38,277,Hall of the Corrupt,277,"likely period: listed in this zone by Illia's bestiary (2001-2010 data, may include later NPCs)"
Torr Fletcher,Arrow Merchant,GameMerchant,npc,1,25,1,Camelot Hills,0,"likely period: listed in this zone by Illia's bestiary (2001-2010 data, may include later NPCs)"
new mob,,Keeps.FrontierHastener,npc,0,1,1,Pennine Mountains,14,unverified: not in CapnBry for this zone
Maille,Bard Trainer,Trainer.BardTrainer,npc,3,45,200,Silvermine Mts.,201,1.65-era: seen in this zone by CapnBry
Edowyen,Vault Banker,GameNPC,npc,1,50,2,Sherborne,261,unverified: no CapnBry data for this zone
Piper,Hastener,GameHastener,npc,1,30,2,Old Sarum,16,1.65-era: seen by CapnBry (another zone)
Donlerricca,Merchant,GameMerchant,npc,3,51,181,Vigilant Rock,186,"likely period: listed in this zone by Illia's bestiary (2001-2010 data, may include later NPCs)"
Viking Huscarl,,GameGuard,guard,2,255,200,Emain Macha,214,1.65-era: seen in this zone by CapnBry
deamhan aeir,,NightSpawn,npc,0,34,200,Cruachan Gorge,211,1.65-era: seen by CapnBry (another zone)
Kalea Eldwig,Vault Keeper,GameVaultKeeper,npc,1,50,1,Cornwall,6,1.65-era: seen in this zone by CapnBry
Amargein,,GameNPC,npc,3,30,200,Silvermine Mts.,201,1.65-era: seen in this zone by CapnBry
Hibernia Decorator,Merchant,GameMerchant,npc,3,40,202,Moycullen,273,unverified: no CapnBry data for this zone
Owircyn,,GameNPC,npc,3,30,202,Dunshire,215,unverified: no CapnBry data for this zone
Viking Huscarl,,GameGuard,guard,2,255,165,Cathal Valley,165,1.65-era: seen by CapnBry (another zone)
Guardian,,Keeps.GuardFighter,guard,3,52,200,Breifine,212,1.65-era: seen in this zone by CapnBry
Master Visur,,Scripts.OFTeleporter,npc,1,100,100,Odin's Gate,115,teleporter (not 1.65; listed separately)
Sentry,,GameGuard,guard,2,52,101,Jordheim,120,1.65-era: seen in this zone by CapnBry
Jalun Polt,Bindstone Clerk,RoyalTreasuryClerk,npc,2,50,101,Jordheim,120,unverified: not in CapnBry for this zone
ambient pixie,,GameNPC,npc,3,1,201,Tir na Nog,209,unverified: not in CapnBry for this zone
Chieftain Hurbury,,Keeps.GuardLord,guard,3,63,1,Snowdonia,12,unverified: not in CapnBry for this zone
Stor Gothi Annark,,Scripts.OFTeleporter,npc,2,100,100,Uppland,111,teleporter (not 1.65; listed separately)
Master Guardian,,GameGuard,guard,3,255,100,Odin's Gate,115,unverified: not in CapnBry for this zone
horse,,GameNPC,npc,3,55,202,Torrylin,217,1.65-era: seen by CapnBry (another zone)
Guardian,,GameGuard,guard,1,50,51,Dales of Devwy,53,"likely period: listed in this zone by Illia's bestiary (2001-2010 data, may include later NPCs)"
Ullios,Stable Master,GameStableMaster,npc,3,32,200,Connacht,207,"likely period: listed in this zone by Illia's bestiary (2001-2010 data, may include later NPCs)"
Gram,Weapon Merchant,GameMerchant,npc,2,50,100,Vale of Mularn,100,1.65-era: seen in this zone by CapnBry
Chieftess Crimthain,,Keeps.GuardLord,guard,3,63,200,Breifine,212,unverified: not in CapnBry for this zone
ambient pixie,,GameNPC,npc,3,1,200,Connacht,207,unverified: not in CapnBry for this zone
Cinead,Healer,GameHealer,npc,3,38,200,Cliffs of Moher,203,"likely period: listed in this zone by Illia's bestiary (2001-2010 data, may include later NPCs)"
Ignius,,GameNPC,npc,3,5,200,Lough Derg,200,1.65-era: seen in this zone by CapnBry
Kodo,Diamond Armor Merchant,GameDiamondSealsMerchant,npc,1,39,249,Darkness Falls,249,"Atlas / later: Seals merchant (Darkness Rising era, used by Atlas)"
Ranger,,Keeps.GuardArcher,guard,3,52,200,Breifine,212,1.65-era: seen in this zone by CapnBry
Den,Armor Merchant,GameMerchant,npc,2,50,100,Vale of Mularn,100,1.65-era: seen in this zone by CapnBry
Brit,Guild Registrar,GuildRegistrar,npc,2,50,101,Jordheim,120,1.65-era: seen in this zone by CapnBry
Tegwyn,Weaponsmiths Master,WeaponCraftingMaster,npc,3,65,202,Dunshire,215,unverified: no CapnBry data for this zone
Echlin,Champion Trainer,Trainer.ChampionTrainer,npc,3,50,200,Valley of Bri Leith,206,"likely period: listed in this zone by Illia's bestiary (2001-2010 data, may include later NPCs)"
Master Armsman,,GameGuard,guard,1,255,165,Cathal Valley,165,unverified: no CapnBry data for this zone
Seoltoir,,Scripts.OFAssistant,npc,3,100,100,Odin's Gate,115,Atlas / later: Atlas frontier medallion assistant
mist wraith,,NightSpawn,npc,0,28,200,Cruachan Gorge,211,"likely period: listed in this zone by Illia's bestiary (2001-2010 data, may include later NPCs)"
Market Explorer,,MarketExplorer,npc,2,50,102,Arothi,117,"Atlas / later: Market Explorer (housing consignment search, post-1.65 / Atlas)"
ambient pixie,,GameNPC,npc,3,1,200,Connacht,207,unverified: not in CapnBry for this zone
Olwyn,Weapon Merchant,GameMerchant,npc,1,33,1,Black Mtns. South,2,unverified: not in CapnBry for this zone
Grin the crier,,GameNPC,npc,1,5,1,Campacorentin Forest,8,"likely period: listed in this zone by Illia's bestiary (2001-2010 data, may include later NPCs)"
Nightshade Commander,,GameNPC,npc,3,45,200,Lough Gur,204,"likely period: listed in this zone by Illia's bestiary (2001-2010 data, may include later NPCs)"
faerie frog,,DaySpawn,npc,0,30,1,Snowdonia,12,"likely period: listed in this zone by Illia's bestiary (2001-2010 data, may include later NPCs)"
Chuchear,Stable Master,GameStableMaster,npc,3,30,200,Valley of Bri Leith,206,"likely period: listed in this zone by Illia's bestiary (2001-2010 data, may include later NPCs)"
Jarl Yuliwyf,Vault Keeper,GameVaultKeeper,npc,2,75,101,Jordheim,120,1.65-era: seen in this zone by CapnBry
Guardian,,GameGuard,guard,1,32,1,Avalon Marsh,9,1.65-era: seen in this zone by CapnBry
Erekith,,GameNPC,npc,2,20,100,East Svealand,101,1.65-era: seen in this zone by CapnBry
innocent,,GameNPC,npc,2,36,246,Dodens Gruva,246,1.65-era: seen in this zone by CapnBry
Rika,Warrior Trainer,Trainer.WarriorTrainer,npc,2,55,100,West Svealand,102,1.65-era: seen in this zone by CapnBry
Veteran Guardsman,,GameGuard,guard,1,50,1,Camelot Hills,0,1.65-era: seen in this zone by CapnBry
Master Hadis,Rogue Trainer,Trainer.AlbionRogueTrainer,npc,1,1,1,Campacorentin Forest,8,"likely period: listed in this zone by Illia's bestiary (2001-2010 data, may include later NPCs)"
Eira,Weapon Merchant,GameMerchant,npc,3,50,200,Shannon Estuary,202,"likely period: listed in this zone by Illia's bestiary (2001-2010 data, may include later NPCs)"
Viking Huscarl,,GameGuard,guard,2,255,100,Uppland,111,1.65-era: seen in this zone by CapnBry
Breeya,Smith,Blacksmith,npc,3,70,200,Valley of Bri Leith,206,unverified: not in CapnBry for this zone
Master Wizard,,GameNPC,npc,1,255,200,Emain Macha,214,1.65-era: seen in this zone by CapnBry
Hastener,,GameHastener,npc,1,50,165,Cathal Valley,165,1.65-era: seen by CapnBry (another zone)
innocent,,GameNPC,npc,1,36,277,Hall of the Corrupt,277,"likely period: listed in this zone by Illia's bestiary (2001-2010 data, may include later NPCs)"
Caroddry,,GameNPC,npc,3,30,202,Torrylin,217,unverified: no CapnBry data for this zone
Sentinel,,GameGuard,guard,3,54,200,Lough Derg,200,1.65-era: seen in this zone by CapnBry
Master Guardian,,GameGuard,guard,3,255,1,Hadrian's Wall,15,unverified: not in CapnBry for this zone
Raker,Enchanter,Enchanter,npc,2,20,100,West Svealand,102,1.65-era: seen in this zone by CapnBry
Nugget,,GameNPC,npc,1,75,165,Cathal Valley,165,unverified: no CapnBry data for this zone
Barkeep Broec,,GameMerchant,npc,1,8,10,City of Camelot,26,1.65-era: seen in this zone by CapnBry
Guardian,,Keeps.GuardFighter,guard,3,52,200,Breifine,212,1.65-era: seen in this zone by CapnBry
ambient pixie,,GameNPC,npc,3,1,201,Tir na Nog,209,unverified: not in CapnBry for this zone
Master Wizard,,GameNPC,npc,1,255,165,Cathal Valley,165,"likely period: listed in this zone by Illia's bestiary (2001-2010 data, may include later NPCs)"
Sentinel,,GameGuard,guard,3,50,200,Shannon Estuary,202,1.65-era: seen in this zone by CapnBry
Total: 0 DPS: 0,Atlas Dummy Union,DPSDummy,npc,0,50,73,Stygian Delta,81,Atlas / later: Atlas training dummy
Njal,Armor Merchant,GameMerchant,npc,2,54,101,Jordheim,120,1.65-era: seen in this zone by CapnBry
Ordra Yaney,Weapon Merchant,GameMerchant,npc,1,40,10,City of Camelot,26,1.65-era: seen in this zone by CapnBry
scourge rat,,GameNPC,npc,3,1,200,Lough Gur,204,unverified: no CapnBry data for this zone
Lethantis Guard,,GameGuard,guard,1,40,1,Campacorentin Forest,8,"likely period: listed in this zone by Illia's bestiary (2001-2010 data, may include later NPCs)"
Master Ranger,,GameGuard,guard,3,255,200,Connacht,207,1.65-era: seen in this zone by CapnBry
Sir Verin,,GameNPC,npc,1,40,1,Black Mtns. North,3,1.65-era: seen in this zone by CapnBry
Arthur,,GameNPC,npc,1,1,10,City of Camelot,26,unverified: not in CapnBry for this zone
Ellard Fall,Smith,Blacksmith,npc,1,15,1,Campacorentin Forest,8,1.65-era: seen in this zone by CapnBry
new mob,,Keeps.FrontierHastener,npc,0,1,1,Forest Sauvage,11,unverified: not in CapnBry for this zone
Intoner,Hastener,GameHastener,npc,2,33,102,Erikstaad,114,1.65-era: seen in this zone by CapnBry
Guardian,,Keeps.GuardFighter,guard,3,52,200,Breifine,212,1.65-era: seen in this zone by CapnBry
Viking Hyndla,,GameNPC,npc,2,20,100,Vale of Mularn,100,1.65-era: seen in this zone by CapnBry
Aesirdia,Shield Merchant,GameMerchant,npc,2,50,100,East Svealand,101,1.65-era: seen in this zone by CapnBry
Torrance,Druid Trainer,Trainer.DruidTrainer,npc,3,45,200,Shannon Estuary,202,1.65-era: seen in this zone by CapnBry
Parthanan Farm Controller,DO NOT REMOVE,ParthananFarmController,npc,0,50,200,Connacht,207,unverified: not in CapnBry for this zone
Dail,,GameNPC,npc,2,50,100,West Svealand,102,1.65-era: seen in this zone by CapnBry
Hibernia Trainer,Master Trainer,Scripts.AtlasTrainer,npc,3,75,335,Hibernia Event,335,Atlas / later: Atlas trainer
ambient pixie,,GameNPC,npc,3,1,200,Silvermine Mts.,201,unverified: not in CapnBry for this zone
Treasa Breen,,GameNPC,npc,3,40,201,Tir na Nog,209,1.65-era: seen in this zone by CapnBry
Lethantis Guard,,GameGuard,guard,1,40,1,Campacorentin Forest,8,"likely period: listed in this zone by Illia's bestiary (2001-2010 data, may include later NPCs)"
Master Armsman,,GameGuard,guard,1,255,165,Cathal Valley,165,unverified: no CapnBry data for this zone
Svaldifari,,GameNPC,npc,2,22,100,Gotar,103,unverified: not in CapnBry for this zone
Orlae,,GameNPC,npc,3,50,181,Caillte Garran,182,"likely period: listed in this zone by Illia's bestiary (2001-2010 data, may include later NPCs)"
Marbo,Sapphire Armor Merchant,GameSapphireSealsMerchant,npc,2,36,249,Darkness Falls,249,"Atlas / later: Seals merchant (Darkness Rising era, used by Atlas)"
Eindridi Aki,Recharger,Recharger,npc,2,20,151,Gripklosa Mountains,152,Atlas / later: Atlas charge recharger
Aren,Weapon Merchant,GameMerchant,npc,2,50,100,Vale of Mularn,100,1.65-era: seen in this zone by CapnBry
Master Armsman,,GameGuard,guard,1,255,165,Cathal Valley,165,unverified: no CapnBry data for this zone
Champion,,GameGuard,guard,3,255,200,Connacht,207,1.65-era: seen by CapnBry (another zone)
stabled horse,,GameNPC,npc,1,55,10,City of Camelot,26,unverified: not in CapnBry for this zone
Master Ranger,,GameGuard,guard,3,255,200,Valley of Bri Leith,206,1.65-era: seen by CapnBry (another zone)
"Cloth, Leather, Enamel",Dye Merchant,GameMerchant,npc,3,50,335,Hibernia Event,335,unverified: no CapnBry data for this zone
Intoner,Hastener,GameHastener,npc,2,30,102,Kaupang,122,1.65-era: seen by CapnBry (another zone)
Librarian Ophus,,GameNPC,npc,1,45,10,City of Camelot,26,1.65-era: seen in this zone by CapnBry
ambient rat,,GameNPC,npc,0,1,10,City of Camelot,26,unverified: not in CapnBry for this zone
Master Visur,Teleporter,Scripts.LiveTeleporter,npc,1,60,51,Avalon Isle,52,teleporter (not 1.65; listed separately)
Lenia Fletcher,Arrow Merchant,GameMerchant,npc,1,15,1,Forest Sauvage,11,1.65-era: seen in this zone by CapnBry
Rial,Armor Merchant,GameMerchant,npc,3,50,181,Caillte Garran,182,"likely period: listed in this zone by Illia's bestiary (2001-2010 data, may include later NPCs)"
Guardian,,Keeps.GuardFighter,guard,3,52,200,Breifine,212,1.65-era: seen in this zone by CapnBry
Lieutenant Kuebler,,GameNPC,npc,1,49,1,Forest Sauvage,11,1.65-era: seen in this zone by CapnBry
Ena,Mentalist Trainer,Trainer.MentalistTrainer,npc,3,40,201,Tir na Nog,209,1.65-era: seen in this zone by CapnBry
Welgen,Healer Trainer,Trainer.HealerTrainer,npc,2,41,100,Gotar,103,1.65-era: seen in this zone by CapnBry
Lyrist,Hastener,GameHastener,npc,3,30,202,Tullamore,272,unverified: no CapnBry data for this zone
Barkeep Alaka,,GameNPC,npc,2,15,100,West Svealand,102,1.65-era: seen in this zone by CapnBry
Salazo,Potion Merchant,GameMerchant,npc,2,34,165,Cathal Valley,165,unverified: no CapnBry data for this zone
Oilibhear,Poison Merchant,GameMerchant,npc,2,50,334,Midgard Event,334,1.65-era: seen by CapnBry (another zone)
Master Ranger,,GameGuard,guard,3,255,200,Valley of Bri Leith,206,1.65-era: seen by CapnBry (another zone)
Ulufgar,Stable Master,GameStableMaster,npc,2,41,100,West Svealand,102,1.65-era: seen in this zone by CapnBry
Anya Vinsdottir,Weapon Merchant,GameMerchant,npc,2,50,101,Jordheim,120,1.65-era: seen in this zone by CapnBry
Master Visur,Teleporter,Scripts.LiveTeleporter,npc,1,60,51,Isle of Glass,51,teleporter (not 1.65; listed separately)
Troll Archer,,GameGuard,guard,2,255,100,Uppland,111,1.65-era: seen in this zone by CapnBry
Davian,,GameNPC,npc,3,35,200,Connacht,207,"likely period: listed in this zone by Illia's bestiary (2001-2010 data, may include later NPCs)"
Gwartheg Yllyn,,GameNPC,npc,1,25,1,Llyn Barfog,7,unverified: no CapnBry data for this zone
Anwar,Enchanter Trainer,Trainer.EnchanterTrainer,npc,3,44,201,Tir na Nog,209,1.65-era: seen in this zone by CapnBry
Izold,Weapon Merchant,GameMerchant,npc,3,50,200,Shannon Estuary,202,"likely period: listed in this zone by Illia's bestiary (2001-2010 data, may include later NPCs)"
innocent,,GameNPC,npc,1,38,277,Hall of the Corrupt,277,"likely period: listed in this zone by Illia's bestiary (2001-2010 data, may include later NPCs)"
Allia Fletcher,Arrow Merchant,GameMerchant,npc,0,15,27,Lamfhota's Sound,29,1.65-era: seen by CapnBry (another zone)
Adosien,Spellcrafters Master,SpellCraftingMaster,npc,2,65,102,Wyndham,119,unverified: no CapnBry data for this zone
Vigit,Spellcrafters Master,SpellCraftingMaster,npc,3,65,202,Dunshire,215,unverified: no CapnBry data for this zone
Andii,Spellcrafters Master,SpellCraftingMaster,npc,2,65,102,Stavgaard,268,unverified: no CapnBry data for this zone
Braenwyn Fletcher,Arrow Merchant,GameMerchant,npc,1,1,1,Camelot Hills,0,1.65-era: seen in this zone by CapnBry
Knight Commander,,GameNPC,npc,1,255,100,Odin's Gate,115,1.65-era: seen in this zone by CapnBry
Filidh Fadywn,Guild Registrar,GuildRegistrar,npc,3,52,335,Hibernia Event,335,1.65-era: seen by CapnBry (another zone)
Cale,Dye Merchant,GameMerchant,npc,2,35,100,Vale of Mularn,100,1.65-era: seen in this zone by CapnBry
Jana,,GameNPC,npc,2,36,100,East Svealand,101,1.65-era: seen in this zone by CapnBry
Gill Hoxley,Armor Merchant,GameMerchant,npc,1,1,1,Camelot Hills,0,1.65-era: seen in this zone by CapnBry
Veteran Guardsman,,GameGuard,guard,1,40,10,City of Camelot,26,1.65-era: seen in this zone by CapnBry
Piper,Hastener,GameHastener,npc,1,30,2,Sherborne,261,1.65-era: seen by CapnBry (another zone)
swarm of flies,,GameNPC,npc,2,0,100,Vale of Mularn,100,likely period: listed by Illia's bestiary in another zone
Twm,Armor Merchant,GameMerchant,npc,3,39,200,Silvermine Mts.,201,1.65-era: seen in this zone by CapnBry
Baihad,Vault Banker,GameNPC,npc,1,51,2,Chiltern,260,unverified: no CapnBry data for this zone
Master Guardian,,GameGuard,guard,3,255,100,Odin's Gate,115,unverified: not in CapnBry for this zone
Unendaldan,Poison Merchant,GameMerchant,npc,1,9,1,Camelot Hills,0,1.65-era: seen in this zone by CapnBry
Molloy,Vault Banker,GameNPC,npc,3,50,202,Meath,213,unverified: no CapnBry data for this zone
Eiral,Enchanter,Enchanter,npc,3,36,200,Connacht,207,1.65-era: seen in this zone by CapnBry
Master Guardian,,GameGuard,guard,3,255,165,Cathal Valley,165,unverified: no CapnBry data for this zone
Piper,Hastener,GameHastener,npc,1,30,2,Chiltern,260,1.65-era: seen by CapnBry (another zone)
Fianya Walelden,,GameNPC,npc,1,24,1,Campacorentin Forest,8,1.65-era: seen in this zone by CapnBry
Albion sentinel,,GameNPC,npc,1,50,1,Camelot Hills,0,1.65-era: seen in this zone by CapnBry
Market Explorer,,MarketExplorer,npc,1,50,2,Stoneleigh,262,"Atlas / later: Market Explorer (housing consignment search, post-1.65 / Atlas)"
Rhoryn,Merchant,GameMerchant,npc,3,50,202,Tullamore,272,unverified: no CapnBry data for this zone
Tibbot,Vault Banker,GameNPC,npc,3,50,202,Kilcullen,218,unverified: no CapnBry data for this zone
Master Elementalist,,Scripts.OFAssistant,npc,1,100,100,Odin's Gate,115,Atlas / later: Atlas frontier medallion assistant
Viking Huscarl,,GameGuard,guard,2,255,100,Uppland,111,1.65-era: seen in this zone by CapnBry
Piper,Hastener,GameHastener,npc,1,32,2,Caerwent,13,1.65-era: seen in this zone by CapnBry
Hunter,,Keeps.GuardArcher,guard,2,37,165,Cathal Valley,165,1.65-era: seen by CapnBry (another zone)
Borg,Weapon Merchant,GameMerchant,npc,2,50,101,Jordheim,120,1.65-era: seen in this zone by CapnBry
Knight Commander,,GameGuard,guard,1,255,200,Emain Macha,214,1.65-era: seen in this zone by CapnBry
Master of Runes,,GameGuard,guard,2,255,1,Hadrian's Wall,15,1.65-era: seen in this zone by CapnBry
Master of Runes,,GameGuard,guard,2,255,1,Hadrian's Wall,15,1.65-era: seen in this zone by CapnBry
Arly Camden,,GameNPC,npc,1,50,1,Forest Sauvage,11,1.65-era: seen in this zone by CapnBry
Elvar Ironhand,Smith,Blacksmith,npc,1,15,1,Camelot Hills,0,1.65-era: seen in this zone by CapnBry
Master Wizard,,GameGuard,guard,1,255,100,Odin's Gate,115,1.65-era: seen in this zone by CapnBry
Lochlain,,GameNPC,npc,3,50,200,Silvermine Mts.,201,1.65-era: seen in this zone by CapnBry
a horse,,GameNPC,npc,2,1,101,Jordheim,120,unverified: not in CapnBry for this zone
Brother Caun,Friar Trainer,Trainer.FriarTrainer,npc,1,50,1,Avalon Marsh,9,"likely period: listed in this zone by Illia's bestiary (2001-2010 data, may include later NPCs)"
Caolan,Enchanter,Enchanter,npc,3,35,201,Tir na Nog,209,1.65-era: seen in this zone by CapnBry
Adelaide Dinsmore,Alchemists Master,GameNPC,npc,1,50,10,City of Camelot,26,1.65-era: seen in this zone by CapnBry
Captain Alphin,Armsman Trainer,Trainer.ArmsmanTrainer,npc,1,50,10,City of Camelot,26,1.65-era: seen in this zone by CapnBry
Hreidar,Shadowblade Trainer,Trainer.ShadowbladeTrainer,npc,2,50,101,Jordheim,120,1.65-era: seen in this zone by CapnBry
Clayton Gage,Spellcrafters Master,GameNPC,npc,1,55,10,City of Camelot,26,1.65-era: seen in this zone by CapnBry
new mob,,Keeps.FrontierHastener,npc,0,1,165,Cathal Valley,165,unverified: no CapnBry data for this zone
Sieganda,,GameNPC,npc,2,30,102,Nittedal,267,unverified: no CapnBry data for this zone
Serani,Poison Merchant,GameMerchant,npc,0,50,27,Lamfhota's Sound,29,unverified: no CapnBry data for this zone
Sharon,Armor Merchant,GameMerchant,npc,3,34,201,Tir na Nog,209,1.65-era: seen in this zone by CapnBry
Master of Runes,,GameNPC,npc,2,255,100,West Svealand,102,1.65-era: seen in this zone by CapnBry
Teonvan,Vault Banker,GameNPC,npc,3,50,202,Dunshire,215,likely period: listed by Illia's bestiary in another zone
Master Guardian,,GameGuard,guard,3,255,1,Hadrian's Wall,15,unverified: not in CapnBry for this zone
mist wraith,,NightSpawn,npc,0,28,200,Cruachan Gorge,211,"likely period: listed in this zone by Illia's bestiary (2001-2010 data, may include later NPCs)"
Llalla,Arrow Merchant,GameMerchant,npc,3,35,200,Connacht,207,"likely period: listed in this zone by Illia's bestiary (2001-2010 data, may include later NPCs)"
innocent,,GameNPC,npc,3,39,276,Marfach Cavern,276,1.65-era: seen by CapnBry (another zone)
Knight Commander,,GameGuard,guard,1,255,200,Emain Macha,214,1.65-era: seen in this zone by CapnBry
Guardian,,Keeps.GuardFighter,guard,3,52,200,Breifine,212,1.65-era: seen in this zone by CapnBry
Gricien,Armorsmiths Master,ArmorCraftingMaster,npc,2,65,102,Frisia,121,unverified: no CapnBry data for this zone
Meara,,GameNPC,npc,3,40,200,Lough Derg,200,1.65-era: seen in this zone by CapnBry
wind ghoul,,NightSpawn,npc,0,7,200,Connacht,207,1.65-era: seen in this zone by CapnBry
Master Eldritch,,GameGuard,guard,3,255,1,Hadrian's Wall,15,1.65-era: seen by CapnBry (another zone)
Moira Camber,Weapon Merchant,GameMerchant,npc,1,38,10,City of Camelot,26,1.65-era: seen in this zone by CapnBry
Viking Archer,,GameGuard,guard,2,255,165,Cathal Valley,165,1.65-era: seen by CapnBry (another zone)
horse,,GameNPC,npc,2,55,100,West Svealand,102,1.65-era: seen by CapnBry (another zone)
Neb,Armor Merchant,GameMerchant,npc,3,36,200,Connacht,207,"likely period: listed in this zone by Illia's bestiary (2001-2010 data, may include later NPCs)"
Bowman Commander,,GameGuard,guard,1,255,165,Cathal Valley,165,"likely period: listed in this zone by Illia's bestiary (2001-2010 data, may include later NPCs)"
Accalon,Merchant,GameMerchant,npc,3,50,200,Lough Gur,204,"likely period: listed in this zone by Illia's bestiary (2001-2010 data, may include later NPCs)"
Corinn,Reskin NPC,ItemModel,npc,3,50,165,Cathal Valley,165,unverified: no CapnBry data for this zone
Harper Cara,,GameNPC,npc,3,35,200,Lough Derg,200,1.65-era: seen in this zone by CapnBry
Dyemaster Edra,Dye Merchant,GameMerchant,npc,1,15,1,Camelot Hills,0,1.65-era: seen in this zone by CapnBry
Magnus,Vault Banker,GameNPC,npc,2,50,102,Erikstaad,114,unverified: not in CapnBry for this zone
Cait,Weapon Merchant,GameMerchant,npc,3,45,200,Silvermine Mts.,201,1.65-era: seen in this zone by CapnBry
Master Enchanter,,Scripts.OFAssistant,npc,3,100,200,Connacht,207,Atlas / later: Atlas frontier medallion assistant
Ronja,Savage Trainer,Trainer.SavageTrainer,npc,2,50,100,Gotar,103,1.65-era: seen in this zone by CapnBry
deamhan aeir,,NightSpawn,npc,0,36,200,Cruachan Gorge,211,1.65-era: seen by CapnBry (another zone)
Ver Nuren,Shield Merchant,GameMerchant,npc,1,35,10,City of Camelot,26,1.65-era: seen in this zone by CapnBry
Lirla,Poison Merchant,GameMerchant,npc,3,50,200,Bog of Cullen,205,"likely period: listed in this zone by Illia's bestiary (2001-2010 data, may include later NPCs)"
Geoffrey Krath,,GameNPC,npc,2,40,100,East Svealand,101,1.65-era: seen in this zone by CapnBry
Elli,Merchant,GameBountyMerchant,npc,2,50,101,Jordheim,120,1.65-era: seen in this zone by CapnBry
deamhan aeir,,NightSpawn,npc,0,34,200,Cruachan Gorge,211,1.65-era: seen by CapnBry (another zone)
Laeryn,,GameNPC,npc,1,50,51,Isle of Glass,51,"likely period: listed in this zone by Illia's bestiary (2001-2010 data, may include later NPCs)"
Laemyr,Merchant,GameMerchant,npc,3,53,202,Tullamore,272,unverified: no CapnBry data for this zone
Master Armsman,,GameGuard,guard,1,255,165,Cathal Valley,165,unverified: no CapnBry data for this zone
Laisren,Spellcrafters Master,SpellCraftingMaster,npc,3,70,181,Domnann,181,unverified: no CapnBry data for this zone
Teodoc,Vault Banker,GameNPC,npc,3,50,202,Tullamore,272,unverified: no CapnBry data for this zone
Stor Gothi Annark,Teleporter,Scripts.LiveTeleporter,npc,2,60,100,Vale of Mularn,100,teleporter (not 1.65; listed separately)
Guards' Armorer,,GameNPC,npc,1,28,1,Black Mtns. North,3,1.65-era: seen in this zone by CapnBry
Thule Ruthic,Merchant,GameMerchant,npc,1,40,1,Cornwall,6,1.65-era: seen in this zone by CapnBry
Piper,Hastener,GameHastener,npc,1,32,2,Caerwent,13,1.65-era: seen in this zone by CapnBry
Viking Huscarl,,GameGuard,guard,2,255,100,West Svealand,102,1.65-era: seen in this zone by CapnBry
Izall,Merchant,GameMerchant,npc,3,15,201,Tir na Nog,209,1.65-era: seen in this zone by CapnBry
Valgerdr,Vault Banker,GameNPC,npc,2,53,102,Erikstaad,114,unverified: not in CapnBry for this zone
Sentinel Beacan,,GameGuard,guard,3,55,200,Silvermine Mts.,201,1.65-era: seen in this zone by CapnBry
Gohanz,First Peri-Peri,GameNPC,npc,2,50,100,Vale of Mularn,100,unverified: not in CapnBry for this zone
Yakryl,Vault Keeper,GameVaultKeeper,npc,2,50,100,Myrkwood Forest,105,1.65-era: seen in this zone by CapnBry
faerie frog,,DaySpawn,npc,0,29,1,Snowdonia,12,"likely period: listed in this zone by Illia's bestiary (2001-2010 data, may include later NPCs)"
Mabryn,Weaponsmiths Master,WeaponCraftingMaster,npc,3,65,202,Tullamore,272,unverified: no CapnBry data for this zone
Labhras,Warden Trainer,Trainer.WardenTrainer,npc,3,40,201,Tir na Nog,209,1.65-era: seen in this zone by CapnBry
Glasny,,Scripts.OFTeleporter,npc,3,100,200,Connacht,207,teleporter (not 1.65; listed separately)
Jon Truban,Basic Crafters Master,BasicCraftingMaster,npc,1,70,10,City of Camelot,26,likely period: listed by Illia's bestiary in another zone
scourge rat,,GameNPC,npc,3,1,200,Lough Gur,204,unverified: no CapnBry data for this zone
Lieutenant Niane,,GameNPC,npc,1,49,1,Snowdonia,12,1.65-era: seen in this zone by CapnBry
Guardian,,Keeps.GuardFighter,guard,3,52,200,Emain Macha,214,1.65-era: seen in this zone by CapnBry
Fianna,Armor Merchant,GameMerchant,npc,2,50,100,East Svealand,101,1.65-era: seen in this zone by CapnBry
ambient pixie,,GameNPC,npc,3,1,200,Silvermine Mts.,201,unverified: not in CapnBry for this zone
horse,,GameNPC,npc,1,51,2,Dalton,18,1.65-era: seen by CapnBry (another zone)
swarm of flies,,GameNPC,npc,3,0,201,Tir na Nog,209,likely period: listed by Illia's bestiary in another zone
innocent,,GameNPC,npc,2,35,246,Dodens Gruva,246,1.65-era: seen in this zone by CapnBry
Sulvan,Siege Merchant,GameMerchant,npc,3,50,200,Valley of Bri Leith,206,"likely period: listed in this zone by Illia's bestiary (2001-2010 data, may include later NPCs)"
Boyd,Armor Merchant,GameMerchant,npc,3,35,200,Lough Derg,200,1.65-era: seen in this zone by CapnBry
Keep Sentinel,,GameNPC,npc,3,255,200,Connacht,207,1.65-era: seen by CapnBry (another zone)
ambient pixie,,GameNPC,npc,3,1,200,Connacht,207,unverified: not in CapnBry for this zone
Channeler Glasny,Teleporter,Scripts.LiveTeleporter,npc,3,60,130,Stygian Delta,138,teleporter (not 1.65; listed separately)
ambient pixie,,GameNPC,npc,3,1,200,Connacht,207,unverified: not in CapnBry for this zone
Sinna Redtoes,,GameNPC,npc,2,50,151,Aegir's Landing,151,1.65-era: seen in this zone by CapnBry
Master of Runes,,GameNPC,npc,2,255,100,West Svealand,102,1.65-era: seen in this zone by CapnBry
Crimthan,Ranger Trainer,Trainer.RangerTrainer,npc,3,50,200,Valley of Bri Leith,206,"likely period: listed in this zone by Illia's bestiary (2001-2010 data, may include later NPCs)"
Knight Commander,,GameGuard,guard,1,255,1,Snowdonia,12,"likely period: listed in this zone by Illia's bestiary (2001-2010 data, may include later NPCs)"
Armswoman Commander,,Keeps.GuardCommander,guard,1,57,100,Odin's Gate,115,unverified: not in CapnBry for this zone
Master Guardian,,GameGuard,guard,3,255,100,Odin's Gate,115,unverified: not in CapnBry for this zone
Banba,,GameNPC,npc,3,50,200,Silvermine Mts.,201,1.65-era: seen in this zone by CapnBry
ambient boar,,GameNPC,npc,2,5,101,Jordheim,120,unverified: not in CapnBry for this zone
Master Eldritch,,GameGuard,guard,3,255,100,Odin's Gate,115,1.65-era: seen by CapnBry (another zone)
Sentinel,,GameGuard,guard,3,51,201,Tir na Nog,209,1.65-era: seen in this zone by CapnBry
ambient rat,,GameNPC,npc,0,1,101,Jordheim,120,unverified: not in CapnBry for this zone
ambient rat,,GameNPC,npc,0,1,10,City of Camelot,26,unverified: not in CapnBry for this zone
Apprentice Taxidermist,,GameNPC,npc,2,35,102,Arothi,117,unverified: no CapnBry data for this zone
ambient pixie,,GameNPC,npc,3,1,200,Lough Derg,200,unverified: not in CapnBry for this zone
Lyrist,Hastener,GameHastener,npc,3,30,202,Aberillan,225,unverified: no CapnBry data for this zone
Knight Commander,,GameNPC,npc,1,255,200,Emain Macha,214,1.65-era: seen in this zone by CapnBry
Dunfjall,,GameNPC,npc,2,29,100,Gotar,103,1.65-era: seen in this zone by CapnBry
Harper Eibhilin,,GameNPC,npc,3,35,201,Tir na Nog,209,1.65-era: seen in this zone by CapnBry
ambient rat,,GameNPC,npc,0,1,10,City of Camelot,26,unverified: not in CapnBry for this zone
swarm of flies,,GameNPC,npc,3,0,200,Connacht,207,likely period: listed by Illia's bestiary in another zone
Master Wizard,,GameNPC,npc,1,255,1,Snowdonia,12,1.65-era: seen in this zone by CapnBry
Hastener,,GameHastener,npc,0,1,1,Hadrian's Wall,15,1.65-era: seen in this zone by CapnBry
Blueheart,Dye Merchant,GameMerchant,npc,1,50,1,Avalon Marsh,9,"likely period: listed in this zone by Illia's bestiary (2001-2010 data, may include later NPCs)"
Piper,Hastener,GameHastener,npc,1,32,2,Rilan,17,1.65-era: seen in this zone by CapnBry
Hauk,Hunter Trainer,Trainer.HunterTrainer,npc,2,53,101,Jordheim,120,1.65-era: seen in this zone by CapnBry
innocent,,GameNPC,npc,3,39,276,Marfach Cavern,276,1.65-era: seen by CapnBry (another zone)
Kian,Armor Merchant,GameMerchant,npc,3,35,200,Lough Gur,204,"likely period: listed in this zone by Illia's bestiary (2001-2010 data, may include later NPCs)"
Guardian,,Keeps.GuardFighter,guard,3,52,200,Breifine,212,1.65-era: seen in this zone by CapnBry
Traunet,,GameNPC,npc,1,33,2,Chiltern,260,unverified: no CapnBry data for this zone
Lilybet,Fletchers Master,GameNPC,npc,1,70,2,Old Sarum,16,likely period: listed by Illia's bestiary in another zone
Xaher,Vault Banker,GameNPC,npc,3,50,202,Broughshane,274,unverified: no CapnBry data for this zone
Catelyn Boltar,,GameNPC,npc,1,1,10,City of Camelot,26,1.65-era: seen in this zone by CapnBry
Master Wizard,,GameGuard,guard,1,255,1,Snowdonia,12,1.65-era: seen in this zone by CapnBry
Mar,Thane Trainer,Trainer.ThaneTrainer,npc,2,55,100,West Svealand,102,1.65-era: seen in this zone by CapnBry
Niea,,GameNPC,npc,1,12,1,Black Mtns. South,2,"likely period: listed in this zone by Illia's bestiary (2001-2010 data, may include later NPCs)"
Master of Runes,,GameGuard,guard,2,255,1,Hadrian's Wall,15,1.65-era: seen in this zone by CapnBry
Erie,Stable Master,GameStableMaster,npc,3,50,202,Meath,213,unverified: no CapnBry data for this zone
Sir Hopewell,,GameNPC,npc,1,30,10,City of Camelot,26,likely period: listed by Illia's bestiary in another zone
Viking Huscarl,,GameGuard,guard,2,255,200,Emain Macha,214,1.65-era: seen in this zone by CapnBry
Sentry,,GameGuard,guard,2,52,101,Jordheim,120,1.65-era: seen in this zone by CapnBry
Apprentice Taxidermist,,GameNPC,npc,3,39,202,Tullamore,272,unverified: no CapnBry data for this zone
Guardian,,Keeps.GuardFighter,guard,3,52,200,Breifine,212,1.65-era: seen in this zone by CapnBry
Guardian Sergeant,,GameGuard,guard,1,44,1,Campacorentin Forest,8,1.65-era: seen in this zone by CapnBry
Laudine,Crossbows Merchant,GameMerchant,npc,1,30,1,Black Mtns. South,2,1.65-era: seen in this zone by CapnBry
Seana,Weapon Merchant,GameMerchant,npc,3,50,200,Silvermine Mts.,201,1.65-era: seen in this zone by CapnBry
Champion,,GameGuard,guard,3,255,200,Cruachan Gorge,211,1.65-era: seen by CapnBry (another zone)
faerie frog,,DaySpawn,npc,0,29,1,Snowdonia,12,"likely period: listed in this zone by Illia's bestiary (2001-2010 data, may include later NPCs)"
Lealodaryn,Vault Banker,GameNPC,npc,1,50,2,Sherborne,261,unverified: no CapnBry data for this zone
horse,,GameNPC,npc,2,51,102,Holmestrand,266,1.65-era: seen by CapnBry (another zone)
horse,,GameNPC,npc,3,55,202,Dunshire,215,1.65-era: seen by CapnBry (another zone)
Monaghan,Armorcrafters Trainer,ArmorCraftingMaster,npc,3,70,181,Domnann,181,unverified: no CapnBry data for this zone
Master of Runes,,GameGuard,guard,2,255,1,Hadrian's Wall,15,1.65-era: seen in this zone by CapnBry
Alamdar,Stable Master,GameStableMaster,npc,1,50,2,Dalton,18,unverified: no CapnBry data for this zone
Gracchus,Stable Master,GameStableMaster,npc,1,50,1,Black Mtns. South,2,"likely period: listed in this zone by Illia's bestiary (2001-2010 data, may include later NPCs)"
Lyonet,Weapon Merchant,GameMerchant,npc,1,30,1,Forest Sauvage,11,1.65-era: seen in this zone by CapnBry
Erskine,Armor Merchant,GameMerchant,npc,3,50,200,Shannon Estuary,202,1.65-era: seen in this zone by CapnBry
Dyemaster Octe,Dye Merchant,GameMerchant,npc,1,1,1,Camelot Hills,0,1.65-era: seen in this zone by CapnBry
Master Elementalist,,Scripts.OFAssistant,npc,1,100,200,Emain Macha,214,Atlas / later: Atlas frontier medallion assistant
Emmerick Averrson,,GameNPC,npc,2,35,100,East Svealand,101,1.65-era: seen in this zone by CapnBry
Anrai,Weapon Merchant,GameMerchant,npc,3,38,200,Lough Derg,200,1.65-era: seen in this zone by CapnBry
Cora,Stable Master,GameStableMaster,npc,1,50,2,Caerwent,13,unverified: not in CapnBry for this zone
Viking Huscarl,,GameGuard,guard,2,255,100,West Svealand,102,1.65-era: seen in this zone by CapnBry
Lyrist,Hastener,GameHastener,npc,3,30,202,Torrylin,217,unverified: no CapnBry data for this zone
Jirakor,Weaponsmiths Master,WeaponCraftingMaster,npc,1,65,2,Rilan,17,unverified: not in CapnBry for this zone
Keagan,Healer,GameHealer,npc,3,50,200,Shannon Estuary,202,1.65-era: seen in this zone by CapnBry
Horto,Diamond Weapon Merchant,GameDiamondSealsMerchant,npc,3,36,249,Darkness Falls,249,"Atlas / later: Seals merchant (Darkness Rising era, used by Atlas)"
Guardian,,Keeps.GuardFighter,guard,3,52,200,Emain Macha,214,1.65-era: seen in this zone by CapnBry
Lyrist,Hastener,GameHastener,npc,3,30,202,Aberillan,225,unverified: no CapnBry data for this zone
Master Grundelth,Wizard Trainer,Trainer.WizardTrainer,npc,1,51,10,City of Camelot,26,1.65-era: seen in this zone by CapnBry
deamhan aeir,,NightSpawn,npc,0,36,200,Lough Gur,204,"likely period: listed in this zone by Illia's bestiary (2001-2010 data, may include later NPCs)"
Seva,Weapon Merchant,GameMerchant,npc,3,40,201,Tir na Nog,209,1.65-era: seen in this zone by CapnBry
Master Wizard,,GameGuard,guard,1,255,1,Snowdonia,12,1.65-era: seen in this zone by CapnBry
Master Torrel,,GameNPC,npc,1,60,2,Caerwent,13,unverified: not in CapnBry for this zone
Mistress Frina,Theurgist Trainer,Trainer.TheurgistTrainer,npc,1,50,1,Campacorentin Forest,8,1.65-era: seen in this zone by CapnBry
Doran,,GameNPC,npc,3,40,200,Cliffs of Moher,203,"likely period: listed in this zone by Illia's bestiary (2001-2010 data, may include later NPCs)"
Guardian,,GameGuard,guard,3,50,201,Tir na Nog,209,1.65-era: seen in this zone by CapnBry
ambient pixie,,GameNPC,npc,3,1,201,Tir na Nog,209,unverified: not in CapnBry for this zone
Gertha,Weaponsmiths Master,WeaponCraftingMaster,npc,2,69,102,Arothi,117,unverified: no CapnBry data for this zone
Stor Gothi Annark,Teleporter,Scripts.LiveTeleporter,npc,2,60,151,Gripklosa Mountains,152,teleporter (not 1.65; listed separately)
veteran guard,,GameGuard,guard,1,40,1,Black Mtns. South,2,1.65-era: seen in this zone by CapnBry
horse,,GameNPC,npc,3,51,202,Saeranthal,219,1.65-era: seen by CapnBry (another zone)
Master of Runes,,GameNPC,npc,2,255,100,Uppland,111,1.65-era: seen in this zone by CapnBry
Apprentice Taxidermist,,GameNPC,npc,1,35,2,Sherborne,261,unverified: no CapnBry data for this zone
Sentinel,,GameGuard,guard,3,50,200,Cliffs of Moher,203,1.65-era: seen by CapnBry (another zone)
Ailfrid,Armor Merchant,GameMerchant,npc,3,35,200,Connacht,207,1.65-era: seen in this zone by CapnBry
Gelvan,Stable Master,GameStableMaster,npc,3,53,202,Broughshane,274,unverified: no CapnBry data for this zone
ambient pixie,,GameNPC,npc,3,1,201,Tir na Nog,209,unverified: not in CapnBry for this zone
Minstrel Starlan,Hastener,GameHastener,npc,1,50,51,Isle of Glass,51,likely period: listed by Illia's bestiary in another zone
Kauko,Armor Merchant,GameMerchant,npc,2,50,151,Aegir's Landing,151,1.65-era: seen in this zone by CapnBry
Hunter Valdis,,GameNPC,npc,1,45,1,Campacorentin Forest,8,1.65-era: seen in this zone by CapnBry
Ilyana,Healer,GameHealer,npc,3,50,165,Cathal Valley,165,likely period: listed by Illia's bestiary in another zone
Master Wizard,,GameGuard,guard,1,255,100,Odin's Gate,115,1.65-era: seen in this zone by CapnBry
Bed,Vault Banker,GameNPC,npc,2,50,102,Holmestrand,266,unverified: no CapnBry data for this zone
Edlyn,,GameNPC,npc,1,35,10,City of Camelot,26,likely period: listed by Illia's bestiary in another zone
Heal Dummy,Atlas Dummy Union,HealDummy,npc,0,50,200,Connacht,207,Atlas / later: Atlas training dummy
Market Explorer,,MarketExplorer,npc,3,50,202,Kilcullen,218,"Atlas / later: Market Explorer (housing consignment search, post-1.65 / Atlas)"
Guardian Sergeant,,GameGuard,guard,1,44,1,Avalon Marsh,9,1.65-era: seen in this zone by CapnBry
innocent,,GameNPC,npc,1,36,277,Hall of the Corrupt,277,"likely period: listed in this zone by Illia's bestiary (2001-2010 data, may include later NPCs)"
innocent,,GameNPC,npc,2,39,246,Dodens Gruva,246,1.65-era: seen in this zone by CapnBry
Ainrebh,Enchanter,Enchanter,npc,3,50,200,Valley of Bri Leith,206,"likely period: listed in this zone by Illia's bestiary (2001-2010 data, may include later NPCs)"
Maisriath,Stable Master,GameStableMaster,npc,2,50,102,Nittedal,267,unverified: no CapnBry data for this zone
Veteran Guardsman Esmond,,GameGuard,guard,1,43,1,Cornwall,6,1.65-era: seen in this zone by CapnBry
Viking Eyfrod,,GameGuard,guard,2,70,100,West Svealand,102,1.65-era: seen in this zone by CapnBry
mist wraith,,NightSpawn,npc,0,28,200,Cruachan Gorge,211,"likely period: listed in this zone by Illia's bestiary (2001-2010 data, may include later NPCs)"
Master Wizard,,GameNPC,npc,1,255,1,Snowdonia,12,1.65-era: seen in this zone by CapnBry
Dorran,Poison Merchant,GameMerchant,npc,3,50,200,Shannon Estuary,202,"likely period: listed in this zone by Illia's bestiary (2001-2010 data, may include later NPCs)"
Master Guardian,,GameGuard,guard,3,255,100,Odin's Gate,115,unverified: not in CapnBry for this zone
deamhan aeir,,NightSpawn,npc,0,37,200,Lough Gur,204,"likely period: listed in this zone by Illia's bestiary (2001-2010 data, may include later NPCs)"
innocent,,GameNPC,npc,2,37,246,Dodens Gruva,246,1.65-era: seen in this zone by CapnBry
Master Kless,,GameNPC,npc,1,50,1,Camelot Hills,0,1.65-era: seen in this zone by CapnBry
Riain,Merchant,GameMerchant,npc,3,50,202,Saeranthal,219,unverified: no CapnBry data for this zone
Gothi of Odin,,Scripts.OFAssistant,npc,2,100,100,Uppland,111,Atlas / later: Atlas frontier medallion assistant
Piper,Hastener,GameHastener,npc,1,30,2,Caerwent,13,1.65-era: seen in this zone by CapnBry
Sentry,,GameGuard,guard,2,50,101,Jordheim,120,1.65-era: seen in this zone by CapnBry
horse,,GameNPC,npc,3,55,202,Aberillan,225,1.65-era: seen by CapnBry (another zone)
Iola,Enchanter,Enchanter,npc,3,35,200,Silvermine Mts.,201,1.65-era: seen in this zone by CapnBry
Achaius,Weapon Merchant,GameMerchant,npc,3,35,200,Lough Derg,200,1.65-era: seen in this zone by CapnBry
ambient rat,,GameNPC,npc,0,1,10,City of Camelot,26,unverified: not in CapnBry for this zone
horse,,GameNPC,npc,3,1,181,Caillte Garran,182,1.65-era: seen by CapnBry (another zone)
Guardian,,Keeps.GuardFighter,guard,3,57,200,Emain Macha,214,1.65-era: seen in this zone by CapnBry
Sentinel,,GameGuard,guard,3,51,201,Tir na Nog,209,1.65-era: seen in this zone by CapnBry
Gorawen,Armor Merchant,GameMerchant,npc,3,50,200,Lough Gur,204,"likely period: listed in this zone by Illia's bestiary (2001-2010 data, may include later NPCs)"
Skapi,Viking Trainer,Trainer.VikingTrainer,npc,2,50,100,Vale of Mularn,100,1.65-era: seen in this zone by CapnBry
Chieftain Guard,,GameNPC,npc,2,40,100,Vale of Mularn,100,1.65-era: seen in this zone by CapnBry
Stor Gothi Annark,Teleporter,Scripts.LiveTeleporter,npc,2,60,101,Jordheim,120,teleporter (not 1.65; listed separately)
Lovernios,,GameNPC,npc,3,50,201,Tir na Nog,209,1.65-era: seen in this zone by CapnBry
Master Eldritch,,GameGuard,guard,3,255,165,Cathal Valley,165,1.65-era: seen by CapnBry (another zone)
Adam Glaze,Shield Merchant,GameMerchant,npc,1,51,51,Isle of Glass,51,1.65-era: seen in this zone by CapnBry
Heal Dummy,Atlas Dummy Union,HealDummy,npc,0,50,1,Forest Sauvage,11,Atlas / later: Atlas training dummy
Grum Bowman,Bows Merchant,GameMerchant,npc,1,37,1,Camelot Hills,0,1.65-era: seen in this zone by CapnBry
Master Wizard,,GameGuard,guard,1,255,100,Odin's Gate,115,1.65-era: seen in this zone by CapnBry
Piper,Hastener,GameHastener,npc,1,30,2,Dalton,18,1.65-era: seen by CapnBry (another zone)
Dyemaster Mara,Dye Merchant,GameMerchant,npc,1,16,10,City of Camelot,26,unverified: not in CapnBry for this zone
Kevain,Armor Merchant,GameMerchant,npc,3,50,200,Silvermine Mts.,201,1.65-era: seen in this zone by CapnBry
Troll Flayer,,GameGuard,guard,2,30,100,Myrkwood Forest,105,1.65-era: seen in this zone by CapnBry
Master of Runes,,GameGuard,guard,2,255,100,West Svealand,102,1.65-era: seen in this zone by CapnBry
Ysbail,Weapon Merchant,GameMerchant,npc,3,37,200,Silvermine Mts.,201,1.65-era: seen in this zone by CapnBry
Hastener,,GameHastener,npc,3,50,1,Hadrian's Wall,15,1.65-era: seen in this zone by CapnBry
Guardian,,GameGuard,guard,1,32,1,Avalon Marsh,9,1.65-era: seen in this zone by CapnBry
Drardokith,Merchant,GameMerchant,npc,1,54,2,Brisworthy,20,unverified: no CapnBry data for this zone
Theois Gwynt,Weapon Merchant,GameMerchant,npc,1,18,1,Avalon Marsh,9,"likely period: listed in this zone by Illia's bestiary (2001-2010 data, may include later NPCs)"
Ranger,,Keeps.GuardArcher,guard,3,57,200,Cruachan Gorge,211,1.65-era: seen by CapnBry (another zone)
Benen,Naturalist Trainer,Trainer.NaturalistTrainer,npc,3,50,200,Shannon Estuary,202,1.65-era: seen in this zone by CapnBry
Doreen Egesa,Merchant,GameMerchant,npc,1,37,1,Camelot Hills,0,1.65-era: seen in this zone by CapnBry
Kose,Vault Banker,GameNPC,npc,1,50,2,Brisworthy,20,unverified: no CapnBry data for this zone
Uli Johannsson,Armor Merchant,GameMerchant,npc,2,50,101,Jordheim,120,1.65-era: seen in this zone by CapnBry
Giorny,Account Vault Keeper,AccountVaultKeeper,npc,3,75,73,Stygian Delta,81,Atlas / later: Account vault keeper (post-1.65 live feature)
Master of Runes,,GameNPC,npc,2,255,100,West Svealand,102,1.65-era: seen in this zone by CapnBry
Hastener,,GameHastener,npc,0,1,100,Odin's Gate,115,1.65-era: seen in this zone by CapnBry
Master Wizard,,GameNPC,npc,1,255,1,Forest Sauvage,11,1.65-era: seen in this zone by CapnBry
Aindreas,Mentalist Trainer,Trainer.MentalistTrainer,npc,3,50,200,Silvermine Mts.,201,1.65-era: seen in this zone by CapnBry
Sedric,Weapon Merchant,GameMerchant,npc,3,35,200,Lough Derg,200,1.65-era: seen in this zone by CapnBry
Filidh Blathleoh,,GameNPC,npc,3,50,181,Caillte Garran,182,unverified: no CapnBry data for this zone
ghastly siabra,,NightSpawn,npc,0,14,200,Lough Derg,200,1.65-era: seen in this zone by CapnBry
Makila,Dye Merchant,GameMerchant,npc,2,50,151,Munin Sound,155,1.65-era: seen in this zone by CapnBry
Guardian,,Keeps.GuardFighter,guard,3,57,200,Breifine,212,1.65-era: seen in this zone by CapnBry
pack horse,,GameNPC,npc,3,14,200,Lough Derg,200,unverified: not in CapnBry for this zone
Strazor,Weapon Merchant,GameMerchant,npc,3,1,181,Caillte Garran,182,"likely period: listed in this zone by Illia's bestiary (2001-2010 data, may include later NPCs)"
Ysbaddaden,Weapon Merchant,GameMerchant,npc,1,48,51,Avalon Isle,52,1.65-era: seen in this zone by CapnBry
Master of Runes,,GameGuard,guard,2,255,1,Hadrian's Wall,15,1.65-era: seen in this zone by CapnBry
Colby Dalston,Armor Merchant,GameMerchant,npc,1,1,10,City of Camelot,26,1.65-era: seen in this zone by CapnBry
Bria,,GameNPC,npc,3,15,200,Connacht,207,"likely period: listed in this zone by Illia's bestiary (2001-2010 data, may include later NPCs)"
Aineislis,Merchant,GameMerchant,npc,3,52,202,Kilcullen,218,unverified: no CapnBry data for this zone
Druid Tobryn,,GameNPC,npc,3,50,200,Cliffs of Moher,203,"likely period: listed in this zone by Illia's bestiary (2001-2010 data, may include later NPCs)"
Caelin Finan,,GameNPC,npc,1,54,1,Forest Sauvage,11,1.65-era: seen in this zone by CapnBry
Lodin,Weapon Merchant,GameMerchant,npc,2,50,100,West Svealand,102,1.65-era: seen in this zone by CapnBry
Master Trainer,Master Trainer,Scripts.AtlasTrainer,npc,0,75,27,Lamfhota's Sound,29,Atlas / later: Atlas trainer
Master of Runes,,GameNPC,npc,2,255,100,West Svealand,102,1.65-era: seen in this zone by CapnBry
Gothi of Modi,,GameNPC,npc,2,50,101,Jordheim,120,1.65-era: seen in this zone by CapnBry
Master Elementalist,,Scripts.OFAssistant,npc,1,100,200,Emain Macha,214,Atlas / later: Atlas frontier medallion assistant
Master of Runes,,GameGuard,guard,2,255,1,Hadrian's Wall,15,1.65-era: seen in this zone by CapnBry
Master Eldritch,,GameGuard,guard,3,255,165,Cathal Valley,165,1.65-era: seen by CapnBry (another zone)
Champion,,GameGuard,guard,3,255,200,Mount Collory,210,1.65-era: seen by CapnBry (another zone)
Guardian,French Corporation,Keeps.GuardFighter,guard,3,56,200,Cruachan Gorge,211,1.65-era: seen by CapnBry (another zone)
deamhan aeir,,NightSpawn,npc,0,35,200,Cruachan Gorge,211,1.65-era: seen by CapnBry (another zone)
Potion Seller,Our Strongest Potions,GameMerchant,npc,2,50,334,Midgard Event,334,unverified: no CapnBry data for this zone
puppy,,GameNPC,npc,3,15,200,Connacht,207,unverified: not in CapnBry for this zone
Bairfhionn,,GameNPC,npc,3,40,201,Tir na Nog,209,1.65-era: seen in this zone by CapnBry
Sentinel,,GameGuard,guard,3,51,201,Tir na Nog,209,1.65-era: seen in this zone by CapnBry
Galaberis Morgaudos,Merchant,GameMerchant,npc,1,50,2,Dalton,18,unverified: no CapnBry data for this zone
Bowman Commander,,GameNPC,npc,1,255,1,Snowdonia,12,1.65-era: seen in this zone by CapnBry
Master Wizard,,GameNPC,npc,1,255,1,Forest Sauvage,11,1.65-era: seen in this zone by CapnBry
Deny,Merchant,GameMerchant,npc,2,40,151,Munin Sound,155,unverified: not in CapnBry for this zone
Viking Huscarl,,GameNPC,npc,2,255,100,West Svealand,102,1.65-era: seen in this zone by CapnBry
swarm of flies,,GameNPC,npc,2,0,101,Jordheim,120,likely period: listed by Illia's bestiary in another zone
Viking Dreng,,GameNPC,npc,2,20,100,Vale of Mularn,100,1.65-era: seen in this zone by CapnBry
Gennevi,Weaponsmiths Master,WeaponCraftingMaster,npc,3,65,202,Broughshane,274,unverified: no CapnBry data for this zone
Knight Commander,,GameGuard,guard,1,255,200,Emain Macha,214,1.65-era: seen in this zone by CapnBry
Kollr,Merchant,GameMerchant,npc,2,55,102,Carlingford,118,unverified: no CapnBry data for this zone
Viking Archer,,GameGuard,guard,2,95,100,West Svealand,102,1.65-era: seen in this zone by CapnBry
Ranger,,Keeps.GuardArcher,guard,3,57,200,Cruachan Gorge,211,1.65-era: seen by CapnBry (another zone)
Minstrel Olias,Hastener,GameHastener,npc,1,54,10,City of Camelot,26,likely period: listed by Illia's bestiary in another zone
Jalyna,Vault Keeper,GameVaultKeeper,npc,3,50,181,Caillte Garran,182,"likely period: listed in this zone by Illia's bestiary (2001-2010 data, may include later NPCs)"
Master Eadberth,Mercenary Trainer,Trainer.MercenaryTrainer,npc,1,1,1,Avalon Marsh,9,1.65-era: seen in this zone by CapnBry
Esi Cnutson,Weapon Merchant,GameMerchant,npc,2,50,151,Munin Sound,155,1.65-era: seen in this zone by CapnBry
Master of Runes,,GameNPC,npc,2,255,100,Uppland,111,1.65-era: seen in this zone by CapnBry
horse,,GameNPC,npc,1,55,2,Old Sarum,16,1.65-era: seen by CapnBry (another zone)
ambient pixie,,GameNPC,npc,3,1,201,Tir na Nog,209,unverified: not in CapnBry for this zone
Sentinel Mada,,GameGuard,guard,3,52,201,Tir na Nog,209,1.65-era: seen in this zone by CapnBry
Rhoederran,Merchant,GameMerchant,npc,1,55,2,Sherborne,261,unverified: no CapnBry data for this zone
Tarrwynn,Weapon Merchant,GameMerchant,npc,3,50,181,Domnann,181,"likely period: listed in this zone by Illia's bestiary (2001-2010 data, may include later NPCs)"
Owynry,Merchant,GameMerchant,npc,3,50,202,Meath,213,unverified: no CapnBry data for this zone
Armsman,,Keeps.GuardFighter,guard,1,52,1,Snowdonia,12,1.65-era: seen by CapnBry (another zone)
Ulyius Feu-Ame,,GameNPC,npc,1,30,10,City of Camelot,26,1.65-era: seen in this zone by CapnBry
Lieutenant Fisra,Scout Trainer,Trainer.ScoutTrainer,npc,1,53,1,Black Mtns. North,3,1.65-era: seen in this zone by CapnBry
Master Rusiv,Castle Sauvage Emissary,SimpleTeleporter,npc,1,60,1,Snowdonia,12,added by this project (excluded)
Narah,Disciple Trainer,Trainer.DiscipleTrainer,npc,1,50,51,Isle of Glass,51,1.65-era: seen in this zone by CapnBry
Guardsman,,GameGuard,guard,1,33,10,City of Camelot,26,1.65-era: seen in this zone by CapnBry
Chieftain Guard Kolr,,GameGuard,guard,2,65,151,Aegir's Landing,151,1.65-era: seen in this zone by CapnBry
Jhanva Dinailaine,,GameNPC,npc,1,54,2,Dalton,18,unverified: no CapnBry data for this zone
Dougal Heathis,Weapon Merchant,GameMerchant,npc,1,50,10,City of Camelot,26,1.65-era: seen in this zone by CapnBry
Keep Sentinel,,GameNPC,npc,2,90,100,Uppland,111,1.65-era: seen in this zone by CapnBry
Scribe Veral,,GameNPC,npc,1,50,10,City of Camelot,26,1.65-era: seen in this zone by CapnBry
Woodsman,,GameGuard,guard,1,21,1,Campacorentin Forest,8,1.65-era: seen in this zone by CapnBry
Suno,Diamond Armor Merchant,GameDiamondSealsMerchant,npc,1,36,249,Darkness Falls,249,"Atlas / later: Seals merchant (Darkness Rising era, used by Atlas)"
Ranger,,Keeps.GuardArcher,guard,3,52,200,Breifine,212,1.65-era: seen in this zone by CapnBry
Rhun,,GameNPC,npc,3,50,202,Aberillan,225,unverified: no CapnBry data for this zone
Mavelle,Ranger Trainer,Trainer.RangerTrainer,npc,3,43,201,Tir na Nog,209,1.65-era: seen in this zone by CapnBry
Empar,,GameNPC,npc,3,19,200,Valley of Bri Leith,206,"likely period: listed in this zone by Illia's bestiary (2001-2010 data, may include later NPCs)"
innocent,,GameNPC,npc,1,36,277,Hall of the Corrupt,277,"likely period: listed in this zone by Illia's bestiary (2001-2010 data, may include later NPCs)"
Tess,Tailors Master,TailoringMaster,npc,3,66,202,Broughshane,274,unverified: no CapnBry data for this zone
Champion,,GameGuard,guard,3,255,200,Connacht,207,1.65-era: seen by CapnBry (another zone)
new mob,,Keeps.FrontierHastener,npc,0,1,235,The Lions Den,235,unverified: no CapnBry data for this zone
Leik,Weapon Merchant,GameMerchant,npc,2,41,100,East Svealand,101,1.65-era: seen in this zone by CapnBry
Thady,Weapon Merchant,GameMerchant,npc,3,35,200,Lough Derg,200,1.65-era: seen in this zone by CapnBry
Albion Decorator,Merchant,GameMerchant,npc,1,40,2,Sherborne,261,unverified: no CapnBry data for this zone
new mob,,Keeps.FrontierHastener,npc,0,1,252,Thidranki,252,unverified: no CapnBry data for this zone
Torctgyd Brookshire,Armor Merchant,GameMerchant,npc,1,44,51,Avalon Isle,52,1.65-era: seen in this zone by CapnBry
Daray,Druid Trainer,Trainer.DruidTrainer,npc,3,40,201,Tir na Nog,209,1.65-era: seen in this zone by CapnBry
Huscarl,Malafinja,Keeps.GuardFighter,guard,2,56,200,Mount Collory,210,1.65-era: seen by CapnBry (another zone)
Viking Dreng,,GameGuard,guard,2,20,100,East Svealand,101,1.65-era: seen in this zone by CapnBry
Brother Daniel,Friar Trainer,Trainer.FriarTrainer,npc,1,50,1,Black Mtns. North,3,1.65-era: seen in this zone by CapnBry
Piper,Hastener,GameHastener,npc,1,33,2,Brisworthy,20,1.65-era: seen by CapnBry (another zone)
Dall,Healer,GameHealer,npc,3,70,200,Valley of Bri Leith,206,unverified: not in CapnBry for this zone
Qycien,Vault Banker,GameNPC,npc,2,50,102,Frisia,121,unverified: no CapnBry data for this zone
Moona,Armor Merchant,GameMerchant,npc,2,22,100,Gotar,103,1.65-era: seen in this zone by CapnBry
Valgard,,GameNPC,npc,2,35,100,West Svealand,102,1.65-era: seen in this zone by CapnBry
Hireria,Tailors Master,TailoringMaster,npc,2,65,102,Frisia,121,unverified: no CapnBry data for this zone
Arnkatla,,GameNPC,npc,2,10,100,Vale of Mularn,100,1.65-era: seen in this zone by CapnBry
Master Guardian,,GameGuard,guard,3,255,100,Odin's Gate,115,unverified: not in CapnBry for this zone
Dyemaster Bren,Dye Merchant,GameMerchant,npc,1,43,1,Black Mtns. South,2,1.65-era: seen in this zone by CapnBry
Sven,Skald Trainer,Trainer.SkaldTrainer,npc,2,50,101,Jordheim,120,1.65-era: seen in this zone by CapnBry
Mathien,,GameNPC,npc,1,29,1,Black Mtns. North,3,1.65-era: seen in this zone by CapnBry
Dwarven Guard Eske,,GameNPC,npc,2,50,100,East Svealand,101,1.65-era: seen in this zone by CapnBry
Eero,Armor Merchant,GameMerchant,npc,2,52,151,Aegir's Landing,151,1.65-era: seen in this zone by CapnBry
Master Wizard,,GameNPC,npc,1,255,1,Forest Sauvage,11,1.65-era: seen in this zone by CapnBry
Sentry,,GameGuard,guard,2,50,101,Jordheim,120,1.65-era: seen in this zone by CapnBry
Stor Gothi Annark,Teleporter,Scripts.LiveTeleporter,npc,2,60,151,Munin Sound,155,teleporter (not 1.65; listed separately)
Knight Commander,,GameGuard,guard,1,255,1,Snowdonia,12,"likely period: listed in this zone by Illia's bestiary (2001-2010 data, may include later NPCs)"
horse,,GameNPC,npc,1,55,2,Dalton,18,1.65-era: seen by CapnBry (another zone)
Findus,,GameNPC,npc,3,1,201,Tir na Nog,209,unverified: not in CapnBry for this zone
Knight Commander,,GameGuard,guard,1,255,200,Emain Macha,214,1.65-era: seen in this zone by CapnBry
Dalladva,Smith,Blacksmith,npc,3,50,200,Bog of Cullen,205,"likely period: listed in this zone by Illia's bestiary (2001-2010 data, may include later NPCs)"
Hastener,,GameHastener,npc,0,1,1,Hadrian's Wall,15,1.65-era: seen in this zone by CapnBry
ambient pixie,,GameNPC,npc,3,1,200,Connacht,207,unverified: not in CapnBry for this zone
Master of Runes,,GameGuard,guard,2,255,1,Hadrian's Wall,15,1.65-era: seen in this zone by CapnBry
Minstrel of Albion,,GameHastener,npc,1,52,1,Black Mtns. South,2,likely period: listed by Illia's bestiary in another zone
Bodil,Weapon Merchant,GameMerchant,npc,2,50,100,Vale of Mularn,100,1.65-era: seen in this zone by CapnBry
Tallya,Dye Merchant,GameMerchant,npc,2,20,100,Myrkwood Forest,105,1.65-era: seen in this zone by CapnBry
Sholto,,GameNPC,npc,3,50,200,Lough Gur,204,"likely period: listed in this zone by Illia's bestiary (2001-2010 data, may include later NPCs)"
innocent,,GameNPC,npc,1,39,277,Hall of the Corrupt,277,"likely period: listed in this zone by Illia's bestiary (2001-2010 data, may include later NPCs)"
Elith,Armor Merchant,GameMerchant,npc,3,45,200,Lough Derg,200,1.65-era: seen in this zone by CapnBry
Fread Gramley,Smith,Blacksmith,npc,1,50,1,Avalon Marsh,9,"likely period: listed in this zone by Illia's bestiary (2001-2010 data, may include later NPCs)"
Lyrist,Hastener,GameHastener,npc,3,30,202,Torrylin,217,unverified: no CapnBry data for this zone
ambient boar,,GameNPC,npc,2,5,101,Jordheim,120,unverified: not in CapnBry for this zone
Alice Mothley,Healer,GameHealer,npc,1,50,51,Isle of Glass,51,1.65-era: seen in this zone by CapnBry
Lila,Arrow Merchant,GameMerchant,npc,3,35,200,Connacht,207,"likely period: listed in this zone by Illia's bestiary (2001-2010 data, may include later NPCs)"
Valkyrie Sentry,,GameGuard,guard,2,39,101,Jordheim,120,1.65-era: seen in this zone by CapnBry
Ambre,Vault Banker,GameNPC,npc,1,50,2,Stoneleigh,262,unverified: no CapnBry data for this zone
ambient pixie,,GameNPC,npc,3,1,200,Connacht,207,unverified: not in CapnBry for this zone
Galagore,Weapon Merchant,GameMerchant,npc,2,50,100,East Svealand,101,1.65-era: seen in this zone by CapnBry
Ranger,,Keeps.GuardArcher,guard,3,52,200,Breifine,212,1.65-era: seen in this zone by CapnBry
Mordred,Lord Of Battle,LordOfBattle,npc,0,75,80,Temple of Twilight,80,likely period: listed by Illia's bestiary in another zone
new mob,,Keeps.FrontierHastener,npc,0,1,241,Molvik,241,unverified: no CapnBry data for this zone
Lyrist,Hastener,GameHastener,npc,3,30,202,Tullamore,272,unverified: no CapnBry data for this zone
Market Explorer,,MarketExplorer,npc,2,50,102,Erikstaad,114,"Atlas / later: Market Explorer (housing consignment search, post-1.65 / Atlas)"
Hervelina the hermit,,GameNPC,npc,3,34,224,Treibh Caillte,224,"likely period: listed in this zone by Illia's bestiary (2001-2010 data, may include later NPCs)"
Mattie,Weapon Merchant,GameMerchant,npc,2,50,100,Vale of Mularn,100,1.65-era: seen in this zone by CapnBry
Mottul,Vault Banker,GameNPC,npc,2,50,102,Carlingford,118,unverified: no CapnBry data for this zone
Nerthus,Vault Banker,GameNPC,npc,1,50,2,Dalton,18,unverified: no CapnBry data for this zone
Cynwik the Wizard,,GameNPC,npc,1,48,1,Black Mtns. North,3,"likely period: listed in this zone by Illia's bestiary (2001-2010 data, may include later NPCs)"
ambient pixie,,GameNPC,npc,3,1,201,Tir na Nog,209,unverified: not in CapnBry for this zone
Bridget Forge,Merchant,GameMerchant,npc,1,50,51,Aldland,56,"likely period: listed in this zone by Illia's bestiary (2001-2010 data, may include later NPCs)"
Mistress Blea,,GameNPC,npc,1,50,1,Black Mtns. South,2,"likely period: listed in this zone by Illia's bestiary (2001-2010 data, may include later NPCs)"
Valkyn Guard,,GameNPC,npc,2,50,151,Munin Sound,155,1.65-era: seen in this zone by CapnBry
Sentinel,,GameGuard,guard,3,45,200,Cliffs of Moher,203,1.65-era: seen by CapnBry (another zone)
Hastener,Wulvar Clan,GameHastener,npc,0,75,100,Odin's Gate,115,1.65-era: seen in this zone by CapnBry
Hastener,,GameHastener,npc,0,100,200,Emain Macha,214,1.65-era: seen in this zone by CapnBry
Fiellamae,Alchemists Master,AlchemistsMaster,npc,2,65,102,Nittedal,267,unverified: no CapnBry data for this zone
Kaven,Vault Banker,GameNPC,npc,3,50,202,Broughshane,274,unverified: no CapnBry data for this zone
Darbo,Sapphire Armor Merchant,GameSapphireSealsMerchant,npc,3,36,249,Darkness Falls,249,"Atlas / later: Seals merchant (Darkness Rising era, used by Atlas)"
Oran O'Braonain,,GameNPC,npc,3,50,200,Shannon Estuary,202,1.65-era: seen in this zone by CapnBry
Poison Merchant,Tinctures and Toxins,GameMerchant,npc,2,60,339,Brimstone Caverns,339,unverified: no CapnBry data for this zone
Kimba,,GameNPC,npc,3,50,200,Lough Gur,204,"likely period: listed in this zone by Illia's bestiary (2001-2010 data, may include later NPCs)"
deamhan aeir,,NightSpawn,npc,0,35,200,Cruachan Gorge,211,1.65-era: seen by CapnBry (another zone)
disturbed presence,,NightSpawn,npc,0,12,1,Campacorentin Forest,8,"likely period: listed in this zone by Illia's bestiary (2001-2010 data, may include later NPCs)"
Arshan,Merchant,GameMerchant,npc,3,15,200,Connacht,207,1.65-era: seen in this zone by CapnBry
Bhreagar Hylvian,Vault Keeper,GameVaultKeeper,npc,3,40,201,Tir na Nog,209,1.65-era: seen in this zone by CapnBry
Knight Commander,,GameGuard,guard,1,255,200,Emain Macha,214,1.65-era: seen in this zone by CapnBry
Guard Reed,,GameGuard,guard,1,50,1,Black Mtns. South,2,"likely period: listed in this zone by Illia's bestiary (2001-2010 data, may include later NPCs)"
horse,,GameNPC,npc,3,55,181,Vigilant Rock,186,1.65-era: seen by CapnBry (another zone)
Guardian Sergeant,,GameGuard,guard,1,46,1,Avalon Marsh,9,1.65-era: seen in this zone by CapnBry
Enchanter Khalid,Enchanter,Enchanter,npc,1,50,51,Dales of Devwy,53,"likely period: listed in this zone by Illia's bestiary (2001-2010 data, may include later NPCs)"
Daithi,Stalker Trainer,Trainer.StalkerTrainer,npc,3,44,200,Connacht,207,1.65-era: seen in this zone by CapnBry
Blair Aldar,,GameNPC,npc,1,10,1,Cornwall,6,1.65-era: seen in this zone by CapnBry
Rorsc,Potion Merchant,GameMerchant,npc,3,1,27,Lamfhota's Sound,29,unverified: no CapnBry data for this zone
Skald of Midgard,Hastener,GameHastener,npc,2,50,151,Aegir's Landing,151,likely period: listed by Illia's bestiary in another zone
Gothi of Odin,,Scripts.OFAssistant,npc,2,100,100,Uppland,111,Atlas / later: Atlas frontier medallion assistant
Gothi of Hel,,GameNPC,npc,2,50,101,Jordheim,120,1.65-era: seen in this zone by CapnBry
Malachy,,GameNPC,npc,3,50,200,Lough Gur,204,"likely period: listed in this zone by Illia's bestiary (2001-2010 data, may include later NPCs)"
Irksa,Instrument Merchant,GameMerchant,npc,3,45,200,Silvermine Mts.,201,1.65-era: seen in this zone by CapnBry
horse,,GameNPC,npc,1,55,2,Aylesbury,64,1.65-era: seen by CapnBry (another zone)
Gorne,,GameNPC,npc,2,40,100,East Svealand,101,1.65-era: seen in this zone by CapnBry
ghastly siabra,,NightSpawn,npc,0,13,200,Lough Derg,200,1.65-era: seen in this zone by CapnBry
Makenna,Stable Master,GameStableMaster,npc,3,54,202,Torrylin,217,unverified: no CapnBry data for this zone
Ennis,Magician Trainer,Trainer.MagicianTrainer,npc,3,50,200,Shannon Estuary,202,1.65-era: seen in this zone by CapnBry
Master Enchanter,,Scripts.OFAssistant,npc,3,100,200,Connacht,207,Atlas / later: Atlas frontier medallion assistant
deamhan aeir,,NightSpawn,npc,0,34,200,Lough Gur,204,"likely period: listed in this zone by Illia's bestiary (2001-2010 data, may include later NPCs)"
Master Guardian,,GameGuard,guard,3,255,1,Hadrian's Wall,15,unverified: not in CapnBry for this zone
Modoc,Merchant,GameMerchant,npc,3,50,202,Aberillan,225,unverified: no CapnBry data for this zone
horse,,GameNPC,npc,3,55,200,Cliffs of Moher,203,1.65-era: seen by CapnBry (another zone)
Celtic Guardian,,GameGuard,guard,3,255,200,Valley of Bri Leith,206,unverified: not in CapnBry for this zone
Garine,Weaponsmiths Master,WeaponCraftingMaster,npc,1,65,2,Chiltern,260,unverified: no CapnBry data for this zone
Edern,Crossbow Merchant,GameMerchant,npc,1,1,1,Llyn Barfog,7,1.65-era: seen by CapnBry (another zone)
Lan,Armor Merchant,GameMerchant,npc,1,40,1,Black Mtns. South,2,1.65-era: seen in this zone by CapnBry
Sentinel,,GameGuard,guard,3,50,200,Connacht,207,1.65-era: seen in this zone by CapnBry
ghastly siabra,,NightSpawn,npc,0,13,200,Lough Derg,200,1.65-era: seen in this zone by CapnBry
Lance Settler,,GameNPC,npc,3,1,200,Lough Derg,200,unverified: not in CapnBry for this zone
Master Brignun,Infiltrator Trainer,Trainer.InfiltratorTrainer,npc,1,50,1,Black Mtns. North,3,1.65-era: seen in this zone by CapnBry
Viking Huscarl,,GameGuard,guard,2,255,200,Emain Macha,214,1.65-era: seen in this zone by CapnBry
Frikk,Merchant,GameMerchant,npc,2,13,100,Vale of Mularn,100,1.65-era: seen in this zone by CapnBry
Guardian,,Keeps.GuardFighter,guard,3,52,200,Breifine,212,1.65-era: seen in this zone by CapnBry
Master Guardian,,GameGuard,guard,3,255,1,Hadrian's Wall,15,unverified: not in CapnBry for this zone
deamhan aeir,,NightSpawn,npc,0,34,200,Cruachan Gorge,211,1.65-era: seen by CapnBry (another zone)
stabled horse,,GameNPC,npc,3,55,201,Tir na Nog,209,unverified: not in CapnBry for this zone
Guardian,,Keeps.GuardFighter,guard,3,57,200,Breifine,212,1.65-era: seen in this zone by CapnBry
Knight Commander,,GameNPC,npc,1,255,100,Odin's Gate,115,1.65-era: seen in this zone by CapnBry
Master Lorik,Fighter Trainer,Trainer.FighterTrainer,npc,1,1,1,Campacorentin Forest,8,"likely period: listed in this zone by Illia's bestiary (2001-2010 data, may include later NPCs)"
Sentinel Doireann,,GameGuard,guard,3,50,200,Silvermine Mts.,201,1.65-era: seen in this zone by CapnBry
Ranger,,Keeps.GuardArcher,guard,3,52,200,Breifine,212,1.65-era: seen in this zone by CapnBry
Viking Huscarl,,GameGuard,guard,2,255,165,Cathal Valley,165,1.65-era: seen by CapnBry (another zone)
Haki,Vault Banker,GameNPC,npc,2,50,102,Carlingford,118,likely period: listed by Illia's bestiary in another zone
Scout,,GameNPC,npc,1,45,1,Black Mtns. North,3,1.65-era: seen by CapnBry (another zone)
Keep Sentinel,,GameGuard,guard,3,90,200,Connacht,207,1.65-era: seen by CapnBry (another zone)
Market Explorer,,MarketExplorer,npc,3,50,202,Tullamore,272,"Atlas / later: Market Explorer (housing consignment search, post-1.65 / Atlas)"
Alastar MacDonnell,Merchant,GameMerchant,npc,3,50,181,Domnann,181,unverified: no CapnBry data for this zone
Beni,Merchant,GameMerchant,npc,2,50,100,West Svealand,102,1.65-era: seen in this zone by CapnBry
Fainche,Champion Trainer,Trainer.ChampionTrainer,npc,3,50,181,Vigilant Rock,186,unverified: no CapnBry data for this zone
Zrim,Siege Merchant,GameMerchant,npc,3,1,200,Connacht,207,unverified: not in CapnBry for this zone
Master Armsman,,GameGuard,guard,1,255,165,Cathal Valley,165,unverified: no CapnBry data for this zone
Grizel,Smith,Blacksmith,npc,3,35,200,Lough Derg,200,1.65-era: seen in this zone by CapnBry
Scout,,GameNPC,npc,1,45,1,Black Mtns. North,3,1.65-era: seen by CapnBry (another zone)
Chieftain Guard,,GameGuard,guard,2,54,101,Jordheim,120,1.65-era: seen in this zone by CapnBry
Master Guardian,,GameGuard,guard,3,255,1,Hadrian's Wall,15,unverified: not in CapnBry for this zone
Asthore,Weapon Merchant,GameMerchant,npc,3,50,200,Lough Gur,204,"likely period: listed in this zone by Illia's bestiary (2001-2010 data, may include later NPCs)"
Bergthora Gunnhild,Dye Merchant,GameMerchant,npc,2,50,151,Aegir's Landing,151,1.65-era: seen in this zone by CapnBry
Apprentice Taxidermist,,GameNPC,npc,3,35,202,Saeranthal,219,unverified: no CapnBry data for this zone
Tulo,Sapphire Weapon Merchant,GameSapphireSealsMerchant,npc,2,36,249,Darkness Falls,249,"Atlas / later: Seals merchant (Darkness Rising era, used by Atlas)"
Janash,Account Vault Keeper,AccountVaultKeeper,npc,2,75,101,Jordheim,120,Atlas / later: Account vault keeper (post-1.65 live feature)
Aerriana,Alchemists Master,GameNPC,npc,3,65,202,Broughshane,274,unverified: no CapnBry data for this zone
Twn ap Gusg,Armor Merchant,GameMerchant,npc,1,1,1,Llyn Barfog,7,unverified: no CapnBry data for this zone
Calya,,GameNPC,npc,1,7,1,Campacorentin Forest,8,1.65-era: seen in this zone by CapnBry
Loremaster Alain,,GameNPC,npc,1,66,10,City of Camelot,26,1.65-era: seen in this zone by CapnBry
Huscarl,,Keeps.GuardFighter,guard,2,37,165,Cathal Valley,165,1.65-era: seen by CapnBry (another zone)
Iden Wissan,Armor Merchant,GameMerchant,npc,1,1,10,City of Camelot,26,1.65-era: seen in this zone by CapnBry
Gyrom,Stable Master,GameStableMaster,npc,1,50,2,Caerwent,13,unverified: not in CapnBry for this zone
Talaith,Enchanter Trainer,Trainer.EnchanterTrainer,npc,3,50,200,Silvermine Mts.,201,1.65-era: seen in this zone by CapnBry
Veteran Guardsman,,GameGuard,guard,1,40,10,City of Camelot,26,1.65-era: seen in this zone by CapnBry
Master Kel,Mercenary Trainer,Trainer.MercenaryTrainer,npc,1,50,1,Black Mtns. North,3,1.65-era: seen in this zone by CapnBry
Naoiran,Merchant,GameMerchant,npc,3,50,181,Domnann,181,unverified: no CapnBry data for this zone
Berenger Brennar,,GameNPC,npc,1,50,10,City of Camelot,26,unverified: not in CapnBry for this zone
Amhlaoibh,Merchant,GameMerchant,npc,3,50,200,Lough Gur,204,unverified: no CapnBry data for this zone
Stor Gothi Leidar,,GameNPC,npc,2,60,102,Kaupang,122,unverified: no CapnBry data for this zone
Kelsi,Arrow Merchant,GameMerchant,npc,3,1,201,Tir na Nog,209,1.65-era: seen in this zone by CapnBry
Sentinel Llacheu,,GameGuard,guard,3,52,201,Tir na Nog,209,1.65-era: seen in this zone by CapnBry
Knight Commander,,GameNPC,npc,1,255,100,Odin's Gate,115,1.65-era: seen in this zone by CapnBry
Dellanocha,Spellcrafters Master,SpellCraftingMaster,npc,3,67,202,Broughshane,274,unverified: no CapnBry data for this zone
ambient pixie,,GameNPC,npc,3,1,200,Lough Derg,200,unverified: not in CapnBry for this zone
Ely,,GameNPC,npc,1,42,51,Isle of Glass,51,1.65-era: seen in this zone by CapnBry
Mieya,Stable Master,GameStableMaster,npc,2,52,102,Kaupang,122,unverified: no CapnBry data for this zone
Agnor Crusher,,GameNPC,npc,2,35,100,West Svealand,102,1.65-era: seen in this zone by CapnBry
ambient pixie,,GameNPC,npc,3,1,200,Connacht,207,unverified: not in CapnBry for this zone
Erstal Furlan,Smith,Blacksmith,npc,1,1,1,Avalon Marsh,9,likely period: listed by Illia's bestiary in another zone
Lasairiona,Champion Trainer,Trainer.ChampionTrainer,npc,3,40,201,Tir na Nog,209,1.65-era: seen in this zone by CapnBry
Hastener,,GameHastener,npc,2,1,1,Hadrian's Wall,15,1.65-era: seen in this zone by CapnBry
Master Enchanter,,Scripts.OFAssistant,npc,3,100,200,Connacht,207,Atlas / later: Atlas frontier medallion assistant
Sentry Gaaruun,,GameNPC,npc,2,25,100,Myrkwood Forest,105,1.65-era: seen in this zone by CapnBry
Apprentice Taxidermist,,GameNPC,npc,1,35,2,Dalton,18,unverified: no CapnBry data for this zone
Lady Fridwulf,Cleric Trainer,Trainer.ClericTrainer,npc,1,50,10,City of Camelot,26,1.65-era: seen in this zone by CapnBry
Gothi of Odin,,Scripts.OFAssistant,npc,2,100,100,Uppland,111,Atlas / later: Atlas frontier medallion assistant
Diego,,GameNPC,npc,2,50,100,Vale of Mularn,100,unverified: not in CapnBry for this zone
horse,,GameNPC,npc,1,55,2,Aylesbury,64,1.65-era: seen by CapnBry (another zone)
Apprentice Taxidermist,,GameNPC,npc,2,35,102,Arothi,117,unverified: no CapnBry data for this zone
Yorel Anbidian,Merchant,GameMerchant,npc,1,15,1,Black Mtns. North,3,1.65-era: seen in this zone by CapnBry
Julienne Danior,Armor Merchant,GameMerchant,npc,1,50,51,Isle of Glass,51,"likely period: listed in this zone by Illia's bestiary (2001-2010 data, may include later NPCs)"
Ilyana,Healer,GameHealer,npc,3,50,200,Connacht,207,"likely period: listed in this zone by Illia's bestiary (2001-2010 data, may include later NPCs)"
Saydyn,Healer,GameHealer,npc,2,20,100,West Svealand,102,1.65-era: seen in this zone by CapnBry
Algeant Morgaudos,Merchant,GameMerchant,npc,1,50,2,Caerwent,13,unverified: not in CapnBry for this zone
Viking Huscarl,,GameGuard,guard,2,255,165,Cathal Valley,165,1.65-era: seen by CapnBry (another zone)
Armsman,,Keeps.GuardFighter,guard,1,57,100,Yggdra Forest,112,1.65-era: seen by CapnBry (another zone)
Hastener,,Keeps.FrontierHastener,npc,1,255,100,Odin's Gate,115,1.65-era: seen in this zone by CapnBry
ambient pixie,,GameNPC,npc,3,1,200,Connacht,207,unverified: not in CapnBry for this zone
Aillig,Arrow Merchant,GameMerchant,npc,3,35,200,Lough Derg,200,1.65-era: seen in this zone by CapnBry
ambient pixie,,GameNPC,npc,3,1,201,Tir na Nog,209,unverified: not in CapnBry for this zone
Heikki,,GameNPC,npc,2,50,151,Munin Sound,155,1.65-era: seen in this zone by CapnBry
Troll Flayer,,GameGuard,guard,2,30,100,Gotar,103,1.65-era: seen in this zone by CapnBry
Piper,Hastener,GameHastener,npc,1,30,2,Brisworthy,20,1.65-era: seen by CapnBry (another zone)
Knight Commander,,GameGuard,guard,1,255,1,Snowdonia,12,"likely period: listed in this zone by Illia's bestiary (2001-2010 data, may include later NPCs)"
Albion sentinel,,GameNPC,npc,1,50,1,Camelot Hills,0,1.65-era: seen in this zone by CapnBry
Olcasgean Initializator,DO NOT REMOVE,OlcasgeanInitializator,npc,0,50,191,Galladoria,191,unverified: no CapnBry data for this zone
Nardol,Merchant,GameMerchant,npc,3,52,202,Moycullen,273,unverified: no CapnBry data for this zone
Morgirs,,GameNPC,npc,1,30,2,Sherborne,261,unverified: no CapnBry data for this zone
Ryce Scrydan,Shield Merchant,GameMerchant,npc,1,9,1,Camelot Hills,0,1.65-era: seen in this zone by CapnBry
Harlfug,Stable Master,GameStableMaster,npc,2,45,100,East Svealand,101,1.65-era: seen in this zone by CapnBry
Viking Dreng,,GameNPC,npc,2,41,100,East Svealand,101,1.65-era: seen in this zone by CapnBry
Guardian,,Keeps.GuardFighter,guard,3,57,200,Cruachan Gorge,211,1.65-era: seen by CapnBry (another zone)
Eluned,Armor Merchant,GameNPC,npc,3,35,200,Lough Derg,200,1.65-era: seen in this zone by CapnBry
druid,,GameNPC,npc,3,40,201,Tir na Nog,209,1.65-era: seen in this zone by CapnBry
Hibernia Decorator,Merchant,GameMerchant,npc,3,40,202,Meath,213,unverified: no CapnBry data for this zone
Gral Bermorn,,GameNPC,npc,1,30,1,Campacorentin Forest,8,1.65-era: seen in this zone by CapnBry
Sentry,,GameGuard,guard,2,50,151,Munin Sound,155,1.65-era: seen in this zone by CapnBry
ambient pixie,,GameNPC,npc,3,1,200,Silvermine Mts.,201,unverified: not in CapnBry for this zone
Clena,Weapon Merchant,GameMerchant,npc,2,50,100,East Svealand,101,1.65-era: seen in this zone by CapnBry
Gothi of the Juton,,GameNPC,npc,2,50,100,West Svealand,102,1.65-era: seen in this zone by CapnBry
Stor Gothi,,Scripts.OFTeleporter,npc,2,1,200,Emain Macha,214,teleporter (not 1.65; listed separately)
Hibernia Decorator,Merchant,GameMerchant,npc,3,40,202,Kilcullen,218,unverified: no CapnBry data for this zone
Lar Rodor,Shield Merchant,GameMerchant,npc,1,1,1,Camelot Hills,0,1.65-era: seen in this zone by CapnBry
Araisa,Medallion Merchant,Scripts.OFMerchant,npc,3,75,200,Connacht,207,unverified: not in CapnBry for this zone
Midgard Trainer,Master Trainer,Scripts.AtlasTrainer,npc,2,75,73,Stygian Delta,81,Atlas / later: Atlas trainer
Armsman Commander,,Keeps.GuardCommander,guard,1,55,200,Mount Collory,210,unverified: not in CapnBry for this zone
Fusi,,GameNPC,npc,1,75,165,Cathal Valley,165,unverified: no CapnBry data for this zone
ambient pixie,,GameNPC,npc,3,1,201,Tir na Nog,209,unverified: not in CapnBry for this zone
Budo,Hunter Trainer,Trainer.HunterTrainer,npc,2,20,100,Gotar,103,1.65-era: seen in this zone by CapnBry
Barnarn the crier,,GameNPC,npc,1,5,1,Black Mtns. South,2,"likely period: listed in this zone by Illia's bestiary (2001-2010 data, may include later NPCs)"
Market Explorer,,MarketExplorer,npc,1,50,2,Aylesbury,64,"Atlas / later: Market Explorer (housing consignment search, post-1.65 / Atlas)"
Virsha,Account Vault Keeper,AccountVaultKeeper,npc,1,75,330,Albion Event,330,Atlas / later: Account vault keeper (post-1.65 live feature)
Skald of Midgard,Hastener,GameHastener,npc,2,50,100,West Svealand,102,likely period: listed by Illia's bestiary in another zone
Madilen Anglesey,,GameNPC,npc,1,50,51,Avalon Isle,52,1.65-era: seen in this zone by CapnBry
Guardian,,Keeps.GuardFighter,guard,3,52,200,Breifine,212,1.65-era: seen in this zone by CapnBry
Cubert,Armor Merchant,GameMerchant,npc,3,35,200,Connacht,207,"likely period: listed in this zone by Illia's bestiary (2001-2010 data, may include later NPCs)"
Viking Archer,,GameGuard,guard,2,95,100,West Svealand,102,1.65-era: seen in this zone by CapnBry
Alina,,Alina,npc,2,19,100,Myrkwood Forest,105,1.65-era: seen in this zone by CapnBry
Ivy Magennis,,GameNPC,npc,3,50,181,Caillte Garran,182,"likely period: listed in this zone by Illia's bestiary (2001-2010 data, may include later NPCs)"
Master Ranger,,GameGuard,guard,3,255,200,Connacht,207,1.65-era: seen in this zone by CapnBry
deamhan aeir,,NightSpawn,npc,0,35,200,Lough Gur,204,"likely period: listed in this zone by Illia's bestiary (2001-2010 data, may include later NPCs)"
Troll Archer,,GameGuard,guard,2,255,100,Uppland,111,1.65-era: seen in this zone by CapnBry
deamhan aeir,,NightSpawn,npc,0,35,200,Lough Gur,204,"likely period: listed in this zone by Illia's bestiary (2001-2010 data, may include later NPCs)"
Kinney,Poison Merchant,GameMerchant,npc,3,50,200,Shannon Estuary,202,1.65-era: seen in this zone by CapnBry
Buvale,Tailors Master,TailoringMaster,npc,1,65,2,Chiltern,260,unverified: no CapnBry data for this zone
Apprentice Taxidermist,,GameNPC,npc,1,39,2,Aylesbury,64,unverified: no CapnBry data for this zone
Grindan Halig,Shield Merchant,GameMerchant,npc,1,8,1,Campacorentin Forest,8,1.65-era: seen in this zone by CapnBry
Master Ranger,,GameGuard,guard,3,255,200,Connacht,207,1.65-era: seen in this zone by CapnBry
horse,,GameNPC,npc,2,55,102,Erikstaad,114,1.65-era: seen in this zone by CapnBry
Master Guardian,,GameGuard,guard,3,255,1,Hadrian's Wall,15,unverified: not in CapnBry for this zone
Chieftess Guard Nuraa,,GameNPC,npc,2,68,151,Aegir's Landing,151,1.65-era: seen in this zone by CapnBry
ambient pixie,,GameNPC,npc,3,1,200,Connacht,207,unverified: not in CapnBry for this zone
Vifil,Weapon Merchant,GameMerchant,npc,2,20,100,Gotar,103,1.65-era: seen in this zone by CapnBry
Silana Pierson,Poison Merchant,GameMerchant,npc,1,53,51,Avalon Isle,52,1.65-era: seen in this zone by CapnBry
Viking Huscarl,,GameGuard,guard,2,255,200,Emain Macha,214,1.65-era: seen in this zone by CapnBry
Renoliv,Vault Banker,GameNPC,npc,3,50,202,Moycullen,273,unverified: no CapnBry data for this zone
Magess Islia,,GameNPC,npc,1,50,10,City of Camelot,26,1.65-era: seen in this zone by CapnBry
Garan Vanora,Tailors Master,GameNPC,npc,1,65,2,Old Sarum,16,unverified: no CapnBry data for this zone
Vericae,Weaponsmiths Master,WeaponCraftingMaster,npc,1,70,2,Sherborne,261,unverified: no CapnBry data for this zone
Ostinna,Armorsmiths Master,ArmorCraftingMaster,npc,2,65,102,Holmestrand,266,unverified: no CapnBry data for this zone
Charone,Reaver Trainer,Trainer.ReaverTrainer,npc,1,50,10,City of Camelot,26,1.65-era: seen in this zone by CapnBry
Dugan Advien,,GameNPC,npc,1,50,1,Avalon Marsh,9,1.65-era: seen in this zone by CapnBry
Piper,Hastener,GameHastener,npc,1,30,2,Chiltern,260,1.65-era: seen by CapnBry (another zone)
wind ghoul,,NightSpawn,npc,0,7,200,Connacht,207,1.65-era: seen in this zone by CapnBry
Truichon,Stable Master,GameStableMaster,npc,3,30,200,Lough Derg,200,1.65-era: seen in this zone by CapnBry
Sir Ambiz,,GameNPC,npc,1,40,1,Black Mtns. South,2,"likely period: listed in this zone by Illia's bestiary (2001-2010 data, may include later NPCs)"
Master Cear,Theurgist Trainer,Trainer.TheurgistTrainer,npc,1,50,10,City of Camelot,26,1.65-era: seen in this zone by CapnBry
Intoner,Hastener,GameHastener,npc,2,30,102,Erikstaad,114,1.65-era: seen in this zone by CapnBry
horse,,GameNPC,npc,3,51,200,Lough Derg,200,1.65-era: seen by CapnBry (another zone)
Pellam,Crossbows Merchant,GameMerchant,npc,1,1,1,Camelot Hills,0,unverified: not in CapnBry for this zone
Viking Huscarl,,GameGuard,guard,2,255,1,Hadrian's Wall,15,1.65-era: seen in this zone by CapnBry
Keara,,GameNPC,npc,3,24,200,Connacht,207,1.65-era: seen in this zone by CapnBry
Cort,Weapon Merchant,GameMerchant,npc,2,50,100,Vale of Mularn,100,1.65-era: seen in this zone by CapnBry
Dala,Weapon Merchant,GameMerchant,npc,2,50,101,Jordheim,120,1.65-era: seen in this zone by CapnBry
Master Eldritch,,GameGuard,guard,3,255,235,The Lions Den,235,1.65-era: seen by CapnBry (another zone)
Imp Statue,,GameNPC,npc,0,1,200,Shannon Estuary,202,unverified: not in CapnBry for this zone
Farley Daegal,Merchant,GameMerchant,npc,1,15,1,Salisbury Plains,1,1.65-era: seen in this zone by CapnBry
Bodwyn,Weapon Merchant,GameMerchant,npc,1,30,1,Salisbury Plains,1,1.65-era: seen in this zone by CapnBry
Sentinel,,GameGuard,guard,3,50,200,Shannon Estuary,202,1.65-era: seen in this zone by CapnBry
Sugnhild,,GameNPC,npc,2,25,100,West Svealand,102,1.65-era: seen in this zone by CapnBry
Master Wizard,,GameGuard,guard,1,255,100,Odin's Gate,115,1.65-era: seen in this zone by CapnBry
Odelina,Vault Banker,GameNPC,npc,1,50,2,Rilan,17,unverified: not in CapnBry for this zone
Herbod,Vault Banker,GameNPC,npc,3,50,202,Meath,213,unverified: no CapnBry data for this zone
Caitriona,,GameNPC,npc,3,50,200,Silvermine Mts.,201,1.65-era: seen in this zone by CapnBry
Nydomath,Poison Merchant,GameMerchant,npc,1,9,1,Black Mtns. South,2,"likely period: listed in this zone by Illia's bestiary (2001-2010 data, may include later NPCs)"
Sentinel,,GameGuard,guard,3,53,200,Connacht,207,1.65-era: seen in this zone by CapnBry
Sebil Lenut,Armor Merchant,GameMerchant,npc,1,1,1,Campacorentin Forest,8,"likely period: listed in this zone by Illia's bestiary (2001-2010 data, may include later NPCs)"
Lyrist,Hastener,GameHastener,npc,3,31,202,Broughshane,274,unverified: no CapnBry data for this zone
Viking Huscarl,,GameGuard,guard,2,255,100,Uppland,111,1.65-era: seen in this zone by CapnBry
Guardian Emily,,GameGuard,guard,1,50,51,Isle of Glass,51,"likely period: listed in this zone by Illia's bestiary (2001-2010 data, may include later NPCs)"
Master Eldritch,,GameGuard,guard,3,255,165,Cathal Valley,165,1.65-era: seen by CapnBry (another zone)
Tondbert Brewer,Weapon Merchant,GameMerchant,npc,1,34,51,Dales of Devwy,53,"likely period: listed in this zone by Illia's bestiary (2001-2010 data, may include later NPCs)"
ambient pixie,,GameNPC,npc,3,1,201,Tir na Nog,209,unverified: not in CapnBry for this zone
Master Ranger,,GameGuard,guard,3,255,234,The Proving Grounds,234,1.65-era: seen by CapnBry (another zone)
Guardian,,GameGuard,guard,3,42,201,Tir na Nog,209,1.65-era: seen in this zone by CapnBry
Biesill,Vault Banker,GameNPC,npc,2,50,102,Kaupang,122,unverified: no CapnBry data for this zone
Zoarwen,Tailors Master,TailoringMaster,npc,2,65,102,Wyndham,119,unverified: no CapnBry data for this zone
Sall Fadri,Medallion Merchant,Scripts.OFMerchant,npc,1,75,1,Forest Sauvage,11,1.65-era: seen in this zone by CapnBry
ambient rat,,GameNPC,npc,0,1,101,Jordheim,120,unverified: not in CapnBry for this zone
Jaegr,Merchant,GameMerchant,npc,2,50,102,Erikstaad,114,unverified: not in CapnBry for this zone
Master Ranger,,GameGuard,guard,3,255,200,Connacht,207,1.65-era: seen in this zone by CapnBry
Midgard Magicals,Item Merchant,GameMerchant,npc,2,50,101,Jordheim,120,unverified: not in CapnBry for this zone
Albion Trainer,Master Trainer,Scripts.AtlasTrainer,npc,1,75,130,Stygian Delta,138,Atlas / later: Atlas trainer
Geriwen,Spellcrafters Master,SpellCraftingMaster,npc,1,65,2,Sherborne,261,unverified: no CapnBry data for this zone
Skedar,,GameNPC,npc,2,32,102,Frisia,121,unverified: no CapnBry data for this zone
Linna,Weapon Merchant,GameMerchant,npc,2,50,100,Vale of Mularn,100,1.65-era: seen in this zone by CapnBry
Hedonart,Smith,Blacksmith,npc,2,30,100,West Svealand,102,likely period: listed by Illia's bestiary in another zone
traveling merchant,,GameNPC,npc,2,10,100,Vale of Mularn,100,"likely period: listed in this zone by Illia's bestiary (2001-2010 data, may include later NPCs)"
deamhan aeir,,NightSpawn,npc,0,34,200,Lough Gur,204,"likely period: listed in this zone by Illia's bestiary (2001-2010 data, may include later NPCs)"
Teleri,Armor Merchant,GameMerchant,npc,3,39,200,Lough Derg,200,1.65-era: seen in this zone by CapnBry
Zruch,Siege Merchant,GameMerchant,npc,2,50,100,Uppland,111,unverified: not in CapnBry for this zone
Godelava Dowden,,GameNPC,npc,1,1,1,Camelot Hills,0,unverified: not in CapnBry for this zone
Dyemaster Alwin,Dye Merchant,GameMerchant,npc,1,1,1,Camelot Hills,0,1.65-era: seen in this zone by CapnBry
Kumar,Arrow Merchant,GameMerchant,npc,1,50,51,Aldland,56,"likely period: listed in this zone by Illia's bestiary (2001-2010 data, may include later NPCs)"
Junger Gannon,Armor Merchant,GameMerchant,npc,1,32,1,Campacorentin Forest,8,"likely period: listed in this zone by Illia's bestiary (2001-2010 data, may include later NPCs)"
Kyle Powell,Alchemists Master,AlchemistsMaster,npc,1,65,2,Stoneleigh,262,unverified: no CapnBry data for this zone
Viking Huscarl,,GameGuard,guard,2,255,100,Uppland,111,1.65-era: seen in this zone by CapnBry
Connor,Armor Merchant,GameMerchant,npc,2,41,100,Vale of Mularn,100,1.65-era: seen in this zone by CapnBry
Master Guardian,,GameGuard,guard,3,255,100,Odin's Gate,115,unverified: not in CapnBry for this zone
Mosen,Merchant,GameMerchant,npc,3,35,200,Silvermine Mts.,201,unverified: not in CapnBry for this zone
Skoni,Runemaster Trainer,Trainer.RunemasterTrainer,npc,2,50,151,Faraheim,154,1.65-era: seen in this zone by CapnBry
Guardian Sima,,GameNPC,npc,3,40,201,Tir na Nog,209,1.65-era: seen in this zone by CapnBry
Imp Statue,,GameNPC,npc,0,1,200,Shannon Estuary,202,unverified: not in CapnBry for this zone
Master Ranger,,GameGuard,guard,3,255,165,Cathal Valley,165,1.65-era: seen by CapnBry (another zone)
horse,,GameNPC,npc,3,55,202,Meath,213,1.65-era: seen by CapnBry (another zone)
Guardian,,GameGuard,guard,3,52,200,Shannon Estuary,202,1.65-era: seen in this zone by CapnBry
Geryn,Merchant,GameMerchant,npc,3,12,201,Tir na Nog,209,1.65-era: seen in this zone by CapnBry
Knight Commander,,GameGuard,guard,1,255,200,Emain Macha,214,1.65-era: seen in this zone by CapnBry
Guardian,,Keeps.GuardFighter,guard,3,57,200,Cruachan Gorge,211,1.65-era: seen by CapnBry (another zone)
Eowyln Astos,Dye Merchant,GameMerchant,npc,1,1,1,Camelot Hills,0,1.65-era: seen in this zone by CapnBry
Bard,Hastener,GameHastener,npc,3,50,201,Tir na Nog,209,1.65-era: seen in this zone by CapnBry
Intoner,Hastener,GameHastener,npc,2,30,102,Wyndham,119,1.65-era: seen by CapnBry (another zone)
Master Wizard,,GameGuard,guard,1,255,100,Odin's Gate,115,1.65-era: seen in this zone by CapnBry
Guardian J'akk,,GameGuard,guard,3,41,200,Lough Derg,200,"likely period: listed in this zone by Illia's bestiary (2001-2010 data, may include later NPCs)"
Jarl Hlidskialf,,Keeps.GuardLord,guard,2,63,100,Jamtland Mountains,113,1.65-era: seen in this zone by CapnBry
Master of Runes,,GameGuard,guard,2,255,200,Emain Macha,214,1.65-era: seen in this zone by CapnBry
stabled horse,,GameNPC,npc,3,55,201,Tir na Nog,209,unverified: not in CapnBry for this zone
Potion Gremlin,Potion Merchant,GameMerchant,npc,0,50,165,Cathal Valley,165,unverified: no CapnBry data for this zone
horse,,GameNPC,npc,3,51,200,Lough Derg,200,1.65-era: seen by CapnBry (another zone)
Master Visur,Teleporter,Scripts.LiveTeleporter,npc,1,75,1,Campacorentin Forest,8,teleporter (not 1.65; listed separately)
Market Explorer,,MarketExplorer,npc,1,50,2,Brisworthy,20,"Atlas / later: Market Explorer (housing consignment search, post-1.65 / Atlas)"
deamhan aeir,,NightSpawn,npc,0,34,200,Lough Gur,204,"likely period: listed in this zone by Illia's bestiary (2001-2010 data, may include later NPCs)"
Thol Dunnin,Smith,Blacksmith,npc,1,40,1,Black Mtns. North,3,1.65-era: seen in this zone by CapnBry
Master Wizard,,GameNPC,npc,1,255,165,Cathal Valley,165,"likely period: listed in this zone by Illia's bestiary (2001-2010 data, may include later NPCs)"
Viking Archer,,GameGuard,guard,2,95,100,West Svealand,102,1.65-era: seen in this zone by CapnBry
Veteran Guardsman,,GameGuard,guard,1,44,10,City of Camelot,26,1.65-era: seen in this zone by CapnBry
Goodwin Fletcher,Arrow Merchant,GameMerchant,npc,1,15,1,Campacorentin Forest,8,"likely period: listed in this zone by Illia's bestiary (2001-2010 data, may include later NPCs)"
Sara Graston,Weapon Merchant,GameMerchant,npc,1,1,10,City of Camelot,26,1.65-era: seen in this zone by CapnBry
Master of Runes,,GameNPC,npc,2,255,100,Uppland,111,1.65-era: seen in this zone by CapnBry
Fritan,Tailors Master,TailoringMaster,npc,2,72,102,Holmestrand,266,unverified: no CapnBry data for this zone
Huscarl Commander,,Keeps.GuardCommander,guard,2,52,100,Uppland,111,unverified: not in CapnBry for this zone
Master Wizard,,GameNPC,npc,1,255,1,Forest Sauvage,11,1.65-era: seen in this zone by CapnBry
ambient pixie,,GameNPC,npc,3,1,200,Connacht,207,unverified: not in CapnBry for this zone
Viking Huscarl,,GameGuard,guard,2,255,100,Uppland,111,1.65-era: seen in this zone by CapnBry
Slevin,Shield Merchant,GameMerchant,npc,3,34,200,Shannon Estuary,202,1.65-era: seen in this zone by CapnBry
horse,,GameNPC,npc,3,51,202,Broughshane,274,1.65-era: seen by CapnBry (another zone)
ambient boar,,GameNPC,npc,2,5,101,Jordheim,120,unverified: not in CapnBry for this zone
Apprentice Taxidermist,,GameNPC,npc,3,37,202,Tullamore,272,unverified: no CapnBry data for this zone
Seoltoir,,Scripts.OFAssistant,npc,3,100,1,Hadrian's Wall,15,Atlas / later: Atlas frontier medallion assistant
Niradda,Spellcrafters Master,SpellCraftingMaster,npc,2,69,102,Erikstaad,114,unverified: not in CapnBry for this zone
Sister Rhigwyn,,GameNPC,npc,1,35,10,City of Camelot,26,1.65-era: seen in this zone by CapnBry
Champion,,GameGuard,guard,3,255,235,The Lions Den,235,1.65-era: seen by CapnBry (another zone)
Lobais,,GameNPC,npc,3,54,201,Tir na Nog,209,1.65-era: seen in this zone by CapnBry
Alchemist apprentice,Merchant,GameMerchant,npc,2,50,102,Stavgaard,268,unverified: no CapnBry data for this zone
ambient rat,,GameNPC,npc,0,1,200,Lough Derg,200,unverified: not in CapnBry for this zone
Guardian,,GameGuard,guard,3,40,200,Lough Derg,200,1.65-era: seen in this zone by CapnBry
Korgan,Shaman Trainer,Trainer.ShamanTrainer,npc,2,40,100,Gotar,103,1.65-era: seen in this zone by CapnBry
Rhianna,Merchant,GameMerchant,npc,3,50,181,Caillte Garran,182,"likely period: listed in this zone by Illia's bestiary (2001-2010 data, may include later NPCs)"
new mob,,Keeps.FrontierHastener,npc,0,1,1,Forest Sauvage,11,unverified: not in CapnBry for this zone
Master Eldritch,,GameGuard,guard,3,255,165,Cathal Valley,165,1.65-era: seen by CapnBry (another zone)
HjalmarSuttung Controller,DO NOT REMOVE,HjalmarSuttungController,npc,0,50,160,Tuscaran Glacier,160,unverified: not in CapnBry for this zone
Master of Runes,,GameNPC,npc,2,255,100,Uppland,111,1.65-era: seen in this zone by CapnBry
Lord Oachley,Guild Emblemer,EmblemNPC,npc,1,1,10,City of Camelot,26,1.65-era: seen in this zone by CapnBry
Belyria,Dye Merchant,GameMerchant,npc,2,14,100,Vale of Mularn,100,1.65-era: seen in this zone by CapnBry
veteran guard,,GameGuard,guard,1,43,1,Black Mtns. South,2,1.65-era: seen in this zone by CapnBry
Bowman Commander,,GameNPC,npc,1,255,1,Snowdonia,12,1.65-era: seen in this zone by CapnBry
Carogda,Merchant,GameMerchant,npc,3,55,202,Tullamore,272,unverified: no CapnBry data for this zone
Rumdor,Stable Master,GameStableMaster,npc,3,30,200,Lough Derg,200,1.65-era: seen in this zone by CapnBry
Chieftain Guard Ofeig,,GameNPC,npc,2,69,151,Faraheim,154,1.65-era: seen in this zone by CapnBry
phantom wickerman,,NightSpawn,npc,0,28,200,Connacht,207,"likely period: listed in this zone by Illia's bestiary (2001-2010 data, may include later NPCs)"
Armswoman Commander,,Keeps.GuardCommander,guard,1,57,100,Yggdra Forest,112,unverified: not in CapnBry for this zone
Callough,Weapon Merchant,GameMerchant,npc,3,36,200,Cliffs of Moher,203,"likely period: listed in this zone by Illia's bestiary (2001-2010 data, may include later NPCs)"
Minarva,Smith,Blacksmith,npc,3,50,200,Lough Gur,204,"likely period: listed in this zone by Illia's bestiary (2001-2010 data, may include later NPCs)"
Sentinel,,GameGuard,guard,3,50,200,Bog of Cullen,205,1.65-era: seen by CapnBry (another zone)
Viking Huscarl,,GameGuard,guard,2,255,165,Cathal Valley,165,1.65-era: seen by CapnBry (another zone)
gray spectre,,NightSpawn,npc,0,24,200,Cruachan Gorge,211,"likely period: listed in this zone by Illia's bestiary (2001-2010 data, may include later NPCs)"
ghastly siabra,,NightSpawn,npc,0,13,200,Lough Derg,200,1.65-era: seen in this zone by CapnBry
Veteran Guardsman,,GameGuard,guard,1,50,1,Camelot Hills,0,1.65-era: seen in this zone by CapnBry
Chieftess Guard Dynne,,GameNPC,npc,2,65,151,Munin Sound,155,1.65-era: seen in this zone by CapnBry
Piper,Hastener,GameHastener,npc,1,30,2,Caerwent,13,1.65-era: seen in this zone by CapnBry
Master Visur,Teleporter,Scripts.LiveTeleporter,npc,1,60,51,Aldland,56,teleporter (not 1.65; listed separately)
Fyren,Consignment Banker,GameNPC,npc,1,52,2,Caerwent,13,unverified: not in CapnBry for this zone
Sir Beckham,,GameNPC,npc,1,45,1,Camelot Hills,0,1.65-era: seen in this zone by CapnBry
deamhan aeir,,NightSpawn,npc,0,36,200,Cruachan Gorge,211,1.65-era: seen by CapnBry (another zone)
Master of Runes,,GameNPC,npc,2,255,100,Uppland,111,1.65-era: seen in this zone by CapnBry
Grailltima,Merchant,GameMerchant,npc,2,50,102,Nittedal,267,unverified: no CapnBry data for this zone
Ariadne Thomason,Armor Merchant,GameMerchant,npc,1,50,51,Isle of Glass,51,"likely period: listed in this zone by Illia's bestiary (2001-2010 data, may include later NPCs)"
Kagnar,Seer Trainer,Trainer.SeerTrainer,npc,2,40,229,Burial Grounds,229,unverified: no CapnBry data for this zone
Barkeep Nognar,,GameNPC,npc,2,35,100,Vale of Mularn,100,1.65-era: seen in this zone by CapnBry
wind ghoul,,NightSpawn,npc,0,7,200,Connacht,207,1.65-era: seen in this zone by CapnBry
ambient rat,,GameNPC,npc,0,1,200,Lough Derg,200,unverified: not in CapnBry for this zone
Ifor Wade,Recharger,Recharger,npc,1,54,51,Isle of Glass,51,Atlas / later: Atlas charge recharger
Gyda,Weapon Merchant,GameMerchant,npc,2,50,100,East Svealand,101,1.65-era: seen in this zone by CapnBry
ambient rat,,GameNPC,npc,0,1,10,City of Camelot,26,unverified: not in CapnBry for this zone
Champion Commander,,Keeps.GuardCommander,guard,3,52,200,Breifine,212,1.65-era: seen in this zone by CapnBry
Master Eldritch,,GameGuard,guard,3,255,165,Cathal Valley,165,1.65-era: seen by CapnBry (another zone)
Apprentice Taxidermist,,GameNPC,npc,2,37,102,Wyndham,119,unverified: no CapnBry data for this zone
Evlinnaith,Spellcrafters Master,SpellCraftingMaster,npc,2,70,102,Nittedal,267,unverified: no CapnBry data for this zone
Erucyll Raio,Weapon Merchant,GameMerchant,npc,3,50,181,Domnann,181,"likely period: listed in this zone by Illia's bestiary (2001-2010 data, may include later NPCs)"
Bowman Commander,,GameNPC,npc,1,255,1,Forest Sauvage,11,1.65-era: seen in this zone by CapnBry
Sergeant Alain,,GameNPC,npc,1,19,1,Camelot Hills,0,1.65-era: seen in this zone by CapnBry
Meeka,Armor Merchant,GameMerchant,npc,2,20,100,Gotar,103,1.65-era: seen in this zone by CapnBry
Lalida,Skald Trainer,Trainer.SkaldTrainer,npc,2,20,100,Gotar,103,1.65-era: seen in this zone by CapnBry
Archibald Oakheart,Weapon Merchant,GameMerchant,npc,1,1,1,Campacorentin Forest,8,likely period: listed by Illia's bestiary in another zone
Sarry,Spiritmaster Trainer,Trainer.SpiritmasterTrainer,npc,2,20,100,Gotar,103,1.65-era: seen in this zone by CapnBry
Araisa,Medallion Merchant,Scripts.OFMerchantHome,npc,3,75,100,Odin's Gate,115,Atlas / later: Atlas frontier medallion merchant
Bowman Commander,,GameGuard,guard,1,255,165,Cathal Valley,165,"likely period: listed in this zone by Illia's bestiary (2001-2010 data, may include later NPCs)"
Erli,Druid Trainer,Trainer.DruidTrainer,npc,3,50,200,Valley of Bri Leith,206,"likely period: listed in this zone by Illia's bestiary (2001-2010 data, may include later NPCs)"
Master Eldritch,,GameGuard,guard,3,255,1,Hadrian's Wall,15,1.65-era: seen by CapnBry (another zone)
Horse,,GameNPC,npc,1,55,10,City of Camelot,26,1.65-era: seen by CapnBry (another zone)
Tewdwr ap Greid,Armor Merchant,GameMerchant,npc,1,29,1,Llyn Barfog,7,"likely period: listed in this zone by Illia's bestiary (2001-2010 data, may include later NPCs)"
Hallbera,Stable Master,GameStableMaster,npc,2,50,102,Carlingford,118,unverified: no CapnBry data for this zone
Raaka,Weapon Merchant,GameMerchant,npc,2,51,151,Munin Sound,155,1.65-era: seen in this zone by CapnBry
Grelg,Poison Merchant,GameMerchant,npc,2,50,151,Faraheim,154,1.65-era: seen in this zone by CapnBry
Sentinel,,GameGuard,guard,3,50,200,Shannon Estuary,202,1.65-era: seen in this zone by CapnBry
Trunk,Armor Merchant,GameMerchant,npc,2,20,100,Gotar,103,1.65-era: seen in this zone by CapnBry
Knight Commander,,GameNPC,npc,1,255,100,Odin's Gate,115,1.65-era: seen in this zone by CapnBry
Master Nightshade,,GameNPC,npc,3,255,235,The Lions Den,235,1.65-era: seen by CapnBry (another zone)
Armswoman,,Keeps.GuardFighter,guard,1,52,1,Pennine Mountains,14,1.65-era: seen by CapnBry (another zone)
Huscarl,,Keeps.GuardFighter,guard,2,37,165,Cathal Valley,165,1.65-era: seen by CapnBry (another zone)
gray spectre,,NightSpawn,npc,0,23,200,Cruachan Gorge,211,"likely period: listed in this zone by Illia's bestiary (2001-2010 data, may include later NPCs)"
Channeler Glasny,Teleporter,Scripts.LiveTeleporter,npc,3,60,181,Domnann,181,teleporter (not 1.65; listed separately)
Stap,Weapon Merchant,GameMerchant,npc,2,20,100,Gotar,103,1.65-era: seen in this zone by CapnBry
Master Wizard,,GameNPC,npc,1,255,165,Cathal Valley,165,"likely period: listed in this zone by Illia's bestiary (2001-2010 data, may include later NPCs)"
Baran,Merchant,GameMerchant,npc,3,52,201,Tir na Nog,209,1.65-era: seen in this zone by CapnBry
Galirerith,Alchemists Master,GameNPC,npc,3,65,202,Meath,213,unverified: no CapnBry data for this zone
Lyrist,Hastener,GameHastener,npc,3,30,202,Aberillan,225,unverified: no CapnBry data for this zone
Dyemaster Eldred,Dye Merchant,GameMerchant,npc,1,40,1,Campacorentin Forest,8,1.65-era: seen in this zone by CapnBry
Malori,Vault Banker,GameNPC,npc,2,50,102,Carlingford,118,unverified: no CapnBry data for this zone
Sage Lissa,,GameNPC,npc,1,48,1,Black Mtns. South,2,1.65-era: seen in this zone by CapnBry
Minstrel of Albion,Hastener,GameHastener,npc,1,50,1,Avalon Marsh,9,"likely period: listed in this zone by Illia's bestiary (2001-2010 data, may include later NPCs)"
ambient pixie,,GameNPC,npc,3,1,200,Connacht,207,unverified: not in CapnBry for this zone
Draupnir,Vault Banker,GameNPC,npc,2,52,102,Carlingford,118,unverified: no CapnBry data for this zone
Chieftain Guard Faano,,GameNPC,npc,2,65,151,Aegir's Landing,151,1.65-era: seen in this zone by CapnBry
stabled horse,,GameNPC,npc,2,55,100,Vale of Mularn,100,unverified: not in CapnBry for this zone
Daellyn,Tailors Master,TailoringMaster,npc,3,65,202,Tullamore,272,unverified: no CapnBry data for this zone
Chieftain Guard Bolle,,GameGuard,guard,2,65,151,Aegir's Landing,151,1.65-era: seen in this zone by CapnBry
Veteran Guardsman,,GameGuard,guard,1,43,1,Camelot Hills,0,1.65-era: seen in this zone by CapnBry
faerie frog,,DaySpawn,npc,0,28,1,Snowdonia,12,"likely period: listed in this zone by Illia's bestiary (2001-2010 data, may include later NPCs)"
Master Aronvan,,GameNPC,npc,1,63,2,Sherborne,261,unverified: no CapnBry data for this zone
Stor Gothi Annark,Teleporter,Scripts.LiveTeleporter,npc,2,60,101,Jordheim,120,teleporter (not 1.65; listed separately)
Master Ranger,,GameGuard,guard,3,255,200,Connacht,207,1.65-era: seen in this zone by CapnBry
phantom wickerman,,NightSpawn,npc,0,28,200,Connacht,207,"likely period: listed in this zone by Illia's bestiary (2001-2010 data, may include later NPCs)"
Parisch Ealyn,Smith,Blacksmith,npc,1,41,1,Black Mtns. South,2,"likely period: listed in this zone by Illia's bestiary (2001-2010 data, may include later NPCs)"
Hibernia Decorator,Merchant,GameMerchant,npc,3,40,202,Tullamore,272,unverified: no CapnBry data for this zone
Geor Nadren,Armor Merchant,GameMerchant,npc,1,1,10,City of Camelot,26,1.65-era: seen in this zone by CapnBry
Uvo,Emerald Armor Merchant,GameEmeraldSealsMerchant,npc,1,39,249,Darkness Falls,249,"Atlas / later: Seals merchant (Darkness Rising era, used by Atlas)"
Maybella Afton,Instrument Merchant,GameMerchant,npc,1,40,51,Avalon Isle,52,1.65-era: seen in this zone by CapnBry
Kyllikki,,GameNPC,npc,2,52,151,Aegir's Landing,151,1.65-era: seen in this zone by CapnBry
Sergeant Selwyn,,GameNPC,npc,1,70,51,Isle of Glass,51,1.65-era: seen in this zone by CapnBry
Wony,Weapon Merchant,GameMerchant,npc,3,35,200,Lough Derg,200,1.65-era: seen in this zone by CapnBry
Viking Huscarl,,GameGuard,guard,2,255,165,Cathal Valley,165,1.65-era: seen by CapnBry (another zone)
Master of Runes,,GameGuard,guard,2,255,165,Cathal Valley,165,"likely period: listed in this zone by Illia's bestiary (2001-2010 data, may include later NPCs)"
Master Visur,Teleporter,Scripts.LiveTeleporter,npc,1,60,1,Cornwall,6,teleporter (not 1.65; listed separately)
Fyr,Recharger,Recharger,npc,3,57,200,Connacht,207,Atlas / later: Atlas charge recharger
ambient pixie,,GameNPC,npc,3,1,201,Tir na Nog,209,unverified: not in CapnBry for this zone
Mistress Edolie,Theurgist Trainer,Trainer.TheurgistTrainer,npc,1,52,51,Aldland,56,"likely period: listed in this zone by Illia's bestiary (2001-2010 data, may include later NPCs)"
Viking Huscarl,,GameGuard,guard,2,255,100,Uppland,111,1.65-era: seen in this zone by CapnBry
Hadr,Armor Merchant,GameMerchant,npc,2,50,151,Gripklosa Mountains,152,1.65-era: seen in this zone by CapnBry
Thago,Emerald Armor Merchant,GameEmeraldSealsMerchant,npc,2,36,249,Darkness Falls,249,"Atlas / later: Seals merchant (Darkness Rising era, used by Atlas)"
Albion Decorator,Merchant,GameMerchant,npc,1,40,2,Old Sarum,16,unverified: no CapnBry data for this zone
Master of Runes,,GameGuard,guard,2,255,1,Hadrian's Wall,15,1.65-era: seen in this zone by CapnBry
Neilus,Fletchers Master,FletchingMaster,npc,3,68,202,Saeranthal,219,unverified: no CapnBry data for this zone
skeletal oarsman,,NightSpawn,npc,0,5,100,Gotar,103,1.65-era: seen in this zone by CapnBry
ambient pixie,,GameNPC,npc,3,1,200,Connacht,207,unverified: not in CapnBry for this zone
Captain Hemrick,,GameNPC,npc,1,55,51,Isle of Glass,51,1.65-era: seen in this zone by CapnBry
Alec Marah,Fletchers Master,FletchingMaster,npc,1,70,51,Isle of Glass,51,1.65-era: seen in this zone by CapnBry
Armod Dag,Alchemists Master,AlchemistsMaster,npc,2,50,101,Jordheim,120,1.65-era: seen in this zone by CapnBry
Hedin,Weapon Merchant,GameMerchant,npc,2,50,101,Jordheim,120,1.65-era: seen in this zone by CapnBry
Master of Runes,,GameGuard,guard,2,255,1,Hadrian's Wall,15,1.65-era: seen in this zone by CapnBry
Master Eldritch,,GameGuard,guard,3,255,165,Cathal Valley,165,1.65-era: seen by CapnBry (another zone)
Azer,Warrior Trainer,Trainer.WarriorTrainer,npc,2,64,151,Gripklosa Mountains,152,1.65-era: seen in this zone by CapnBry
Jackalyn Gordin,Merchant,GameMerchant,npc,1,50,51,Isle of Glass,51,1.65-era: seen in this zone by CapnBry
Oistin,Merchant,GameMerchant,npc,3,50,200,Lough Derg,200,1.65-era: seen in this zone by CapnBry
Glaeric,Poison Merchant,GameMerchant,npc,1,8,1,Black Mtns. North,3,1.65-era: seen in this zone by CapnBry
ambient pixie,,GameNPC,npc,3,1,200,Connacht,207,unverified: not in CapnBry for this zone
Sister Chael,Acolyte Trainer,Trainer.AcolyteTrainer,npc,1,1,1,Avalon Marsh,9,unverified: not in CapnBry for this zone
Lamaunt,,GameNPC,npc,1,50,2,Aylesbury,64,unverified: no CapnBry data for this zone
ambient rat,,GameNPC,npc,0,1,200,Connacht,207,unverified: not in CapnBry for this zone
Bein,Vault Banker,GameNPC,npc,2,50,102,Holmestrand,266,1.65-era: seen by CapnBry (another zone)
Knight Commander,,GameNPC,npc,1,255,100,Odin's Gate,115,1.65-era: seen in this zone by CapnBry
Gothi of Odin,,Scripts.OFAssistant,npc,2,100,1,Hadrian's Wall,15,Atlas / later: Atlas frontier medallion assistant
Alchemist apprentice,Merchant,GameMerchant,npc,1,50,2,Old Sarum,16,unverified: no CapnBry data for this zone
ambient rat,,GameNPC,npc,0,1,100,Vale of Mularn,100,unverified: not in CapnBry for this zone
Master Eldritch,,GameGuard,guard,3,255,1,Hadrian's Wall,15,1.65-era: seen by CapnBry (another zone)
Ariette,,GameNPC,npc,1,50,51,Dales of Devwy,53,"likely period: listed in this zone by Illia's bestiary (2001-2010 data, may include later NPCs)"
Romdall,Merchant,GameMerchant,npc,2,72,102,Holmestrand,266,unverified: no CapnBry data for this zone
zombie boar,,NightSpawn,npc,0,5,1,Camelot Hills,0,1.65-era: seen in this zone by CapnBry
Cyrille,Weapon Merchant,GameMerchant,npc,3,50,181,Domnann,181,"likely period: listed in this zone by Illia's bestiary (2001-2010 data, may include later NPCs)"
Master Guardian,,GameGuard,guard,3,255,1,Hadrian's Wall,15,unverified: not in CapnBry for this zone
Deirdre,Arrow Merchant,GameMerchant,npc,3,50,200,Lough Gur,204,"likely period: listed in this zone by Illia's bestiary (2001-2010 data, may include later NPCs)"
Master of Runes,,GameGuard,guard,2,255,200,Emain Macha,214,1.65-era: seen in this zone by CapnBry
Rana,Healer Trainer,Trainer.HealerTrainer,npc,2,50,101,Jordheim,120,1.65-era: seen in this zone by CapnBry
pack horse,,GameNPC,npc,0,14,100,West Svealand,102,unverified: not in CapnBry for this zone
Lerena,Armor Merchant,GameMerchant,npc,3,38,201,Tir na Nog,209,1.65-era: seen in this zone by CapnBry
Veteran Guardsman,,GameGuard,guard,1,40,10,City of Camelot,26,1.65-era: seen in this zone by CapnBry
Klepp,Vault Banker,GameNPC,npc,2,54,102,Wyndham,119,unverified: no CapnBry data for this zone
Torbat,Dye Merchant,GameMerchant,npc,3,50,165,Cathal Valley,165,unverified: no CapnBry data for this zone
Knight Commander,,GameGuard,guard,1,255,1,Snowdonia,12,"likely period: listed in this zone by Illia's bestiary (2001-2010 data, may include later NPCs)"
Armswoman,,Keeps.GuardFighter,guard,1,52,1,Forest Sauvage,11,1.65-era: seen by CapnBry (another zone)
Palirlin,Merchant,GameMerchant,npc,1,50,2,Chiltern,260,unverified: no CapnBry data for this zone
Troll Archer,,GameGuard,guard,2,255,100,Uppland,111,1.65-era: seen in this zone by CapnBry
Master Eldritch,,GameNPC,npc,3,255,200,Cruachan Gorge,211,1.65-era: seen by CapnBry (another zone)
ambient pixie,,GameNPC,npc,3,1,201,Tir na Nog,209,unverified: not in CapnBry for this zone
Sentinel,,GameGuard,guard,3,51,201,Tir na Nog,209,1.65-era: seen in this zone by CapnBry
Cranly,Armor Merchant,GameMerchant,npc,1,40,1,Black Mtns. North,3,1.65-era: seen in this zone by CapnBry
Master of Runes,,GameGuard,guard,2,255,165,Cathal Valley,165,"likely period: listed in this zone by Illia's bestiary (2001-2010 data, may include later NPCs)"
Scout,Martine Fait Du RvR,Keeps.GuardArcher,guard,1,56,100,Odin's Gate,115,1.65-era: seen in this zone by CapnBry
Caelum,Merchant,GameMerchant,npc,3,50,202,Meath,213,unverified: no CapnBry data for this zone
gray spectre,,NightSpawn,npc,0,23,200,Cruachan Gorge,211,"likely period: listed in this zone by Illia's bestiary (2001-2010 data, may include later NPCs)"
Master Eldritch,,GameGuard,guard,3,255,165,Cathal Valley,165,1.65-era: seen by CapnBry (another zone)
Nikgor,Armor Merchant,GameMerchant,npc,2,20,100,Myrkwood Forest,105,1.65-era: seen in this zone by CapnBry
Guardian,,Keeps.GuardFighter,guard,3,52,200,Breifine,212,1.65-era: seen in this zone by CapnBry
Sentry,,GameGuard,guard,2,50,101,Jordheim,120,1.65-era: seen in this zone by CapnBry
Billy Faulklier,Merchant,GameMerchant,npc,1,50,51,Isle of Glass,51,1.65-era: seen in this zone by CapnBry
Lieya,,GameNPC,npc,2,32,102,Holmestrand,266,unverified: no CapnBry data for this zone
Alchemist apprentice,Merchant,GameMerchant,npc,2,50,102,Nittedal,267,unverified: no CapnBry data for this zone
Marveth,,GameNPC,npc,2,30,100,Vale of Mularn,100,1.65-era: seen in this zone by CapnBry
Kalf,Weapon Merchant,GameMerchant,npc,2,47,101,Jordheim,120,1.65-era: seen in this zone by CapnBry
Loraine Elgen,Armorsmiths Master,ArmorCraftingMaster,npc,1,71,10,City of Camelot,26,1.65-era: seen in this zone by CapnBry
wind ghoul,,NightSpawn,npc,0,7,200,Connacht,207,1.65-era: seen in this zone by CapnBry
Mordin Caas,,GameNPC,npc,2,40,100,Myrkwood Forest,105,1.65-era: seen in this zone by CapnBry
Eva Aldar,Healer,GameHealer,npc,1,39,1,Cornwall,6,1.65-era: seen in this zone by CapnBry
Lucune,,GameNPC,npc,1,50,2,Chiltern,260,unverified: no CapnBry data for this zone
Raine,Merchant,GameMerchant,npc,3,36,200,Lough Derg,200,1.65-era: seen in this zone by CapnBry
Valkyrie Sentry,,GameGuard,guard,2,50,101,Jordheim,120,1.65-era: seen in this zone by CapnBry
Gothi of Tyr,,GameNPC,npc,2,50,101,Jordheim,120,1.65-era: seen in this zone by CapnBry
zombie boar,,NightSpawn,npc,0,5,1,Camelot Hills,0,1.65-era: seen in this zone by CapnBry
Lord Oachley,Guild Emblemer,EmblemNPC,npc,0,1,27,Lamfhota's Sound,29,1.65-era: seen by CapnBry (another zone)
Master Guardian,,GameGuard,guard,3,255,165,Cathal Valley,165,unverified: no CapnBry data for this zone
Sentinel,,GameGuard,guard,3,53,200,Connacht,207,1.65-era: seen in this zone by CapnBry
Kerk,,GameNPC,npc,2,41,151,Gripklosa Mountains,152,1.65-era: seen in this zone by CapnBry
Troll Guard,,GameGuard,guard,2,54,151,Gripklosa Mountains,152,1.65-era: seen in this zone by CapnBry
Norvel Edyn,Weapon Merchant,GameMerchant,npc,1,40,1,Campacorentin Forest,8,"likely period: listed in this zone by Illia's bestiary (2001-2010 data, may include later NPCs)"
Armswoman,,Keeps.GuardFighter,guard,1,57,100,Yggdra Forest,112,1.65-era: seen by CapnBry (another zone)
Fash,Weapon Merchant,GameMerchant,npc,1,40,1,Black Mtns. South,2,1.65-era: seen in this zone by CapnBry
Knight Commander,,GameNPC,npc,1,255,100,Odin's Gate,115,1.65-era: seen in this zone by CapnBry
Sentry,,GameGuard,guard,2,50,151,Faraheim,154,1.65-era: seen in this zone by CapnBry
Kaenia,,GameNPC,npc,3,20,200,Lough Derg,200,1.65-era: seen in this zone by CapnBry
ambient pixie,,GameNPC,npc,3,1,200,Lough Derg,200,unverified: not in CapnBry for this zone
Captain Bonswell,,GameNPC,npc,1,33,1,Camelot Hills,0,1.65-era: seen in this zone by CapnBry
Armswoman Commander,,Keeps.GuardCommander,guard,1,57,100,Yggdra Forest,112,unverified: not in CapnBry for this zone
Holmfrid,Vault Banker,GameNPC,npc,2,53,102,Erikstaad,114,unverified: not in CapnBry for this zone
Bedars,,GameNPC,npc,1,31,2,Stoneleigh,262,unverified: no CapnBry data for this zone
Harper Brac,,GameNPC,npc,3,50,200,Lough Gur,204,likely period: listed by Illia's bestiary in another zone
Avar,Shield Merchant,GameMerchant,npc,2,20,100,Vale of Mularn,100,1.65-era: seen in this zone by CapnBry
Grannis Ynos,Weapon Merchant,GameMerchant,npc,1,30,1,Camelot Hills,0,1.65-era: seen in this zone by CapnBry
Njeran,Stable Master,GameStableMaster,npc,2,50,102,Kaupang,122,unverified: no CapnBry data for this zone
Guardian,,Keeps.GuardFighter,guard,3,52,200,Emain Macha,214,1.65-era: seen in this zone by CapnBry
disturbed presence,,NightSpawn,npc,0,14,1,Campacorentin Forest,8,"likely period: listed in this zone by Illia's bestiary (2001-2010 data, may include later NPCs)"
Knight Commander,,GameNPC,npc,1,255,1,Snowdonia,12,"likely period: listed in this zone by Illia's bestiary (2001-2010 data, may include later NPCs)"
Cadbg,Armor Merchant,GameMerchant,npc,2,53,151,Faraheim,154,1.65-era: seen in this zone by CapnBry
Sentinel,,GameGuard,guard,3,50,201,Tir na Nog,209,1.65-era: seen in this zone by CapnBry
Barkeep Olan,,GameNPC,npc,2,50,151,Faraheim,154,1.65-era: seen in this zone by CapnBry
horse,,GameNPC,npc,3,55,202,Moycullen,273,1.65-era: seen by CapnBry (another zone)
Dicra,Enchanter,Enchanter,npc,3,35,200,Lough Derg,200,1.65-era: seen in this zone by CapnBry
Armswoman,,Keeps.GuardFighter,guard,1,57,100,Odin's Gate,115,1.65-era: seen by CapnBry (another zone)
deamhan aeir,,NightSpawn,npc,0,34,200,Lough Gur,204,"likely period: listed in this zone by Illia's bestiary (2001-2010 data, may include later NPCs)"
Alia Kenton,Merchant,GameMerchant,npc,1,50,51,Isle of Glass,51,"likely period: listed in this zone by Illia's bestiary (2001-2010 data, may include later NPCs)"
Dyemaster Kaly,Dye Merchant,GameMerchant,npc,1,15,1,Avalon Marsh,9,"likely period: listed in this zone by Illia's bestiary (2001-2010 data, may include later NPCs)"
Chieftain Guard,,GameNPC,npc,2,40,100,Vale of Mularn,100,1.65-era: seen in this zone by CapnBry
Alfu Rolby,Merchant,GameMerchant,npc,1,50,51,Avalon Isle,52,1.65-era: seen in this zone by CapnBry
Master Wizard,,GameNPC,npc,1,255,200,Emain Macha,214,1.65-era: seen in this zone by CapnBry
horse,,GameNPC,npc,3,55,200,Silvermine Mts.,201,1.65-era: seen by CapnBry (another zone)
Sissel,Poison Merchant,GameMerchant,npc,2,54,100,Uppland,111,1.65-era: seen in this zone by CapnBry
Troll Archer,,GameGuard,guard,2,255,100,West Svealand,102,1.65-era: seen in this zone by CapnBry
Etradarae,Vault Banker,GameNPC,npc,2,50,102,Nittedal,267,unverified: no CapnBry data for this zone
Apprentice Taxidermist,,GameNPC,npc,1,35,2,Sherborne,261,unverified: no CapnBry data for this zone
Adaliae Ruthic,Merchant,GameMerchant,npc,1,40,1,Cornwall,6,1.65-era: seen in this zone by CapnBry
Asteriwyn,Merchant,GameMerchant,npc,2,50,102,Frisia,121,unverified: no CapnBry data for this zone
Roben Fraomar,,GameNPC,npc,1,50,1,Cornwall,6,1.65-era: seen in this zone by CapnBry
Radgah,Healer,GameHealer,npc,2,54,100,West Svealand,102,likely period: listed by Illia's bestiary in another zone
Glennard,Weapon Merchant,GameMerchant,npc,3,50,200,Lough Gur,204,"likely period: listed in this zone by Illia's bestiary (2001-2010 data, may include later NPCs)"
Guardian,,Keeps.GuardFighter,guard,3,57,200,Cruachan Gorge,211,1.65-era: seen by CapnBry (another zone)
Master Guardian,,GameGuard,guard,3,255,1,Hadrian's Wall,15,unverified: not in CapnBry for this zone
Vera Astyrian,,GameNPC,npc,1,50,1,Snowdonia,12,likely period: listed by Illia's bestiary in another zone
Lucose,Merchant,GameMerchant,npc,1,50,2,Aylesbury,64,unverified: no CapnBry data for this zone
Lyrist,Hastener,GameHastener,npc,3,30,202,Dunshire,215,unverified: no CapnBry data for this zone
Maxen,Armor Merchant,GameMerchant,npc,3,35,201,Tir na Nog,209,1.65-era: seen in this zone by CapnBry
Husten,Alchemists Master,AlchemistsMaster,npc,2,65,102,Arothi,117,unverified: no CapnBry data for this zone
Merwdda,Weapon Merchant,GameMerchant,npc,2,50,100,East Svealand,101,1.65-era: seen in this zone by CapnBry
Lyrist,Hastener,GameHastener,npc,3,30,202,Dunshire,215,unverified: no CapnBry data for this zone
Piper,Hastener,GameHastener,npc,1,30,2,Dalton,18,1.65-era: seen by CapnBry (another zone)
Armswoman,,Keeps.GuardFighter,guard,1,57,100,Yggdra Forest,112,1.65-era: seen by CapnBry (another zone)
Cruella de Vil,Pet Merchant,GameMerchant,npc,1,50,10,City of Camelot,26,unverified: not in CapnBry for this zone
Alvar,Merchant,GameMerchant,npc,2,65,102,Arothi,117,unverified: no CapnBry data for this zone
horse,,GameNPC,npc,1,55,1,Camelot Hills,0,1.65-era: seen by CapnBry (another zone)
Una,Armor Merchant,GameMerchant,npc,3,36,200,Lough Derg,200,1.65-era: seen in this zone by CapnBry
ambient pixie,,GameNPC,npc,3,1,201,Tir na Nog,209,unverified: not in CapnBry for this zone
Sieglen,Vault Banker,GameNPC,npc,2,50,102,Kaupang,122,unverified: no CapnBry data for this zone
Apprentice Taxidermist,,GameNPC,npc,3,35,202,Torrylin,217,unverified: no CapnBry data for this zone
Piper,Hastener,GameHastener,npc,1,30,2,Caerwent,13,1.65-era: seen in this zone by CapnBry
Knight Commander,,GameNPC,npc,1,255,1,Snowdonia,12,"likely period: listed in this zone by Illia's bestiary (2001-2010 data, may include later NPCs)"
faerie frog,,DaySpawn,npc,0,28,1,Snowdonia,12,"likely period: listed in this zone by Illia's bestiary (2001-2010 data, may include later NPCs)"
Yggdriena,Vault Banker,GameNPC,npc,2,50,102,Holmestrand,266,unverified: no CapnBry data for this zone
Viking Archer,,GameGuard,guard,2,255,165,Cathal Valley,165,1.65-era: seen by CapnBry (another zone)
AnnMarie the crier,,GameNPC,npc,1,50,51,Isle of Glass,51,1.65-era: seen in this zone by CapnBry
Hayley,Vault Banker,GameNPC,npc,3,52,202,Meath,213,unverified: no CapnBry data for this zone
Guardian,,Keeps.GuardFighter,guard,3,52,200,Breifine,212,1.65-era: seen in this zone by CapnBry
horse,,GameNPC,npc,1,51,1,Camelot Hills,0,1.65-era: seen by CapnBry (another zone)
Elin,Shadowblade Trainer,Trainer.ShadowbladeTrainer,npc,2,50,101,Jordheim,120,1.65-era: seen in this zone by CapnBry
Master Ranger,,GameGuard,guard,3,255,200,Connacht,207,1.65-era: seen in this zone by CapnBry
Fearchar Mac a'Bhaird,,GameNPC,npc,1,45,1,Black Mtns. South,2,"likely period: listed in this zone by Illia's bestiary (2001-2010 data, may include later NPCs)"
horse,,GameNPC,npc,1,55,1,Salisbury Plains,1,1.65-era: seen in this zone by CapnBry
Minstrel of Albion,Hastener,GameHastener,npc,1,50,1,Campacorentin Forest,8,"likely period: listed in this zone by Illia's bestiary (2001-2010 data, may include later NPCs)"
Lady Nimue,,GameNPC,npc,1,95,1,Camelot Hills,0,"likely period: listed in this zone by Illia's bestiary (2001-2010 data, may include later NPCs)"
Sir Merin,,GameNPC,npc,1,25,1,Salisbury Plains,1,1.65-era: seen in this zone by CapnBry
horse,,GameNPC,npc,1,55,2,Caerwent,13,1.65-era: seen in this zone by CapnBry
Corliss,Stable Master,GameStableMaster,npc,1,55,2,Rilan,17,1.65-era: seen in this zone by CapnBry
Alis,Stable Master,GameStableMaster,npc,1,50,2,Caerwent,13,1.65-era: seen in this zone by CapnBry
horse,,GameNPC,npc,1,59,2,Caerwent,13,1.65-era: seen in this zone by CapnBry
horse,,GameNPC,npc,1,55,2,Caerwent,13,1.65-era: seen in this zone by CapnBry
horse,,GameNPC,npc,1,55,2,Rilan,17,1.65-era: seen in this zone by CapnBry
horse,,GameNPC,npc,1,55,2,Rilan,17,1.65-era: seen in this zone by CapnBry
horse,,GameNPC,npc,1,55,2,Rilan,17,1.65-era: seen in this zone by CapnBry
Master Arenis,Mercenary Trainer,Trainer.MercenaryTrainer,npc,1,50,10,City of Camelot,26,1.65-era: seen in this zone by CapnBry
Grummond Attor,,GameNPC,npc,1,74,10,City of Camelot,26,1.65-era: seen in this zone by CapnBry
Master Almund,Mercenary Trainer,Trainer.MercenaryTrainer,npc,1,50,10,City of Camelot,26,1.65-era: seen in this zone by CapnBry
Arliss Eadig,Tailors Master,TailoringMaster,npc,1,70,10,City of Camelot,26,1.65-era: seen in this zone by CapnBry
Shayly Parke,,GameNPC,npc,1,70,10,City of Camelot,26,1.65-era: seen in this zone by CapnBry
Lord Christopher,Guild Registrar,GuildRegistrar,npc,1,80,10,City of Camelot,26,1.65-era: seen in this zone by CapnBry
Squire Galune,,GameNPC,npc,1,8,21,Tomb of Mithra,21,"likely period: listed in this zone by Illia's bestiary (2001-2010 data, may include later NPCs)"
Stephen Cathal,Spellcrafters Master,SpellCraftingMaster,npc,1,50,51,Isle of Glass,51,1.65-era: seen in this zone by CapnBry
Lynley Farseeker,,GameNPC,npc,1,50,51,Dales of Devwy,53,"likely period: listed in this zone by Illia's bestiary (2001-2010 data, may include later NPCs)"
Yffi Thatcher,Armor Merchant,GameMerchant,npc,1,50,51,Avalon Isle,52,1.65-era: seen in this zone by CapnBry
Guardian,,GameGuard,guard,1,54,51,Isle of Glass,51,1.65-era: seen in this zone by CapnBry
Guardian,,GameGuard,guard,1,54,51,Isle of Glass,51,1.65-era: seen in this zone by CapnBry
Guardian,,GameGuard,guard,1,50,51,Dales of Devwy,53,"likely period: listed in this zone by Illia's bestiary (2001-2010 data, may include later NPCs)"
Meadow Williams,Merchant,GameMerchant,npc,1,50,51,Isle of Glass,51,"likely period: listed in this zone by Illia's bestiary (2001-2010 data, may include later NPCs)"
Guardian,,GameGuard,guard,1,50,51,Isle of Glass,51,1.65-era: seen in this zone by CapnBry
Ifor Wade,Recharger,Recharger,npc,1,50,51,Dales of Devwy,53,Atlas / later: Atlas charge recharger
Delores,Acolyte Trainer,Trainer.AcolyteTrainer,npc,1,27,51,Isle of Glass,51,1.65-era: seen in this zone by CapnBry
Guardian,,GameGuard,guard,1,50,51,Isle of Glass,51,1.65-era: seen in this zone by CapnBry
horse,,GameNPC,npc,1,55,51,Avalon Isle,52,1.65-era: seen in this zone by CapnBry
Lieutenant Newster,Scout Trainer,Trainer.ScoutTrainer,npc,1,50,51,Isle of Glass,51,1.65-era: seen in this zone by CapnBry
Simone Innes,Armor Merchant,GameMerchant,npc,1,50,51,Isle of Glass,51,1.65-era: seen in this zone by CapnBry
Denys Thomason,Armor Merchant,GameMerchant,npc,1,50,51,Isle of Glass,51,"likely period: listed in this zone by Illia's bestiary (2001-2010 data, may include later NPCs)"
Sydelle Ranald,Armor Merchant,GameMerchant,npc,1,50,51,Isle of Glass,51,"likely period: listed in this zone by Illia's bestiary (2001-2010 data, may include later NPCs)"
Taquin,Necromancer Trainer,Trainer.NecromancerTrainer,npc,1,50,51,Aldland,56,"likely period: listed in this zone by Illia's bestiary (2001-2010 data, may include later NPCs)"
Wenthlian Sy'Lian,,GameNPC,npc,1,44,51,Dales of Devwy,53,"likely period: listed in this zone by Illia's bestiary (2001-2010 data, may include later NPCs)"
Guardian,,GameGuard,guard,1,52,51,Isle of Glass,51,1.65-era: seen in this zone by CapnBry
Guardian,,GameGuard,guard,1,54,51,Isle of Glass,51,1.65-era: seen in this zone by CapnBry
Melarlian,Reaver Trainer,Trainer.ReaverTrainer,npc,1,52,51,Isle of Glass,51,1.65-era: seen in this zone by CapnBry
Magess Daphnea,Sorcerer Trainer,Trainer.SorcererTrainer,npc,1,50,51,Isle of Glass,51,1.65-era: seen in this zone by CapnBry
Lieutenant Larch,Scout Trainer,Trainer.ScoutTrainer,npc,1,50,51,Dales of Devwy,53,"likely period: listed in this zone by Illia's bestiary (2001-2010 data, may include later NPCs)"
Lane Wellin,Weapon Merchant,GameMerchant,npc,1,50,51,Isle of Glass,51,1.65-era: seen in this zone by CapnBry
Marissa Fletchet,Arrow Merchant,GameMerchant,npc,1,48,51,Isle of Glass,51,1.65-era: seen in this zone by CapnBry
Morgance Scott,Armorsmiths Master,ArmorCraftingMaster,npc,1,70,51,Isle of Glass,51,1.65-era: seen in this zone by CapnBry
horse,,GameNPC,npc,1,55,51,Isle of Glass,51,1.65-era: seen in this zone by CapnBry
Kate Meirene,Dye Merchant,GameMerchant,npc,1,50,51,Isle of Glass,51,"likely period: listed in this zone by Illia's bestiary (2001-2010 data, may include later NPCs)"
Bregusuid Dale,Armor Merchant,GameMerchant,npc,1,38,51,Dales of Devwy,53,"likely period: listed in this zone by Illia's bestiary (2001-2010 data, may include later NPCs)"
Lord George Mincer,Vault Keeper,GameVaultKeeper,npc,1,50,51,Isle of Glass,51,1.65-era: seen in this zone by CapnBry
Collin Rowland,Stable Master,GameStableMaster,npc,1,50,51,Avalon Isle,52,1.65-era: seen in this zone by CapnBry
Dockmistress Nadia,,GameNPC,npc,1,50,51,Isle of Glass,51,1.65-era: seen in this zone by CapnBry
Master Rodger,Theurgist Trainer,Trainer.TheurgistTrainer,npc,1,50,51,Isle of Glass,51,1.65-era: seen in this zone by CapnBry
Nicia,Weapon Merchant,GameMerchant,npc,1,46,51,Avalon Isle,52,1.65-era: seen in this zone by CapnBry
Guardian,,GameGuard,guard,1,53,51,Aldland,56,1.65-era: seen by CapnBry (another zone)
Caitlin Bernard,Vault Keeper,GameVaultKeeper,npc,1,50,51,Isle of Glass,51,"likely period: listed in this zone by Illia's bestiary (2001-2010 data, may include later NPCs)"
Eddian Peadar,Merchant,GameMerchant,npc,1,50,51,Isle of Glass,51,"likely period: listed in this zone by Illia's bestiary (2001-2010 data, may include later NPCs)"
Guardian,,GameGuard,guard,1,50,51,Aldland,56,1.65-era: seen by CapnBry (another zone)
Guardian,,GameGuard,guard,1,52,51,Isle of Glass,51,1.65-era: seen in this zone by CapnBry
Lililah,Healer,GameHealer,npc,1,45,51,Isle of Glass,51,"likely period: listed in this zone by Illia's bestiary (2001-2010 data, may include later NPCs)"
Guardian,,GameGuard,guard,1,50,51,Aldland,56,1.65-era: seen by CapnBry (another zone)
Kimmy Glaze,Bolts Merchant,GameMerchant,npc,1,40,51,Isle of Glass,51,"likely period: listed in this zone by Illia's bestiary (2001-2010 data, may include later NPCs)"
Enchanter Quiterie,Enchanter,Enchanter,npc,1,50,51,Aldland,56,"likely period: listed in this zone by Illia's bestiary (2001-2010 data, may include later NPCs)"
Orone,,GameNPC,npc,1,50,51,Dales of Devwy,53,"likely period: listed in this zone by Illia's bestiary (2001-2010 data, may include later NPCs)"
Nafira,Infiltrator Trainer,Trainer.InfiltratorTrainer,npc,1,50,51,Dales of Devwy,53,"likely period: listed in this zone by Illia's bestiary (2001-2010 data, may include later NPCs)"
Faris Ohrman,Armor Merchant,GameMerchant,npc,1,54,51,Isle of Glass,51,1.65-era: seen in this zone by CapnBry
Isabel,Merchant,GameMerchant,npc,1,46,51,Aldland,56,"likely period: listed in this zone by Illia's bestiary (2001-2010 data, may include later NPCs)"
Captain Herly,Armsman Trainer,Trainer.ArmsmanTrainer,npc,1,50,51,Isle of Glass,51,1.65-era: seen in this zone by CapnBry
horse,,GameNPC,npc,1,56,51,Isle of Glass,51,1.65-era: seen in this zone by CapnBry
Abigail Dylan,Weapon Merchant,GameMerchant,npc,1,50,51,Isle of Glass,51,"likely period: listed in this zone by Illia's bestiary (2001-2010 data, may include later NPCs)"
Trynt Madoc,Smith,Blacksmith,npc,1,50,51,Isle of Glass,51,1.65-era: seen in this zone by CapnBry
Sergeant Denysea,,GameGuard,guard,1,52,51,Isle of Glass,51,unverified: not in CapnBry for this zone
Lady Katherine,Paladin Trainer,Trainer.PaladinTrainer,npc,1,50,51,Aldland,56,"likely period: listed in this zone by Illia's bestiary (2001-2010 data, may include later NPCs)"
Nia Loaman,Armor Merchant,GameMerchant,npc,1,50,51,Isle of Glass,51,1.65-era: seen in this zone by CapnBry
Guardian,,GameGuard,guard,1,50,51,Isle of Glass,51,1.65-era: seen in this zone by CapnBry
Grayson Sanion,Weaponsmiths Master,WeaponCraftingMaster,npc,1,74,51,Isle of Glass,51,1.65-era: seen in this zone by CapnBry
Burton MacDougal,Poison Merchant,GameMerchant,npc,1,50,51,Isle of Glass,51,1.65-era: seen in this zone by CapnBry
Peada Robson,Healer,GameHealer,npc,1,48,51,Avalon Isle,52,1.65-era: seen in this zone by CapnBry
Sister Genette Ashlan,Healer,GameHealer,npc,1,51,51,Isle of Glass,51,1.65-era: seen in this zone by CapnBry
Guardian,,GameGuard,guard,1,50,51,Aldland,56,1.65-era: seen by CapnBry (another zone)
Master Rhinear,Mercenary Trainer,Trainer.MercenaryTrainer,npc,1,54,51,Isle of Glass,51,1.65-era: seen in this zone by CapnBry
Guardian,,GameGuard,guard,1,53,51,Aldland,56,1.65-era: seen by CapnBry (another zone)
Tesia,Weapon Merchant,GameMerchant,npc,1,50,51,Aldland,56,"likely period: listed in this zone by Illia's bestiary (2001-2010 data, may include later NPCs)"
Rethen,Mercenary Trainer,Trainer.MercenaryTrainer,npc,1,50,51,Aldland,56,"likely period: listed in this zone by Illia's bestiary (2001-2010 data, may include later NPCs)"
Josephine,Poison Merchant,GameMerchant,npc,1,50,51,Aldland,56,"likely period: listed in this zone by Illia's bestiary (2001-2010 data, may include later NPCs)"
Joella Bernard,Vault Keeper,GameVaultKeeper,npc,1,50,51,Avalon Isle,52,1.65-era: seen in this zone by CapnBry
Elaru,Infiltrator Trainer,Trainer.InfiltratorTrainer,npc,1,50,51,Isle of Glass,51,1.65-era: seen in this zone by CapnBry
Guardian,,GameGuard,guard,1,54,51,Isle of Glass,51,1.65-era: seen in this zone by CapnBry
Armorer Gamila,,GameNPC,npc,1,50,51,Isle of Glass,51,1.65-era: seen in this zone by CapnBry
Guardian,,GameGuard,guard,1,52,51,Isle of Glass,51,1.65-era: seen in this zone by CapnBry
Cearl Smith,Smith,Blacksmith,npc,1,50,51,Avalon Isle,52,1.65-era: seen in this zone by CapnBry
Enchanter Marea,Enchanter,Enchanter,npc,1,50,51,Isle of Glass,51,1.65-era: seen in this zone by CapnBry
Brother Upton,Friar Trainer,Trainer.FriarTrainer,npc,1,50,51,Dales of Devwy,53,"likely period: listed in this zone by Illia's bestiary (2001-2010 data, may include later NPCs)"
Mirelle Edmunds,Alchemists Master,AlchemistsMaster,npc,1,50,51,Isle of Glass,51,1.65-era: seen in this zone by CapnBry
Petrus Aitken,Merchant,GameMerchant,npc,1,48,51,Dales of Devwy,53,"likely period: listed in this zone by Illia's bestiary (2001-2010 data, may include later NPCs)"
Lady Eve,Paladin Trainer,Trainer.PaladinTrainer,npc,1,50,51,Isle of Glass,51,1.65-era: seen in this zone by CapnBry
Eafa Thatcher,Dye Merchant,GameMerchant,npc,1,25,51,Isle of Glass,51,1.65-era: seen in this zone by CapnBry
Guardian,,GameGuard,guard,1,50,51,Aldland,56,1.65-era: seen by CapnBry (another zone)
Guardian,,GameGuard,guard,1,50,51,Dales of Devwy,53,"likely period: listed in this zone by Illia's bestiary (2001-2010 data, may include later NPCs)"
General Wystan,,GameNPC,npc,1,50,51,Isle of Glass,51,1.65-era: seen in this zone by CapnBry
Aedilberg Brewer,Weapon Merchant,GameMerchant,npc,1,36,51,Dales of Devwy,53,"likely period: listed in this zone by Illia's bestiary (2001-2010 data, may include later NPCs)"
Corlissa Marlon,Smith,Blacksmith,npc,1,50,51,Isle of Glass,51,1.65-era: seen in this zone by CapnBry
Lord Jason Averill,Guild Emblemeer,EmblemNPC,npc,1,45,51,Isle of Glass,51,1.65-era: seen in this zone by CapnBry
Maranen,Reaver Trainer,Trainer.ReaverTrainer,npc,1,50,51,Dales of Devwy,53,"likely period: listed in this zone by Illia's bestiary (2001-2010 data, may include later NPCs)"
Edward Humphrey,Smith,Blacksmith,npc,1,50,51,Isle of Glass,51,"likely period: listed in this zone by Illia's bestiary (2001-2010 data, may include later NPCs)"
Guardian,,GameGuard,guard,1,54,51,Isle of Glass,51,1.65-era: seen in this zone by CapnBry
Gisela Andonly,Weapon Merchant,GameMerchant,npc,1,50,51,Isle of Glass,51,"likely period: listed in this zone by Illia's bestiary (2001-2010 data, may include later NPCs)"
Mazzey,Healer,GameHealer,npc,1,50,51,Dales of Devwy,53,"likely period: listed in this zone by Illia's bestiary (2001-2010 data, may include later NPCs)"
Lord Quinton,Paladin Trainer,Trainer.PaladinTrainer,npc,1,50,51,Dales of Devwy,53,"likely period: listed in this zone by Illia's bestiary (2001-2010 data, may include later NPCs)"
Alicia,Armor Merchant,GameMerchant,npc,1,48,51,Aldland,56,"likely period: listed in this zone by Illia's bestiary (2001-2010 data, may include later NPCs)"
Dalvay,,GameNPC,npc,1,44,51,Isle of Glass,51,1.65-era: seen in this zone by CapnBry
Achae Smith,Dye Merchant,GameMerchant,npc,1,50,51,Dales of Devwy,53,"likely period: listed in this zone by Illia's bestiary (2001-2010 data, may include later NPCs)"
Susan Gussier,Instrument Merchant,GameMerchant,npc,1,44,51,Isle of Glass,51,1.65-era: seen in this zone by CapnBry
Guardian,,GameGuard,guard,1,50,51,Isle of Glass,51,1.65-era: seen in this zone by CapnBry
Magus Zalman,Cabalist Trainer,Trainer.CabalistTrainer,npc,1,51,51,Aldland,56,"likely period: listed in this zone by Illia's bestiary (2001-2010 data, may include later NPCs)"
Eabae Dale,Weapon Merchant,GameMerchant,npc,1,40,51,Dales of Devwy,53,"likely period: listed in this zone by Illia's bestiary (2001-2010 data, may include later NPCs)"
Mistress Daillynn,Wizard Trainer,Trainer.WizardTrainer,npc,1,50,51,Dales of Devwy,53,"likely period: listed in this zone by Illia's bestiary (2001-2010 data, may include later NPCs)"
Dyemaster Philip,Dye Merchant,GameMerchant,npc,1,50,51,Isle of Glass,51,1.65-era: seen in this zone by CapnBry
Sister Gloria,Friar Trainer,Trainer.FriarTrainer,npc,1,50,51,Aldland,56,"likely period: listed in this zone by Illia's bestiary (2001-2010 data, may include later NPCs)"
Sister Finella,Cleric Trainer,Trainer.ClericTrainer,npc,1,50,51,Dales of Devwy,53,"likely period: listed in this zone by Illia's bestiary (2001-2010 data, may include later NPCs)"
Healer,,Keeps.GuardHealer,guard,2,37,165,Cathal Valley,165,1.65-era: seen by CapnBry (another zone)
ambient pixie,,GameNPC,npc,3,1,200,Lough Derg,200,unverified: not in CapnBry for this zone
faerie frog,,DaySpawn,npc,0,29,1,Snowdonia,12,"likely period: listed in this zone by Illia's bestiary (2001-2010 data, may include later NPCs)"
ambient pixie,,GameNPC,npc,3,1,201,Tir na Nog,209,unverified: not in CapnBry for this zone
Josli,Weapon Merchant,GameMerchant,npc,2,50,100,East Svealand,101,1.65-era: seen in this zone by CapnBry
Master Ranger,,GameGuard,guard,3,255,165,Cathal Valley,165,1.65-era: seen by CapnBry (another zone)
Kalli,Berserker Trainer,Trainer.BerserkerTrainer,npc,2,43,100,Gotar,103,1.65-era: seen in this zone by CapnBry
Cleary,Enchanter,Enchanter,npc,3,35,200,Cliffs of Moher,203,"likely period: listed in this zone by Illia's bestiary (2001-2010 data, may include later NPCs)"
ambient rat,,GameNPC,npc,0,1,101,Jordheim,120,unverified: not in CapnBry for this zone
ambient pixie,,GameNPC,npc,3,1,200,Connacht,207,unverified: not in CapnBry for this zone
Master Ranger,,GameGuard,guard,3,255,200,Valley of Bri Leith,206,1.65-era: seen by CapnBry (another zone)
Armswoman,,Keeps.GuardFighter,guard,1,52,1,Hadrian's Wall,15,"likely period: listed in this zone by Illia's bestiary (2001-2010 data, may include later NPCs)"
Master Ranger,,GameGuard,guard,3,255,200,Valley of Bri Leith,206,1.65-era: seen by CapnBry (another zone)
Cian,Instrument Merchant,GameMerchant,npc,3,35,200,Lough Derg,200,1.65-era: seen in this zone by CapnBry
Hastener,,GameHastener,npc,2,50,100,Yggdra Forest,112,1.65-era: seen in this zone by CapnBry
swarm of flies,,GameNPC,npc,3,0,201,Tir na Nog,209,likely period: listed by Illia's bestiary in another zone
Brother Obster,,GameNPC,npc,1,50,51,Isle of Glass,51,1.65-era: seen in this zone by CapnBry
giant skeleton,,NightSpawn,npc,0,27,1,Cornwall,6,1.65-era: seen in this zone by CapnBry
horse,,GameNPC,npc,2,55,102,Nittedal,267,1.65-era: seen by CapnBry (another zone)
new mob,,Keeps.FrontierHastener,npc,0,1,252,Thidranki,252,unverified: no CapnBry data for this zone
Apprentice Taxidermist,,GameNPC,npc,1,36,2,Aylesbury,64,unverified: no CapnBry data for this zone
Brother Michel,Healer,GameHealer,npc,1,27,10,City of Camelot,26,1.65-era: seen in this zone by CapnBry
Ayalla,Alchemists Master,GameNPC,npc,3,65,202,Kilcullen,218,unverified: no CapnBry data for this zone
Kendris,Weapon Merchant,GameMerchant,npc,0,66,51,Gwyddneau,55,likely period: listed by Illia's bestiary in another zone
Messenger Grendlmeir,,GameNPC,npc,2,32,100,Vale of Mularn,100,"likely period: listed in this zone by Illia's bestiary (2001-2010 data, may include later NPCs)"
Fabienne,Merchant,Keeps.GuardMerchant,guard,1,56,100,Odin's Gate,115,unverified: not in CapnBry for this zone
ambient pixie,,GameNPC,npc,3,1,200,Connacht,207,unverified: not in CapnBry for this zone
Silura Starish,Instrument Merchant,GameMerchant,npc,1,50,10,City of Camelot,26,1.65-era: seen in this zone by CapnBry
Maire,,GameNPC,npc,3,25,200,Shannon Estuary,202,1.65-era: seen in this zone by CapnBry
Jonalyn,Weapon Merchant,GameMerchant,npc,1,40,1,Black Mtns. North,3,1.65-era: seen in this zone by CapnBry
Apprentice Taxidermist,,GameNPC,npc,1,35,2,Caerwent,13,unverified: not in CapnBry for this zone
Selorka,Vault Banker,GameNPC,npc,2,50,102,Arothi,117,unverified: no CapnBry data for this zone
Haegan McLeary,,GameNPC,npc,1,45,1,Snowdonia,12,1.65-era: seen in this zone by CapnBry
Arthur,,GameNPC,npc,1,75,165,Cathal Valley,165,unverified: no CapnBry data for this zone
mysterious lurker,,GameNPC,npc,1,15,10,City of Camelot,26,likely period: listed by Illia's bestiary in another zone
Troll Archer,,GameGuard,guard,2,255,100,West Svealand,102,1.65-era: seen in this zone by CapnBry
Master Eldritch,,GameGuard,guard,3,255,165,Cathal Valley,165,1.65-era: seen by CapnBry (another zone)
Armsman,,Keeps.GuardFighter,guard,1,52,1,Hadrian's Wall,15,"likely period: listed in this zone by Illia's bestiary (2001-2010 data, may include later NPCs)"
Aileen Wyatt,Dye Merchant,GameMerchant,npc,1,25,1,Black Mtns. South,2,1.65-era: seen in this zone by CapnBry
faerie frog,,DaySpawn,npc,0,30,1,Snowdonia,12,"likely period: listed in this zone by Illia's bestiary (2001-2010 data, may include later NPCs)"
Eiddin Walelden,Bolts Merchant,GameMerchant,npc,1,25,1,Campacorentin Forest,8,1.65-era: seen in this zone by CapnBry
Etaowien,Tailors Master,TailoringMaster,npc,1,65,2,Rilan,17,unverified: not in CapnBry for this zone
gray spectre,,NightSpawn,npc,0,22,200,Cruachan Gorge,211,"likely period: listed in this zone by Illia's bestiary (2001-2010 data, may include later NPCs)"
Jonn,Vault Banker,GameNPC,npc,1,50,2,Aylesbury,64,unverified: no CapnBry data for this zone
Hendorrs,Vault Banker,GameNPC,npc,2,51,102,Stavgaard,268,unverified: no CapnBry data for this zone
Master Ranger,,GameGuard,guard,3,255,200,Connacht,207,1.65-era: seen in this zone by CapnBry
Dempsey,Bard Trainer,Trainer.BardTrainer,npc,3,50,200,Shannon Estuary,202,1.65-era: seen in this zone by CapnBry
Viking Huscarl,,GameGuard,guard,2,255,1,Hadrian's Wall,15,1.65-era: seen in this zone by CapnBry
Hiolair,Vault Banker,GameNPC,npc,3,52,202,Torrylin,217,unverified: no CapnBry data for this zone
Cloth 2nd Page,Dye Merchant,GameMerchant,npc,1,50,330,Albion Event,330,unverified: no CapnBry data for this zone
giant skeleton,,NightSpawn,npc,0,27,1,Cornwall,6,1.65-era: seen in this zone by CapnBry
Adale,Poison Merchant,GameMerchant,npc,2,41,100,East Svealand,101,unverified: not in CapnBry for this zone
Sir Tilian,,GameNPC,npc,1,46,1,Forest Sauvage,11,1.65-era: seen in this zone by CapnBry
Viking Huscarl,,GameGuard,guard,2,255,165,Cathal Valley,165,1.65-era: seen by CapnBry (another zone)
Guardian,,GameNPC,npc,3,50,200,Shannon Estuary,202,1.65-era: seen in this zone by CapnBry
Sister Lilly,Healer,GameHealer,npc,1,50,1,Avalon Marsh,9,1.65-era: seen in this zone by CapnBry
Master Ranger,,GameGuard,guard,3,255,165,Cathal Valley,165,1.65-era: seen by CapnBry (another zone)
Taeron,Vault Banker,GameNPC,npc,2,50,102,Frisia,121,unverified: no CapnBry data for this zone
Master of Runes,,GameGuard,guard,2,255,165,Cathal Valley,165,"likely period: listed in this zone by Illia's bestiary (2001-2010 data, may include later NPCs)"
Apprentice Dunan,,GameNPC,npc,1,20,1,Black Mtns. South,2,1.65-era: seen in this zone by CapnBry
Galaberis,Alchemists Master,GameNPC,npc,1,65,2,Chiltern,260,unverified: no CapnBry data for this zone
Armswoman,,Keeps.GuardFighter,guard,1,55,200,Cruachan Gorge,211,1.65-era: seen by CapnBry (another zone)
Bowman Commander,,GameGuard,guard,1,255,165,Cathal Valley,165,"likely period: listed in this zone by Illia's bestiary (2001-2010 data, may include later NPCs)"
Viking Archer,,GameNPC,npc,2,95,100,Uppland,111,1.65-era: seen in this zone by CapnBry
Council of Battle,,GameNPC,npc,0,75,90,City of Aerus,90,unverified: not in CapnBry for this zone
Council of Battle,,GameNPC,npc,0,75,47,City of Aerus,47,unverified: no CapnBry data for this zone
Council of Battle,,GameNPC,npc,0,75,147,City of Aerus,147,unverified: no CapnBry data for this zone
Dyemaster Lendand,Dye Merchant,GameMerchant,npc,1,16,10,City of Camelot,26,1.65-era: seen in this zone by CapnBry
Master Eldritch,,GameGuard,guard,3,255,234,The Proving Grounds,234,1.65-era: seen by CapnBry (another zone)
Knight Commander,,GameNPC,npc,1,255,200,Emain Macha,214,1.65-era: seen in this zone by CapnBry
Olve,,GameNPC,npc,2,50,151,Gripklosa Mountains,152,1.65-era: seen in this zone by CapnBry
Onyg,Poison Merchant,GameMerchant,npc,1,8,1,Camelot Hills,0,"likely period: listed in this zone by Illia's bestiary (2001-2010 data, may include later NPCs)"
Eli,Enchanter,Enchanter,npc,3,50,200,Shannon Estuary,202,1.65-era: seen in this zone by CapnBry
Gom Jabbar,Poison Merchant,GameMerchant,npc,2,50,334,Midgard Event,334,unverified: no CapnBry data for this zone
Apprentice Taxidermist,,GameNPC,npc,3,37,202,Torrylin,217,unverified: no CapnBry data for this zone
Eigil,Armor Merchant,GameMerchant,npc,2,22,100,East Svealand,101,1.65-era: seen in this zone by CapnBry
Magus Crystolos,Sorcerer Trainer,Trainer.SorcererTrainer,npc,1,53,1,Campacorentin Forest,8,"likely period: listed in this zone by Illia's bestiary (2001-2010 data, may include later NPCs)"
Guard Wynn,,GameGuard,guard,1,50,1,Black Mtns. South,2,1.65-era: seen in this zone by CapnBry
Sentinel,,GameGuard,guard,3,54,200,Lough Derg,200,1.65-era: seen in this zone by CapnBry
Vaughn,Armor Merchant,GameMerchant,npc,3,36,201,Tir na Nog,209,1.65-era: seen in this zone by CapnBry
Hagi,,GameNPC,npc,2,50,102,Holmestrand,266,unverified: no CapnBry data for this zone
Aeineelo,Merchant,GameMerchant,npc,3,50,202,Broughshane,274,unverified: no CapnBry data for this zone
Master Ranger,,GameGuard,guard,3,255,200,Valley of Bri Leith,206,1.65-era: seen by CapnBry (another zone)
Master Wizard,,GameNPC,npc,1,255,1,Forest Sauvage,11,1.65-era: seen in this zone by CapnBry
ghastly siabra,,NightSpawn,npc,0,13,200,Lough Derg,200,1.65-era: seen in this zone by CapnBry
deamhan aeir,,NightSpawn,npc,0,36,200,Lough Gur,204,"likely period: listed in this zone by Illia's bestiary (2001-2010 data, may include later NPCs)"
Romwen,Armorsmiths Master,ArmorCraftingMaster,npc,1,65,2,Dalton,18,unverified: no CapnBry data for this zone
Huntsman,,GameNPC,npc,1,30,1,Campacorentin Forest,8,1.65-era: seen in this zone by CapnBry
Groa,Seer Trainer,Trainer.SeerTrainer,npc,2,43,100,Vale of Mularn,100,1.65-era: seen in this zone by CapnBry
Guardian,,GameNPC,npc,3,48,200,Valley of Bri Leith,206,1.65-era: seen by CapnBry (another zone)
Yealcha,Merchant,GameMerchant,npc,3,50,200,Lough Gur,204,"likely period: listed in this zone by Illia's bestiary (2001-2010 data, may include later NPCs)"
Harper Cadwr,,GameNPC,npc,3,38,200,Shannon Estuary,202,1.65-era: seen in this zone by CapnBry
Salazo,Potion Merchant,GameMerchant,npc,0,34,27,Lamfhota's Sound,29,unverified: no CapnBry data for this zone
Tethra,,GameNPC,npc,3,55,200,Connacht,207,1.65-era: seen in this zone by CapnBry
Master Guardian,,GameGuard,guard,3,255,100,Odin's Gate,115,unverified: not in CapnBry for this zone
Brodhnao,Merchant,GameMerchant,npc,2,65,102,Nittedal,267,unverified: no CapnBry data for this zone
Dalla,Weapon Merchant,SpellCraftingMaster,npc,3,20,202,Kilcullen,218,1.65-era: seen by CapnBry (another zone)
Gothi of Odin,,Scripts.OFAssistant,npc,2,100,1,Hadrian's Wall,15,Atlas / later: Atlas frontier medallion assistant
Master Dubri,Minstrel Trainer,Trainer.MinstrelTrainer,npc,1,50,10,City of Camelot,26,1.65-era: seen in this zone by CapnBry
Keep Sentinel,,GameNPC,npc,3,255,200,Valley of Bri Leith,206,1.65-era: seen by CapnBry (another zone)
Ranger,,Keeps.GuardArcher,guard,3,55,200,Breifine,212,1.65-era: seen in this zone by CapnBry
Cailiosa,,GameNPC,npc,3,55,202,Saeranthal,219,unverified: no CapnBry data for this zone
Mordred,Lord Of Battle,LordOfBattle,npc,0,75,73,Arbor Glen,87,likely period: listed by Illia's bestiary in another zone
Rae,Armor Merchant,GameMerchant,npc,2,50,100,East Svealand,101,1.65-era: seen in this zone by CapnBry
Hastener,,GameHastener,npc,0,1,1,Hadrian's Wall,15,1.65-era: seen in this zone by CapnBry
new mob,,Keeps.FrontierHastener,npc,0,1,1,Pennine Mountains,14,unverified: not in CapnBry for this zone
ghastly siabra,,NightSpawn,npc,0,14,200,Lough Derg,200,1.65-era: seen in this zone by CapnBry
Knight Commander,,GameGuard,guard,1,255,200,Emain Macha,214,1.65-era: seen in this zone by CapnBry
Guardian,,Keeps.GuardFighter,guard,3,52,200,Breifine,212,1.65-era: seen in this zone by CapnBry
a horse,,GameNPC,npc,2,1,101,Jordheim,120,unverified: not in CapnBry for this zone
Fronhilda,Merchant,GameMerchant,npc,2,54,102,Carlingford,118,unverified: no CapnBry data for this zone
Scout,Martine Fait Du RvR,Keeps.GuardArcher,guard,1,56,100,Odin's Gate,115,1.65-era: seen in this zone by CapnBry
Feldon,Vault Banker,GameNPC,npc,1,50,2,Aylesbury,64,unverified: no CapnBry data for this zone
Saeder,,GameNPC,npc,3,50,202,Moycullen,273,unverified: no CapnBry data for this zone
Waljan,Healer,GameHealer,npc,3,35,201,Tir na Nog,209,1.65-era: seen in this zone by CapnBry
Velara,Vault Banker,GameNPC,npc,2,50,102,Arothi,117,unverified: no CapnBry data for this zone
Baakli,Spellcrafters Master,GameNPC,npc,2,51,151,Aegir's Landing,151,1.65-era: seen in this zone by CapnBry
Tyngyr Blade,Weapon Merchant,GameMerchant,npc,1,10,1,Avalon Marsh,9,"likely period: listed in this zone by Illia's bestiary (2001-2010 data, may include later NPCs)"
Lyrist,Hastener,GameHastener,npc,3,32,202,Meath,213,unverified: no CapnBry data for this zone
Lycla,Mystic Trainer,Trainer.MysticTrainer,npc,2,42,100,Gotar,103,1.65-era: seen in this zone by CapnBry
Boidoc,Shadowblade Trainer,Trainer.ShadowbladeTrainer,npc,2,55,100,Gotar,103,1.65-era: seen in this zone by CapnBry
Master Ranger,,GameGuard,guard,3,255,200,Valley of Bri Leith,206,1.65-era: seen by CapnBry (another zone)
Captain Dillon,,GameNPC,npc,1,43,1,Black Mtns. South,2,1.65-era: seen in this zone by CapnBry
Master Guardian,,GameGuard,guard,3,255,1,Hadrian's Wall,15,unverified: not in CapnBry for this zone
Master of Runes,,GameGuard,guard,2,255,200,Emain Macha,214,1.65-era: seen in this zone by CapnBry
Troll Archer,,GameGuard,guard,2,255,100,Uppland,111,1.65-era: seen in this zone by CapnBry
Knight Commander,,GameGuard,guard,1,255,1,Snowdonia,12,"likely period: listed in this zone by Illia's bestiary (2001-2010 data, may include later NPCs)"
Travon,Dye Merchant,GameMerchant,npc,0,50,27,Lamfhota's Sound,29,unverified: no CapnBry data for this zone
Bidos,,GameNPC,npc,1,50,2,Aylesbury,64,unverified: no CapnBry data for this zone
gray spectre,,NightSpawn,npc,0,22,200,Cruachan Gorge,211,"likely period: listed in this zone by Illia's bestiary (2001-2010 data, may include later NPCs)"
Serena Muftar,Armor Merchant,GameMerchant,npc,1,38,10,City of Camelot,26,1.65-era: seen in this zone by CapnBry
Piper,Hastener,GameHastener,npc,1,30,2,Caerwent,13,1.65-era: seen in this zone by CapnBry
Champion,,GameGuard,guard,3,255,234,The Proving Grounds,234,1.65-era: seen by CapnBry (another zone)
Champion,,GameGuard,guard,3,255,200,Mount Collory,210,1.65-era: seen by CapnBry (another zone)
Adoewan,Merchant,GameMerchant,npc,2,70,102,Frisia,121,unverified: no CapnBry data for this zone
Alhrick Duglas,Weapon Merchant,GameMerchant,npc,1,40,1,Black Mtns. South,2,"likely period: listed in this zone by Illia's bestiary (2001-2010 data, may include later NPCs)"
Woala,Vault Banker,GameNPC,npc,3,50,202,Broughshane,274,unverified: no CapnBry data for this zone
Alsandra,Armorsmiths Master,ArmorCraftingMaster,npc,2,65,102,Arothi,117,unverified: no CapnBry data for this zone
Sentinel,,GameGuard,guard,3,50,201,Tir na Nog,209,1.65-era: seen in this zone by CapnBry
Leros,,GameNPC,npc,2,12,100,West Svealand,102,unverified: not in CapnBry for this zone
Guardian Sergeant,,GameGuard,guard,1,44,1,Avalon Marsh,9,1.65-era: seen in this zone by CapnBry
Intoner,Hastener,GameHastener,npc,2,30,102,Erikstaad,114,1.65-era: seen in this zone by CapnBry
Tangi,Armor Merchant,GameMerchant,npc,3,40,200,Lough Derg,200,1.65-era: seen in this zone by CapnBry
Eistir,Blademaster Trainer,Trainer.BlademasterTrainer,npc,3,50,181,Vigilant Rock,186,unverified: no CapnBry data for this zone
Guardian,,Keeps.GuardFighter,guard,3,52,200,Breifine,212,1.65-era: seen in this zone by CapnBry
Sentinel,,GameGuard,guard,3,51,201,Tir na Nog,209,1.65-era: seen in this zone by CapnBry
Kaere,,GameNPC,npc,1,50,51,Isle of Glass,51,"likely period: listed in this zone by Illia's bestiary (2001-2010 data, may include later NPCs)"
Alchemist apprentice,Merchant,GameMerchant,npc,3,54,202,Tullamore,272,unverified: no CapnBry data for this zone
Adwr,,GameNPC,npc,1,50,1,Snowdonia,12,likely period: listed by Illia's bestiary in another zone
Hunter,,Keeps.GuardStaticArcher,guard,2,28,252,Thidranki,252,"likely period: listed in this zone by Illia's bestiary (2001-2010 data, may include later NPCs)"
Veteran Guardsman,,GameGuard,guard,1,40,10,City of Camelot,26,1.65-era: seen in this zone by CapnBry
Azrael Mucto,Armor Merchant,GameMerchant,npc,1,50,1,Avalon Marsh,9,"likely period: listed in this zone by Illia's bestiary (2001-2010 data, may include later NPCs)"
Apprentice Taxidermist,,GameNPC,npc,2,35,102,Carlingford,118,unverified: no CapnBry data for this zone
Sachin,,GameNPC,npc,1,40,1,Black Mtns. South,2,"likely period: listed in this zone by Illia's bestiary (2001-2010 data, may include later NPCs)"
Vidarl,,GameNPC,npc,2,12,100,East Svealand,101,likely period: listed by Illia's bestiary in another zone
Blyn,Armor Merchant,GameMerchant,npc,2,50,100,Vale of Mularn,100,1.65-era: seen in this zone by CapnBry
Valkyn Guard,,GameGuard,guard,2,50,151,Gripklosa Mountains,152,1.65-era: seen in this zone by CapnBry
Master of Runes,,GameGuard,guard,2,255,1,Hadrian's Wall,15,1.65-era: seen in this zone by CapnBry
innocent,,GameNPC,npc,1,35,277,Hall of the Corrupt,277,"likely period: listed in this zone by Illia's bestiary (2001-2010 data, may include later NPCs)"
innocent,,GameNPC,npc,2,39,246,Dodens Gruva,246,1.65-era: seen in this zone by CapnBry
Aric,Shield Merchant,GameMerchant,npc,2,50,101,Jordheim,120,1.65-era: seen in this zone by CapnBry
Fruya,,GameNPC,npc,2,30,102,Erikstaad,114,unverified: not in CapnBry for this zone
Kinnat,Armor Merchant,GameMerchant,npc,3,35,201,Tir na Nog,209,1.65-era: seen in this zone by CapnBry
Maka,Stable Master,GameStableMaster,npc,3,50,202,Dunshire,215,unverified: no CapnBry data for this zone
Fergus,Vault Banker,GameNPC,npc,3,50,202,Saeranthal,219,unverified: no CapnBry data for this zone
Olof,Weapon Merchant,GameMerchant,npc,2,41,100,Vale of Mularn,100,1.65-era: seen in this zone by CapnBry
Kkor Borson,Merchant,GameMerchant,npc,2,50,101,Jordheim,120,1.65-era: seen in this zone by CapnBry
Cullen Smyth,,GameNPC,npc,1,1,1,Camelot Hills,0,1.65-era: seen in this zone by CapnBry
Master Wizard,,GameGuard,guard,1,255,1,Forest Sauvage,11,1.65-era: seen in this zone by CapnBry
Guardian,,Keeps.GuardFighter,guard,3,52,200,Breifine,212,1.65-era: seen in this zone by CapnBry
faerie frog,,DaySpawn,npc,0,30,1,Snowdonia,12,"likely period: listed in this zone by Illia's bestiary (2001-2010 data, may include later NPCs)"
Master Ranger,,GameGuard,guard,3,255,165,Cathal Valley,165,1.65-era: seen by CapnBry (another zone)
Huscarl,,Keeps.GuardFighter,guard,2,52,1,Pennine Mountains,14,1.65-era: seen by CapnBry (another zone)
Market Explorer,,MarketExplorer,npc,2,50,102,Kaupang,122,"Atlas / later: Market Explorer (housing consignment search, post-1.65 / Atlas)"
Thrand,,GameNPC,npc,2,9,100,Vale of Mularn,100,1.65-era: seen in this zone by CapnBry
faerie frog,,DaySpawn,npc,0,28,1,Snowdonia,12,"likely period: listed in this zone by Illia's bestiary (2001-2010 data, may include later NPCs)"
Narodan,Vault Banker,GameNPC,npc,1,50,2,Aylesbury,64,unverified: no CapnBry data for this zone
Knight Commander,,GameNPC,npc,1,255,100,Odin's Gate,115,1.65-era: seen in this zone by CapnBry
Ranger,,Keeps.GuardArcher,guard,3,55,200,Breifine,212,1.65-era: seen in this zone by CapnBry
Guardian,,GameGuard,guard,3,50,201,Tir na Nog,209,1.65-era: seen in this zone by CapnBry
Earl Grael,Vault Keeper,GameVaultKeeper,npc,0,50,1,Forest Sauvage,11,1.65-era: seen in this zone by CapnBry
Annika Rostislav,Merchant,GameBountyMerchant,npc,2,53,151,Aegir's Landing,151,1.65-era: seen in this zone by CapnBry
Brit,Guild Registrar,GuildRegistrar,npc,0,53,27,Lamfhota's Sound,29,1.65-era: seen by CapnBry (another zone)
Tathal,Weapon Merchant,GameMerchant,npc,1,8,1,Avalon Marsh,9,"likely period: listed in this zone by Illia's bestiary (2001-2010 data, may include later NPCs)"
Lord Oachley,Guild Emblemer,EmblemNPC,npc,1,1,330,Albion Event,330,1.65-era: seen by CapnBry (another zone)
Hrapp,Weapon Merchant,GameMerchant,npc,2,50,101,Jordheim,120,1.65-era: seen in this zone by CapnBry
Celtic Guardian,,GameGuard,guard,3,255,200,Connacht,207,unverified: not in CapnBry for this zone
deamhan aeir,,NightSpawn,npc,0,36,200,Cruachan Gorge,211,1.65-era: seen by CapnBry (another zone)
puppy,,GameNPC,npc,3,15,200,Connacht,207,unverified: not in CapnBry for this zone
Viking Huscarl,,GameGuard,guard,2,255,165,Cathal Valley,165,1.65-era: seen by CapnBry (another zone)
Viking Huscarl,,GameNPC,npc,2,50,100,West Svealand,102,1.65-era: seen in this zone by CapnBry
Frip,,GameNPC,npc,1,1,1,Camelot Hills,0,1.65-era: seen in this zone by CapnBry
Adrai,Weapon Merchant,GameMerchant,npc,3,34,201,Tir na Nog,209,1.65-era: seen in this zone by CapnBry
Viking Archer,,GameGuard,guard,2,95,100,West Svealand,102,1.65-era: seen in this zone by CapnBry
Helga,Weapon Merchant,GameMerchant,npc,2,41,100,Myrkwood Forest,105,1.65-era: seen in this zone by CapnBry
a horse,,GameNPC,npc,2,1,101,Jordheim,120,unverified: not in CapnBry for this zone
ambient pixie,,GameNPC,npc,3,1,200,Connacht,207,unverified: not in CapnBry for this zone
Yoren Shazra,Armor Merchant,GameMerchant,npc,1,50,10,City of Camelot,26,1.65-era: seen in this zone by CapnBry
Vena,Vault Banker,GameNPC,npc,3,50,202,Dunshire,215,unverified: no CapnBry data for this zone
Guardian,,Keeps.GuardFighter,guard,3,52,200,Breifine,212,1.65-era: seen in this zone by CapnBry
Bard Eltonos,Hastener,GameHastener,npc,3,50,200,Connacht,207,likely period: listed by Illia's bestiary in another zone
Apprentice Taxidermist,,GameNPC,npc,2,35,102,Frisia,121,unverified: no CapnBry data for this zone
Travon,Dye Merchant,GameMerchant,npc,2,50,165,Cathal Valley,165,unverified: no CapnBry data for this zone
target dummy,,GameNPC,npc,0,1,200,Cliffs of Moher,203,unverified: no CapnBry data for this zone
Ybaovia,Alchemists Master,GameNPC,npc,2,65,102,Wyndham,119,unverified: no CapnBry data for this zone
Yoria,Potion Merchant,GameMerchant,npc,0,34,27,Lamfhota's Sound,29,unverified: no CapnBry data for this zone
Tria Ellowis,Armor Merchant,GameMerchant,npc,1,41,1,Black Mtns. South,2,"likely period: listed in this zone by Illia's bestiary (2001-2010 data, may include later NPCs)"
Jarl Uffenlong,Name Registrar,NameRegistrar,npc,2,55,101,Jordheim,120,1.65-era: seen in this zone by CapnBry
Dvaln,,GameNPC,npc,2,28,100,West Svealand,102,1.65-era: seen in this zone by CapnBry
Master Guardian,,GameGuard,guard,3,255,165,Cathal Valley,165,unverified: no CapnBry data for this zone
Oilibhear,Poison Merchant,GameMerchant,npc,0,50,27,Lamfhota's Sound,29,1.65-era: seen by CapnBry (another zone)
Master Ranger,,GameGuard,guard,3,255,200,Valley of Bri Leith,206,1.65-era: seen by CapnBry (another zone)
Yralun Trallae,Vault Keeper,GameVaultKeeper,npc,3,40,200,Connacht,207,"likely period: listed in this zone by Illia's bestiary (2001-2010 data, may include later NPCs)"
innocent,,GameNPC,npc,2,36,246,Dodens Gruva,246,1.65-era: seen in this zone by CapnBry
Krek,Viking Trainer,Trainer.VikingTrainer,npc,2,40,100,Myrkwood Forest,105,1.65-era: seen in this zone by CapnBry
Keep Sentinel,,GameNPC,npc,3,255,200,Valley of Bri Leith,206,1.65-era: seen by CapnBry (another zone)
Hallfred,Weapon Merchant,GameMerchant,npc,2,50,100,East Svealand,101,1.65-era: seen in this zone by CapnBry
Steward Willie,,GameNPC,npc,1,35,1,Black Mtns. South,2,"likely period: listed in this zone by Illia's bestiary (2001-2010 data, may include later NPCs)"
Gythja of Skadi,,GameNPC,npc,2,50,101,Jordheim,120,1.65-era: seen in this zone by CapnBry
Dyemaster Earh,Dye Merchant,GameMerchant,npc,1,15,1,Avalon Marsh,9,"likely period: listed in this zone by Illia's bestiary (2001-2010 data, may include later NPCs)"
Channeler Glasny,Teleporter,Scripts.LiveTeleporter,npc,3,60,181,Vigilant Rock,186,teleporter (not 1.65; listed separately)
Market Explorer,,MarketExplorer,npc,2,50,102,Kaupang,122,"Atlas / later: Market Explorer (housing consignment search, post-1.65 / Atlas)"
Torr Upton,Armor Merchant,GameMerchant,npc,1,1,10,City of Camelot,26,1.65-era: seen in this zone by CapnBry
Merarka,Weapon Merchant,GameMerchant,npc,2,50,100,Gotar,103,1.65-era: seen in this zone by CapnBry
Guardian,,Keeps.GuardFighter,guard,3,52,200,Breifine,212,1.65-era: seen in this zone by CapnBry
ambient pixie,,GameNPC,npc,3,1,200,Lough Derg,200,unverified: not in CapnBry for this zone
Guardian,,GameGuard,guard,1,50,51,Isle of Glass,51,1.65-era: seen in this zone by CapnBry
Gorawen,Spellcrafters Master,GameNPC,npc,1,65,2,Old Sarum,16,likely period: listed by Illia's bestiary in another zone
Apprentice Taxidermist,,GameNPC,npc,3,35,202,Dunshire,215,unverified: no CapnBry data for this zone
Ranger,,Keeps.GuardArcher,guard,3,52,200,Cruachan Gorge,211,1.65-era: seen by CapnBry (another zone)
Duer,Armor Merchant,GameMerchant,npc,3,36,200,Lough Derg,200,1.65-era: seen in this zone by CapnBry
Sywno,Weapon Merchant,GameMerchant,npc,1,17,1,Avalon Marsh,9,"likely period: listed in this zone by Illia's bestiary (2001-2010 data, may include later NPCs)"
Andri,,GameNPC,npc,1,8,10,City of Camelot,26,1.65-era: seen in this zone by CapnBry
Elven Summoner,,GameNPC,npc,3,255,234,The Proving Grounds,234,unverified: no CapnBry data for this zone
Viking Huscarl,,GameGuard,guard,2,255,200,Emain Macha,214,1.65-era: seen in this zone by CapnBry
Master Ranger,,GameGuard,guard,3,255,200,Connacht,207,1.65-era: seen in this zone by CapnBry
Sentry Stonefist,,GameNPC,npc,2,25,100,Myrkwood Forest,105,1.65-era: seen in this zone by CapnBry
deamhan aeir,,NightSpawn,npc,0,34,200,Lough Gur,204,"likely period: listed in this zone by Illia's bestiary (2001-2010 data, may include later NPCs)"
Master of Runes,,GameGuard,guard,2,255,200,Emain Macha,214,1.65-era: seen in this zone by CapnBry
Master Elementalist,,Scripts.OFAssistant,npc,1,100,100,Odin's Gate,115,Atlas / later: Atlas frontier medallion assistant
Demnrvar,Merchant,GameMerchant,npc,3,51,202,Aberillan,225,unverified: no CapnBry data for this zone
Knight Commander,,GameNPC,npc,1,255,1,Forest Sauvage,11,1.65-era: seen in this zone by CapnBry
Viking Archer,,GameGuard,guard,2,95,100,West Svealand,102,1.65-era: seen in this zone by CapnBry
Captain Leri,,GameNPC,npc,1,50,1,Snowdonia,12,1.65-era: seen in this zone by CapnBry
"Contyth, Apprentice Smith",,GameNPC,npc,1,8,1,Black Mtns. South,2,"likely period: listed in this zone by Illia's bestiary (2001-2010 data, may include later NPCs)"
Huscarl,,Keeps.GuardFighter,guard,2,52,100,Jamtland Mountains,113,1.65-era: seen by CapnBry (another zone)
Knight Commander,,GameGuard,guard,1,255,1,Snowdonia,12,"likely period: listed in this zone by Illia's bestiary (2001-2010 data, may include later NPCs)"
Eachann,Armor Merchant,GameMerchant,npc,3,1,201,Tir na Nog,209,1.65-era: seen in this zone by CapnBry
deamhan aeir,,NightSpawn,npc,0,37,200,Lough Gur,204,"likely period: listed in this zone by Illia's bestiary (2001-2010 data, may include later NPCs)"
Kiley,Merchant,GameBountyMerchant,npc,3,37,201,Tir na Nog,209,1.65-era: seen in this zone by CapnBry
Freydis,Merchant,GameMerchant,npc,2,47,101,Jordheim,120,1.65-era: seen by CapnBry (another zone)
Guardian,SmaragNewb Reload,Keeps.GuardFighter,guard,3,59,200,Breifine,212,1.65-era: seen in this zone by CapnBry
Viking Huscarl,,GameGuard,guard,2,255,165,Cathal Valley,165,1.65-era: seen by CapnBry (another zone)
ambient pixie,,GameNPC,npc,3,1,200,Connacht,207,unverified: not in CapnBry for this zone
Laius' Spirit,,GameNPC,npc,1,15,1,Salisbury Plains,1,"likely period: listed in this zone by Illia's bestiary (2001-2010 data, may include later NPCs)"
Haaken,Berserker Trainer,Trainer.BerserkerTrainer,npc,2,50,101,Jordheim,120,1.65-era: seen in this zone by CapnBry
Balthazar Encambrion,Weapon Merchant,GameMerchant,npc,1,36,1,Campacorentin Forest,8,unverified: not in CapnBry for this zone
Yandu,,GameNPC,npc,2,19,100,East Svealand,101,likely period: listed by Illia's bestiary in another zone
Feldimonde Morgaudos,Merchant,GameMerchant,npc,1,50,2,Caerwent,13,unverified: not in CapnBry for this zone
Jucla,Rogue Trainer,Trainer.MidgardRogueTrainer,npc,2,40,100,Gotar,103,1.65-era: seen in this zone by CapnBry
Lyrist,Hastener,GameHastener,npc,3,32,202,Tullamore,272,unverified: no CapnBry data for this zone
Armswoman,,GameGuard,guard,1,50,1,Campacorentin Forest,8,1.65-era: seen by CapnBry (another zone)
Master Ranger,,GameGuard,guard,3,255,200,Valley of Bri Leith,206,1.65-era: seen by CapnBry (another zone)
Vuryn,Merchant,GameMerchant,npc,3,54,202,Aberillan,225,unverified: no CapnBry data for this zone
Eirvk Ketil,,GameNPC,npc,2,50,151,Aegir's Landing,151,unverified: not in CapnBry for this zone
Master Eldritch,,GameGuard,guard,3,255,1,Hadrian's Wall,15,1.65-era: seen by CapnBry (another zone)
Allyn Fletcher,Arrow Merchant,GameMerchant,npc,1,18,1,Avalon Marsh,9,"likely period: listed in this zone by Illia's bestiary (2001-2010 data, may include later NPCs)"
mysterious lurker,,GameNPC,npc,1,15,10,City of Camelot,26,likely period: listed by Illia's bestiary in another zone
Brika,,GameNPC,npc,2,27,100,Muspelheim,104,"likely period: listed in this zone by Illia's bestiary (2001-2010 data, may include later NPCs)"
Guardian,,GameGuard,guard,3,42,201,Tir na Nog,209,1.65-era: seen in this zone by CapnBry
Champion,,GameGuard,guard,3,255,200,Valley of Bri Leith,206,1.65-era: seen by CapnBry (another zone)
Channeler Glasny,Teleporter,Scripts.LiveTeleporter,npc,3,60,200,Lough Derg,200,teleporter (not 1.65; listed separately)
ambient pixie,,GameNPC,npc,3,1,201,Tir na Nog,209,unverified: not in CapnBry for this zone
Master Enchanter,,Scripts.OFAssistant,npc,3,100,200,Connacht,207,Atlas / later: Atlas frontier medallion assistant
Greip,Dye Merchant,GameMerchant,npc,2,50,101,Jordheim,120,1.65-era: seen in this zone by CapnBry
Maivea,Stable Master,GameStableMaster,npc,1,50,2,Stoneleigh,262,unverified: no CapnBry data for this zone
Guard Blaen,,GameGuard,guard,1,24,1,Salisbury Plains,1,1.65-era: seen in this zone by CapnBry
Kiarr,Smith,Blacksmith,npc,2,50,101,Jordheim,120,1.65-era: seen in this zone by CapnBry
Master Guardian,,GameGuard,guard,3,255,165,Cathal Valley,165,unverified: no CapnBry data for this zone
Domal,,GameNPC,npc,2,45,151,Munin Sound,155,1.65-era: seen in this zone by CapnBry
Brother Onoloth,,GameNPC,npc,1,28,1,Avalon Marsh,9,"likely period: listed in this zone by Illia's bestiary (2001-2010 data, may include later NPCs)"
Lucifo,Sapphire Armor Merchant,GameSapphireSealsMerchant,npc,2,36,249,Darkness Falls,249,"Atlas / later: Seals merchant (Darkness Rising era, used by Atlas)"
Master of Runes,,GameGuard,guard,2,255,1,Hadrian's Wall,15,1.65-era: seen in this zone by CapnBry
Viking Archer,,GameNPC,npc,2,95,100,Uppland,111,1.65-era: seen in this zone by CapnBry
Mocimdis,Instrument Merchant,GameMerchant,npc,3,50,181,Caillte Garran,182,"likely period: listed in this zone by Illia's bestiary (2001-2010 data, may include later NPCs)"
stabled horse,,GameNPC,npc,3,55,201,Tir na Nog,209,unverified: not in CapnBry for this zone
horse,,GameNPC,npc,2,60,102,Carlingford,118,1.65-era: seen by CapnBry (another zone)
Stor Gothi Annark,Teleporter,Scripts.LiveTeleporter,npc,2,60,100,Gotar,103,teleporter (not 1.65; listed separately)
Guardian Andraste,,GameGuard,guard,3,50,200,Lough Derg,200,1.65-era: seen in this zone by CapnBry
Pura,,GameNPC,npc,2,1,100,Vale of Mularn,100,unverified: not in CapnBry for this zone
Dyemaster Vandras,Dye Merchant,GameMerchant,npc,1,16,10,City of Camelot,26,1.65-era: seen in this zone by CapnBry
Amma,Enchanter,Enchanter,npc,2,50,101,Jordheim,120,1.65-era: seen in this zone by CapnBry
Fleleca,Merchant,GameMerchant,npc,2,50,102,Nittedal,267,unverified: no CapnBry data for this zone
Synne Ripley,,GameNPC,npc,1,55,2,Dalton,18,unverified: no CapnBry data for this zone
Merle the Old,,GameNPC,npc,3,30,200,Silvermine Mts.,201,1.65-era: seen in this zone by CapnBry
Rojar,,GameNPC,npc,2,3,100,Gotar,103,"likely period: listed in this zone by Illia's bestiary (2001-2010 data, may include later NPCs)"
Sentinel,,GameGuard,guard,3,52,201,Tir na Nog,209,1.65-era: seen in this zone by CapnBry
horse,,GameNPC,npc,2,59,102,Arothi,117,1.65-era: seen by CapnBry (another zone)
Bosi,,GameNPC,npc,2,22,151,Munin Sound,155,1.65-era: seen in this zone by CapnBry
ambient pixie,,GameNPC,npc,3,1,200,Connacht,207,unverified: not in CapnBry for this zone
Luilbhrian,Instrument Merchant,GameMerchant,npc,3,45,181,Vale of Balor,183,unverified: no CapnBry data for this zone
Viking Huscarl,,GameGuard,guard,2,255,1,Hadrian's Wall,15,1.65-era: seen in this zone by CapnBry
faerie frog,,DaySpawn,npc,0,29,1,Snowdonia,12,"likely period: listed in this zone by Illia's bestiary (2001-2010 data, may include later NPCs)"
horse,,GameNPC,npc,3,55,200,Connacht,207,1.65-era: seen by CapnBry (another zone)
Master Eldritch,,GameGuard,guard,3,255,100,Odin's Gate,115,1.65-era: seen by CapnBry (another zone)
Master of Runes,,GameNPC,npc,2,255,100,Uppland,111,1.65-era: seen in this zone by CapnBry
Keep Sentinel,,GameNPC,npc,3,255,200,Valley of Bri Leith,206,1.65-era: seen by CapnBry (another zone)
Odaro Hengist,Healer,GameHealer,npc,1,44,1,Black Mtns. North,3,1.65-era: seen in this zone by CapnBry
Kiernan,Bard Trainer,Trainer.BardTrainer,npc,3,50,200,Valley of Bri Leith,206,"likely period: listed in this zone by Illia's bestiary (2001-2010 data, may include later NPCs)"
Armsman Commander,,Keeps.GuardCommander,guard,1,70,1,Snowdonia,12,unverified: not in CapnBry for this zone
veteran guard,,GameGuard,guard,1,40,1,Black Mtns. South,2,1.65-era: seen in this zone by CapnBry
Sentinel,,GameGuard,guard,3,50,200,Bog of Cullen,205,1.65-era: seen by CapnBry (another zone)
Market Explorer,,MarketExplorer,npc,3,50,202,Meath,213,"Atlas / later: Market Explorer (housing consignment search, post-1.65 / Atlas)"
Viking Archer,,GameGuard,guard,2,95,100,West Svealand,102,1.65-era: seen in this zone by CapnBry
horse,,GameNPC,npc,1,55,2,Brisworthy,20,1.65-era: seen by CapnBry (another zone)
Piercer,,GameNPC,npc,2,16,100,West Svealand,102,1.65-era: seen in this zone by CapnBry
Viking Archer,,GameGuard,guard,2,255,165,Cathal Valley,165,1.65-era: seen by CapnBry (another zone)
Viking Huscarl,,GameGuard,guard,2,255,100,West Svealand,102,1.65-era: seen in this zone by CapnBry
Lefur,,GameNPC,npc,2,41,100,East Svealand,101,1.65-era: seen in this zone by CapnBry
Stonemason Harwin,,GameNPC,npc,1,38,1,Black Mtns. South,2,1.65-era: seen in this zone by CapnBry
Viking Huscarl,,GameNPC,npc,2,50,100,West Svealand,102,1.65-era: seen in this zone by CapnBry
Jyri,Poison Merchant,GameMerchant,npc,2,50,151,Aegir's Landing,151,1.65-era: seen in this zone by CapnBry
Sennid,,GameNPC,npc,1,9,1,Black Mtns. North,3,"likely period: listed in this zone by Illia's bestiary (2001-2010 data, may include later NPCs)"
Odedi,,GameNPC,npc,2,30,102,Carlingford,118,unverified: no CapnBry data for this zone
Master Wizard,,GameNPC,npc,1,255,165,Cathal Valley,165,"likely period: listed in this zone by Illia's bestiary (2001-2010 data, may include later NPCs)"
Fusi,,GameNPC,npc,2,75,334,Midgard Event,334,unverified: no CapnBry data for this zone
Luperth,,GameNPC,npc,1,37,10,City of Camelot,26,likely period: listed by Illia's bestiary in another zone
faerie frog,,DaySpawn,npc,0,28,1,Snowdonia,12,"likely period: listed in this zone by Illia's bestiary (2001-2010 data, may include later NPCs)"
Gery Dalston,Weapon Mercchant,GameMerchant,npc,1,1,1,Campacorentin Forest,8,1.65-era: seen in this zone by CapnBry
Erling,Stable Master,GameStableMaster,npc,2,55,102,Carlingford,118,unverified: no CapnBry data for this zone
Guardian,,Keeps.GuardFighter,guard,3,52,200,Breifine,212,1.65-era: seen in this zone by CapnBry
Lady Senia,Effect Master,EffectNPC,npc,1,50,330,Albion Event,330,Atlas / later: Atlas cosmetic effect vendor
Anga Weaver,Armor Merchant,GameMerchant,npc,1,20,1,Avalon Marsh,9,"likely period: listed in this zone by Illia's bestiary (2001-2010 data, may include later NPCs)"
Valkyn Guard,,GameGuard,guard,2,50,151,Gripklosa Mountains,152,1.65-era: seen in this zone by CapnBry
Lisabeth,Merchant,GameMerchant,npc,1,38,51,Isle of Glass,51,unverified: not in CapnBry for this zone
Mistress Jeryssa,Theurgist Trainer,Trainer.TheurgistTrainer,npc,1,54,1,Avalon Marsh,9,"likely period: listed in this zone by Illia's bestiary (2001-2010 data, may include later NPCs)"
Viking Huscarl,,GameGuard,guard,2,255,165,Cathal Valley,165,1.65-era: seen by CapnBry (another zone)
Fuston Talgurt,Armor Merchant,GameMerchant,npc,1,8,10,City of Camelot,26,1.65-era: seen in this zone by CapnBry
Landry Woden,Weapon Merchant,GameMerchant,npc,1,1,10,City of Camelot,26,1.65-era: seen in this zone by CapnBry
Viking Huscarl,,GameGuard,guard,2,255,200,Emain Macha,214,1.65-era: seen in this zone by CapnBry
ghastly siabra,,NightSpawn,npc,0,13,200,Lough Derg,200,1.65-era: seen in this zone by CapnBry
Dalla,Weapon Merchant,GameMerchant,npc,2,20,100,Gotar,103,1.65-era: seen in this zone by CapnBry
Arskar,Stable Master,GameStableMaster,npc,2,41,100,Vale of Mularn,100,1.65-era: seen in this zone by CapnBry
Sir Caewel,Paladin Trainer,Trainer.PaladinTrainer,npc,1,50,1,Black Mtns. North,3,1.65-era: seen in this zone by CapnBry
veteran guard,,GameGuard,guard,1,40,1,Black Mtns. North,3,1.65-era: seen in this zone by CapnBry
Nikula,Bonedancer Trainer,Trainer.BonedancerTrainer,npc,2,60,151,Faraheim,154,1.65-era: seen in this zone by CapnBry
Guardian,,Keeps.GuardFighter,guard,3,52,200,Breifine,212,1.65-era: seen in this zone by CapnBry
Geir,Arrow Merchant,GameMerchant,npc,2,50,100,Vale of Mularn,100,1.65-era: seen in this zone by CapnBry
Brok,Weapon Merchant,GameMerchant,npc,2,20,100,East Svealand,101,1.65-era: seen in this zone by CapnBry
Addirgo,Fletchers Master,FletchingMaster,npc,3,72,202,Moycullen,273,unverified: no CapnBry data for this zone
ambient pixie,,GameNPC,npc,3,1,200,Silvermine Mts.,201,unverified: not in CapnBry for this zone
Robert Falcon,,GameNPC,npc,1,65,10,City of Camelot,26,likely period: listed by Illia's bestiary in another zone
Dwarven Guard,,GameNPC,npc,2,50,151,Munin Sound,155,1.65-era: seen in this zone by CapnBry
Bowman Commander,,GameGuard,guard,1,255,165,Cathal Valley,165,"likely period: listed in this zone by Illia's bestiary (2001-2010 data, may include later NPCs)"
Armsman,,Keeps.GuardFighter,guard,1,57,100,Yggdra Forest,112,1.65-era: seen by CapnBry (another zone)
Valkyn Guard,,GameNPC,npc,2,50,151,Aegir's Landing,151,1.65-era: seen in this zone by CapnBry
Kobold Guard,,GameNPC,npc,2,53,151,Munin Sound,155,1.65-era: seen in this zone by CapnBry
Sheldon Ripley,,GameNPC,npc,1,53,2,Caerwent,13,unverified: not in CapnBry for this zone
Circa,,GameNPC,npc,2,50,151,Munin Sound,155,1.65-era: seen in this zone by CapnBry
Lyrist,Hastener,GameHastener,npc,3,30,202,Aberillan,225,unverified: no CapnBry data for this zone
Veteran Guardsman,,GameGuard,guard,1,50,1,Camelot Hills,0,1.65-era: seen in this zone by CapnBry
Beli,Healer,GameHealer,npc,3,35,200,Lough Derg,200,1.65-era: seen in this zone by CapnBry
horse,,GameNPC,npc,2,55,100,Myrkwood Forest,105,1.65-era: seen in this zone by CapnBry
horse,,GameNPC,npc,3,55,200,Connacht,207,1.65-era: seen by CapnBry (another zone)
Dwarven Guard,,GameNPC,npc,2,40,100,Vale of Mularn,100,1.65-era: seen in this zone by CapnBry
Master of Runes,,GameGuard,guard,2,255,165,Cathal Valley,165,"likely period: listed in this zone by Illia's bestiary (2001-2010 data, may include later NPCs)"
veteran guard,,GameGuard,guard,1,41,1,Black Mtns. South,2,1.65-era: seen in this zone by CapnBry
Kiddie,Merchant,GameMerchant,npc,3,50,181,Caillte Garran,182,"likely period: listed in this zone by Illia's bestiary (2001-2010 data, may include later NPCs)"
Master of Runes,,GameGuard,guard,2,255,165,Cathal Valley,165,"likely period: listed in this zone by Illia's bestiary (2001-2010 data, may include later NPCs)"
Lieutenant Kaherdin,Scout Trainer,Trainer.ScoutTrainer,npc,1,50,10,City of Camelot,26,1.65-era: seen in this zone by CapnBry
Gunnar,Armor Merchant,GameMerchant,npc,2,50,100,East Svealand,101,1.65-era: seen in this zone by CapnBry
Armswoman,,Keeps.GuardFighter,guard,1,52,1,Hadrian's Wall,15,"likely period: listed in this zone by Illia's bestiary (2001-2010 data, may include later NPCs)"
ambient rat,,GameNPC,npc,0,1,10,City of Camelot,26,unverified: not in CapnBry for this zone
Master of Runes,,GameNPC,npc,2,255,100,West Svealand,102,1.65-era: seen in this zone by CapnBry
deamhan aeir,,NightSpawn,npc,0,34,200,Lough Gur,204,"likely period: listed in this zone by Illia's bestiary (2001-2010 data, may include later NPCs)"
griffin,,GameNPC,npc,2,57,151,Faraheim,154,1.65-era: seen in this zone by CapnBry
Farma Hornly,Armor Merchant,GameMerchant,npc,1,1,1,Camelot Hills,0,1.65-era: seen in this zone by CapnBry
Corley Nodens,Merchant,GameMerchant,npc,1,1,10,City of Camelot,26,1.65-era: seen in this zone by CapnBry
Veteran Guardsman,,GameGuard,guard,1,50,1,Black Mtns. South,2,1.65-era: seen in this zone by CapnBry
Nelari,Fletchers Master,FletchingMaster,npc,1,66,2,Aylesbury,64,unverified: no CapnBry data for this zone
Eskil,Tailors Master,TailoringMaster,npc,2,50,101,Jordheim,120,1.65-era: seen in this zone by CapnBry
Tracker,,GameNPC,npc,3,55,200,Silvermine Mts.,201,1.65-era: seen in this zone by CapnBry
Ranger,PWNOGRAPHY,Keeps.GuardArcher,guard,3,59,200,Cruachan Gorge,211,1.65-era: seen by CapnBry (another zone)
Aylarn,Armor Merchant,GameMerchant,npc,2,50,100,West Svealand,102,1.65-era: seen in this zone by CapnBry
Sentinel Giolladhe,,GameGuard,guard,3,43,200,Valley of Bri Leith,206,unverified: not in CapnBry for this zone
Master Wizard,,GameNPC,npc,1,255,200,Emain Macha,214,1.65-era: seen in this zone by CapnBry
Viking Archer,,GameGuard,guard,2,255,165,Cathal Valley,165,1.65-era: seen by CapnBry (another zone)
Master Visur,Teleporter,Scripts.LiveTeleporter,npc,1,60,130,Stygian Delta,138,teleporter (not 1.65; listed separately)
Viking Huscarl,,GameGuard,guard,2,255,200,Emain Macha,214,1.65-era: seen in this zone by CapnBry
Dera,Enchanter,Enchanter,npc,3,35,200,Lough Derg,200,1.65-era: seen in this zone by CapnBry
Piper,Hastener,GameHastener,npc,1,30,2,Aylesbury,64,1.65-era: seen by CapnBry (another zone)
Meryn,Vault Banker,GameNPC,npc,3,50,202,Tullamore,272,unverified: no CapnBry data for this zone
Darg,Merchant,GameMerchant,npc,2,40,101,Jordheim,120,1.65-era: seen in this zone by CapnBry
Gigywen Morgaudos,Merchant,GameMerchant,npc,1,50,2,Sherborne,261,unverified: no CapnBry data for this zone
ambient pixie,,GameNPC,npc,3,1,200,Silvermine Mts.,201,unverified: not in CapnBry for this zone
Master Wizard,,GameGuard,guard,1,255,1,Snowdonia,12,1.65-era: seen in this zone by CapnBry
Thrain,,GameNPC,npc,2,50,151,Munin Sound,155,1.65-era: seen in this zone by CapnBry
Master Wizard,,GameNPC,npc,1,255,1,Forest Sauvage,11,1.65-era: seen in this zone by CapnBry
Veteran Guardsman,,GameGuard,guard,1,43,1,Camelot Hills,0,1.65-era: seen in this zone by CapnBry
Keriann,,GameNPC,npc,3,45,200,Silvermine Mts.,201,1.65-era: seen in this zone by CapnBry
Guardian,,GameGuard,guard,3,50,200,Shannon Estuary,202,1.65-era: seen in this zone by CapnBry
new mob,,Keeps.FrontierHastener,npc,0,1,100,Jamtland Mountains,113,unverified: not in CapnBry for this zone
Carr,,GameNPC,npc,2,8,100,Vale of Mularn,100,1.65-era: seen in this zone by CapnBry
innocent,,GameNPC,npc,2,36,246,Dodens Gruva,246,1.65-era: seen in this zone by CapnBry
ghostly siabra,,NightSpawn,npc,0,12,200,Connacht,207,1.65-era: seen in this zone by CapnBry
Fusi,,GameNPC,npc,1,75,330,Albion Event,330,unverified: no CapnBry data for this zone
Hastener,,GameHastener,npc,0,1,100,Odin's Gate,115,1.65-era: seen in this zone by CapnBry
Guardian,,GameGuard,guard,1,53,51,Aldland,56,1.65-era: seen by CapnBry (another zone)
Qalimma,Spellcrafters Master,GameNPC,npc,1,65,2,Caerwent,13,unverified: not in CapnBry for this zone
Maye Edelmar,Merchant,GameBountyMerchant,npc,1,1,10,City of Camelot,26,1.65-era: seen in this zone by CapnBry
Guardian,,GameGuard,guard,3,50,200,Shannon Estuary,202,1.65-era: seen in this zone by CapnBry
Master Eldritch,,GameGuard,guard,3,255,165,Cathal Valley,165,1.65-era: seen by CapnBry (another zone)
Jes Markley,Merchant,GameMerchant,npc,1,50,51,Aldland,56,"likely period: listed in this zone by Illia's bestiary (2001-2010 data, may include later NPCs)"
Kerr,Weapon Merchant,GameMerchant,npc,2,50,100,East Svealand,101,1.65-era: seen in this zone by CapnBry
Flambon,Stable Master,GameStableMaster,npc,1,4,1,Snowdonia,12,1.65-era: seen in this zone by CapnBry
Jakkan,Armorsmiths Master,ArmorCraftingMaster,npc,2,65,102,Stavgaard,268,unverified: no CapnBry data for this zone
Hastener,,GameHastener,npc,0,1,100,Odin's Gate,115,1.65-era: seen in this zone by CapnBry
Calder Oswald,Weapon Merchant,GameMerchant,npc,1,50,51,Isle of Glass,51,1.65-era: seen in this zone by CapnBry
Edvard Averrson,,GameNPC,npc,2,36,100,East Svealand,101,1.65-era: seen in this zone by CapnBry
Tavie,,GameNPC,npc,3,29,200,Lough Derg,200,1.65-era: seen in this zone by CapnBry
new mob,,Keeps.FrontierHastener,npc,0,1,1,Snowdonia,12,unverified: not in CapnBry for this zone
Master Eldritch,,GameGuard,guard,3,255,200,Valley of Bri Leith,206,1.65-era: seen by CapnBry (another zone)
Sygwyn,Tailors Master,TailoringMaster,npc,3,65,202,Aberillan,225,unverified: no CapnBry data for this zone
Sentinel Balta,,GameGuard,guard,3,60,181,Caillte Garran,182,"likely period: listed in this zone by Illia's bestiary (2001-2010 data, may include later NPCs)"
Angharad Spellsinger,,GameNPC,npc,1,49,51,Aldland,56,"likely period: listed in this zone by Illia's bestiary (2001-2010 data, may include later NPCs)"
Signy,Weapon Merchant,GameMerchant,npc,2,50,101,Jordheim,120,1.65-era: seen in this zone by CapnBry
horse,,GameNPC,npc,1,55,1,Campacorentin Forest,8,1.65-era: seen in this zone by CapnBry
Scryer Idora,,GameNPC,npc,2,50,100,Vale of Mularn,100,likely period: listed by Illia's bestiary in another zone
Hamon Sallitt,,GameNPC,npc,1,1,10,City of Camelot,26,1.65-era: seen in this zone by CapnBry
Armswoman,,Keeps.GuardFighter,guard,1,52,1,Pennine Mountains,14,1.65-era: seen by CapnBry (another zone)
Yvon,Shield Merchant,GameMerchant,npc,3,35,200,Cliffs of Moher,203,"likely period: listed in this zone by Illia's bestiary (2001-2010 data, may include later NPCs)"
swarm of flies,,GameNPC,npc,3,0,201,Tir na Nog,209,likely period: listed by Illia's bestiary in another zone
William Oswy,Weapon Merchant,GameMerchant,npc,1,9,1,Avalon Marsh,9,"likely period: listed in this zone by Illia's bestiary (2001-2010 data, may include later NPCs)"
Rennia,Ranger Trainer,Trainer.RangerTrainer,npc,3,50,181,Vigilant Rock,186,unverified: no CapnBry data for this zone
Whiltierna,Merchant,GameMerchant,npc,3,50,200,Lough Gur,204,"likely period: listed in this zone by Illia's bestiary (2001-2010 data, may include later NPCs)"
Nydiawin,Alchemists Master,GameNPC,npc,2,65,102,Frisia,121,unverified: no CapnBry data for this zone
giant skeleton,,NightSpawn,npc,0,27,1,Snowdonia,12,1.65-era: seen by CapnBry (another zone)
Omolf Thorrison,Stable Master,GameStableMaster,npc,2,41,151,Aegir's Landing,151,1.65-era: seen in this zone by CapnBry
aleax of Midgard,,GameGuard,guard,2,255,249,Darkness Falls,249,"likely period: listed in this zone by Illia's bestiary (2001-2010 data, may include later NPCs)"
Obelisk of Draining,,GameNPC,npc,0,99,69,Albion's Darkspire,69,unverified: no CapnBry data for this zone
teleport spell effect,,GameNPC,npc,1,0,2,Caerwent,13,unverified: not in CapnBry for this zone
teleport spell effect,,GameNPC,npc,1,0,202,Meath,213,unverified: no CapnBry data for this zone
teleport spell effect,,GameNPC,npc,1,0,102,Erikstaad,114,unverified: not in CapnBry for this zone
ambient pixie,,GameNPC,npc,3,1,201,Tir na Nog,209,unverified: not in CapnBry for this zone
Vomdall,Vault Banker,GameNPC,npc,2,50,102,Holmestrand,266,unverified: no CapnBry data for this zone
Moirela,Vault Banker,GameNPC,npc,3,50,202,Moycullen,273,unverified: no CapnBry data for this zone
Gnup,,GameNPC,npc,2,37,100,Vale of Mularn,100,1.65-era: seen in this zone by CapnBry
Knight Commander,,GameNPC,npc,1,255,100,Odin's Gate,115,1.65-era: seen in this zone by CapnBry
"Beria, apprentice smith",,GameNPC,npc,1,7,1,Salisbury Plains,1,"likely period: listed in this zone by Illia's bestiary (2001-2010 data, may include later NPCs)"
Hastener,,GameHastener,npc,0,1,1,Hadrian's Wall,15,1.65-era: seen in this zone by CapnBry
Bayavlo,Alchemists Master,GameNPC,npc,2,65,102,Stavgaard,268,unverified: no CapnBry data for this zone
Wiceit,Poison Merchant,GameMerchant,npc,1,50,1,Avalon Marsh,9,"likely period: listed in this zone by Illia's bestiary (2001-2010 data, may include later NPCs)"
Snarrf,,GameNPC,npc,2,5,100,East Svealand,101,likely period: listed by Illia's bestiary in another zone
Piper,Hastener,GameHastener,npc,1,30,2,Dalton,18,1.65-era: seen by CapnBry (another zone)
Master of Runes,,GameGuard,guard,2,255,1,Hadrian's Wall,15,1.65-era: seen in this zone by CapnBry
Yann,Weapon Merchant,GameMerchant,npc,3,50,200,Shannon Estuary,202,"likely period: listed in this zone by Illia's bestiary (2001-2010 data, may include later NPCs)"
Aelerogh,Stable Master,GameStableMaster,npc,3,50,200,Shannon Estuary,202,"likely period: listed in this zone by Illia's bestiary (2001-2010 data, may include later NPCs)"
Master of Runes,,GameNPC,npc,2,255,100,Uppland,111,1.65-era: seen in this zone by CapnBry
zombie sow,,NightSpawn,npc,0,4,1,Camelot Hills,0,1.65-era: seen in this zone by CapnBry
Market Explorer,,MarketExplorer,npc,1,50,2,Old Sarum,16,"Atlas / later: Market Explorer (housing consignment search, post-1.65 / Atlas)"
Asharin,Weapon Merchant,GameMerchant,npc,1,36,10,City of Camelot,26,unverified: not in CapnBry for this zone
Master Elementalist,,Scripts.OFAssistant,npc,1,100,1,Forest Sauvage,11,Atlas / later: Atlas frontier medallion assistant
Brody,Armor Merchant,GameMerchant,npc,3,38,200,Lough Derg,200,1.65-era: seen in this zone by CapnBry
Blayne,Arrow Merchant,GameMerchant,npc,3,40,200,Silvermine Mts.,201,1.65-era: seen in this zone by CapnBry
Prulgar,Stable Master,GameStableMaster,npc,2,41,100,West Svealand,102,1.65-era: seen in this zone by CapnBry
mist wraith,,NightSpawn,npc,0,27,200,Cruachan Gorge,211,"likely period: listed in this zone by Illia's bestiary (2001-2010 data, may include later NPCs)"
ghostly siabra,,NightSpawn,npc,0,12,200,Connacht,207,1.65-era: seen in this zone by CapnBry
Vyng,Vault Banker,GameNPC,npc,2,50,102,Frisia,121,unverified: no CapnBry data for this zone
Guardian,,Keeps.GuardFighter,guard,3,52,200,Breifine,212,1.65-era: seen in this zone by CapnBry
Huscarl,Malafinja,Keeps.GuardFighter,guard,2,56,200,Mount Collory,210,1.65-era: seen by CapnBry (another zone)
Pavla,Thane Trainer,Trainer.ThaneTrainer,npc,2,52,151,Aegir's Landing,151,1.65-era: seen in this zone by CapnBry
Sentry,,GameGuard,guard,2,50,101,Jordheim,120,1.65-era: seen in this zone by CapnBry
horse,,GameNPC,npc,3,55,202,Tullamore,272,1.65-era: seen by CapnBry (another zone)
Mystaia,,GameNPC,npc,3,50,200,Lough Derg,200,"likely period: listed in this zone by Illia's bestiary (2001-2010 data, may include later NPCs)"
Ailson,Merchant,GameBountyMerchant,npc,3,35,201,Tir na Nog,209,1.65-era: seen in this zone by CapnBry
Katrena Lettson,,GameNPC,npc,2,50,151,Munin Sound,155,1.65-era: seen in this zone by CapnBry
Brormiir,Vault Banker,GameNPC,npc,2,50,102,Holmestrand,266,unverified: no CapnBry data for this zone
Bard Daylin,,GameHastener,npc,3,50,201,Tir na Nog,209,"likely period: listed in this zone by Illia's bestiary (2001-2010 data, may include later NPCs)"
Master Guardian,,GameGuard,guard,3,255,1,Hadrian's Wall,15,unverified: not in CapnBry for this zone
Lora Theomund,Armor Merchant,GameMerchant,npc,1,1,10,City of Camelot,26,1.65-era: seen in this zone by CapnBry
Bard,,GameHastener,npc,3,50,201,Tir na Nog,209,1.65-era: seen in this zone by CapnBry
Viking Huscarl,,GameGuard,guard,2,255,200,Emain Macha,214,1.65-era: seen in this zone by CapnBry
ambient pixie,,GameNPC,npc,3,1,200,Lough Derg,200,unverified: not in CapnBry for this zone
Baldhere,Merchant,GameMerchant,npc,2,50,151,Munin Sound,155,1.65-era: seen in this zone by CapnBry
Viking Huscarl,,GameNPC,npc,2,255,100,Yggdra Forest,112,1.65-era: seen in this zone by CapnBry
Master Eldritch,,GameGuard,guard,3,255,100,Odin's Gate,115,1.65-era: seen by CapnBry (another zone)
Thord,Dye Merchant,GameMerchant,npc,2,20,100,East Svealand,101,1.65-era: seen in this zone by CapnBry
Tavie,Armor Merchant,GameMerchant,npc,3,35,200,Cliffs of Moher,203,1.65-era: seen by CapnBry (another zone)
Zoe,,GameNPC,npc,3,50,181,Caillte Garran,182,"likely period: listed in this zone by Illia's bestiary (2001-2010 data, may include later NPCs)"
Ainsley Fletcher,Arrow Merchant,GameMerchant,npc,1,15,1,Salisbury Plains,1,1.65-era: seen in this zone by CapnBry
Ffhionbarr,Guild Emblemeer,EmblemNPC,npc,3,52,201,Tir na Nog,209,1.65-era: seen in this zone by CapnBry
Sentinel,,GameGuard,guard,3,50,201,Tir na Nog,209,1.65-era: seen in this zone by CapnBry
Yrling,Weapon Merchant,GameMerchant,npc,2,50,151,Aegir's Landing,151,1.65-era: seen in this zone by CapnBry
Bolli,,GameNPC,npc,2,30,100,Vale of Mularn,100,1.65-era: seen in this zone by CapnBry
Tozur,Armor Merchant,GameMerchant,npc,2,41,100,East Svealand,101,1.65-era: seen in this zone by CapnBry
Armswoman Commander,,Keeps.GuardCommander,guard,1,52,1,Pennine Mountains,14,unverified: not in CapnBry for this zone
Guardian,,GameNPC,npc,3,48,200,Valley of Bri Leith,206,1.65-era: seen by CapnBry (another zone)
Isreb,,GameNPC,npc,2,20,151,Gripklosa Mountains,152,1.65-era: seen in this zone by CapnBry
Odeneinn,Armorsmiths Master,ArmorCraftingMaster,npc,2,71,102,Nittedal,267,unverified: no CapnBry data for this zone
Viking Huscarl,,GameGuard,guard,2,255,100,West Svealand,102,1.65-era: seen in this zone by CapnBry
skeletal oarsman,,NightSpawn,npc,0,5,100,Gotar,103,1.65-era: seen in this zone by CapnBry
horse,,GameNPC,npc,1,55,1,Camelot Hills,0,1.65-era: seen by CapnBry (another zone)
Lonrah,Smith,Blacksmith,npc,3,35,165,Cathal Valley,165,likely period: listed by Illia's bestiary in another zone
Viking Huscarl,,GameGuard,guard,2,255,100,Uppland,111,1.65-era: seen in this zone by CapnBry
Epin Lenut,Armor Merchant,GameMerchant,npc,1,40,1,Campacorentin Forest,8,unverified: not in CapnBry for this zone
Onyg,Poison Merchant,GameMerchant,npc,1,8,1,Forest Sauvage,11,1.65-era: seen in this zone by CapnBry
Vuloch,Stable Master,GameStableMaster,npc,1,4,1,Camelot Hills,0,1.65-era: seen in this zone by CapnBry
Master of Runes,,GameGuard,guard,2,255,1,Hadrian's Wall,15,1.65-era: seen in this zone by CapnBry
Master Ranger,,GameGuard,guard,3,255,165,Cathal Valley,165,1.65-era: seen by CapnBry (another zone)
Master Ranger,,GameGuard,guard,3,255,200,Connacht,207,1.65-era: seen in this zone by CapnBry
Sephere Lade,,GameNPC,npc,1,1,10,City of Camelot,26,1.65-era: seen in this zone by CapnBry
Saldra,Weapon Merchant,GameMerchant,npc,3,50,181,Vale of Balor,183,"likely period: listed in this zone by Illia's bestiary (2001-2010 data, may include later NPCs)"
Master Wizard,,GameNPC,npc,1,255,200,Emain Macha,214,1.65-era: seen in this zone by CapnBry
Ardghal Corcoran,,GameNPC,npc,3,27,200,Lough Derg,200,1.65-era: seen in this zone by CapnBry
Lyrist,Hastener,GameHastener,npc,3,32,202,Broughshane,274,unverified: no CapnBry data for this zone
Champion,,GameGuard,guard,3,255,234,The Proving Grounds,234,1.65-era: seen by CapnBry (another zone)
ambient pixie,,GameNPC,npc,3,1,200,Silvermine Mts.,201,unverified: not in CapnBry for this zone
Gaellan,Vault Banker,GameNPC,npc,1,50,2,Sherborne,261,unverified: no CapnBry data for this zone
Master Traoyr,Wizard Trainer,Trainer.WizardTrainer,npc,1,50,1,Avalon Marsh,9,"likely period: listed in this zone by Illia's bestiary (2001-2010 data, may include later NPCs)"
Kredril,,GameNPC,npc,3,50,181,Caillte Garran,182,"likely period: listed in this zone by Illia's bestiary (2001-2010 data, may include later NPCs)"
wind ghoul,,NightSpawn,npc,0,7,200,Connacht,207,1.65-era: seen in this zone by CapnBry
Lieutenant Meurig,,GameNPC,npc,1,50,51,Isle of Glass,51,"likely period: listed in this zone by Illia's bestiary (2001-2010 data, may include later NPCs)"
Apprentice Stewart,,AlbionSITeleporter,npc,1,50,51,Aldland,56,unverified: no CapnBry data for this zone
Local Bard,Hastener,GameHastener,npc,3,50,181,Caillte Garran,182,1.65-era: seen by CapnBry (another zone)
Viking Huscarl,,GameGuard,guard,2,255,1,Hadrian's Wall,15,1.65-era: seen in this zone by CapnBry
Master Armsman,,GameGuard,guard,1,255,165,Cathal Valley,165,unverified: no CapnBry data for this zone
Trohad,,GameNPC,npc,1,30,2,Old Sarum,16,unverified: no CapnBry data for this zone
ambient rat,,GameNPC,npc,0,1,101,Jordheim,120,unverified: not in CapnBry for this zone
deamhan aeir,,NightSpawn,npc,0,34,200,Lough Gur,204,"likely period: listed in this zone by Illia's bestiary (2001-2010 data, may include later NPCs)"
Local Minstrel,Hastener,GameHastener,npc,1,1,1,Black Mtns. North,3,unverified: not in CapnBry for this zone
Aulif,Armor Merchant,GameMerchant,npc,3,35,201,Tir na Nog,209,1.65-era: seen in this zone by CapnBry
Arnlaug,Dye Merchant,GameMerchant,npc,2,20,100,West Svealand,102,1.65-era: seen in this zone by CapnBry
Shallah,,GameNPC,npc,1,13,10,City of Camelot,26,unverified: not in CapnBry for this zone
Aradith,Weaponsmiths Master,WeaponCraftingMaster,npc,1,65,2,Dalton,18,unverified: no CapnBry data for this zone
Belini,Weaponsmiths Master,WeaponCraftingMaster,npc,2,65,102,Erikstaad,114,unverified: not in CapnBry for this zone
Troll Archer,,GameGuard,guard,2,255,100,Uppland,111,1.65-era: seen in this zone by CapnBry
innocent,,GameNPC,npc,3,39,276,Marfach Cavern,276,1.65-era: seen by CapnBry (another zone)
Giorny,Account Vault Keeper,AccountVaultKeeper,npc,3,75,201,Tir na Nog,209,Atlas / later: Account vault keeper (post-1.65 live feature)
Viking Huscarl,,GameGuard,guard,2,255,100,Uppland,111,1.65-era: seen in this zone by CapnBry
Midgard Decorator,Merchant,GameMerchant,npc,2,40,102,Arothi,117,unverified: no CapnBry data for this zone
Braddan,Stable Master,GameStableMaster,npc,3,50,202,Torrylin,217,unverified: no CapnBry data for this zone
Ither,Crossbow Merchant,GameMerchant,npc,1,30,1,Black Mtns. North,3,"likely period: listed in this zone by Illia's bestiary (2001-2010 data, may include later NPCs)"
Guardian,,Keeps.GuardFighter,guard,3,52,200,Breifine,212,1.65-era: seen in this zone by CapnBry
mist wraith,,NightSpawn,npc,0,28,200,Cruachan Gorge,211,"likely period: listed in this zone by Illia's bestiary (2001-2010 data, may include later NPCs)"
Gonnovanni,Armorsmiths Master,ArmorCraftingMaster,npc,3,65,202,Broughshane,274,unverified: no CapnBry data for this zone
Carl,Weapon Merchant,GameMerchant,npc,2,20,100,Gotar,103,1.65-era: seen in this zone by CapnBry
Gremain Watford,,GameNPC,npc,1,51,10,City of Camelot,26,1.65-era: seen in this zone by CapnBry
Master of Runes,,GameNPC,npc,2,255,100,Uppland,111,1.65-era: seen in this zone by CapnBry
Gythja of Bragi,,GameNPC,npc,2,50,101,Jordheim,120,1.65-era: seen in this zone by CapnBry
Filidh Mairtin,,GameNPC,npc,3,35,200,Shannon Estuary,202,1.65-era: seen in this zone by CapnBry
Yirbryn,,GameNPC,npc,3,60,202,Dunshire,215,unverified: no CapnBry data for this zone
Tor,,GameNPC,npc,2,50,151,Munin Sound,155,1.65-era: seen in this zone by CapnBry
innocent,,GameNPC,npc,2,36,246,Dodens Gruva,246,1.65-era: seen in this zone by CapnBry
Pedrith Edyn,Weapon Merchant,GameMerchant,npc,1,17,10,City of Camelot,26,1.65-era: seen in this zone by CapnBry
swarm of flies,,GameNPC,npc,3,0,201,Tir na Nog,209,likely period: listed by Illia's bestiary in another zone
Noad,Weapon Merchant,GameMerchant,npc,3,50,181,Caillte Garran,182,"likely period: listed in this zone by Illia's bestiary (2001-2010 data, may include later NPCs)"
Alchemist apprentice,Merchant,GameMerchant,npc,3,50,202,Broughshane,274,unverified: no CapnBry data for this zone
Legiodoc,Vault Banker,GameNPC,npc,1,52,2,Sherborne,261,unverified: no CapnBry data for this zone
Elvinia Dareal,,GameNPC,npc,1,50,1,Avalon Marsh,9,"likely period: listed in this zone by Illia's bestiary (2001-2010 data, may include later NPCs)"
Master Wizard,,GameNPC,npc,1,255,1,Snowdonia,12,1.65-era: seen in this zone by CapnBry
Mairsil,Alchemists Master,AlchemistsMaster,npc,3,70,181,Domnann,181,unverified: no CapnBry data for this zone
Caoimhe,Naturalist Trainer,Trainer.NaturalistTrainer,npc,3,40,200,Connacht,207,1.65-era: seen in this zone by CapnBry
Sentinel,,GameGuard,guard,3,52,200,Silvermine Mts.,201,1.65-era: seen in this zone by CapnBry
horse,,GameNPC,npc,3,55,200,Connacht,207,1.65-era: seen by CapnBry (another zone)
Kado,Armor Merchant,GameMerchant,npc,3,35,201,Tir na Nog,209,1.65-era: seen in this zone by CapnBry
faerie frog,,DaySpawn,npc,0,30,1,Snowdonia,12,"likely period: listed in this zone by Illia's bestiary (2001-2010 data, may include later NPCs)"
Chieftess Guard Tyyne,,GameNPC,npc,2,65,151,Aegir's Landing,151,1.65-era: seen in this zone by CapnBry
Breeda,Naturalist Trainer,Trainer.NaturalistTrainer,npc,3,40,200,Lough Derg,200,1.65-era: seen in this zone by CapnBry
Olvryn Wynford,Smith,Blacksmith,npc,1,30,1,Llyn Barfog,7,"likely period: listed in this zone by Illia's bestiary (2001-2010 data, may include later NPCs)"
Magus Dimos,Cabalist Trainer,Trainer.CabalistTrainer,npc,1,50,1,Avalon Marsh,9,1.65-era: seen in this zone by CapnBry
faerie frog,,DaySpawn,npc,0,29,1,Snowdonia,12,"likely period: listed in this zone by Illia's bestiary (2001-2010 data, may include later NPCs)"
Knight Commander,,GameNPC,npc,1,255,1,Snowdonia,12,"likely period: listed in this zone by Illia's bestiary (2001-2010 data, may include later NPCs)"
Jarnsaxa,Merchant,GameMerchant,npc,2,50,151,Munin Sound,155,1.65-era: seen in this zone by CapnBry
Hylia,Necromancer Trainer,Trainer.NecromancerTrainer,npc,1,50,51,Dales of Devwy,53,"likely period: listed in this zone by Illia's bestiary (2001-2010 data, may include later NPCs)"
Guardian,,Keeps.GuardFighter,guard,3,52,200,Breifine,212,1.65-era: seen in this zone by CapnBry
Dana,Arrow Merchant,GameMerchant,npc,2,50,100,West Svealand,102,1.65-era: seen in this zone by CapnBry
Marie,Shield Merchant,GameMerchant,npc,2,50,100,Vale of Mularn,100,1.65-era: seen in this zone by CapnBry
Dyemaster Esme,Dye Merchant,GameMerchant,npc,1,15,1,Campacorentin Forest,8,1.65-era: seen in this zone by CapnBry
innocent,,GameNPC,npc,1,38,277,Hall of the Corrupt,277,"likely period: listed in this zone by Illia's bestiary (2001-2010 data, may include later NPCs)"
Venlan,Shaman Trainer,Trainer.ShamanTrainer,npc,2,60,151,Faraheim,154,1.65-era: seen in this zone by CapnBry
Elyn Badam,,GameNPC,npc,1,50,51,Avalon Isle,52,1.65-era: seen in this zone by CapnBry
Rat-catcher,,GameNPC,npc,3,27,200,Lough Gur,204,"likely period: listed in this zone by Illia's bestiary (2001-2010 data, may include later NPCs)"
Rolney,,GameNPC,npc,3,50,200,Lough Derg,200,1.65-era: seen in this zone by CapnBry
Sentinel,,GameGuard,guard,3,51,201,Tir na Nog,209,1.65-era: seen in this zone by CapnBry
Andrya Wyman,Weapon Merchant,GameMerchant,npc,1,9,1,Black Mtns. South,2,1.65-era: seen in this zone by CapnBry
Murchadh,Merchant,GameMerchant,npc,3,35,200,Bog of Cullen,205,unverified: no CapnBry data for this zone
Viking Huscarl,,GameGuard,guard,2,255,100,Uppland,111,1.65-era: seen in this zone by CapnBry
Old Hermit,,GameNPC,npc,3,50,200,Valley of Bri Leith,206,"likely period: listed in this zone by Illia's bestiary (2001-2010 data, may include later NPCs)"
Haili,,GameNPC,npc,2,50,101,Jordheim,120,1.65-era: seen in this zone by CapnBry
Kekov,,GameNPC,npc,2,50,151,Faraheim,154,1.65-era: seen in this zone by CapnBry
Ranger,,Keeps.GuardArcher,guard,3,52,200,Breifine,212,1.65-era: seen in this zone by CapnBry
Sentinel,,GameGuard,guard,3,45,200,Cliffs of Moher,203,1.65-era: seen by CapnBry (another zone)
Brother Esras,,GameNPC,npc,3,35,200,Cliffs of Moher,203,"likely period: listed in this zone by Illia's bestiary (2001-2010 data, may include later NPCs)"
swarm of flies,,GameNPC,npc,2,0,101,Jordheim,120,likely period: listed by Illia's bestiary in another zone
Dissa,Viking Trainer,Trainer.VikingTrainer,npc,2,40,100,Gotar,103,1.65-era: seen in this zone by CapnBry
Viking Huscarl,,GameGuard,guard,2,255,165,Cathal Valley,165,1.65-era: seen by CapnBry (another zone)
Ermid,Armor Merchant,GameMerchant,npc,3,36,201,Tir na Nog,209,1.65-era: seen in this zone by CapnBry
Ruloia,Dye Merchant,GameMerchant,npc,2,20,100,West Svealand,102,1.65-era: seen in this zone by CapnBry
Commander Burcrif,,GameNPC,npc,1,50,1,Black Mtns. South,2,1.65-era: seen in this zone by CapnBry
Huscarl,,Keeps.GuardFighter,guard,2,37,165,Cathal Valley,165,1.65-era: seen by CapnBry (another zone)
Father Turnis,Cleric Trainer,Trainer.ClericTrainer,npc,1,40,1,Black Mtns. North,3,1.65-era: seen in this zone by CapnBry
Master Guardian,,GameGuard,guard,3,255,100,Odin's Gate,115,unverified: not in CapnBry for this zone
Ned Twarley,Healer,GameHealer,npc,1,41,51,Avalon Isle,52,1.65-era: seen in this zone by CapnBry
Timothy Hatchett,Poison Merchant,GameMerchant,npc,1,46,51,Isle of Glass,51,"likely period: listed in this zone by Illia's bestiary (2001-2010 data, may include later NPCs)"
Lyrist,Hastener,GameHastener,npc,3,30,202,Kilcullen,218,unverified: no CapnBry data for this zone
Viking Archer,,GameGuard,guard,2,95,100,West Svealand,102,1.65-era: seen in this zone by CapnBry
ambient pixie,,GameNPC,npc,3,1,200,Silvermine Mts.,201,unverified: not in CapnBry for this zone
horse,,GameNPC,npc,2,55,100,Uppland,111,1.65-era: seen in this zone by CapnBry
Svewn,Poison Merchant,GameMerchant,npc,2,50,100,Uppland,111,1.65-era: seen in this zone by CapnBry
energy mass,,GameNPC,npc,0,50,244,Passage of Conflict,244,1.65-era: seen in this zone by CapnBry
Saaliha Adille,Recharger,Recharger,npc,1,50,51,Aldland,56,Atlas / later: Atlas charge recharger
Morgint,Vault Banker,GameNPC,npc,1,51,2,Brisworthy,20,unverified: no CapnBry data for this zone
Huntsman,,GameNPC,npc,1,30,1,Campacorentin Forest,8,1.65-era: seen in this zone by CapnBry
Halldis,Enchanter,Enchanter,npc,2,20,100,Myrkwood Forest,105,"likely period: listed in this zone by Illia's bestiary (2001-2010 data, may include later NPCs)"
Zarassa,Weapon Merchant,GameMerchant,npc,0,66,51,Gwyddneau,55,likely period: listed by Illia's bestiary in another zone
Bouncer Corwin,,GameNPC,npc,1,51,1,Black Mtns. South,2,1.65-era: seen in this zone by CapnBry
Magess Bahija,Cabalist Trainer,Trainer.CabalistTrainer,npc,1,50,51,Dales of Devwy,53,"likely period: listed in this zone by Illia's bestiary (2001-2010 data, may include later NPCs)"
Riraria,Fletchers Master,GameNPC,npc,1,69,2,Caerwent,13,unverified: not in CapnBry for this zone
Dyemaster Breanna,Dye Merchant,GameMerchant,npc,1,50,51,Aldland,56,"likely period: listed in this zone by Illia's bestiary (2001-2010 data, may include later NPCs)"
Viking Huscarl,,GameGuard,guard,2,255,100,Yggdra Forest,112,1.65-era: seen in this zone by CapnBry
Meran Fletcher,Arrow Merchant,GameMerchant,npc,1,15,1,Camelot Hills,0,1.65-era: seen in this zone by CapnBry
Yojo,Diamond Armor Merchant,GameDiamondSealsMerchant,npc,3,36,249,Darkness Falls,249,"Atlas / later: Seals merchant (Darkness Rising era, used by Atlas)"
Ranger,,Keeps.GuardArcher,guard,3,57,200,Cruachan Gorge,211,1.65-era: seen by CapnBry (another zone)
Itesta,Healer Trainer,Trainer.HealerTrainer,npc,2,50,100,Myrkwood Forest,105,"likely period: listed in this zone by Illia's bestiary (2001-2010 data, may include later NPCs)"
Hibernia Magicals,Item Merchant,GameMerchant,npc,3,50,201,Tir na Nog,209,unverified: not in CapnBry for this zone
Fidelma Breen,,GameNPC,npc,3,40,201,Tir na Nog,209,1.65-era: seen in this zone by CapnBry
Filidh Carra,,GameNPC,npc,3,50,181,Domnann,181,unverified: no CapnBry data for this zone
Anthy Holly,Merchant,GameMerchant,npc,2,47,101,Jordheim,120,unverified: not in CapnBry for this zone
Magus Aldred,Mage Trainer,Trainer.MageTrainer,npc,1,1,1,Black Mtns. South,2,1.65-era: seen in this zone by CapnBry
Thetus,Runemaster Trainer,Trainer.RunemasterTrainer,npc,2,43,100,Gotar,103,1.65-era: seen in this zone by CapnBry
ambient pixie,,GameNPC,npc,3,1,200,Lough Derg,200,unverified: not in CapnBry for this zone
Yaren,Stable Master,GameStableMaster,npc,1,50,1,Black Mtns. South,2,1.65-era: seen in this zone by CapnBry
Sentinel,,GameGuard,guard,3,44,200,Silvermine Mts.,201,1.65-era: seen in this zone by CapnBry
Father Vernon,Cleric Trainer,Trainer.ClericTrainer,npc,1,50,51,Aldland,56,"likely period: listed in this zone by Illia's bestiary (2001-2010 data, may include later NPCs)"
Gellown,Vault Banker,GameNPC,npc,1,50,2,Stoneleigh,262,unverified: no CapnBry data for this zone
Mordred,Lord Of Battle,LordOfBattle,npc,0,75,73,Typhon's Reach,84,likely period: listed by Illia's bestiary in another zone
Jassy,Poison Merchant,GameMerchant,npc,2,50,151,Faraheim,154,1.65-era: seen in this zone by CapnBry
Helja,Poison Merchant,GameMerchant,npc,2,53,100,Gotar,103,1.65-era: seen in this zone by CapnBry
Sister Evangeline,Friar Trainer,Trainer.FriarTrainer,npc,1,50,51,Isle of Glass,51,1.65-era: seen in this zone by CapnBry
Champion,,GameGuard,guard,3,255,200,Mount Collory,210,1.65-era: seen by CapnBry (another zone)
Naddod,Hunter Trainer,Trainer.HunterTrainer,npc,2,50,151,Gripklosa Mountains,152,1.65-era: seen in this zone by CapnBry
swarm of flies,,GameNPC,npc,3,0,201,Tir na Nog,209,likely period: listed by Illia's bestiary in another zone
Master Elementalist,,Scripts.OFAssistant,npc,1,100,200,Emain Macha,214,Atlas / later: Atlas frontier medallion assistant
Kelin,Stable Master,GameStableMaster,npc,1,50,1,Llyn Barfog,7,"likely period: listed in this zone by Illia's bestiary (2001-2010 data, may include later NPCs)"
Master Ranger,,GameGuard,guard,3,255,165,Cathal Valley,165,1.65-era: seen by CapnBry (another zone)
Viking Huscarl,,GameGuard,guard,2,255,1,Hadrian's Wall,15,1.65-era: seen in this zone by CapnBry
Callaghan,Effect Master,EffectNPC,npc,3,50,165,Cathal Valley,165,Atlas / later: Atlas cosmetic effect vendor
Piper,Hastener,GameHastener,npc,1,30,2,Caerwent,13,1.65-era: seen in this zone by CapnBry
Carumor,,GameNPC,npc,1,30,2,Aylesbury,64,unverified: no CapnBry data for this zone
Huscarl,,Keeps.GuardFighter,guard,2,52,100,Uppland,111,1.65-era: seen by CapnBry (another zone)
Heather Barclay,,GameNPC,npc,1,41,1,Black Mtns. North,3,"likely period: listed in this zone by Illia's bestiary (2001-2010 data, may include later NPCs)"
Tercyn,Fletchers Master,FletchingMaster,npc,3,65,202,Tullamore,272,unverified: no CapnBry data for this zone
Armswoman,,Keeps.GuardFighter,guard,1,52,1,Snowdonia,12,1.65-era: seen by CapnBry (another zone)
Master Ranger,,GameGuard,guard,3,255,234,The Proving Grounds,234,1.65-era: seen by CapnBry (another zone)
Lulach,Weapon Merchant,GameMerchant,npc,3,40,201,Tir na Nog,209,1.65-era: seen in this zone by CapnBry
Dyemaster Carye,Dye Merchant,GameMerchant,npc,1,15,1,Avalon Marsh,9,"likely period: listed in this zone by Illia's bestiary (2001-2010 data, may include later NPCs)"
Champion,,GameGuard,guard,3,255,200,Mount Collory,210,1.65-era: seen by CapnBry (another zone)
Faye,Arrow Merchant,GameMerchant,npc,3,50,200,Lough Gur,204,"likely period: listed in this zone by Illia's bestiary (2001-2010 data, may include later NPCs)"
Trealine,,GameNPC,npc,2,50,151,Aegir's Landing,151,1.65-era: seen in this zone by CapnBry
Buri,Stable Master,GameStableMaster,npc,2,50,102,Arothi,117,unverified: no CapnBry data for this zone
Kiam,Smith,Blacksmith,npc,3,35,201,Tir na Nog,209,1.65-era: seen in this zone by CapnBry
ambient pixie,,GameNPC,npc,3,1,201,Tir na Nog,209,unverified: not in CapnBry for this zone
Master Elementalist,,Scripts.OFAssistant,npc,3,100,100,Odin's Gate,115,Atlas / later: Atlas frontier medallion assistant
Idonna,Vault Keeper,GameVaultKeeper,npc,2,50,102,Holmestrand,266,likely period: listed by Illia's bestiary in another zone
Armswoman,,Keeps.GuardFighter,guard,1,52,1,Pennine Mountains,14,1.65-era: seen by CapnBry (another zone)
ghastly siabra,,NightSpawn,npc,0,14,200,Lough Derg,200,1.65-era: seen in this zone by CapnBry
Viking Huscarl,,GameGuard,guard,2,255,200,Emain Macha,214,1.65-era: seen in this zone by CapnBry
Virge,,GameNPC,npc,2,34,100,West Svealand,102,1.65-era: seen in this zone by CapnBry
Drumnail,Weapon Merchant,GameMerchant,npc,3,40,201,Tir na Nog,209,1.65-era: seen in this zone by CapnBry
Jaakko,Savage Trainer,Trainer.SavageTrainer,npc,2,50,101,Jordheim,120,1.65-era: seen in this zone by CapnBry
Apprentice Taxidermist,,GameNPC,npc,1,35,2,Old Sarum,16,unverified: no CapnBry data for this zone
Master Wizard,,GameGuard,guard,1,255,1,Snowdonia,12,1.65-era: seen in this zone by CapnBry
Lady Lurlei,,GameNPC,npc,1,89,51,Isle of Glass,51,1.65-era: seen in this zone by CapnBry
Masrim,,GameNPC,npc,2,40,100,Gotar,103,1.65-era: seen in this zone by CapnBry
Mowell,Vault Banker,GameNPC,npc,1,50,2,Stoneleigh,262,unverified: no CapnBry data for this zone
svartalf merchant,Weapon Merchant,GameMerchant,npc,2,18,100,Gotar,103,1.65-era: seen in this zone by CapnBry
Master Ranger,,GameGuard,guard,3,255,200,Valley of Bri Leith,206,1.65-era: seen by CapnBry (another zone)
Guardian,,Keeps.GuardFighter,guard,3,52,200,Breifine,212,1.65-era: seen in this zone by CapnBry
Champion,,GameGuard,guard,3,255,200,Connacht,207,1.65-era: seen by CapnBry (another zone)
Velaug,Vault Banker,GameNPC,npc,2,53,102,Carlingford,118,unverified: no CapnBry data for this zone
Kiara,Weapon Merchant,GameMerchant,npc,3,35,200,Shannon Estuary,202,1.65-era: seen in this zone by CapnBry
Aghna,Weapon Merchant,GameMerchant,npc,3,35,201,Tir na Nog,209,1.65-era: seen in this zone by CapnBry
Knight Commander,,GameNPC,npc,1,255,1,Forest Sauvage,11,1.65-era: seen in this zone by CapnBry
Champion,,GameGuard,guard,3,255,235,The Lions Den,235,1.65-era: seen by CapnBry (another zone)
a horse,,GameNPC,npc,2,1,101,Jordheim,120,unverified: not in CapnBry for this zone
Cinnie,Merchant,GameMerchant,npc,3,35,201,Tir na Nog,209,1.65-era: seen in this zone by CapnBry
Master of Runes,,GameGuard,guard,2,255,200,Emain Macha,214,1.65-era: seen in this zone by CapnBry
Viking Dreng,,GameGuard,guard,2,22,100,East Svealand,101,1.65-era: seen in this zone by CapnBry
Viking Archer,,GameGuard,guard,2,255,165,Cathal Valley,165,1.65-era: seen by CapnBry (another zone)
Hastener,,GameHastener,npc,0,1,200,Mount Collory,210,1.65-era: seen in this zone by CapnBry
Woodsman,,GameGuard,guard,1,19,1,Salisbury Plains,1,1.65-era: seen in this zone by CapnBry
faerie frog,,DaySpawn,npc,0,30,1,Snowdonia,12,"likely period: listed in this zone by Illia's bestiary (2001-2010 data, may include later NPCs)"
Guardian,,Keeps.GuardFighter,guard,3,52,200,Breifine,212,1.65-era: seen in this zone by CapnBry
Master Elementalist,,Scripts.OFAssistant,npc,1,100,1,Forest Sauvage,11,Atlas / later: Atlas frontier medallion assistant
Master Ranger,,GameGuard,guard,3,255,200,Connacht,207,1.65-era: seen in this zone by CapnBry
zombie boar,,NightSpawn,npc,0,5,1,Camelot Hills,0,1.65-era: seen in this zone by CapnBry
Intoner,Hastener,GameHastener,npc,2,30,102,Wyndham,119,1.65-era: seen by CapnBry (another zone)
Phyllis Darksky,,GameNPC,npc,1,50,1,Black Mtns. South,2,1.65-era: seen in this zone by CapnBry
Magna,Weapon Merchant,GameMerchant,npc,2,50,101,Jordheim,120,1.65-era: seen in this zone by CapnBry
Skald of Midgard,Hastener,GameHastener,npc,2,50,100,Uppland,111,likely period: listed by Illia's bestiary in another zone
wandering albions,,GameNPC,npc,1,1,1,Camelot Hills,0,unverified: not in CapnBry for this zone
Epin Lenut,Armor Merchant,GameMerchant,npc,1,1,1,Campacorentin Forest,8,unverified: not in CapnBry for this zone
Erwana,Weapon Merchant,GameMerchant,npc,3,50,200,Shannon Estuary,202,1.65-era: seen in this zone by CapnBry
Var,Runemaster Trainer,Trainer.RunemasterTrainer,npc,2,52,100,West Svealand,102,1.65-era: seen in this zone by CapnBry
Carleen,Vault Banker,GameNPC,npc,3,50,202,Torrylin,217,unverified: no CapnBry data for this zone
innocent,,GameNPC,npc,1,39,277,Hall of the Corrupt,277,"likely period: listed in this zone by Illia's bestiary (2001-2010 data, may include later NPCs)"
Chief Neasan,,GameNPC,npc,3,50,200,Silvermine Mts.,201,1.65-era: seen in this zone by CapnBry
Intoner,Hastener,GameHastener,npc,2,30,102,Stavgaard,268,1.65-era: seen by CapnBry (another zone)
Intoner,Hastener,GameHastener,npc,2,30,102,Frisia,121,1.65-era: seen by CapnBry (another zone)
horse,,GameNPC,npc,3,55,181,Domnann,181,1.65-era: seen by CapnBry (another zone)
Master Eldritch,,GameGuard,guard,3,255,234,The Proving Grounds,234,1.65-era: seen by CapnBry (another zone)
Toli,Runemaster Trainer,Trainer.RunemasterTrainer,npc,2,40,100,Myrkwood Forest,105,1.65-era: seen in this zone by CapnBry
Piper,Hastener,GameHastener,npc,1,32,2,Chiltern,260,1.65-era: seen by CapnBry (another zone)
Minstrel Lucaris,Hastener,GameHastener,npc,1,51,10,City of Camelot,26,likely period: listed by Illia's bestiary in another zone
Master Ranger,,GameGuard,guard,3,255,200,Cruachan Gorge,211,1.65-era: seen by CapnBry (another zone)
Cheniel,Vault Banker,GameNPC,npc,1,55,2,Aylesbury,64,unverified: no CapnBry data for this zone
Jostein,Vault Banker,GameNPC,npc,2,50,102,Wyndham,119,unverified: no CapnBry data for this zone
Nolaquin Tuante,Weapon Merchant,GameMerchant,npc,3,1,181,Domnann,181,"likely period: listed in this zone by Illia's bestiary (2001-2010 data, may include later NPCs)"
Viking Huscarl,,GameNPC,npc,2,50,100,West Svealand,102,1.65-era: seen in this zone by CapnBry
Gothi of Odin,,Scripts.OFAssistant,npc,2,100,200,Emain Macha,214,Atlas / later: Atlas frontier medallion assistant
ghastly siabra,,NightSpawn,npc,0,15,200,Lough Derg,200,1.65-era: seen in this zone by CapnBry
Prael,Merchant,GameMerchant,npc,1,50,2,Brisworthy,20,unverified: no CapnBry data for this zone
horse,,GameNPC,npc,3,55,200,Silvermine Mts.,201,1.65-era: seen by CapnBry (another zone)
Ranger,,Keeps.GuardArcher,guard,3,52,200,Breifine,212,1.65-era: seen in this zone by CapnBry
Aziliz,,GameNPC,npc,3,50,200,Lough Derg,200,1.65-era: seen in this zone by CapnBry
Gothi of Thor,,GameNPC,npc,2,50,101,Jordheim,120,1.65-era: seen in this zone by CapnBry
Valnir Mordeth,,ValnirMordeth,npc,0,70,51,Dales of Devwy,53,"likely period: listed in this zone by Illia's bestiary (2001-2010 data, may include later NPCs)"
Gerda,Armor Merchant,GameMerchant,npc,2,41,100,Vale of Mularn,100,1.65-era: seen in this zone by CapnBry
Longbeard,,GameNPC,npc,2,50,151,Aegir's Landing,151,1.65-era: seen in this zone by CapnBry
Yaliseav,Merchant,GameMerchant,npc,3,50,181,Domnann,181,unverified: no CapnBry data for this zone
Viking Huscarl,,GameNPC,npc,2,255,100,Yggdra Forest,112,1.65-era: seen in this zone by CapnBry
Gythja of the Juton,,GameNPC,npc,2,52,100,West Svealand,102,1.65-era: seen in this zone by CapnBry
Skald of Midgard,Hastener,GameHastener,npc,2,50,151,Faraheim,154,likely period: listed by Illia's bestiary in another zone
Lyrist,Hastener,GameHastener,npc,3,30,202,Broughshane,274,unverified: no CapnBry data for this zone
horse,,GameNPC,npc,2,55,102,Wyndham,119,1.65-era: seen by CapnBry (another zone)
Master Ranger,,GameGuard,guard,3,255,200,Cruachan Gorge,211,1.65-era: seen by CapnBry (another zone)
Zenolia,Vault Banker,GameNPC,npc,3,50,202,Moycullen,273,unverified: no CapnBry data for this zone
Keep Sentinel,,GameGuard,guard,3,90,200,Connacht,207,1.65-era: seen by CapnBry (another zone)
Tyree,Dye Merchant,GameMerchant,npc,3,45,200,Silvermine Mts.,201,1.65-era: seen in this zone by CapnBry
Driella,Instrument Merchant,GameMerchant,npc,3,50,181,Domnann,181,"likely period: listed in this zone by Illia's bestiary (2001-2010 data, may include later NPCs)"
disturbed presence,,NightSpawn,npc,0,13,1,Campacorentin Forest,8,"likely period: listed in this zone by Illia's bestiary (2001-2010 data, may include later NPCs)"
Frolder,,GameNPC,npc,2,50,102,Frisia,121,unverified: no CapnBry data for this zone
Guardian,,GameGuard,guard,3,42,200,Lough Derg,200,1.65-era: seen in this zone by CapnBry
ambient pixie,,GameNPC,npc,3,1,201,Tir na Nog,209,unverified: not in CapnBry for this zone
ambient rat,,GameNPC,npc,0,1,200,Connacht,207,unverified: not in CapnBry for this zone
Aengus Osrithe,,GameNPC,npc,3,29,200,Cliffs of Moher,203,"likely period: listed in this zone by Illia's bestiary (2001-2010 data, may include later NPCs)"
Spawn-In,,GameNPC,npc,0,70,338,Demonic Prison,338,unverified: no CapnBry data for this zone
Garon,,GameNPC,npc,2,21,100,East Svealand,101,1.65-era: seen in this zone by CapnBry
Harac,Vault Banker,GameNPC,npc,1,50,2,Caerwent,13,unverified: not in CapnBry for this zone
Intoner,Hastener,GameHastener,npc,2,30,102,Holmestrand,266,1.65-era: seen by CapnBry (another zone)
Kurs,Merchant,GameMerchant,npc,1,50,2,Aylesbury,64,unverified: no CapnBry data for this zone
Sissy,Armor Merchant,GameMerchant,npc,3,35,201,Tir na Nog,209,1.65-era: seen in this zone by CapnBry
ambient pixie,,GameNPC,npc,3,1,201,Tir na Nog,209,unverified: not in CapnBry for this zone
ambient pixie,,GameNPC,npc,3,1,201,Tir na Nog,209,unverified: not in CapnBry for this zone
Master Eldritch,,GameGuard,guard,3,255,100,Odin's Gate,115,1.65-era: seen by CapnBry (another zone)
Albion lookout,,GameNPC,npc,1,40,1,Black Mtns. South,2,1.65-era: seen in this zone by CapnBry
Asra,Arrow Merchant,GameMerchant,npc,2,50,101,Jordheim,120,1.65-era: seen in this zone by CapnBry
Ardal,Armor Merchant,GameMerchant,npc,3,35,200,Lough Derg,200,1.65-era: seen in this zone by CapnBry
Arthur,,GameNPC,npc,1,75,73,Stygian Delta,81,unverified: not in CapnBry for this zone
Viking Huscarl,,GameGuard,guard,2,255,200,Emain Macha,214,1.65-era: seen in this zone by CapnBry
Aisling,Weapon Merchant,GameMerchant,npc,3,50,200,Bog of Cullen,205,unverified: no CapnBry data for this zone
Glasny,,Scripts.OFTeleporter,npc,3,100,100,Odin's Gate,115,teleporter (not 1.65; listed separately)
Caelibien,Dye Merchant,GameMerchant,npc,3,1,181,Vigilant Rock,186,"likely period: listed in this zone by Illia's bestiary (2001-2010 data, may include later NPCs)"
Braden,,GameNPC,npc,2,50,101,Jordheim,120,1.65-era: seen in this zone by CapnBry
new mob,,Keeps.FrontierHastener,npc,0,1,252,Thidranki,252,unverified: no CapnBry data for this zone
Master of Runes,,GameGuard,guard,2,255,1,Hadrian's Wall,15,1.65-era: seen in this zone by CapnBry
ambient pixie,,GameNPC,npc,3,1,201,Tir na Nog,209,unverified: not in CapnBry for this zone
Rhenni,Stable Master,GameStableMaster,npc,3,50,202,Broughshane,274,unverified: no CapnBry data for this zone
Huscarl,,Keeps.GuardFighter,guard,2,52,100,Jamtland Mountains,113,1.65-era: seen by CapnBry (another zone)
Master of Runes,,GameNPC,npc,2,255,100,Uppland,111,1.65-era: seen in this zone by CapnBry
Rhomali,,GameNPC,npc,2,25,100,East Svealand,101,1.65-era: seen in this zone by CapnBry
Hagerty,Vault Banker,GameNPC,npc,3,50,202,Dunshire,215,unverified: no CapnBry data for this zone
Viking Huscarl,,GameGuard,guard,2,255,200,Emain Macha,214,1.65-era: seen in this zone by CapnBry
Rigda,Vault Banker,GameNPC,npc,3,50,202,Aberillan,225,unverified: no CapnBry data for this zone
Apprentice Taxidermist,,GameNPC,npc,2,35,102,Nittedal,267,unverified: no CapnBry data for this zone
Aegan,,GameNPC,npc,2,50,100,Vale of Mularn,100,1.65-era: seen in this zone by CapnBry
Master Guardian,,GameGuard,guard,3,255,100,Odin's Gate,115,unverified: not in CapnBry for this zone
Lillian Brydger,Smith,Blacksmith,npc,1,33,1,Salisbury Plains,1,1.65-era: seen in this zone by CapnBry
Chieftess Niamh,,GameNPC,npc,3,50,200,Lough Gur,204,"likely period: listed in this zone by Illia's bestiary (2001-2010 data, may include later NPCs)"
Veteran Guardsman,,GameGuard,guard,1,40,10,City of Camelot,26,1.65-era: seen in this zone by CapnBry
Kaivere,Spellcrafters Master,SpellCraftingMaster,npc,1,68,2,Chiltern,260,unverified: no CapnBry data for this zone
Champion,,GameGuard,guard,3,255,200,Mount Collory,210,1.65-era: seen by CapnBry (another zone)
Viking Huscarl,,GameGuard,guard,2,255,165,Cathal Valley,165,1.65-era: seen by CapnBry (another zone)
Cragen,Armor Merchant,GameMerchant,npc,3,39,201,Tir na Nog,209,likely period: listed by Illia's bestiary in another zone
Healer,,Keeps.GuardHealer,guard,2,37,165,Cathal Valley,165,1.65-era: seen by CapnBry (another zone)
Arvakl Gerske,Recharger,Recharger,npc,2,50,151,Munin Sound,155,Atlas / later: Atlas charge recharger
Midgard Decorator,Merchant,GameMerchant,npc,2,40,102,Stavgaard,268,unverified: no CapnBry data for this zone
Channeler Glasny,Teleporter,Scripts.LiveTeleporter,npc,3,60,200,Silvermine Mts.,201,teleporter (not 1.65; listed separately)
Apprentice Unsee,,AlbionSITeleporter,npc,1,50,51,Avalon Isle,52,"likely period: listed in this zone by Illia's bestiary (2001-2010 data, may include later NPCs)"
Aidaila,Armor Merchant,GameMerchant,npc,3,1,200,Lough Derg,200,1.65-era: seen in this zone by CapnBry
Edsoner,Instrument Merchant,GameMerchant,npc,3,37,200,Lough Derg,200,1.65-era: seen in this zone by CapnBry
Hibernia Trainer,Master Trainer,Scripts.AtlasTrainer,npc,3,75,201,Tir na Nog,209,Atlas / later: Atlas trainer
deamhan aeir,,NightSpawn,npc,0,34,200,Lough Gur,204,"likely period: listed in this zone by Illia's bestiary (2001-2010 data, may include later NPCs)"
Maran,,GameNPC,npc,3,60,202,Torrylin,217,unverified: no CapnBry data for this zone
Onund,Enchanter,Enchanter,npc,2,20,100,Gotar,103,1.65-era: seen in this zone by CapnBry
Maud Warblade,,GameNPC,npc,1,50,51,Aldland,56,"likely period: listed in this zone by Illia's bestiary (2001-2010 data, may include later NPCs)"
Lynna Lang,Armor Merchant,GameMerchant,npc,1,1,10,City of Camelot,26,1.65-era: seen in this zone by CapnBry
Sir Gleran,,GameNPC,npc,1,35,1,Black Mtns. South,2,"likely period: listed in this zone by Illia's bestiary (2001-2010 data, may include later NPCs)"
Kran,,GameNPC,npc,2,43,100,Vale of Mularn,100,1.65-era: seen in this zone by CapnBry
Meppo,Sapphire Armor Merchant,GameSapphireSealsMerchant,npc,1,37,249,Darkness Falls,249,"Atlas / later: Seals merchant (Darkness Rising era, used by Atlas)"
Deante,Poison Merchant,GameMerchant,npc,3,34,201,Tir na Nog,209,1.65-era: seen in this zone by CapnBry
Calldir Edelmar,Merchant,GameBountyMerchant,npc,0,1,10,City of Camelot,26,1.65-era: seen in this zone by CapnBry
Gunnolf,Shadowblade Trainer,Trainer.ShadowbladeTrainer,npc,2,55,100,West Svealand,102,1.65-era: seen in this zone by CapnBry
Torcal,Merchant,GameMerchant,npc,3,50,202,Kilcullen,218,unverified: no CapnBry data for this zone
Armsman,,Keeps.GuardFighter,guard,1,57,100,Odin's Gate,115,1.65-era: seen by CapnBry (another zone)
Breki,Armorsmiths Master,ArmorCraftingMaster,npc,2,65,102,Kaupang,122,unverified: no CapnBry data for this zone
Yoria,Potion Merchant,GameMerchant,npc,3,34,165,Cathal Valley,165,unverified: no CapnBry data for this zone
Master of Runes,,GameGuard,guard,2,255,200,Emain Macha,214,1.65-era: seen in this zone by CapnBry
faerie frog,,DaySpawn,npc,0,29,1,Snowdonia,12,"likely period: listed in this zone by Illia's bestiary (2001-2010 data, may include later NPCs)"
Master Ranger,,GameGuard,guard,3,255,200,Mount Collory,210,1.65-era: seen by CapnBry (another zone)
Merton,Vault Banker,GameNPC,npc,1,50,2,Dalton,18,unverified: no CapnBry data for this zone
Gladan,Vault Banker,GameNPC,npc,1,50,2,Aylesbury,64,unverified: no CapnBry data for this zone
Taltena,Armorcrafters Trainer,ArmorCraftingMaster,npc,3,70,181,Domnann,181,unverified: no CapnBry data for this zone
Master of Runes,,GameNPC,npc,2,255,100,West Svealand,102,1.65-era: seen in this zone by CapnBry
Sir Quait,,GameNPC,npc,1,40,1,Camelot Hills,0,1.65-era: seen in this zone by CapnBry
Hulo,Diamond Weapon Merchant,GameDiamondSealsMerchant,npc,2,36,249,Darkness Falls,249,"Atlas / later: Seals merchant (Darkness Rising era, used by Atlas)"
Master Eldritch,,GameGuard,guard,3,255,100,Odin's Gate,115,1.65-era: seen by CapnBry (another zone)
Finna,,GameNPC,npc,2,41,100,Gotar,103,1.65-era: seen in this zone by CapnBry
Celtic Guardian,,GameGuard,guard,3,255,200,Mount Collory,210,unverified: not in CapnBry for this zone
Druid Harkin,,GameNPC,npc,3,54,200,Cliffs of Moher,203,"likely period: listed in this zone by Illia's bestiary (2001-2010 data, may include later NPCs)"
Master of Runes,,GameGuard,guard,2,255,200,Emain Macha,214,1.65-era: seen in this zone by CapnBry
Albion sentinel,,GameNPC,npc,1,48,10,City of Camelot,26,1.65-era: seen in this zone by CapnBry
ambient rat,,GameNPC,npc,0,1,101,Jordheim,120,unverified: not in CapnBry for this zone
Los Ortiz,Dragonslayer Journeyman,GameNPC,npc,1,53,1,Dartmoor,4,"likely period: listed in this zone by Illia's bestiary (2001-2010 data, may include later NPCs)"
Ulo,Sapphire Armor Merchant,GameSapphireSealsMerchant,npc,1,39,249,Darkness Falls,249,"Atlas / later: Seals merchant (Darkness Rising era, used by Atlas)"
Maudalin,,GameNPC,npc,3,50,200,Valley of Bri Leith,206,"likely period: listed in this zone by Illia's bestiary (2001-2010 data, may include later NPCs)"
Joardi,Merchant,GameMerchant,npc,2,50,102,Stavgaard,268,unverified: no CapnBry data for this zone
Melna,Poison Merchant,GameMerchant,npc,3,50,200,Lough Gur,204,"likely period: listed in this zone by Illia's bestiary (2001-2010 data, may include later NPCs)"
Armswoman,,Keeps.GuardFighter,guard,1,52,1,Pennine Mountains,14,1.65-era: seen by CapnBry (another zone)
Mindy,Weapon Merchant,GameMerchant,npc,3,50,181,Vale of Balor,183,"likely period: listed in this zone by Illia's bestiary (2001-2010 data, may include later NPCs)"
Malcolm Shaw,,GameNPC,npc,1,54,1,Black Mtns. South,2,"likely period: listed in this zone by Illia's bestiary (2001-2010 data, may include later NPCs)"
Council of Battle,,GameNPC,npc,0,75,90,City of Aerus,90,unverified: not in CapnBry for this zone
Council of Battle,,GameNPC,npc,0,75,47,City of Aerus,47,unverified: no CapnBry data for this zone
Council of Battle,,GameNPC,npc,0,75,147,City of Aerus,147,unverified: no CapnBry data for this zone
Aklee Edelmar,Merchant,GameBountyMerchant,npc,1,1,10,City of Camelot,26,1.65-era: seen in this zone by CapnBry
Caoilin,Spellcrafters Master,GameNPC,npc,3,65,202,Saeranthal,219,unverified: no CapnBry data for this zone
Troll Archer,,GameGuard,guard,2,255,100,West Svealand,102,1.65-era: seen in this zone by CapnBry
Aethic,,GameStableMaster,npc,3,30,200,Lough Derg,200,"likely period: listed in this zone by Illia's bestiary (2001-2010 data, may include later NPCs)"
swarm of flies,,GameNPC,npc,3,0,201,Tir na Nog,209,likely period: listed by Illia's bestiary in another zone
Sentinel,,GameGuard,guard,3,51,200,Shannon Estuary,202,1.65-era: seen in this zone by CapnBry
horse,,GameNPC,npc,1,55,2,Brisworthy,20,1.65-era: seen by CapnBry (another zone)
Graesen,,GameNPC,npc,2,18,100,West Svealand,102,likely period: listed by Illia's bestiary in another zone
Banyell,Armor Merchant,GameMerchant,npc,3,40,201,Tir na Nog,209,1.65-era: seen in this zone by CapnBry
Master Ranger,,GameGuard,guard,3,255,165,Cathal Valley,165,1.65-era: seen by CapnBry (another zone)
Villborg,Vault Banker,GameNPC,npc,2,50,102,Wyndham,119,unverified: no CapnBry data for this zone
horse,,GameNPC,npc,1,51,1,Cornwall,6,1.65-era: seen in this zone by CapnBry
Master Enchanter,,Scripts.OFAssistant,npc,3,100,200,Connacht,207,Atlas / later: Atlas frontier medallion assistant
Takker,Arrow Merchant,GameMerchant,npc,2,44,334,Midgard Event,334,1.65-era: seen by CapnBry (another zone)
Thrurin the Dyemaster,,GameNPC,npc,1,25,1,Camelot Hills,0,1.65-era: seen in this zone by CapnBry
horse,,GameNPC,npc,2,55,102,Carlingford,118,1.65-era: seen by CapnBry (another zone)
Alchemist apprentice,Merchant,GameMerchant,npc,3,50,202,Dunshire,215,unverified: no CapnBry data for this zone
water beetle collector,,GameNPC,npc,0,10,200,Lough Derg,200,1.65-era: seen in this zone by CapnBry
Veteran Guardsman,,GameGuard,guard,1,43,1,Camelot Hills,0,1.65-era: seen in this zone by CapnBry
Master Wizard,,GameNPC,npc,1,255,1,Forest Sauvage,11,1.65-era: seen in this zone by CapnBry
stabled horse,,GameNPC,npc,3,55,201,Tir na Nog,209,unverified: not in CapnBry for this zone
Viking Huscarl,,GameGuard,guard,2,255,100,West Svealand,102,1.65-era: seen in this zone by CapnBry
Barkeep Dwerrav,,GameMerchant,npc,1,16,10,City of Camelot,26,1.65-era: seen in this zone by CapnBry
Tracker,,GameNPC,npc,3,50,200,Lough Derg,200,1.65-era: seen in this zone by CapnBry
innocent,,GameNPC,npc,3,39,276,Marfach Cavern,276,1.65-era: seen by CapnBry (another zone)
Piper,Hastener,GameHastener,npc,1,30,2,Rilan,17,1.65-era: seen in this zone by CapnBry
Master Cormanth,,GameNPC,npc,1,60,2,Old Sarum,16,unverified: no CapnBry data for this zone
Barkeep Yseniver,,GameNPC,npc,2,15,100,Myrkwood Forest,105,1.65-era: seen in this zone by CapnBry
Gram Nechten,,GameNPC,npc,1,50,1,Forest Sauvage,11,1.65-era: seen in this zone by CapnBry
FusiTemplate,,GameNPC,npc,3,75,335,Hibernia Event,335,unverified: no CapnBry data for this zone
Garriden,Spellcrafters Master,GameNPC,npc,1,65,2,Stoneleigh,262,unverified: no CapnBry data for this zone
Idenna,Merchant,GameMerchant,npc,2,50,102,Erikstaad,114,unverified: not in CapnBry for this zone
Piper,Hastener,GameHastener,npc,1,30,2,Caerwent,13,1.65-era: seen in this zone by CapnBry
Kaz,Hastener,GameHastener,npc,1,50,1,Dartmoor,4,"likely period: listed in this zone by Illia's bestiary (2001-2010 data, may include later NPCs)"
Master Wizard,,GameNPC,npc,1,255,200,Emain Macha,214,1.65-era: seen in this zone by CapnBry
Viking Huscarl,,GameGuard,guard,2,255,1,Hadrian's Wall,15,1.65-era: seen in this zone by CapnBry
Viking Huscarl,,GameGuard,guard,2,255,100,Uppland,111,1.65-era: seen in this zone by CapnBry
Ingrit,Stable Master,GameStableMaster,npc,2,50,102,Erikstaad,114,unverified: not in CapnBry for this zone
Fluitha Sufron,Armor Merchant,GameMerchant,npc,1,1,1,Campacorentin Forest,8,"likely period: listed in this zone by Illia's bestiary (2001-2010 data, may include later NPCs)"
Armswoman,,Keeps.GuardFighter,guard,1,55,200,Cruachan Gorge,211,1.65-era: seen by CapnBry (another zone)
Master Wizard,,GameNPC,npc,1,255,1,Snowdonia,12,1.65-era: seen in this zone by CapnBry
Ainbe,Weapon Merchant,GameMerchant,npc,3,45,200,Silvermine Mts.,201,1.65-era: seen in this zone by CapnBry
deamhan aeir,,NightSpawn,npc,0,37,200,Cruachan Gorge,211,1.65-era: seen by CapnBry (another zone)
Sigyn,,GameNPC,npc,2,54,102,Carlingford,118,unverified: no CapnBry data for this zone
Bowman Commander,,GameNPC,npc,1,255,1,Forest Sauvage,11,1.65-era: seen in this zone by CapnBry
Viking Huscarl,,GameGuard,guard,2,255,100,West Svealand,102,1.65-era: seen in this zone by CapnBry
Muireadach,Vault Banker,GameNPC,npc,3,50,202,Saeranthal,219,unverified: no CapnBry data for this zone
Apprentice Taxidermist,,GameNPC,npc,3,35,202,Aberillan,225,unverified: no CapnBry data for this zone
Wulfwer,Armor Merchant,GameMerchant,npc,2,50,100,West Svealand,102,1.65-era: seen in this zone by CapnBry
Master Wizard,,GameNPC,npc,1,255,1,Snowdonia,12,1.65-era: seen in this zone by CapnBry
Master Odon,Rogue Trainer,Trainer.AlbionRogueTrainer,npc,1,1,1,Black Mtns. South,2,1.65-era: seen in this zone by CapnBry
Viking Archer,,GameGuard,guard,2,255,165,Cathal Valley,165,1.65-era: seen by CapnBry (another zone)
ambient pixie,,GameNPC,npc,3,1,201,Tir na Nog,209,unverified: not in CapnBry for this zone
Bowman Commander,,GameGuard,guard,1,255,165,Cathal Valley,165,"likely period: listed in this zone by Illia's bestiary (2001-2010 data, may include later NPCs)"
Avinna,Stable Master,GameStableMaster,npc,1,50,2,Stoneleigh,262,unverified: no CapnBry data for this zone
Augwys,Merchant,GameMerchant,npc,1,50,2,Dalton,18,unverified: no CapnBry data for this zone
Treise,Mentalist Trainer,Trainer.MentalistTrainer,npc,3,50,200,Shannon Estuary,202,1.65-era: seen in this zone by CapnBry
Dyemaster Esme,Dye Merchant,GameMerchant,npc,1,40,1,Campacorentin Forest,8,1.65-era: seen in this zone by CapnBry
faerie frog,,DaySpawn,npc,0,29,1,Snowdonia,12,"likely period: listed in this zone by Illia's bestiary (2001-2010 data, may include later NPCs)"
Edoeclya,Vault Banker,GameNPC,npc,1,51,2,Sherborne,261,unverified: no CapnBry data for this zone
Siom Felanis,Armor Merchant,GameMerchant,npc,1,40,1,Black Mtns. South,2,"likely period: listed in this zone by Illia's bestiary (2001-2010 data, may include later NPCs)"
Master Liennon,Minstrel Trainer,Trainer.MinstrelTrainer,npc,1,50,1,Avalon Marsh,9,"likely period: listed in this zone by Illia's bestiary (2001-2010 data, may include later NPCs)"
Rhaegda,Vault Banker,GameNPC,npc,3,50,202,Tullamore,272,unverified: no CapnBry data for this zone
Langston Fall,Weapon Merchant,GameMerchant,npc,1,39,1,Campacorentin Forest,8,1.65-era: seen in this zone by CapnBry
faerie frog,,DaySpawn,npc,0,29,1,Snowdonia,12,"likely period: listed in this zone by Illia's bestiary (2001-2010 data, may include later NPCs)"
Master of Runes,,GameGuard,guard,2,255,165,Cathal Valley,165,"likely period: listed in this zone by Illia's bestiary (2001-2010 data, may include later NPCs)"
Apprentice Taxidermist,,GameNPC,npc,1,35,2,Brisworthy,20,unverified: no CapnBry data for this zone
Filip,Merchant,GameNPC,npc,2,8,100,Vale of Mularn,100,unverified: not in CapnBry for this zone
Sandre Stanhill,,GameNPC,npc,1,20,10,City of Camelot,26,1.65-era: seen in this zone by CapnBry
Viking Huscarl,,GameGuard,guard,2,255,165,Cathal Valley,165,1.65-era: seen by CapnBry (another zone)
Eija,Merchant,GameMerchant,npc,2,50,151,Aegir's Landing,151,1.65-era: seen in this zone by CapnBry
Market Explorer,,MarketExplorer,npc,3,50,202,Torrylin,217,"Atlas / later: Market Explorer (housing consignment search, post-1.65 / Atlas)"
Sentinel,,GameGuard,guard,3,55,201,Tir na Nog,209,1.65-era: seen in this zone by CapnBry
Huwen,Alchemists Master,GameNPC,npc,2,70,102,Erikstaad,114,unverified: not in CapnBry for this zone
Aodh,Eldritch Trainer,Trainer.EldritchTrainer,npc,3,40,201,Tir na Nog,209,1.65-era: seen in this zone by CapnBry
Rheagul,Stable Master,GameStableMaster,npc,3,30,200,Lough Derg,200,1.65-era: seen in this zone by CapnBry
Hastener,,GameHastener,npc,3,50,200,Valley of Bri Leith,206,1.65-era: seen by CapnBry (another zone)
Macalena,,GameNPC,npc,2,36,100,Vale of Mularn,100,1.65-era: seen in this zone by CapnBry
Master of Runes,,GameGuard,guard,2,255,165,Cathal Valley,165,"likely period: listed in this zone by Illia's bestiary (2001-2010 data, may include later NPCs)"
ambient rat,,GameNPC,npc,0,1,101,Jordheim,120,unverified: not in CapnBry for this zone
Raggart Bruce,Armor Merchant,GameMerchant,npc,1,1,10,City of Camelot,26,1.65-era: seen in this zone by CapnBry
ambient pixie,,GameNPC,npc,3,1,200,Silvermine Mts.,201,unverified: not in CapnBry for this zone
Master of Runes,,GameGuard,guard,2,255,200,Emain Macha,214,1.65-era: seen in this zone by CapnBry
Hagdar,Healer,GameHealer,npc,2,50,100,Uppland,111,likely period: listed by Illia's bestiary in another zone
Scout,,GameNPC,npc,1,45,1,Black Mtns. North,3,1.65-era: seen by CapnBry (another zone)
Melldonn,Merchant,GameMerchant,npc,2,50,102,Stavgaard,268,unverified: no CapnBry data for this zone
Scout,,GameNPC,npc,1,45,1,Black Mtns. North,3,1.65-era: seen by CapnBry (another zone)
Carsten,Stable Master,GameStableMaster,npc,3,30,200,Connacht,207,"likely period: listed in this zone by Illia's bestiary (2001-2010 data, may include later NPCs)"
Kjell,,GameNPC,npc,2,50,100,East Svealand,101,1.65-era: seen in this zone by CapnBry
innocent,,GameNPC,npc,2,37,246,Dodens Gruva,246,1.65-era: seen in this zone by CapnBry
ghastly siabra,,NightSpawn,npc,0,13,200,Lough Derg,200,1.65-era: seen in this zone by CapnBry
Shadowblade,,Keeps.GuardStealther,guard,2,37,165,Cathal Valley,165,1.65-era: seen by CapnBry (another zone)
Yili,Stable Master,GameStableMaster,npc,2,65,102,Frisia,121,unverified: no CapnBry data for this zone
Anna,Armor Merchant,GameMerchant,npc,3,35,200,Connacht,207,"likely period: listed in this zone by Illia's bestiary (2001-2010 data, may include later NPCs)"
Piper,Hastener,GameHastener,npc,1,30,2,Caerwent,13,1.65-era: seen in this zone by CapnBry
swarm of flies,,GameNPC,npc,3,0,200,Connacht,207,likely period: listed by Illia's bestiary in another zone
Master Ranger,,GameGuard,guard,3,255,200,Valley of Bri Leith,206,1.65-era: seen by CapnBry (another zone)
Sarena,Poison Merchant,GameMerchant,npc,3,50,200,Lough Gur,204,"likely period: listed in this zone by Illia's bestiary (2001-2010 data, may include later NPCs)"
Mariota,Armor Merchant,GameMerchant,npc,3,50,200,Lough Gur,204,"likely period: listed in this zone by Illia's bestiary (2001-2010 data, may include later NPCs)"
Knight Commander,,GameGuard,guard,1,255,200,Emain Macha,214,1.65-era: seen in this zone by CapnBry
Ainnle,Smith,Blacksmith,npc,3,50,181,Caillte Garran,182,"likely period: listed in this zone by Illia's bestiary (2001-2010 data, may include later NPCs)"
Olav,Armor Merchant,GameMerchant,npc,2,50,100,East Svealand,101,1.65-era: seen in this zone by CapnBry
Keep Sentinel,,GameNPC,npc,3,255,200,Valley of Bri Leith,206,1.65-era: seen by CapnBry (another zone)
Master Eldritch,,GameGuard,guard,3,255,1,Hadrian's Wall,15,1.65-era: seen by CapnBry (another zone)
Champion,,GameGuard,guard,3,255,200,Connacht,207,1.65-era: seen by CapnBry (another zone)
horse,,GameNPC,npc,1,55,2,Brisworthy,20,1.65-era: seen by CapnBry (another zone)
Gudrid,Weapon Merchant,GameMerchant,npc,2,20,100,Myrkwood Forest,105,1.65-era: seen in this zone by CapnBry
Haarek Lettson,,GameNPC,npc,2,55,151,Munin Sound,155,1.65-era: seen in this zone by CapnBry
Seriea,Healer,GameHealer,npc,3,50,181,Domnann,181,"likely period: listed in this zone by Illia's bestiary (2001-2010 data, may include later NPCs)"
ambient rat,,GameNPC,npc,0,1,200,Lough Derg,200,unverified: not in CapnBry for this zone
Cruella de Vil,Pet Merchant,GameMerchant,npc,3,50,201,Tir na Nog,209,unverified: not in CapnBry for this zone
Master Guardian,,GameGuard,guard,3,255,1,Hadrian's Wall,15,unverified: not in CapnBry for this zone
Bedamor Routh,Weapon Merchant,GameMerchant,npc,1,1,1,Camelot Hills,0,1.65-era: seen in this zone by CapnBry
Gram Ironhand,Smith,Blacksmith,npc,1,15,1,Camelot Hills,0,1.65-era: seen in this zone by CapnBry
Lorbvog,Vault Banker,GameNPC,npc,2,50,102,Stavgaard,268,unverified: no CapnBry data for this zone
Andrew Wyatt,,GameNPC,npc,1,30,1,Camelot Hills,0,1.65-era: seen in this zone by CapnBry
Gestod,Weapon Merchant,GameMerchant,npc,2,41,100,Myrkwood Forest,105,1.65-era: seen in this zone by CapnBry
Ranger,,Keeps.GuardArcher,guard,3,52,100,Jamtland Mountains,113,1.65-era: seen in this zone by CapnBry
Frunna,Merchant,GameMerchant,npc,2,53,102,Holmestrand,266,unverified: no CapnBry data for this zone
Kay-En,Smith,Blacksmith,npc,2,57,100,Uppland,111,unverified: not in CapnBry for this zone
Geiti,Tailors Master,TailoringMaster,npc,2,72,151,Aegir's Landing,151,1.65-era: seen in this zone by CapnBry
Blitheil,Vault Banker,GameNPC,npc,1,50,2,Sherborne,261,unverified: no CapnBry data for this zone
Unarla,Armor Merchant,GameMerchant,npc,3,50,200,Shannon Estuary,202,"likely period: listed in this zone by Illia's bestiary (2001-2010 data, may include later NPCs)"
puppy,,GameNPC,npc,3,15,200,Connacht,207,unverified: not in CapnBry for this zone
Buff Merchant,We Will PAMP YOU UP,BuffMerchant,npc,2,50,334,Midgard Event,334,unverified: no CapnBry data for this zone
Rumyr,Stable Master,GameStableMaster,npc,3,55,202,Tullamore,272,unverified: no CapnBry data for this zone
Berge,Smith,Blacksmith,npc,2,20,151,Gripklosa Mountains,152,1.65-era: seen in this zone by CapnBry
Troll Archer,,GameGuard,guard,2,255,100,West Svealand,102,1.65-era: seen in this zone by CapnBry
ambient pixie,,GameNPC,npc,3,1,201,Tir na Nog,209,unverified: not in CapnBry for this zone
Master of Runes,,GameGuard,guard,2,255,1,Hadrian's Wall,15,1.65-era: seen in this zone by CapnBry
Pruha,Vault Banker,GameNPC,npc,1,50,2,Aylesbury,64,unverified: no CapnBry data for this zone
Martha,,GameNPC,npc,1,35,10,City of Camelot,26,unverified: not in CapnBry for this zone
Guardian,PWNOGRAPHY,Keeps.GuardFighter,guard,3,59,200,Cruachan Gorge,211,1.65-era: seen by CapnBry (another zone)
Avaldi,Merchant,GameMerchant,npc,2,50,102,Wyndham,119,unverified: no CapnBry data for this zone
Armswoman,,Keeps.GuardFighter,guard,1,52,1,Pennine Mountains,14,1.65-era: seen by CapnBry (another zone)
Chieftain Guard,,GameNPC,npc,2,40,100,Vale of Mularn,100,1.65-era: seen in this zone by CapnBry
Hastener,,GameHastener,npc,0,100,200,Cruachan Gorge,211,1.65-era: seen by CapnBry (another zone)
Master Elementalist,,Scripts.OFAssistant,npc,1,100,1,Forest Sauvage,11,Atlas / later: Atlas frontier medallion assistant
Ragna,Mystic Trainer,Trainer.MysticTrainer,npc,2,50,100,East Svealand,101,1.65-era: seen in this zone by CapnBry
ambient pixie,,GameNPC,npc,3,1,200,Connacht,207,unverified: not in CapnBry for this zone
Holt Finan,Weapon Merchant,GameMerchant,npc,1,1,10,City of Camelot,26,1.65-era: seen in this zone by CapnBry
Guardsman,,GameGuard,guard,1,50,10,City of Camelot,26,1.65-era: seen in this zone by CapnBry
Lundeg Tranyth,Armor Merchant,GameMerchant,npc,1,8,1,Camelot Hills,0,1.65-era: seen in this zone by CapnBry
Viking Huscarl,,GameGuard,guard,2,255,100,Yggdra Forest,112,1.65-era: seen in this zone by CapnBry
Guardian,,Keeps.GuardFighter,guard,3,52,200,Cruachan Gorge,211,1.65-era: seen by CapnBry (another zone)
Sentinel,,GameGuard,guard,3,50,200,Bog of Cullen,205,1.65-era: seen by CapnBry (another zone)
Salevia,,GameNPC,npc,2,30,100,Gotar,103,1.65-era: seen in this zone by CapnBry
Renny,Armor Merchant,GameMerchant,npc,3,37,201,Tir na Nog,209,1.65-era: seen in this zone by CapnBry
Master Wizard,,GameNPC,npc,1,255,165,Cathal Valley,165,"likely period: listed in this zone by Illia's bestiary (2001-2010 data, may include later NPCs)"
Rhona,Weapon Merchant,GameMerchant,npc,3,35,200,Connacht,207,1.65-era: seen in this zone by CapnBry
horse,,GameNPC,npc,3,55,200,Valley of Bri Leith,206,1.65-era: seen by CapnBry (another zone)
Lady Charlitte,Name Registrar,GameNPC,npc,1,30,10,City of Camelot,26,1.65-era: seen in this zone by CapnBry
Besje,,GameNPC,npc,2,41,100,West Svealand,102,1.65-era: seen in this zone by CapnBry
druid,,GameNPC,npc,3,40,201,Tir na Nog,209,1.65-era: seen in this zone by CapnBry
Commander Hayward,,GameNPC,npc,1,38,1,Cornwall,6,"likely period: listed in this zone by Illia's bestiary (2001-2010 data, may include later NPCs)"
Reskins,Reskin Master,ItemModel,npc,3,1,73,Stygian Delta,81,unverified: not in CapnBry for this zone
Master Kael,Merchant,GameMerchant,npc,1,15,10,City of Camelot,26,likely period: listed by Illia's bestiary in another zone
Broddr,,GameNPC,npc,2,50,100,Uppland,111,1.65-era: seen by CapnBry (another zone)
Gothi of Odin,,Scripts.OFAssistant,npc,2,100,200,Emain Macha,214,Atlas / later: Atlas frontier medallion assistant
Saffa,Merchant,GameMerchant,npc,3,40,201,Tir na Nog,209,1.65-era: seen in this zone by CapnBry
horse,,GameNPC,npc,1,55,1,Black Mtns. South,2,1.65-era: seen in this zone by CapnBry
Ziyer,Merchant,GameMerchant,npc,3,47,181,Domnann,181,unverified: no CapnBry data for this zone
ambient pixie,,GameNPC,npc,3,1,201,Tir na Nog,209,unverified: not in CapnBry for this zone
Master Wizard,,GameGuard,guard,1,255,100,Odin's Gate,115,1.65-era: seen in this zone by CapnBry
ambient rat,,GameNPC,npc,0,1,10,City of Camelot,26,unverified: not in CapnBry for this zone
Chieftess Dana,,GameNPC,npc,3,50,200,Bog of Cullen,205,"likely period: listed in this zone by Illia's bestiary (2001-2010 data, may include later NPCs)"
Albion Armor,Item Merchant,GameMerchant,npc,1,50,10,City of Camelot,26,unverified: not in CapnBry for this zone
Cleit,Shield Merchant,GameMerchant,npc,3,35,201,Tir na Nog,209,1.65-era: seen in this zone by CapnBry
Master Guardian,,GameGuard,guard,3,255,100,Odin's Gate,115,unverified: not in CapnBry for this zone
Celtic Guardian,,GameGuard,guard,3,255,200,Connacht,207,unverified: not in CapnBry for this zone
ambient pixie,,GameNPC,npc,3,1,200,Connacht,207,unverified: not in CapnBry for this zone
Rorsc,Potion Merchant,GameMerchant,npc,3,1,73,Stygian Delta,81,unverified: not in CapnBry for this zone
Viking Karl,,GameGuard,guard,2,44,100,Vale of Mularn,100,1.65-era: seen in this zone by CapnBry
ambient rat,,GameNPC,npc,0,1,200,Lough Derg,200,unverified: not in CapnBry for this zone
Galena,Weapon Merchant,GameMerchant,npc,2,30,100,Myrkwood Forest,105,1.65-era: seen in this zone by CapnBry
Master of Runes,,GameGuard,guard,2,255,200,Emain Macha,214,1.65-era: seen in this zone by CapnBry
Aideen,Weapon Merchant,GameMerchant,npc,3,35,200,Connacht,207,1.65-era: seen in this zone by CapnBry
Alchemist apprentice,Merchant,GameNPC,npc,1,52,2,Brisworthy,20,unverified: no CapnBry data for this zone
Rinon Samhaoir,Armor Merchant,GameMerchant,npc,3,50,181,Domnann,181,unverified: no CapnBry data for this zone
Kelcea,Spiritmaster Trainer,Trainer.SpiritmasterTrainer,npc,2,40,100,Myrkwood Forest,105,1.65-era: seen in this zone by CapnBry
Piper,Hastener,GameHastener,npc,1,30,2,Aylesbury,64,1.65-era: seen by CapnBry (another zone)
Yosef Angor,,GameNPC,npc,2,40,100,East Svealand,101,1.65-era: seen in this zone by CapnBry
Captain Rion,Armsman Trainer,Trainer.ArmsmanTrainer,npc,1,50,10,City of Camelot,26,1.65-era: seen in this zone by CapnBry
Shyla,Consignment Banker,GameNPC,npc,3,50,202,Meath,213,unverified: no CapnBry data for this zone
Sillis,Arrow Merchant,GameMerchant,npc,2,20,100,Gotar,103,1.65-era: seen in this zone by CapnBry
Barra,Weapon Merchant,GameMerchant,npc,3,50,200,Lough Gur,204,"likely period: listed in this zone by Illia's bestiary (2001-2010 data, may include later NPCs)"
Karis,Guild Emblemeer,EmblemNPC,npc,2,52,334,Midgard Event,334,1.65-era: seen by CapnBry (another zone)
ambient pixie,,GameNPC,npc,3,1,201,Tir na Nog,209,unverified: not in CapnBry for this zone
Chieftain Guard,,GameNPC,npc,2,40,100,Vale of Mularn,100,1.65-era: seen in this zone by CapnBry
Dun Mra,Armor Merchant,GameMerchant,npc,1,41,1,Black Mtns. South,2,"likely period: listed in this zone by Illia's bestiary (2001-2010 data, may include later NPCs)"
Market Explorer,,MarketExplorer,npc,1,50,2,Sherborne,261,"Atlas / later: Market Explorer (housing consignment search, post-1.65 / Atlas)"
Helen,,GameNPC,npc,2,41,100,Vale of Mularn,100,1.65-era: seen in this zone by CapnBry
Ectant Dinailaine,,GameNPC,npc,1,50,2,Caerwent,13,unverified: not in CapnBry for this zone
Frey,Weapon Merchant,GameMerchant,npc,2,42,100,East Svealand,101,1.65-era: seen in this zone by CapnBry
Telsin Morgaudos,Merchant,GameMerchant,npc,1,50,2,Aylesbury,64,unverified: no CapnBry data for this zone
Filidh Fadywn,Guild Registrar,GuildRegistrar,npc,3,40,165,Cathal Valley,165,1.65-era: seen by CapnBry (another zone)
Omery,Weapon Merchant,GameMerchant,npc,3,53,181,Vale of Balor,183,"likely period: listed in this zone by Illia's bestiary (2001-2010 data, may include later NPCs)"
Viking Archer,,GameGuard,guard,2,95,100,West Svealand,102,1.65-era: seen in this zone by CapnBry
Guardsman Exeter,,GameNPC,npc,1,50,10,City of Camelot,26,1.65-era: seen in this zone by CapnBry
innocent,,GameNPC,npc,3,39,276,Marfach Cavern,276,1.65-era: seen by CapnBry (another zone)
Kyr,Healer,GameHealer,npc,1,55,1,Dartmoor,4,"likely period: listed in this zone by Illia's bestiary (2001-2010 data, may include later NPCs)"
Beelo,Sapphire Armor Merchant,GameSapphireSealsMerchant,npc,3,37,249,Darkness Falls,249,"Atlas / later: Seals merchant (Darkness Rising era, used by Atlas)"
Master of Runes,,GameGuard,guard,2,255,1,Hadrian's Wall,15,1.65-era: seen in this zone by CapnBry
Elsbeth,Weapon Merchant,GameMerchant,npc,1,30,1,Camelot Hills,0,unverified: not in CapnBry for this zone
Yeverin,,GameNPC,npc,3,60,202,Moycullen,273,unverified: no CapnBry data for this zone
Poisonbot-3000,Poison Merchant,GameMerchant,npc,0,50,165,Cathal Valley,165,unverified: no CapnBry data for this zone
Naois,,GameNPC,npc,3,17,200,Connacht,207,"likely period: listed in this zone by Illia's bestiary (2001-2010 data, may include later NPCs)"
Nechtan,Vault Banker,GameNPC,npc,1,50,2,Dalton,18,unverified: no CapnBry data for this zone
Market Explorer,,MarketExplorer,npc,2,50,102,Holmestrand,266,"Atlas / later: Market Explorer (housing consignment search, post-1.65 / Atlas)"
Glercyn,,GameNPC,npc,3,30,200,Connacht,207,"likely period: listed in this zone by Illia's bestiary (2001-2010 data, may include later NPCs)"
new mob,,Keeps.FrontierHastener,npc,0,1,250,Caledon,250,unverified: no CapnBry data for this zone
new mob,,Keeps.FrontierHastener,npc,0,1,250,Caledon,250,unverified: no CapnBry data for this zone
Wizard,,Keeps.GuardStaticCaster,guard,1,48,250,Caledon,250,1.65-era: seen by CapnBry (another zone)
new mob,,Keeps.FrontierHastener,npc,0,1,250,Caledon,250,unverified: no CapnBry data for this zone
Hastener,,Keeps.FrontierHastener,npc,0,1,250,Caledon,250,1.65-era: seen by CapnBry (another zone)
Viking Huscarl,,GameGuard,guard,2,255,100,West Svealand,102,1.65-era: seen in this zone by CapnBry
Viking Huscarl,,GameGuard,guard,2,255,1,Hadrian's Wall,15,1.65-era: seen in this zone by CapnBry
Sentinel Glynis,,GameNPC,npc,3,50,200,Shannon Estuary,202,1.65-era: seen in this zone by CapnBry
Zilah Hani,Recharger,Scripts.Recharger,npc,1,50,51,Avalon Isle,52,1.65-era: seen in this zone by CapnBry
Master Guardian,,GameGuard,guard,3,255,100,Odin's Gate,115,unverified: not in CapnBry for this zone
Master Ranger,,GameGuard,guard,3,255,200,Valley of Bri Leith,206,1.65-era: seen by CapnBry (another zone)
Kohar,Stable Master,GameStableMaster,npc,3,50,202,Kilcullen,218,unverified: no CapnBry data for this zone
Terrwyn,Vault Banker,GameNPC,npc,1,50,2,Old Sarum,16,unverified: no CapnBry data for this zone
Virsha,Account Vault Keeper,AccountVaultKeeper,npc,1,75,1,Forest Sauvage,11,Atlas / later: Account vault keeper (post-1.65 live feature)
Skald of Midgard,Hastener,GameHastener,npc,2,50,100,Vale of Mularn,100,"likely period: listed in this zone by Illia's bestiary (2001-2010 data, may include later NPCs)"
Master Wizard,,GameGuard,guard,1,255,100,Odin's Gate,115,1.65-era: seen in this zone by CapnBry
Shallai,Weapon Merchant,GameMerchant,npc,1,38,10,City of Camelot,26,unverified: not in CapnBry for this zone
Sister Ellayne,Healer,GameHealer,npc,1,50,330,Albion Event,330,likely period: listed by Illia's bestiary in another zone
Armswoman,Martine Fait Du RvR,Keeps.GuardFighter,guard,1,56,100,Odin's Gate,115,1.65-era: seen by CapnBry (another zone)
Piper,Hastener,GameHastener,npc,1,30,2,Stoneleigh,262,1.65-era: seen by CapnBry (another zone)
Master Wizard,,GameNPC,npc,1,255,200,Emain Macha,214,1.65-era: seen in this zone by CapnBry
Iohannes Aldar,Arrow Merchant,GameMerchant,npc,1,38,1,Cornwall,6,1.65-era: seen in this zone by CapnBry
Bidelia,Druid Trainer,Trainer.DruidTrainer,npc,3,45,200,Silvermine Mts.,201,1.65-era: seen in this zone by CapnBry
Hunter Ceron,,GameNPC,npc,1,30,1,Black Mtns. South,2,1.65-era: seen in this zone by CapnBry
Thir,Weapon Merchant,GameMerchant,npc,2,50,101,Jordheim,120,1.65-era: seen in this zone by CapnBry
Lyrist,Hastener,GameHastener,npc,3,30,202,Broughshane,274,unverified: no CapnBry data for this zone
Viking Oddnaug,,GameGuard,guard,2,52,100,Vale of Mularn,100,1.65-era: seen in this zone by CapnBry
Gronyr Gloyw,,GameNPC,npc,1,16,1,Camelot Hills,0,1.65-era: seen in this zone by CapnBry
Master Eldritch,,GameGuard,guard,3,255,165,Cathal Valley,165,1.65-era: seen by CapnBry (another zone)
swarm of flies,,GameNPC,npc,3,0,200,Lough Derg,200,likely period: listed by Illia's bestiary in another zone
deamhan aeir,,NightSpawn,npc,0,35,200,Lough Gur,204,"likely period: listed in this zone by Illia's bestiary (2001-2010 data, may include later NPCs)"
Aphriodora,Thane Trainer,Trainer.ThaneTrainer,npc,2,40,100,Myrkwood Forest,105,"likely period: listed in this zone by Illia's bestiary (2001-2010 data, may include later NPCs)"
Troya,,GameNPC,npc,3,40,200,Silvermine Mts.,201,1.65-era: seen in this zone by CapnBry
Odharnait,,GameMerchant,npc,3,50,200,Silvermine Mts.,201,1.65-era: seen in this zone by CapnBry
gray spectre,,NightSpawn,npc,0,24,200,Cruachan Gorge,211,"likely period: listed in this zone by Illia's bestiary (2001-2010 data, may include later NPCs)"
Kalbin,Healer,GameHealer,npc,2,17,100,Vale of Mularn,100,1.65-era: seen in this zone by CapnBry
Sentinel,,GameGuard,guard,3,51,201,Tir na Nog,209,1.65-era: seen in this zone by CapnBry
Veteran Guardsman,,GameGuard,guard,1,41,10,City of Camelot,26,1.65-era: seen in this zone by CapnBry
Brother Don,,Scripts.BrotherDon,npc,1,40,1,Black Mtns. South,2,"likely period: listed in this zone by Illia's bestiary (2001-2010 data, may include later NPCs)"
Champion Commander,,Keeps.GuardCommander,guard,3,57,200,Cruachan Gorge,211,"likely period: listed in this zone by Illia's bestiary (2001-2010 data, may include later NPCs)"
Master Wizard,,GameGuard,guard,1,255,1,Forest Sauvage,11,1.65-era: seen in this zone by CapnBry
Tria Ellowis,,GameNPC,npc,1,41,1,Black Mtns. South,2,"likely period: listed in this zone by Illia's bestiary (2001-2010 data, may include later NPCs)"
Skal,Bonedancer Trainer,Trainer.BonedancerTrainer,npc,2,50,101,Jordheim,120,1.65-era: seen in this zone by CapnBry
swarm of flies,,GameNPC,npc,1,0,1,Camelot Hills,0,likely period: listed by Illia's bestiary in another zone
Armin,Tailors Master,TailoringMaster,npc,3,52,201,Tir na Nog,209,1.65-era: seen in this zone by CapnBry
Reade Summers,Armor Merchant,GameMerchant,npc,1,50,51,Isle of Glass,51,"likely period: listed in this zone by Illia's bestiary (2001-2010 data, may include later NPCs)"
Daracha,Weapon Merchant,GameMerchant,npc,3,35,200,Cliffs of Moher,203,"likely period: listed in this zone by Illia's bestiary (2001-2010 data, may include later NPCs)"
Sergeant Grum,,GameNPC,npc,1,17,1,Camelot Hills,0,1.65-era: seen in this zone by CapnBry
Dyemaster Emma,Dye Merchant,GameMerchant,npc,1,16,10,City of Camelot,26,1.65-era: seen in this zone by CapnBry
Zegol,Spellcrafters Master,SpellCraftingMaster,npc,3,65,202,Moycullen,273,unverified: no CapnBry data for this zone
Master Armsman,,GameGuard,guard,1,255,165,Cathal Valley,165,unverified: no CapnBry data for this zone
Melannon,Poison Merchant,GameMerchant,npc,1,9,1,Camelot Hills,0,"likely period: listed in this zone by Illia's bestiary (2001-2010 data, may include later NPCs)"
Vanko,Healer,GameHealer,npc,2,50,151,Aegir's Landing,151,1.65-era: seen in this zone by CapnBry
Stor Gothi Annark,Teleporter,Scripts.LiveTeleporter,npc,2,60,100,Myrkwood Forest,105,teleporter (not 1.65; listed separately)
Robert,Armor Merchant,GameMerchant,npc,1,50,51,Aldland,56,"likely period: listed in this zone by Illia's bestiary (2001-2010 data, may include later NPCs)"
Mateus Fletcher,Bolts Merchant,GameMerchant,npc,1,15,1,Camelot Hills,0,1.65-era: seen in this zone by CapnBry
Lurking Stranger,,GameNPC,npc,0,50,1,Black Mtns. South,2,unverified: not in CapnBry for this zone
Alchemist Lendand,Merchant,GameMerchant,npc,1,17,10,City of Camelot,26,likely period: listed by Illia's bestiary in another zone
Master Guardian,,GameGuard,guard,3,255,100,Odin's Gate,115,unverified: not in CapnBry for this zone
innocent,,GameNPC,npc,2,38,246,Dodens Gruva,246,1.65-era: seen in this zone by CapnBry
faerie frog,,DaySpawn,npc,0,28,1,Snowdonia,12,"likely period: listed in this zone by Illia's bestiary (2001-2010 data, may include later NPCs)"
Bedase,Stable Master,GameStableMaster,npc,1,50,2,Brisworthy,20,unverified: no CapnBry data for this zone
Veteran Guardsman,,GameGuard,guard,1,40,10,City of Camelot,26,1.65-era: seen in this zone by CapnBry
Audun,,GameNPC,npc,2,49,101,Jordheim,120,1.65-era: seen in this zone by CapnBry
Illeka,Dye Merchant,GameMerchant,npc,3,52,181,Vale of Balor,183,"likely period: listed in this zone by Illia's bestiary (2001-2010 data, may include later NPCs)"
Cathbad,,GameNPC,npc,3,49,200,Silvermine Mts.,201,1.65-era: seen in this zone by CapnBry
Neno,Emerald Armor Merchant,GameEmeraldSealsMerchant,npc,3,36,249,Darkness Falls,249,"Atlas / later: Seals merchant (Darkness Rising era, used by Atlas)"
Hrut,,GameNPC,npc,2,41,100,West Svealand,102,1.65-era: seen by CapnBry (another zone)
Guardian Analia,,GameGuard,guard,1,50,51,Isle of Glass,51,1.65-era: seen in this zone by CapnBry
Mystic Guardian,,GameGuard,guard,1,50,10,City of Camelot,26,1.65-era: seen in this zone by CapnBry
Thorgil,,GameNPC,npc,2,35,100,East Svealand,101,1.65-era: seen in this zone by CapnBry
faerie frog,,DaySpawn,npc,0,28,1,Snowdonia,12,"likely period: listed in this zone by Illia's bestiary (2001-2010 data, may include later NPCs)"
Viking Huscarl,,GameGuard,guard,2,255,1,Hadrian's Wall,15,1.65-era: seen in this zone by CapnBry
ambient pixie,,GameNPC,npc,3,1,201,Tir na Nog,209,unverified: not in CapnBry for this zone
Intoner,Hastener,GameHastener,npc,2,30,102,Stavgaard,268,1.65-era: seen by CapnBry (another zone)
Lord Bryan Grey,,GameNPC,npc,1,68,51,Avalon Isle,52,1.65-era: seen in this zone by CapnBry
Felledon,Stable Master,GameStableMaster,npc,3,50,202,Moycullen,273,unverified: no CapnBry data for this zone
Nulia,Stable Master,GameStableMaster,npc,3,50,202,Aberillan,225,unverified: no CapnBry data for this zone
horse,,GameNPC,npc,3,51,200,Shannon Estuary,202,1.65-era: seen by CapnBry (another zone)
Armswoman,,Keeps.GuardFighter,guard,1,52,1,Pennine Mountains,14,1.65-era: seen by CapnBry (another zone)
Skakli Lettson,,GameNPC,npc,2,50,151,Munin Sound,155,1.65-era: seen in this zone by CapnBry
Fyrsil,Healer,GameHealer,npc,3,35,200,Silvermine Mts.,201,1.65-era: seen in this zone by CapnBry
horse,,GameNPC,npc,1,55,1,Salisbury Plains,1,1.65-era: seen in this zone by CapnBry
ambient pixie,,GameNPC,npc,3,1,200,Connacht,207,unverified: not in CapnBry for this zone
Ailidh,,GameNPC,npc,3,24,200,Valley of Bri Leith,206,unverified: not in CapnBry for this zone
Barkeep Tesin,,GameNPC,npc,2,16,100,Gotar,103,1.65-era: seen in this zone by CapnBry
swarm of flies,,GameNPC,npc,2,0,101,Jordheim,120,likely period: listed by Illia's bestiary in another zone
Ruk,Weapon Merchant,GameMerchant,npc,2,20,100,Gotar,103,1.65-era: seen in this zone by CapnBry
Lyrist,Hastener,GameHastener,npc,3,30,202,Moycullen,273,unverified: no CapnBry data for this zone
Viking Huscarl,,GameGuard,guard,2,255,165,Cathal Valley,165,1.65-era: seen by CapnBry (another zone)
horse,,GameNPC,npc,3,55,200,Lough Gur,204,1.65-era: seen by CapnBry (another zone)
Armswoman,,Keeps.GuardFighter,guard,1,57,100,Odin's Gate,115,1.65-era: seen by CapnBry (another zone)
Feldun,Stable Master,GameStableMaster,npc,3,50,202,Dunshire,215,unverified: no CapnBry data for this zone
Genlu Edrill,Smith,Blacksmith,npc,2,40,100,Vale of Mularn,100,1.65-era: seen in this zone by CapnBry
Fellese,Merchant,GameMerchant,npc,1,50,2,Stoneleigh,262,unverified: no CapnBry data for this zone
Bline Tengit,Armor Merchant,GameMerchant,npc,1,40,1,Black Mtns. South,2,"likely period: listed in this zone by Illia's bestiary (2001-2010 data, may include later NPCs)"
Lieutenant Mhoudi,Scout Trainer,Trainer.ScoutTrainer,npc,1,50,1,Campacorentin Forest,8,1.65-era: seen in this zone by CapnBry
Lord Mathius,,GameNPC,npc,1,49,1,Forest Sauvage,11,likely period: listed by Illia's bestiary in another zone
Miri,,GameNPC,npc,2,43,101,Jordheim,120,1.65-era: seen in this zone by CapnBry
Kedayn,Weaponsmiths Master,GameNPC,npc,1,65,2,Caerwent,13,unverified: not in CapnBry for this zone
Uliam,Stable Master,GameStableMaster,npc,1,4,1,Forest Sauvage,11,1.65-era: seen in this zone by CapnBry
Wimarc,,GameNPC,npc,3,50,181,Caillte Garran,182,"likely period: listed in this zone by Illia's bestiary (2001-2010 data, may include later NPCs)"
Daisi Egessa,Weapon Merchant,GameMerchant,npc,1,1,1,Avalon Marsh,9,unverified: not in CapnBry for this zone
horse,,GameNPC,npc,2,55,100,Skona Ravine,106,1.65-era: seen by CapnBry (another zone)
Seoltoir,,Scripts.OFAssistant,npc,3,100,1,Hadrian's Wall,15,Atlas / later: Atlas frontier medallion assistant
ambient pixie,,GameNPC,npc,3,1,200,Lough Derg,200,unverified: not in CapnBry for this zone
Haruld,Stable Master,GameStableMaster,npc,1,4,1,Camelot Hills,0,1.65-era: seen in this zone by CapnBry
Edla Lettson,,GameNPC,npc,2,50,151,Munin Sound,155,1.65-era: seen in this zone by CapnBry
new mob,,Keeps.FrontierHastener,npc,0,1,234,The Proving Grounds,234,unverified: no CapnBry data for this zone
Bein,Merchant,GameMerchant,npc,2,50,102,Holmestrand,266,1.65-era: seen by CapnBry (another zone)
Dyemaster Leax,Dye Merchant,GameMerchant,npc,1,1,1,Camelot Hills,0,1.65-era: seen in this zone by CapnBry
Champion,,GameGuard,guard,3,255,200,Cruachan Gorge,211,1.65-era: seen by CapnBry (another zone)
Sabine,Potion Merchant,GameMerchant,npc,0,34,27,Lamfhota's Sound,29,unverified: no CapnBry data for this zone
phantom wickerman,,NightSpawn,npc,0,29,200,Connacht,207,"likely period: listed in this zone by Illia's bestiary (2001-2010 data, may include later NPCs)"
Kineth,Consignment Banker,GameNPC,npc,3,52,202,Meath,213,"likely period: listed in this zone by Illia's bestiary (2001-2010 data, may include later NPCs)"
userlin,Vault Banker,GameNPC,npc,3,50,202,Moycullen,273,unverified: no CapnBry data for this zone
Betolo Melorga,Merchant,GameMerchant,npc,1,50,2,Stoneleigh,262,unverified: no CapnBry data for this zone
Viking Archer,,GameGuard,guard,2,255,165,Cathal Valley,165,1.65-era: seen by CapnBry (another zone)
horse,,GameNPC,npc,2,55,102,Erikstaad,114,1.65-era: seen in this zone by CapnBry
Thellaste,,GameNPC,npc,2,50,102,Stavgaard,268,unverified: no CapnBry data for this zone
faerie frog,,DaySpawn,npc,0,30,1,Snowdonia,12,"likely period: listed in this zone by Illia's bestiary (2001-2010 data, may include later NPCs)"
Gregor,Dye Merchant,GameMerchant,npc,2,20,100,East Svealand,101,1.65-era: seen in this zone by CapnBry
Darcy,Merchant,GameMerchant,npc,3,40,201,Tir na Nog,209,1.65-era: seen in this zone by CapnBry
Virsha,Account Vault Keeper,AccountVaultKeeper,npc,1,75,165,Cathal Valley,165,Atlas / later: Account vault keeper (post-1.65 live feature)
Bria,Dye Merchant,GameMerchant,npc,1,50,165,Cathal Valley,165,likely period: listed by Illia's bestiary in another zone
Lord Oachley,Guild Emblemer,EmblemNPC,npc,1,1,165,Cathal Valley,165,1.65-era: seen by CapnBry (another zone)
Lady Senia,Effect Master,EffectNPC,npc,1,50,165,Cathal Valley,165,Atlas / later: Atlas cosmetic effect vendor
Sister Ellayne,Healer,GameHealer,npc,1,50,165,Cathal Valley,165,likely period: listed by Illia's bestiary in another zone
Serani,Poison Merchant,GameMerchant,npc,1,50,165,Cathal Valley,165,unverified: no CapnBry data for this zone
Fial Bronzearm,Smith,Blacksmith,npc,1,16,165,Cathal Valley,165,likely period: listed by Illia's bestiary in another zone
Lenia Fletcher,Arrow Merchant,GameMerchant,npc,1,15,165,Cathal Valley,165,1.65-era: seen by CapnBry (another zone)
Lord Fusin,Reskin NPC,ItemModel,npc,1,50,165,Cathal Valley,165,unverified: no CapnBry data for this zone
Allia Fletcher,Arrow Merchant,GameMerchant,npc,1,15,165,Cathal Valley,165,1.65-era: seen by CapnBry (another zone)
Lord Christopher,Guild Registrar,GuildRegistrar,npc,1,80,165,Cathal Valley,165,1.65-era: seen by CapnBry (another zone)
Zoran,Dye Merchant,GameMerchant,npc,1,50,165,Cathal Valley,165,unverified: no CapnBry data for this zone
Lady Charlitte,Name Registrar,NameRegistrar,npc,1,30,165,Cathal Valley,165,1.65-era: seen by CapnBry (another zone)
Albion Trainer,Master Trainer,Scripts.AtlasTrainer,npc,1,75,165,Cathal Valley,165,Atlas / later: Atlas trainer
Janash,Account Vault Keeper,AccountVaultKeeper,npc,2,75,165,Cathal Valley,165,Atlas / later: Account vault keeper (post-1.65 live feature)
Fusi,,GameNPC,npc,2,75,165,Cathal Valley,165,unverified: no CapnBry data for this zone
Takker,Arrow Merchant,GameMerchant,npc,2,44,165,Cathal Valley,165,1.65-era: seen by CapnBry (another zone)
Karis,Guild Emblemeer,EmblemNPC,npc,2,50,165,Cathal Valley,165,1.65-era: seen by CapnBry (another zone)
Lalitia,Reskin NPC,ItemModel,npc,2,50,165,Cathal Valley,165,unverified: no CapnBry data for this zone
Bjorg,Dye Merchant,GameMerchant,npc,2,50,165,Cathal Valley,165,unverified: no CapnBry data for this zone
Brit,Guild Registrar,GuildRegistrar,npc,2,53,165,Cathal Valley,165,1.65-era: seen by CapnBry (another zone)
Jarl Uffenlong,Name Registrar,NameRegistrar,npc,2,55,165,Cathal Valley,165,1.65-era: seen by CapnBry (another zone)
Hilde,Smith,Blacksmith,npc,2,30,165,Cathal Valley,165,1.65-era: seen by CapnBry (another zone)
Oilibhear,Poison Merchant,GameMerchant,npc,2,50,165,Cathal Valley,165,1.65-era: seen by CapnBry (another zone)
Midgard Trainer,Master Trainer,Scripts.AtlasTrainer,npc,2,75,165,Cathal Valley,165,Atlas / later: Atlas trainer
Aishhe,Weapon Merchant,GameMerchant,npc,2,35,165,Cathal Valley,165,unverified: no CapnBry data for this zone
Fenrir,Effect Master,EffectNPC,npc,2,50,165,Cathal Valley,165,Atlas / later: Atlas cosmetic effect vendor
Iama,Weapon Merchant,GameMerchant,npc,3,50,200,Bog of Cullen,205,"likely period: listed in this zone by Illia's bestiary (2001-2010 data, may include later NPCs)"
mysterious lurker,,GameNPC,npc,1,15,10,City of Camelot,26,likely period: listed by Illia's bestiary in another zone
Sirraent,Vault Banker,GameNPC,npc,3,50,202,Aberillan,225,unverified: no CapnBry data for this zone
Ranger,,Keeps.GuardArcher,guard,3,52,200,Breifine,212,1.65-era: seen in this zone by CapnBry
Bellea Ripley,,GameNPC,npc,1,50,2,Stoneleigh,262,unverified: no CapnBry data for this zone
Odord,Fletchers Master,FletchingMaster,npc,2,65,102,Kaupang,122,unverified: no CapnBry data for this zone
Gularg,Stable Master,GameStableMaster,npc,2,41,100,Vale of Mularn,100,1.65-era: seen in this zone by CapnBry
Sentinel Eimile,,GameGuard,guard,3,50,200,Silvermine Mts.,201,1.65-era: seen in this zone by CapnBry
Aud,Healer,GameHealer,npc,2,20,100,East Svealand,101,1.65-era: seen in this zone by CapnBry
Mairona,,GameNPC,npc,3,50,200,Silvermine Mts.,201,1.65-era: seen in this zone by CapnBry
Tillidery,Vault Banker,GameNPC,npc,1,55,2,Sherborne,261,unverified: no CapnBry data for this zone
Auliffe,Magician Trainer,Trainer.MagicianTrainer,npc,3,40,200,Connacht,207,1.65-era: seen in this zone by CapnBry
Siodhachan,Champion Trainer,Trainer.ChampionTrainer,npc,3,45,200,Silvermine Mts.,201,1.65-era: seen in this zone by CapnBry
Luke,Merchant,GameMerchant,npc,1,38,10,City of Camelot,26,unverified: not in CapnBry for this zone
Master Ranger,,GameGuard,guard,3,255,200,Valley of Bri Leith,206,1.65-era: seen by CapnBry (another zone)
ambient pixie,,GameNPC,npc,3,1,200,Lough Derg,200,unverified: not in CapnBry for this zone
Saeunn,Viking Trainer,Trainer.VikingTrainer,npc,2,47,100,East Svealand,101,1.65-era: seen in this zone by CapnBry
Glum,Rogue Trainer,Trainer.RogueTrainer,npc,2,50,100,Vale of Mularn,100,1.65-era: seen in this zone by CapnBry
Honayt'rt,,GameNPC,npc,1,50,51,Avalon Isle,52,1.65-era: seen in this zone by CapnBry
Hephas Elgen,Weaponsmiths Master,GameNPC,npc,1,76,10,City of Camelot,26,1.65-era: seen in this zone by CapnBry
Armsman Commander,,Keeps.GuardCommander,guard,1,52,1,Pennine Mountains,14,unverified: not in CapnBry for this zone
Olane,,GameNPC,npc,3,18,200,Valley of Bri Leith,206,"likely period: listed in this zone by Illia's bestiary (2001-2010 data, may include later NPCs)"
Mahon,Weapon Merchant,GameMerchant,npc,3,35,200,Connacht,207,1.65-era: seen in this zone by CapnBry
Guardian,,Keeps.GuardFighter,guard,3,52,200,Breifine,212,1.65-era: seen in this zone by CapnBry
Brother Alfred,,GameNPC,npc,1,35,1,Snowdonia,12,likely period: listed by Illia's bestiary in another zone
Knight Commander,,GameNPC,npc,1,255,1,Forest Sauvage,11,1.65-era: seen in this zone by CapnBry
Magus Vamos,Cabalist Trainer,Trainer.CabalistTrainer,npc,1,50,1,Avalon Marsh,9,unverified: not in CapnBry for this zone
Huntress Lenna,,GameNPC,npc,1,35,1,Campacorentin Forest,8,1.65-era: seen in this zone by CapnBry
Apprentice Taxidermist,,GameNPC,npc,2,35,102,Holmestrand,266,unverified: no CapnBry data for this zone
Master Armsman,,GameGuard,guard,1,255,165,Cathal Valley,165,unverified: no CapnBry data for this zone
Cristolia,Dye Merchant,GameMerchant,npc,3,1,201,Tir na Nog,209,1.65-era: seen in this zone by CapnBry
Josephina Stokes,Merchant,GameMerchant,npc,1,50,51,Dales of Devwy,53,"likely period: listed in this zone by Illia's bestiary (2001-2010 data, may include later NPCs)"
Celder,Arrow Merchant,GameMerchant,npc,3,35,200,Silvermine Mts.,201,1.65-era: seen in this zone by CapnBry
Hallaya,Dye Merchant,GameMerchant,npc,2,1,100,Gotar,103,1.65-era: seen in this zone by CapnBry
Guardian Sergeant,,GameGuard,guard,1,40,1,Campacorentin Forest,8,1.65-era: seen in this zone by CapnBry
Commander,,GameGuard,guard,1,45,1,Camelot Hills,0,1.65-era: seen in this zone by CapnBry
Caibre,,GameNPC,npc,3,35,181,Caillte Garran,182,"likely period: listed in this zone by Illia's bestiary (2001-2010 data, may include later NPCs)"
Market Explorer,,MarketExplorer,npc,2,50,102,Erikstaad,114,"Atlas / later: Market Explorer (housing consignment search, post-1.65 / Atlas)"
Yrjo,Weapon Merchant,GameMerchant,npc,2,50,151,Aegir's Landing,151,1.65-era: seen in this zone by CapnBry
Armsman,,Keeps.GuardFighter,guard,1,57,100,Yggdra Forest,112,1.65-era: seen by CapnBry (another zone)
Keep Sentinel,,GameNPC,npc,3,255,200,Connacht,207,1.65-era: seen by CapnBry (another zone)
Master Wizard,,GameGuard,guard,1,255,1,Forest Sauvage,11,1.65-era: seen in this zone by CapnBry
Ethan Farley,Armor Merchant,GameMerchant,npc,1,15,10,City of Camelot,26,1.65-era: seen in this zone by CapnBry
Slaine,Armor Merchant,GameMerchant,npc,3,35,200,Lough Gur,204,"likely period: listed in this zone by Illia's bestiary (2001-2010 data, may include later NPCs)"
Aurlia,,GameNPC,npc,3,50,201,Tir na Nog,209,unverified: not in CapnBry for this zone
Guardian,,GameGuard,guard,1,54,51,Isle of Glass,51,1.65-era: seen in this zone by CapnBry
Geston Lurger,Weapon Merchant,GameMerchant,npc,1,36,1,Campacorentin Forest,8,"likely period: listed in this zone by Illia's bestiary (2001-2010 data, may include later NPCs)"
Sentinel,,GameGuard,guard,3,53,200,Connacht,207,1.65-era: seen in this zone by CapnBry
Knight Commander,,GameNPC,npc,1,255,1,Forest Sauvage,11,1.65-era: seen in this zone by CapnBry
ambient pixie,,GameNPC,npc,3,1,201,Tir na Nog,209,unverified: not in CapnBry for this zone
Flynn,Stable Master,GameStableMaster,npc,1,50,2,Stoneleigh,262,unverified: no CapnBry data for this zone
Aki,Weapon Merchant,GameMerchant,npc,2,20,100,Myrkwood Forest,105,1.65-era: seen in this zone by CapnBry
Market Explorer,,MarketExplorer,npc,3,50,202,Dunshire,215,"Atlas / later: Market Explorer (housing consignment search, post-1.65 / Atlas)"
Lady Aelawen,,GameNPC,npc,1,50,1,Camelot Hills,0,1.65-era: seen in this zone by CapnBry
Odward,Spiritmaster Trainer,Trainer.SpiritmasterTrainer,npc,2,50,151,Faraheim,154,1.65-era: seen in this zone by CapnBry
Piper,Hastener,GameHastener,npc,1,30,2,Old Sarum,16,1.65-era: seen by CapnBry (another zone)
Colm,Armor Merchant,GameMerchant,npc,3,35,200,Shannon Estuary,202,1.65-era: seen in this zone by CapnBry
Arnfinn,Smith,Blacksmith,npc,2,30,100,East Svealand,101,1.65-era: seen in this zone by CapnBry
Ingemur,Berserker Trainer,Trainer.BerserkerTrainer,npc,2,55,100,West Svealand,102,1.65-era: seen in this zone by CapnBry
Trini Piper,,GameNPC,npc,1,15,1,Black Mtns. South,2,1.65-era: seen in this zone by CapnBry
Chiara,,GameNPC,npc,3,52,200,Valley of Bri Leith,206,"likely period: listed in this zone by Illia's bestiary (2001-2010 data, may include later NPCs)"
Master Ranger,,GameGuard,guard,3,255,200,Connacht,207,1.65-era: seen in this zone by CapnBry
Viking Archer,,GameGuard,guard,2,95,100,West Svealand,102,1.65-era: seen in this zone by CapnBry
Stor Gothi Grentor,,GameNPC,npc,2,60,102,Wyndham,119,unverified: no CapnBry data for this zone
Vivienne,Armor Merchant,GameMerchant,npc,3,50,200,Shannon Estuary,202,"likely period: listed in this zone by Illia's bestiary (2001-2010 data, may include later NPCs)"
Master Wizard,,GameNPC,npc,1,255,1,Forest Sauvage,11,1.65-era: seen in this zone by CapnBry
Sindri,,GameNPC,npc,2,50,102,Erikstaad,114,unverified: not in CapnBry for this zone
Master Guardian,,GameGuard,guard,3,255,1,Hadrian's Wall,15,unverified: not in CapnBry for this zone
Master Wizard,,GameNPC,npc,1,255,165,Cathal Valley,165,"likely period: listed in this zone by Illia's bestiary (2001-2010 data, may include later NPCs)"
Master Ranger,,GameGuard,guard,3,255,200,Connacht,207,1.65-era: seen in this zone by CapnBry
Criostoir,Smith,Blacksmith,npc,3,36,200,Connacht,207,1.65-era: seen in this zone by CapnBry
Master of Runes,,GameGuard,guard,2,255,165,Cathal Valley,165,"likely period: listed in this zone by Illia's bestiary (2001-2010 data, may include later NPCs)"
Kellyn,Tailors Master,TailoringMaster,npc,3,65,202,Moycullen,273,unverified: no CapnBry data for this zone
horse,,GameNPC,npc,3,55,202,Torrylin,217,1.65-era: seen by CapnBry (another zone)
ambient boar,,GameNPC,npc,2,5,101,Jordheim,120,unverified: not in CapnBry for this zone
Sentinel,,GameGuard,guard,3,50,201,Tir na Nog,209,1.65-era: seen in this zone by CapnBry
Eirik,Weapon Merchant,GameMerchant,npc,2,50,100,East Svealand,101,1.65-era: seen in this zone by CapnBry
Kieran Breen,,GameNPC,npc,3,38,201,Tir na Nog,209,1.65-era: seen in this zone by CapnBry
Kerwin,Healer,GameHealer,npc,3,38,200,Bog of Cullen,205,"likely period: listed in this zone by Illia's bestiary (2001-2010 data, may include later NPCs)"
Viking Archer,,GameNPC,npc,2,95,100,Uppland,111,1.65-era: seen in this zone by CapnBry
Master of Runes,,GameNPC,npc,2,255,100,Uppland,111,1.65-era: seen in this zone by CapnBry
Apprentice Donald,,AlbionSITeleporter,npc,1,50,51,Dales of Devwy,53,unverified: no CapnBry data for this zone
Madlen,Vault Banker,GameNPC,npc,1,50,2,Caerwent,13,unverified: not in CapnBry for this zone
Vorgar,Stable Master,GameStableMaster,npc,2,44,100,Uppland,111,1.65-era: seen in this zone by CapnBry
Master Wizard,,GameNPC,npc,1,255,1,Forest Sauvage,11,1.65-era: seen in this zone by CapnBry
Viking Huscarl,,GameGuard,guard,2,255,1,Hadrian's Wall,15,1.65-era: seen in this zone by CapnBry
Malior,Poison Merchant,GameMerchant,npc,3,37,201,Tir na Nog,209,1.65-era: seen in this zone by CapnBry
Sentinel Liadin,,GameGuard,guard,3,52,201,Tir na Nog,209,1.65-era: seen in this zone by CapnBry
Graeme Dalston,Weapon Merchant,GameMerchant,npc,1,1,1,Avalon Marsh,9,"likely period: listed in this zone by Illia's bestiary (2001-2010 data, may include later NPCs)"
ambient rat,,GameNPC,npc,0,1,10,City of Camelot,26,unverified: not in CapnBry for this zone
Gleryn,Armorsmiths Master,GameNPC,npc,3,65,202,Aberillan,225,unverified: no CapnBry data for this zone
Master of Runes,,GameGuard,guard,2,255,1,Hadrian's Wall,15,1.65-era: seen in this zone by CapnBry
Tyrn,Armor Merchant,GameMerchant,npc,2,20,100,East Svealand,101,1.65-era: seen in this zone by CapnBry
Mitri,,GameNPC,npc,3,50,181,Caillte Garran,182,"likely period: listed in this zone by Illia's bestiary (2001-2010 data, may include later NPCs)"
Roibin,Poison Merchant,GameMerchant,npc,3,35,201,Tir na Nog,209,1.65-era: seen by CapnBry (another zone)
Edana,Arrow Merchant,GameMerchant,npc,3,50,200,Shannon Estuary,202,1.65-era: seen in this zone by CapnBry
Piper,Hastener,GameHastener,npc,1,30,2,Caerwent,13,1.65-era: seen in this zone by CapnBry
Sheridan Ripley,,GameNPC,npc,1,50,2,Old Sarum,16,unverified: no CapnBry data for this zone
Lieutenant Jursen,,GameNPC,npc,1,22,1,Black Mtns. South,2,"likely period: listed in this zone by Illia's bestiary (2001-2010 data, may include later NPCs)"
Otkel,Shield Merchant,GameMerchant,npc,2,20,100,Myrkwood Forest,105,1.65-era: seen in this zone by CapnBry
Sentinel Kynon,,GameNPC,npc,3,50,201,Tir na Nog,209,1.65-era: seen in this zone by CapnBry
ambient pixie,,GameNPC,npc,3,1,200,Connacht,207,unverified: not in CapnBry for this zone
Mercia,Vault Banker,GameNPC,npc,1,50,2,Rilan,17,unverified: not in CapnBry for this zone
Guardsman,,GameGuard,guard,1,30,10,City of Camelot,26,1.65-era: seen in this zone by CapnBry
deamhan aeir,,NightSpawn,npc,0,37,200,Cruachan Gorge,211,1.65-era: seen by CapnBry (another zone)
Master of Runes,,GameGuard,guard,2,255,165,Cathal Valley,165,"likely period: listed in this zone by Illia's bestiary (2001-2010 data, may include later NPCs)"
innocent,,GameNPC,npc,2,35,246,Dodens Gruva,246,1.65-era: seen in this zone by CapnBry
Irinida,Weapon Merchant,GameMerchant,npc,3,50,181,Vigilant Rock,186,"likely period: listed in this zone by Illia's bestiary (2001-2010 data, may include later NPCs)"
Sister Endri,Healer,GameHealer,npc,1,22,1,Avalon Marsh,9,"likely period: listed in this zone by Illia's bestiary (2001-2010 data, may include later NPCs)"
Pengrek Prattler,,GameNPC,npc,1,50,1,Snowdonia,12,likely period: listed by Illia's bestiary in another zone
Hodern,Armor Merchant,GameMerchant,npc,2,50,101,Jordheim,120,1.65-era: seen in this zone by CapnBry
ambient rat,,GameNPC,npc,0,1,101,Jordheim,120,unverified: not in CapnBry for this zone
Knight Commander,,GameNPC,npc,1,255,1,Forest Sauvage,11,1.65-era: seen in this zone by CapnBry
Doysa,Reaver Trainer,Trainer.ReaverTrainer,npc,1,25,1,Avalon Marsh,9,"likely period: listed in this zone by Illia's bestiary (2001-2010 data, may include later NPCs)"
Ingrid,Arrow Merchant,GameMerchant,npc,2,41,100,Myrkwood Forest,105,"likely period: listed in this zone by Illia's bestiary (2001-2010 data, may include later NPCs)"
new mob,,Keeps.FrontierHastener,npc,0,1,252,Thidranki,252,unverified: no CapnBry data for this zone
Karle Alfevson,,GameNPC,npc,2,50,151,Aegir's Landing,151,1.65-era: seen in this zone by CapnBry
Valanda,Vault Banker,GameNPC,npc,1,54,2,Caerwent,13,unverified: not in CapnBry for this zone
Gunther Janson,Name Registrar,GameNPC,npc,2,50,151,Aegir's Landing,151,1.65-era: seen in this zone by CapnBry
Uilliam,Warden Trainer,Trainer.WardenTrainer,npc,3,50,200,Silvermine Mts.,201,1.65-era: seen in this zone by CapnBry
Skald of Midgard,Hastener,GameHastener,npc,2,50,151,Aegir's Landing,151,likely period: listed by Illia's bestiary in another zone
Lyrist,Hastener,GameHastener,npc,3,30,202,Kilcullen,218,unverified: no CapnBry data for this zone
Caspar,Vault Banker,GameNPC,npc,2,50,102,Erikstaad,114,unverified: not in CapnBry for this zone
Jhular,Stable Master,GameStableMaster,npc,1,50,1,Avalon Marsh,9,1.65-era: seen in this zone by CapnBry
faerie frog,,DaySpawn,npc,0,28,1,Snowdonia,12,"likely period: listed in this zone by Illia's bestiary (2001-2010 data, may include later NPCs)"
Karl Gat,,GameNPC,npc,2,50,100,East Svealand,101,1.65-era: seen in this zone by CapnBry
Gormghlaith,,GameNPC,npc,3,40,200,Silvermine Mts.,201,1.65-era: seen in this zone by CapnBry
Vielder,Merchant,GameMerchant,npc,2,53,102,Kaupang,122,unverified: no CapnBry data for this zone
Canan,Seer Trainer,Trainer.SeerTrainer,npc,2,20,100,Myrkwood Forest,105,1.65-era: seen in this zone by CapnBry
Eavan,,GameNPC,npc,3,30,201,Tir na Nog,209,1.65-era: seen in this zone by CapnBry
Knight Commander,,GameGuard,guard,1,255,1,Snowdonia,12,"likely period: listed in this zone by Illia's bestiary (2001-2010 data, may include later NPCs)"
Scout,,Keeps.GuardArcher,guard,1,52,1,Forest Sauvage,11,1.65-era: seen in this zone by CapnBry
horse,,GameNPC,npc,3,55,202,Dunshire,215,1.65-era: seen by CapnBry (another zone)
Master Guardian,,GameGuard,guard,3,255,165,Cathal Valley,165,unverified: no CapnBry data for this zone
Gils,Fletchers Master,FletchingMaster,npc,2,40,101,Jordheim,120,1.65-era: seen in this zone by CapnBry
Knight Commander,,GameNPC,npc,1,255,1,Snowdonia,12,"likely period: listed in this zone by Illia's bestiary (2001-2010 data, may include later NPCs)"
Wynda,Shield Merchant,GameMerchant,npc,3,50,200,Shannon Estuary,202,"likely period: listed in this zone by Illia's bestiary (2001-2010 data, may include later NPCs)"
Lyrist,Hastener,GameHastener,npc,3,30,202,Meath,213,unverified: no CapnBry data for this zone
wind ghoul,,NightSpawn,npc,0,7,200,Connacht,207,1.65-era: seen in this zone by CapnBry
Aredith,,GameNPC,npc,2,50,100,Myrkwood Forest,105,"likely period: listed in this zone by Illia's bestiary (2001-2010 data, may include later NPCs)"
Romney,Weapon Merchant,GameMerchant,npc,3,34,201,Tir na Nog,209,1.65-era: seen in this zone by CapnBry
Cudbert Dalston,Weapon Merchant,GameMerchant,npc,1,1,1,Camelot Hills,0,1.65-era: seen in this zone by CapnBry
Ari Gunnbjorn,Weapon Merchant,GameMerchant,npc,2,50,151,Aegir's Landing,151,1.65-era: seen in this zone by CapnBry
Viking Huscarl,,GameGuard,guard,2,255,100,Uppland,111,1.65-era: seen in this zone by CapnBry
Guard Brydus,,GameGuard,guard,1,50,1,Avalon Marsh,9,"likely period: listed in this zone by Illia's bestiary (2001-2010 data, may include later NPCs)"
Guardian,,Keeps.GuardFighter,guard,3,52,200,Breifine,212,1.65-era: seen in this zone by CapnBry
horse,,GameNPC,npc,2,55,102,Kaupang,122,1.65-era: seen by CapnBry (another zone)
innocent,,GameNPC,npc,3,39,276,Marfach Cavern,276,1.65-era: seen by CapnBry (another zone)
Sheelah,Hero Trainer,Trainer.HeroTrainer,npc,3,50,200,Valley of Bri Leith,206,"likely period: listed in this zone by Illia's bestiary (2001-2010 data, may include later NPCs)"
horse,,GameNPC,npc,3,55,181,Domnann,181,1.65-era: seen by CapnBry (another zone)
Veteran Guardsman,,GameGuard,guard,1,43,1,Camelot Hills,0,1.65-era: seen in this zone by CapnBry
Acey Dalston,Fletchers Master,GameNPC,npc,1,44,10,City of Camelot,26,1.65-era: seen in this zone by CapnBry
Sevawen,Fletchers Master,GameNPC,npc,1,65,2,Dalton,18,unverified: no CapnBry data for this zone
Isibael,Weapon Merchant,GameMerchant,npc,3,40,201,Tir na Nog,209,1.65-era: seen in this zone by CapnBry
Larson O'Riley,,GameNPC,npc,1,38,1,Salisbury Plains,1,1.65-era: seen in this zone by CapnBry
Guardian Sergeant,,GameGuard,guard,1,40,1,Campacorentin Forest,8,1.65-era: seen in this zone by CapnBry
Lady Triss,Paladin Trainer,Trainer.PaladinTrainer,npc,1,50,10,City of Camelot,26,1.65-era: seen in this zone by CapnBry
Sentinel Maitias,,GameGuard,guard,3,50,200,Lough Derg,200,1.65-era: seen in this zone by CapnBry
Huscarl,,Keeps.GuardFighter,guard,2,57,200,Breifine,212,1.65-era: seen by CapnBry (another zone)
Emyr,Weapon Merchant,GameMerchant,npc,1,30,1,Campacorentin Forest,8,"likely period: listed in this zone by Illia's bestiary (2001-2010 data, may include later NPCs)"
gray spectre,,NightSpawn,npc,0,22,200,Cruachan Gorge,211,"likely period: listed in this zone by Illia's bestiary (2001-2010 data, may include later NPCs)"
Badorg,,GameNPC,npc,1,50,2,Aylesbury,64,unverified: no CapnBry data for this zone
Voeddyn,Armorsmiths Master,ArmorCraftingMaster,npc,1,69,2,Sherborne,261,unverified: no CapnBry data for this zone
Chieftess Guard Kaala,,GameNPC,npc,2,65,151,Aegir's Landing,151,1.65-era: seen in this zone by CapnBry
Kenna,Armor Merchant,GameMerchant,npc,3,40,200,Silvermine Mts.,201,1.65-era: seen in this zone by CapnBry
Piper,Hastener,GameHastener,npc,1,30,2,Caerwent,13,1.65-era: seen in this zone by CapnBry
ambient rat,,GameNPC,npc,0,1,101,Jordheim,120,unverified: not in CapnBry for this zone
Mikaela Borjeson,Guild Emblemer,EmblemNPC,npc,2,50,151,Aegir's Landing,151,1.65-era: seen in this zone by CapnBry
Loretta Egesa,Weapon Merchant,GameMerchant,npc,1,8,1,Campacorentin Forest,8,"likely period: listed in this zone by Illia's bestiary (2001-2010 data, may include later NPCs)"
Viking Archer,,GameNPC,npc,2,95,100,Uppland,111,1.65-era: seen in this zone by CapnBry
Sentinel,,GameGuard,guard,3,50,200,Connacht,207,1.65-era: seen in this zone by CapnBry
Hunter Kenwin,,GameNPC,npc,1,30,1,Campacorentin Forest,8,"likely period: listed in this zone by Illia's bestiary (2001-2010 data, may include later NPCs)"
Lunet Walker,Armor Merchant,GameMerchant,npc,1,46,51,Avalon Isle,52,1.65-era: seen in this zone by CapnBry
Sentinel,,GameGuard,guard,3,50,201,Tir na Nog,209,1.65-era: seen in this zone by CapnBry
Guardian,French Corporation,Keeps.GuardFighter,guard,3,56,200,Cruachan Gorge,211,1.65-era: seen by CapnBry (another zone)
Master of Runes,,GameGuard,guard,2,255,165,Cathal Valley,165,"likely period: listed in this zone by Illia's bestiary (2001-2010 data, may include later NPCs)"
Aylmer Colman,Stable Master,GameStableMaster,npc,1,50,51,Isle of Glass,51,1.65-era: seen in this zone by CapnBry
Veteran Guardsman,,GameGuard,guard,1,43,10,City of Camelot,26,1.65-era: seen in this zone by CapnBry
Bowman Commander,,GameGuard,guard,1,255,165,Cathal Valley,165,"likely period: listed in this zone by Illia's bestiary (2001-2010 data, may include later NPCs)"
horse,,GameNPC,npc,3,55,200,Lough Gur,204,1.65-era: seen by CapnBry (another zone)
faerie frog,,DaySpawn,npc,0,29,1,Snowdonia,12,"likely period: listed in this zone by Illia's bestiary (2001-2010 data, may include later NPCs)"
Apprentice Taxidermist,,GameNPC,npc,2,35,102,Wyndham,119,unverified: no CapnBry data for this zone
Crosby,Vault Banker,GameNPC,npc,2,50,102,Carlingford,118,unverified: no CapnBry data for this zone
Hilde,Smith,Blacksmith,npc,2,15,100,Vale of Mularn,100,1.65-era: seen in this zone by CapnBry
Ranger,,Keeps.GuardArcher,guard,3,52,100,Jamtland Mountains,113,1.65-era: seen in this zone by CapnBry
Gythja of the Aesir,,GameNPC,npc,2,50,100,West Svealand,102,1.65-era: seen in this zone by CapnBry
Creeper,,GameNPC,npc,3,15,200,Lough Derg,200,1.65-era: seen in this zone by CapnBry
Avang,,GameNPC,npc,2,41,151,Gripklosa Mountains,152,1.65-era: seen in this zone by CapnBry
Helori,Weapon Merchant,GameMerchant,npc,3,50,200,Bog of Cullen,205,"likely period: listed in this zone by Illia's bestiary (2001-2010 data, may include later NPCs)"
zombie boar,,NightSpawn,npc,0,5,1,Camelot Hills,0,1.65-era: seen in this zone by CapnBry
ambient pixie,,GameNPC,npc,3,1,201,Tir na Nog,209,unverified: not in CapnBry for this zone
Jim Stark,Healer,GameHealer,npc,1,38,51,Isle of Glass,51,1.65-era: seen in this zone by CapnBry
Lalitia,Reskin NPC,ItemModel,npc,2,50,334,Midgard Event,334,unverified: no CapnBry data for this zone
Stor Gothi Agreg,,GameNPC,npc,2,60,102,Carlingford,118,unverified: no CapnBry data for this zone
Danardae,Vault Banker,GameNPC,npc,2,50,102,Nittedal,267,unverified: no CapnBry data for this zone
Jon Blake,Merchant,GameMerchant,npc,1,50,51,Avalon Isle,52,1.65-era: seen in this zone by CapnBry
Master of Runes,,GameGuard,guard,2,255,165,Cathal Valley,165,"likely period: listed in this zone by Illia's bestiary (2001-2010 data, may include later NPCs)"
Jaklyr,,GameNPC,npc,2,60,151,Gripklosa Mountains,152,1.65-era: seen in this zone by CapnBry
Veteran Guardsman,,GameGuard,guard,1,40,10,City of Camelot,26,1.65-era: seen in this zone by CapnBry
Barkeep Edda,,GameNPC,npc,2,50,151,Aegir's Landing,151,1.65-era: seen in this zone by CapnBry
Master Wizard,,GameNPC,npc,1,255,165,Cathal Valley,165,"likely period: listed in this zone by Illia's bestiary (2001-2010 data, may include later NPCs)"
Alchemist apprentice,Merchant,GameMerchant,npc,2,50,102,Holmestrand,266,unverified: no CapnBry data for this zone
Master Guardian,,GameGuard,guard,3,255,165,Cathal Valley,165,unverified: no CapnBry data for this zone
Teague,Ranger Trainer,Trainer.RangerTrainer,npc,3,50,200,Silvermine Mts.,201,1.65-era: seen in this zone by CapnBry
Armund,Weapon Merchant,GameMerchant,npc,2,50,100,Vale of Mularn,100,1.65-era: seen in this zone by CapnBry
Fost Mra,Armor Merchant,GameMerchant,npc,1,40,1,Black Mtns. South,2,1.65-era: seen in this zone by CapnBry
Master Wizard,,GameNPC,npc,1,255,1,Snowdonia,12,1.65-era: seen in this zone by CapnBry
Thordia,Warrior Trainer,Trainer.WarriorTrainer,npc,2,50,101,Jordheim,120,1.65-era: seen in this zone by CapnBry
Arthur,,GameNPC,npc,1,75,27,Lamfhota's Sound,29,unverified: no CapnBry data for this zone
Ulfar,Consignment Banker,GameNPC,npc,2,54,102,Erikstaad,114,unverified: not in CapnBry for this zone
Legaehar,Alchemists Master,GameNPC,npc,1,65,2,Caerwent,13,unverified: not in CapnBry for this zone
Master Eldritch,,GameGuard,guard,3,255,165,Cathal Valley,165,1.65-era: seen by CapnBry (another zone)
ambient pixie,,GameNPC,npc,3,1,200,Connacht,207,unverified: not in CapnBry for this zone
Coridheid,Armor Merchant,GameMerchant,npc,3,50,181,Vigilant Rock,186,"likely period: listed in this zone by Illia's bestiary (2001-2010 data, may include later NPCs)"
Viking Huscarl,,GameGuard,guard,2,255,1,Hadrian's Wall,15,1.65-era: seen in this zone by CapnBry
Hibernia Decorator,Merchant,GameMerchant,npc,3,40,202,Saeranthal,219,unverified: no CapnBry data for this zone
new mob,,Keeps.FrontierHastener,npc,0,1,165,Cathal Valley,165,unverified: no CapnBry data for this zone
Lieutenant Crosean,Scout Trainer,Trainer.ScoutTrainer,npc,1,50,1,Avalon Marsh,9,"likely period: listed in this zone by Illia's bestiary (2001-2010 data, may include later NPCs)"
Hrolf,Weapon Merchant,GameMerchant,npc,2,50,100,Vale of Mularn,100,1.65-era: seen in this zone by CapnBry
Tavish Camshron,,GameNPC,npc,1,49,1,Black Mtns. South,2,"likely period: listed in this zone by Illia's bestiary (2001-2010 data, may include later NPCs)"
Jasper Shirynn,Stable Master,GameStableMaster,npc,1,50,51,Dales of Devwy,53,"likely period: listed in this zone by Illia's bestiary (2001-2010 data, may include later NPCs)"
Apprentice Taxidermist,,GameNPC,npc,3,38,202,Moycullen,273,unverified: no CapnBry data for this zone
Elger Leafblade,Bow Merchant,GameMerchant,npc,1,38,1,Campacorentin Forest,8,1.65-era: seen in this zone by CapnBry
Master Elementalist,,Scripts.OFAssistant,npc,1,100,1,Forest Sauvage,11,Atlas / later: Atlas frontier medallion assistant
deamhan aeir,,NightSpawn,npc,0,35,200,Cruachan Gorge,211,1.65-era: seen by CapnBry (another zone)
Hastener,,GameHastener,npc,2,50,27,Lamfhota's Sound,29,1.65-era: seen by CapnBry (another zone)
Viking Archer,,GameNPC,npc,2,95,100,Uppland,111,1.65-era: seen in this zone by CapnBry
Epona,Healer,GameHealer,npc,3,35,200,Lough Derg,200,1.65-era: seen in this zone by CapnBry
Master Arbaedes,Wizard Trainer,Trainer.WizardTrainer,npc,1,55,1,Campacorentin Forest,8,"likely period: listed in this zone by Illia's bestiary (2001-2010 data, may include later NPCs)"
Sir Fundin,,GameNPC,npc,1,45,1,Avalon Marsh,9,1.65-era: seen in this zone by CapnBry
Guardian Sergeant,,GameGuard,guard,1,44,1,Avalon Marsh,9,1.65-era: seen in this zone by CapnBry
Linidd,Weapon Merchant,GameMerchant,npc,1,8,1,Campacorentin Forest,8,"likely period: listed in this zone by Illia's bestiary (2001-2010 data, may include later NPCs)"
Alastriona,,GameNPC,npc,3,24,200,Lough Derg,200,1.65-era: seen in this zone by CapnBry
General Vaul,,GameNPC,npc,1,1,1,Black Mtns. South,2,"likely period: listed in this zone by Illia's bestiary (2001-2010 data, may include later NPCs)"
Raemilla,Weapon Merchant,GameMerchant,npc,0,66,51,Gwyddneau,55,likely period: listed by Illia's bestiary in another zone
Guardian,,GameNPC,npc,3,50,200,Lough Gur,204,"likely period: listed in this zone by Illia's bestiary (2001-2010 data, may include later NPCs)"
Viking Dreng,,GameGuard,guard,2,41,100,East Svealand,101,1.65-era: seen in this zone by CapnBry
Brother Dupre,Acolyte Trainer,Trainer.AcolyteTrainer,npc,1,26,1,Black Mtns. South,2,"likely period: listed in this zone by Illia's bestiary (2001-2010 data, may include later NPCs)"
Master of Runes,,GameNPC,npc,2,255,100,West Svealand,102,1.65-era: seen in this zone by CapnBry
Mawn,Vault Banker,GameNPC,npc,3,50,202,Tullamore,272,unverified: no CapnBry data for this zone
Guardian,,GameGuard,guard,3,50,201,Tir na Nog,209,1.65-era: seen in this zone by CapnBry
Guard Fulton,,GameGuard,guard,1,50,1,Black Mtns. South,2,1.65-era: seen in this zone by CapnBry
new mob,,Keeps.FrontierHastener,npc,0,1,200,Breifine,212,unverified: not in CapnBry for this zone
Master Carrobeth,,GameNPC,npc,1,60,2,Stoneleigh,262,unverified: no CapnBry data for this zone
Ullaria,Dye Merchant,GameMerchant,npc,2,20,100,Gotar,103,1.65-era: seen in this zone by CapnBry
Master Guardian,,GameGuard,guard,3,255,1,Hadrian's Wall,15,unverified: not in CapnBry for this zone
Piper,Hastener,GameHastener,npc,1,30,2,Stoneleigh,262,1.65-era: seen by CapnBry (another zone)
Farrahir,,GameNPC,npc,2,52,102,Stavgaard,268,unverified: no CapnBry data for this zone
Klipp,Vault Banker,GameNPC,npc,2,55,102,Stavgaard,268,unverified: no CapnBry data for this zone
Kern,Enchanter,Enchanter,npc,3,50,200,Lough Gur,204,"likely period: listed in this zone by Illia's bestiary (2001-2010 data, may include later NPCs)"
Zericien,Tailors Master,TailoringMaster,npc,3,65,202,Torrylin,217,unverified: no CapnBry data for this zone
Becarra,Healer,GameHealer,npc,3,50,200,Lough Gur,204,"likely period: listed in this zone by Illia's bestiary (2001-2010 data, may include later NPCs)"
Aino,Weapon Merchant,GameMerchant,npc,2,53,151,Aegir's Landing,151,1.65-era: seen in this zone by CapnBry
Market Explorer,,MarketExplorer,npc,2,50,102,Wyndham,119,"Atlas / later: Market Explorer (housing consignment search, post-1.65 / Atlas)"
Lord Benowyc,,Keeps.GuardLord,guard,1,63,1,Hadrian's Wall,15,unverified: not in CapnBry for this zone
Trapper Jora,,GameNPC,npc,2,35,100,East Svealand,101,1.65-era: seen in this zone by CapnBry
Harald,Weapon Merchant,GameMerchant,npc,2,20,100,Gotar,103,1.65-era: seen in this zone by CapnBry
ambient rat,,GameNPC,npc,0,1,10,City of Camelot,26,unverified: not in CapnBry for this zone
Dorgmar,Vault Banker,GameNPC,npc,2,50,102,Arothi,117,unverified: no CapnBry data for this zone
Edernola,Instrument Merchant,GameMerchant,npc,3,37,200,Shannon Estuary,202,1.65-era: seen in this zone by CapnBry
Meriel,Blademaster Trainer,Trainer.BlademasterTrainer,npc,3,50,200,Valley of Bri Leith,206,"likely period: listed in this zone by Illia's bestiary (2001-2010 data, may include later NPCs)"
Verdandi,Vault Banker,GameNPC,npc,2,50,102,Wyndham,119,unverified: no CapnBry data for this zone
horse,,GameNPC,npc,1,55,1,Avalon Marsh,9,1.65-era: seen in this zone by CapnBry
Brit,Guild Registrar,GuildRegistrar,npc,2,53,334,Midgard Event,334,1.65-era: seen by CapnBry (another zone)
Erik the Crier,,GameNPC,npc,1,50,51,Dales of Devwy,53,"likely period: listed in this zone by Illia's bestiary (2001-2010 data, may include later NPCs)"
Cheridda,Fletchers Master,FletchingMaster,npc,1,65,2,Rilan,17,unverified: not in CapnBry for this zone
Apprentice Taxidermist,,GameNPC,npc,3,35,202,Kilcullen,218,unverified: no CapnBry data for this zone
innocent,,GameNPC,npc,2,39,246,Dodens Gruva,246,1.65-era: seen in this zone by CapnBry
Hugh Gallen,Armor Merchant,GameMerchant,npc,1,50,1,Camelot Hills,0,1.65-era: seen in this zone by CapnBry
Ilyana,Healer,GameHealer,npc,3,50,335,Hibernia Event,335,likely period: listed by Illia's bestiary in another zone
disturbed presence,,NightSpawn,npc,0,13,1,Salisbury Plains,1,1.65-era: seen in this zone by CapnBry
Meklorka Lettson,,GameNPC,npc,2,50,151,Munin Sound,155,1.65-era: seen in this zone by CapnBry
Woodsman,,GameGuard,guard,1,15,1,Salisbury Plains,1,1.65-era: seen in this zone by CapnBry
disturbed presence,,NightSpawn,npc,0,13,1,Salisbury Plains,1,1.65-era: seen in this zone by CapnBry
Master Wizard,,GameGuard,guard,1,255,1,Snowdonia,12,1.65-era: seen in this zone by CapnBry
Cauley,Vault Banker,GameNPC,npc,2,50,102,Erikstaad,114,unverified: not in CapnBry for this zone
Viking Archer,,GameGuard,guard,2,95,100,West Svealand,102,1.65-era: seen in this zone by CapnBry
Jeniver,Weaponsmiths Master,WeaponCraftingMaster,npc,3,65,202,Kilcullen,218,unverified: no CapnBry data for this zone
Knight Commander,,GameNPC,npc,1,255,1,Forest Sauvage,11,1.65-era: seen in this zone by CapnBry
Freagus,Stable Master,GameStableMaster,npc,3,30,200,Connacht,207,1.65-era: seen in this zone by CapnBry
ambient pixie,,GameNPC,npc,3,1,200,Connacht,207,unverified: not in CapnBry for this zone
Adalstein Gronholm,Smith,Blacksmith,npc,2,50,151,Munin Sound,155,1.65-era: seen in this zone by CapnBry
Aishhe,Throwing Weapon Merchant,GameMerchant,npc,0,35,27,Lamfhota's Sound,29,unverified: no CapnBry data for this zone
innocent,,GameNPC,npc,1,37,277,Hall of the Corrupt,277,"likely period: listed in this zone by Illia's bestiary (2001-2010 data, may include later NPCs)"
Iaine,Weapon Merchant,GameMerchant,npc,3,38,200,Silvermine Mts.,201,1.65-era: seen in this zone by CapnBry
Darova,Merchant,GameMerchant,npc,3,51,201,Tir na Nog,209,"likely period: listed in this zone by Illia's bestiary (2001-2010 data, may include later NPCs)"
Guardian,,Keeps.GuardFighter,guard,3,52,200,Breifine,212,1.65-era: seen in this zone by CapnBry
Gaevin Sebryn,,GameNPC,npc,1,45,10,City of Camelot,26,1.65-era: seen in this zone by CapnBry
Piper,Hastener,GameHastener,npc,1,30,2,Aylesbury,64,1.65-era: seen by CapnBry (another zone)
Stable Boy Absolon,,GameNPC,npc,1,18,51,Avalon Isle,52,1.65-era: seen in this zone by CapnBry
Sister Elaydith,,GameNPC,npc,1,27,10,City of Camelot,26,1.65-era: seen in this zone by CapnBry
Sentinel,,GameGuard,guard,3,55,201,Tir na Nog,209,1.65-era: seen in this zone by CapnBry
Intoner,Hastener,GameHastener,npc,2,30,102,Frisia,121,1.65-era: seen by CapnBry (another zone)
Viking Archer,,GameGuard,guard,2,255,165,Cathal Valley,165,1.65-era: seen by CapnBry (another zone)
Sentinel Moya,,GameGuard,guard,3,51,200,Connacht,207,1.65-era: seen in this zone by CapnBry
energy mass,,GameNPC,npc,0,50,244,Passage of Conflict,244,1.65-era: seen in this zone by CapnBry
Jane Knobs,Weapon Merchant,GameMerchant,npc,1,50,51,Isle of Glass,51,1.65-era: seen in this zone by CapnBry
Armsman Commander,,Keeps.GuardCommander,guard,1,52,1,Pennine Mountains,14,unverified: not in CapnBry for this zone
Troll Guard,,GameNPC,npc,2,50,151,Aegir's Landing,151,1.65-era: seen in this zone by CapnBry
Armswoman,,Keeps.GuardFighter,guard,1,52,1,Pennine Mountains,14,1.65-era: seen by CapnBry (another zone)
Naraurs,Vault Banker,GameNPC,npc,1,50,2,Chiltern,260,unverified: no CapnBry data for this zone
Viking Huscarl,,GameGuard,guard,2,255,100,Yggdra Forest,112,1.65-era: seen in this zone by CapnBry
Niino,Guild Registrar,GuildRegistrar,npc,2,50,151,Aegir's Landing,151,1.65-era: seen in this zone by CapnBry
Lasroire,Valewalker Trainer,Trainer.ValewalkerTrainer,npc,3,53,200,Silvermine Mts.,201,"likely period: listed in this zone by Illia's bestiary (2001-2010 data, may include later NPCs)"
Lyall Marnon,Vault Keeper,GameVaultKeeper,npc,1,50,51,Aldland,56,"likely period: listed in this zone by Illia's bestiary (2001-2010 data, may include later NPCs)"
Larcwide Wirt,Armor Weapon,GameMerchant,npc,1,1,10,City of Camelot,26,1.65-era: seen in this zone by CapnBry
Knight Commander,,GameNPC,npc,1,255,100,Odin's Gate,115,1.65-era: seen in this zone by CapnBry
horse,,GameNPC,npc,1,55,1,Snowdonia,12,1.65-era: seen by CapnBry (another zone)
horse,,GameNPC,npc,1,55,2,Rilan,17,1.65-era: seen in this zone by CapnBry
Master Wizard,,GameNPC,npc,1,255,200,Emain Macha,214,1.65-era: seen in this zone by CapnBry
Anayll,Healer,GameHealer,npc,3,50,200,Valley of Bri Leith,206,"likely period: listed in this zone by Illia's bestiary (2001-2010 data, may include later NPCs)"
Guardian,,GameNPC,npc,3,48,200,Valley of Bri Leith,206,1.65-era: seen by CapnBry (another zone)
Seoltoir,,Scripts.OFAssistant,npc,3,100,1,Hadrian's Wall,15,Atlas / later: Atlas frontier medallion assistant
Woodsman,,GameGuard,guard,1,15,1,Black Mtns. South,2,"likely period: listed in this zone by Illia's bestiary (2001-2010 data, may include later NPCs)"
Apprentice Taxidermist,,GameNPC,npc,3,39,202,Broughshane,274,unverified: no CapnBry data for this zone
Brik,Weapon Merchant,GameMerchant,npc,2,50,100,Vale of Mularn,100,1.65-era: seen in this zone by CapnBry
Llagit,Vault Banker,GameNPC,npc,3,50,202,Aberillan,225,unverified: no CapnBry data for this zone
Epheria Brighteye,Weapon Merchant,GameMerchant,npc,1,38,1,Avalon Marsh,9,"likely period: listed in this zone by Illia's bestiary (2001-2010 data, may include later NPCs)"
Ailill,Guardian Trainer,Trainer.GuardianTrainer,npc,3,50,200,Shannon Estuary,202,1.65-era: seen in this zone by CapnBry
Dyemaster Nedda,Dye Merchant,GameMerchant,npc,1,40,1,Campacorentin Forest,8,1.65-era: seen in this zone by CapnBry
Knight Commander,,GameNPC,npc,1,255,200,Emain Macha,214,1.65-era: seen in this zone by CapnBry
Rooka,Dye Merchant,GameMerchant,npc,2,20,100,Gotar,103,1.65-era: seen in this zone by CapnBry
Dillion,Name Registrar,GameNPC,npc,1,38,10,City of Camelot,26,1.65-era: seen in this zone by CapnBry
Hastener,Wulvar Clan,GameHastener,npc,0,75,100,Jamtland Mountains,113,1.65-era: seen in this zone by CapnBry
Lucaudos,Vault Banker,GameNPC,npc,1,53,2,Brisworthy,20,unverified: no CapnBry data for this zone
Burr,Weapon Merchant,GameMerchant,npc,2,42,100,Vale of Mularn,100,1.65-era: seen in this zone by CapnBry
Captain Presan,Armsman Trainer,Trainer.ArmsmanTrainer,npc,1,50,1,Black Mtns. North,3,1.65-era: seen in this zone by CapnBry
Piper,Hastener,GameHastener,npc,1,52,2,Caerwent,13,1.65-era: seen in this zone by CapnBry
faerie frog,,DaySpawn,npc,0,30,1,Snowdonia,12,"likely period: listed in this zone by Illia's bestiary (2001-2010 data, may include later NPCs)"
horse,,GameNPC,npc,2,55,102,Stavgaard,268,1.65-era: seen by CapnBry (another zone)
Master Wizard,,GameNPC,npc,1,255,165,Cathal Valley,165,"likely period: listed in this zone by Illia's bestiary (2001-2010 data, may include later NPCs)"
Bowman Commander,,GameGuard,guard,1,255,165,Cathal Valley,165,"likely period: listed in this zone by Illia's bestiary (2001-2010 data, may include later NPCs)"
Guardian Sergeant,,GameGuard,guard,1,45,1,Avalon Marsh,9,1.65-era: seen in this zone by CapnBry
Eleri,Weapon Merchant,GameMerchant,npc,3,37,200,Connacht,207,1.65-era: seen in this zone by CapnBry
Scryer Alice,,GameNPC,npc,1,50,1,Camelot Hills,0,"likely period: listed in this zone by Illia's bestiary (2001-2010 data, may include later NPCs)"
Haro,,GameNPC,npc,2,44,151,Munin Sound,155,1.65-era: seen in this zone by CapnBry
Apprentice Taxidermist,,GameNPC,npc,3,35,202,Kilcullen,218,unverified: no CapnBry data for this zone
horse,,GameNPC,npc,1,51,2,Sherborne,261,1.65-era: seen by CapnBry (another zone)
Mikkal,Merchant,GameMerchant,npc,2,50,151,Faraheim,154,1.65-era: seen in this zone by CapnBry
Viking Huscarl,,GameGuard,guard,2,255,1,Hadrian's Wall,15,1.65-era: seen in this zone by CapnBry
Lilla,Weapon Merchant,GameMerchant,npc,3,50,181,Caillte Garran,182,unverified: no CapnBry data for this zone
Lexie,Poison Merchant,GameMerchant,npc,3,35,200,Connacht,207,1.65-era: seen in this zone by CapnBry
Gwaell,Poison Merchant,GameMerchant,npc,2,50,100,East Svealand,101,1.65-era: seen in this zone by CapnBry
Viking Dreng,,GameGuard,guard,2,21,100,Vale of Mularn,100,1.65-era: seen in this zone by CapnBry
Rundorik,Stable Master,GameStableMaster,npc,2,41,100,Gotar,103,1.65-era: seen in this zone by CapnBry
Kigua,Recharger,Scripts.Recharger,npc,3,35,200,Shannon Estuary,202,1.65-era: seen in this zone by CapnBry
Master Graent,Fighter Trainer,Trainer.FighterTrainer,npc,1,25,1,Camelot Hills,0,1.65-era: seen in this zone by CapnBry
Kaiti,Armor Merchant,GameMerchant,npc,2,40,100,Myrkwood Forest,105,1.65-era: seen in this zone by CapnBry
ambient pixie,,GameNPC,npc,3,1,200,Connacht,207,unverified: not in CapnBry for this zone
ambient pixie,,GameNPC,npc,3,1,200,Connacht,207,unverified: not in CapnBry for this zone
Krak,Weapon Merchant,GameMerchant,npc,2,20,100,Gotar,103,1.65-era: seen in this zone by CapnBry
Dyemaster Elaria Difner,Dye Merchant,GameMerchant,npc,1,50,51,Isle of Glass,51,"likely period: listed in this zone by Illia's bestiary (2001-2010 data, may include later NPCs)"
Jago,,GameNPC,npc,2,50,151,Aegir's Landing,151,1.65-era: seen in this zone by CapnBry
Intoner,Hastener,GameHastener,npc,2,32,102,Erikstaad,114,1.65-era: seen in this zone by CapnBry
Unn,Bonedancer Trainer,Trainer.BonedancerTrainer,npc,2,50,100,Gotar,103,1.65-era: seen in this zone by CapnBry
Eviloren,Weapon Merchant,GameMerchant,npc,0,62,51,Gwyddneau,55,likely period: listed by Illia's bestiary in another zone
Sentinel,,GameGuard,guard,3,52,200,Silvermine Mts.,201,1.65-era: seen in this zone by CapnBry
ambient pixie,,GameNPC,npc,3,1,201,Tir na Nog,209,unverified: not in CapnBry for this zone
zombie boar,,NightSpawn,npc,0,5,1,Camelot Hills,0,1.65-era: seen in this zone by CapnBry
Troll Guard,,GameNPC,npc,2,54,151,Munin Sound,155,1.65-era: seen in this zone by CapnBry
Veteran Guardsman,,GameGuard,guard,1,50,1,Black Mtns. South,2,1.65-era: seen in this zone by CapnBry
Huscarl,,Keeps.GuardFighter,guard,2,52,100,Jamtland Mountains,113,1.65-era: seen by CapnBry (another zone)
ghastly siabra,,NightSpawn,npc,0,13,200,Lough Derg,200,1.65-era: seen in this zone by CapnBry
Jaso,Siege Merchant,GameMerchant,npc,2,50,100,West Svealand,102,unverified: not in CapnBry for this zone
Viking Archer,,GameGuard,guard,2,255,165,Cathal Valley,165,1.65-era: seen by CapnBry (another zone)
Visna,,GameNPC,npc,2,50,151,Munin Sound,155,1.65-era: seen in this zone by CapnBry
Apprentice Taxidermist,,GameNPC,npc,2,35,102,Erikstaad,114,unverified: not in CapnBry for this zone
Guardian,,Keeps.GuardFighter,guard,3,52,200,Breifine,212,1.65-era: seen in this zone by CapnBry
faerie frog,,DaySpawn,npc,0,28,1,Snowdonia,12,"likely period: listed in this zone by Illia's bestiary (2001-2010 data, may include later NPCs)"
Crim,,GameNPC,npc,1,50,1,Llyn Barfog,7,"likely period: listed in this zone by Illia's bestiary (2001-2010 data, may include later NPCs)"
Viking Archer,,GameNPC,npc,2,95,100,Uppland,111,1.65-era: seen in this zone by CapnBry
Viking Dreng,,GameGuard,guard,2,50,100,Vale of Mularn,100,1.65-era: seen in this zone by CapnBry
Eruven,,GameNPC,npc,3,25,200,Connacht,207,"likely period: listed in this zone by Illia's bestiary (2001-2010 data, may include later NPCs)"
drunken dwarf,,GameNPC,npc,2,45,101,Jordheim,120,1.65-era: seen in this zone by CapnBry
Riona,,GameNPC,npc,3,31,200,Lough Derg,200,1.65-era: seen in this zone by CapnBry
Dano,Emerald Weapon Merchant,GameEmeraldSealsMerchant,npc,3,36,249,Darkness Falls,249,"Atlas / later: Seals merchant (Darkness Rising era, used by Atlas)"
Radella Fletcher,Bolts Merchant,GameMerchant,npc,1,15,1,Salisbury Plains,1,1.65-era: seen in this zone by CapnBry
Koy Morgaudos,Merchant,GameMerchant,npc,1,50,2,Chiltern,260,unverified: no CapnBry data for this zone
Paige Lovell,Vault Keeper,GameVaultKeeper,npc,1,50,51,Dales of Devwy,53,"likely period: listed in this zone by Illia's bestiary (2001-2010 data, may include later NPCs)"
Bjorg,Dye Merchant,GameMerchant,npc,0,50,27,Lamfhota's Sound,29,unverified: no CapnBry data for this zone
Fenrir,Effect Master,EffectNPC,npc,2,50,101,Jordheim,120,Atlas / later: Atlas cosmetic effect vendor
Trachon,Stable Master,GameStableMaster,npc,1,4,1,Black Mtns. North,3,1.65-era: seen in this zone by CapnBry
Tait,Armor Merchant,GameMerchant,npc,2,50,101,Jordheim,120,1.65-era: seen in this zone by CapnBry
zombie boar,,NightSpawn,npc,0,5,1,Camelot Hills,0,1.65-era: seen in this zone by CapnBry
Viking Huscarl,,GameGuard,guard,2,255,165,Cathal Valley,165,1.65-era: seen by CapnBry (another zone)
Vevila,Vault Banker,GameNPC,npc,3,50,202,Torrylin,217,unverified: no CapnBry data for this zone
Asrod,Merchant,GameMerchant,npc,2,50,102,Carlingford,118,unverified: no CapnBry data for this zone
Sir Amren,,GameNPC,npc,1,60,10,City of Camelot,26,likely period: listed by Illia's bestiary in another zone
horse,,GameNPC,npc,2,55,102,Arothi,117,1.65-era: seen by CapnBry (another zone)
Hunter,,Keeps.GuardArcher,guard,2,37,165,Cathal Valley,165,1.65-era: seen by CapnBry (another zone)
Luiseach Erea,Instrument Merchant,GameMerchant,npc,0,65,181,Cothrom Gorge,184,"likely period: listed in this zone by Illia's bestiary (2001-2010 data, may include later NPCs)"
Alchemist apprentice,Merchant,GameMerchant,npc,2,50,102,Frisia,121,unverified: no CapnBry data for this zone
Magess Cormac,Sorcerer Trainer,Trainer.SorcererTrainer,npc,1,50,10,City of Camelot,26,likely period: listed by Illia's bestiary in another zone
Master Xavier,Wizard Trainer,Trainer.WizardTrainer,npc,1,55,51,Aldland,56,"likely period: listed in this zone by Illia's bestiary (2001-2010 data, may include later NPCs)"
Guard Dafydd,Merchant,GameMerchant,npc,1,27,1,Salisbury Plains,1,1.65-era: seen in this zone by CapnBry
Gaenor,Weapon Merchant,GameMerchant,npc,3,45,200,Silvermine Mts.,201,1.65-era: seen in this zone by CapnBry
Lagg,Armor Merchant,GameMerchant,npc,2,20,100,Gotar,103,1.65-era: seen in this zone by CapnBry
Glurcynia,Forester Trainer,Trainer.ForesterTrainer,npc,3,50,200,Silvermine Mts.,201,unverified: not in CapnBry for this zone
Ranger,,Keeps.GuardArcher,guard,3,52,200,Breifine,212,1.65-era: seen in this zone by CapnBry
Luighseach,Blademaster Trainer,Trainer.BlademasterTrainer,npc,3,40,201,Tir na Nog,209,1.65-era: seen in this zone by CapnBry
Filidh Morven,Hastener,GameHastener,npc,3,35,200,Lough Gur,204,1.65-era: seen by CapnBry (another zone)
Sentinel,,GameGuard,guard,3,50,200,Silvermine Mts.,201,1.65-era: seen in this zone by CapnBry
Galodos,,GameNPC,npc,1,33,2,Brisworthy,20,unverified: no CapnBry data for this zone
Lieutenant Arella,,GameNPC,npc,1,50,51,Isle of Glass,51,1.65-era: seen in this zone by CapnBry
Jarlath,,GameNPC,npc,3,40,201,Tir na Nog,209,1.65-era: seen in this zone by CapnBry
a horse,,GameNPC,npc,2,1,101,Jordheim,120,unverified: not in CapnBry for this zone
Sentinel,,GameGuard,guard,3,50,200,Bog of Cullen,205,1.65-era: seen by CapnBry (another zone)
Coremora,Merchant,GameNPC,npc,3,50,202,Moycullen,273,unverified: no CapnBry data for this zone
Vance Calloway,Armor Merchant,GameMerchant,npc,1,50,51,Isle of Glass,51,"likely period: listed in this zone by Illia's bestiary (2001-2010 data, may include later NPCs)"
Gelldob,Vault Banker,GameNPC,npc,2,53,102,Stavgaard,268,unverified: no CapnBry data for this zone
Viking Dreng,,GameGuard,guard,2,20,100,East Svealand,101,1.65-era: seen in this zone by CapnBry
Glasny,,Scripts.OFTeleporter,npc,3,100,1,Hadrian's Wall,15,teleporter (not 1.65; listed separately)
Master Visur,Teleporter,Scripts.LiveTeleporter,npc,1,60,1,Avalon Marsh,9,teleporter (not 1.65; listed separately)
Wariel,,GameNPC,npc,2,41,100,Myrkwood Forest,105,1.65-era: seen in this zone by CapnBry
Ranger,,Keeps.GuardArcher,guard,3,52,200,Breifine,212,1.65-era: seen in this zone by CapnBry
Master Ranger,,GameGuard,guard,3,255,200,Valley of Bri Leith,206,1.65-era: seen by CapnBry (another zone)
Hunter Derwyn,,GameNPC,npc,1,30,1,Camelot Hills,0,1.65-era: seen in this zone by CapnBry
Lamont,Stonecrush Apprentice,GameNPC,npc,1,54,1,Dartmoor,4,"likely period: listed in this zone by Illia's bestiary (2001-2010 data, may include later NPCs)"
Lord Michael,Guild Registrar,GameNPC,npc,1,80,51,Isle of Glass,51,1.65-era: seen in this zone by CapnBry
Ilisa,Smith,Blacksmith,npc,3,35,200,Lough Derg,200,1.65-era: seen in this zone by CapnBry
Geirrid,Armor Merchant,GameMerchant,npc,2,50,100,East Svealand,101,1.65-era: seen in this zone by CapnBry
Peadar,Weapon Merchant,GameMerchant,npc,3,50,200,Shannon Estuary,202,1.65-era: seen in this zone by CapnBry
Master of Runes,,GameNPC,npc,2,255,100,Uppland,111,1.65-era: seen in this zone by CapnBry
Viking Huscarl,,GameNPC,npc,2,255,100,Yggdra Forest,112,1.65-era: seen in this zone by CapnBry
Michael Thornbriar,Merchant,GameMerchant,npc,1,50,51,Aldland,56,"likely period: listed in this zone by Illia's bestiary (2001-2010 data, may include later NPCs)"
innocent,,GameNPC,npc,3,39,276,Marfach Cavern,276,1.65-era: seen by CapnBry (another zone)
Carys,Necromancer Trainer,Trainer.NecromancerTrainer,npc,1,53,51,Isle of Glass,51,1.65-era: seen in this zone by CapnBry
Armswoman,,Keeps.GuardFighter,guard,1,52,1,Pennine Mountains,14,1.65-era: seen by CapnBry (another zone)
Master Dohajan,,GameNPC,npc,1,45,1,Avalon Marsh,9,"likely period: listed in this zone by Illia's bestiary (2001-2010 data, may include later NPCs)"
Vahn,Smith,Blacksmith,npc,2,50,100,Vale of Mularn,100,1.65-era: seen in this zone by CapnBry
Dyemaster Brun,Dye Merchant,GameMerchant,npc,1,37,1,Black Mtns. South,2,"likely period: listed in this zone by Illia's bestiary (2001-2010 data, may include later NPCs)"
Stor Gothi Annark,Teleporter,Scripts.LiveTeleporter,npc,2,60,151,Aegir's Landing,151,teleporter (not 1.65; listed separately)
Market Explorer,,MarketExplorer,npc,3,50,202,Meath,213,"Atlas / later: Market Explorer (housing consignment search, post-1.65 / Atlas)"
Alomali,,GameNPC,npc,2,47,100,East Svealand,101,1.65-era: seen in this zone by CapnBry
Dalea Gronholm,Armor Merchant,GameMerchant,npc,2,50,151,Aegir's Landing,151,1.65-era: seen in this zone by CapnBry
ambient pixie,,GameNPC,npc,3,1,201,Tir na Nog,209,unverified: not in CapnBry for this zone
Armsman,Martine Fait Du RvR,Keeps.GuardFighter,guard,1,56,100,Odin's Gate,115,1.65-era: seen by CapnBry (another zone)
Maureen,Weapon Merchant,GameMerchant,npc,3,50,200,Bog of Cullen,205,"likely period: listed in this zone by Illia's bestiary (2001-2010 data, may include later NPCs)"
Master Olin,Minstrel Trainer,Trainer.MinstrelTrainer,npc,1,50,51,Dales of Devwy,53,"likely period: listed in this zone by Illia's bestiary (2001-2010 data, may include later NPCs)"
Apprentice Taxidermist,,GameNPC,npc,3,35,202,Saeranthal,219,unverified: no CapnBry data for this zone
Master Eldritch,,GameGuard,guard,3,255,100,Odin's Gate,115,1.65-era: seen by CapnBry (another zone)
Champion,,GameNPC,npc,3,255,200,Mount Collory,210,1.65-era: seen by CapnBry (another zone)
Master Visur,Teleporter,Scripts.LiveTeleporter,npc,1,60,1,Campacorentin Forest,8,teleporter (not 1.65; listed separately)
Clan Smith,Smith,Blacksmith,npc,0,54,51,Caldey,54,"likely period: listed in this zone by Illia's bestiary (2001-2010 data, may include later NPCs)"
Janash,Account Vault Keeper,AccountVaultKeeper,npc,2,75,334,Midgard Event,334,Atlas / later: Account vault keeper (post-1.65 live feature)
Master of Runes,,GameGuard,guard,2,255,165,Cathal Valley,165,"likely period: listed in this zone by Illia's bestiary (2001-2010 data, may include later NPCs)"
Viking Huscarl,,GameGuard,guard,2,255,100,Yggdra Forest,112,1.65-era: seen in this zone by CapnBry
ambient boar,,GameNPC,npc,2,5,101,Jordheim,120,unverified: not in CapnBry for this zone
Selia,Bard Trainer,Trainer.BardTrainer,npc,3,40,201,Tir na Nog,209,1.65-era: seen in this zone by CapnBry
Gahaunet,Vault Banker,GameNPC,npc,1,53,2,Brisworthy,20,unverified: no CapnBry data for this zone
Lady Lynn,Cleric Trainer,Trainer.ClericTrainer,npc,1,38,1,Avalon Marsh,9,"likely period: listed in this zone by Illia's bestiary (2001-2010 data, may include later NPCs)"
Sentinel,,GameGuard,guard,3,55,201,Tir na Nog,209,1.65-era: seen in this zone by CapnBry
Armswoman,,Keeps.GuardFighter,guard,1,55,200,Cruachan Gorge,211,1.65-era: seen by CapnBry (another zone)
Sentinel,,GameGuard,guard,3,50,200,Lough Derg,200,1.65-era: seen in this zone by CapnBry
ambient rat,,GameNPC,npc,0,1,200,Lough Derg,200,unverified: not in CapnBry for this zone
Scout,,Keeps.GuardArcher,guard,1,70,1,Snowdonia,12,1.65-era: seen by CapnBry (another zone)
Magess Gwenllian,Mage Trainer,Trainer.MageTrainer,npc,1,50,51,Isle of Glass,51,1.65-era: seen in this zone by CapnBry
Sentinel,,GameGuard,guard,3,52,201,Tir na Nog,209,1.65-era: seen in this zone by CapnBry
Viking Archer,,GameGuard,guard,2,255,165,Cathal Valley,165,1.65-era: seen by CapnBry (another zone)
Intoner,Hastener,GameHastener,npc,2,31,102,Wyndham,119,1.65-era: seen by CapnBry (another zone)
Knight Commander,,GameGuard,guard,1,255,200,Emain Macha,214,1.65-era: seen in this zone by CapnBry
horse,,GameNPC,npc,1,51,2,Chiltern,260,1.65-era: seen by CapnBry (another zone)
Gardi Ljotolf,Enchanter,Enchanter,npc,2,30,151,Aegir's Landing,151,1.65-era: seen in this zone by CapnBry
Viking Huscarl,,GameGuard,guard,2,255,200,Emain Macha,214,1.65-era: seen in this zone by CapnBry
Jeffrey Jefferson,Bindstone Clerk,RoyalTreasuryClerk,npc,1,50,10,City of Camelot,26,unverified: not in CapnBry for this zone
Guardian,,Keeps.GuardFighter,guard,3,52,200,Breifine,212,1.65-era: seen in this zone by CapnBry
Guardian Teadoir,,GameGuard,guard,3,50,201,Tir na Nog,209,"likely period: listed in this zone by Illia's bestiary (2001-2010 data, may include later NPCs)"
Fallon,Weapon Merchant,GameMerchant,npc,3,35,200,Shannon Estuary,202,"likely period: listed in this zone by Illia's bestiary (2001-2010 data, may include later NPCs)"
Ellard Gram,Weapon Merchant,GameMerchant,npc,1,17,1,Campacorentin Forest,8,1.65-era: seen in this zone by CapnBry
Ostaden,,GameNPC,npc,2,40,101,Jordheim,120,1.65-era: seen in this zone by CapnBry
Bedelia,,GameNPC,npc,1,13,10,City of Camelot,26,1.65-era: seen in this zone by CapnBry
Guardian Sergeant,,GameGuard,guard,1,40,1,Campacorentin Forest,8,1.65-era: seen in this zone by CapnBry
Ota Yrling,,GameNPC,npc,2,50,151,Aegir's Landing,151,1.65-era: seen in this zone by CapnBry
ambient pixie,,GameNPC,npc,3,1,200,Silvermine Mts.,201,unverified: not in CapnBry for this zone
Dink,Armor Merchant,GameMerchant,npc,2,20,100,Gotar,103,1.65-era: seen in this zone by CapnBry
Alchemist apprentice,Merchant,GameMerchant,npc,3,50,202,Moycullen,273,unverified: no CapnBry data for this zone
Piper,Hastener,GameHastener,npc,1,30,2,Stoneleigh,262,1.65-era: seen by CapnBry (another zone)
Huscarl Commander,,Keeps.GuardFighter,guard,2,52,100,Jamtland Mountains,113,unverified: not in CapnBry for this zone
Grank,Stable Master,GameStableMaster,npc,1,4,1,Avalon Marsh,9,1.65-era: seen in this zone by CapnBry
Master Wizard,,GameGuard,guard,1,255,1,Forest Sauvage,11,1.65-era: seen in this zone by CapnBry
Ella,Dye Merchant,GameMerchant,npc,2,50,101,Jordheim,120,unverified: not in CapnBry for this zone
Veteran Guardsman,,GameGuard,guard,1,50,1,Camelot Hills,0,1.65-era: seen in this zone by CapnBry
deamhan aeir,,NightSpawn,npc,0,36,200,Cruachan Gorge,211,1.65-era: seen by CapnBry (another zone)
Offa Lumley,Armor Merchant,GameMerchant,npc,1,50,51,Avalon Isle,52,1.65-era: seen in this zone by CapnBry
Soreld,Enchanter,Enchanter,npc,3,50,181,Caillte Garran,182,"likely period: listed in this zone by Illia's bestiary (2001-2010 data, may include later NPCs)"
Piper,Hastener,GameHastener,npc,1,30,2,Caerwent,13,1.65-era: seen in this zone by CapnBry
Giorny,Account Vault Keeper,AccountVaultKeeper,npc,3,75,335,Hibernia Event,335,Atlas / later: Account vault keeper (post-1.65 live feature)
innocent,,GameNPC,npc,2,36,246,Dodens Gruva,246,1.65-era: seen in this zone by CapnBry
Huntsman,,GameNPC,npc,1,31,1,Campacorentin Forest,8,1.65-era: seen in this zone by CapnBry
Master Guardian,,GameGuard,guard,3,255,100,Odin's Gate,115,unverified: not in CapnBry for this zone
Leif,Skald Trainer,Trainer.SkaldTrainer,npc,2,52,101,Jordheim,120,1.65-era: seen in this zone by CapnBry
Eterrard,Alchemists Master,AlchemistsMaster,npc,1,65,2,Brisworthy,20,unverified: no CapnBry data for this zone
Serath,Dye Merchant,GameMerchant,npc,2,20,100,East Svealand,101,1.65-era: seen in this zone by CapnBry
Kairen,Vault Banker,GameNPC,npc,3,50,202,Moycullen,273,unverified: no CapnBry data for this zone
Blercyn,Forester Trainer,Trainer.ForesterTrainer,npc,3,32,200,Connacht,207,likely period: listed by Illia's bestiary in another zone
Armsman Commander,,Keeps.GuardCommander,guard,1,57,100,Odin's Gate,115,unverified: not in CapnBry for this zone
Marjeta Mustanen,Enchanter,Enchanter,npc,2,50,151,Munin Sound,155,1.65-era: seen in this zone by CapnBry
Master Wizard,,GameNPC,npc,1,255,1,Forest Sauvage,11,1.65-era: seen in this zone by CapnBry
horse,,GameNPC,npc,2,51,102,Kaupang,122,1.65-era: seen by CapnBry (another zone)
Brede,Weapon Merchant,GameMerchant,npc,2,50,100,East Svealand,101,1.65-era: seen in this zone by CapnBry
O'Rourke,,GameNPC,npc,3,25,200,Shannon Estuary,202,"likely period: listed in this zone by Illia's bestiary (2001-2010 data, may include later NPCs)"
Master of Runes,,GameGuard,guard,2,255,200,Emain Macha,214,1.65-era: seen in this zone by CapnBry
ambient stag 1,,GameNPC,npc,0,0,201,Tir na Nog,209,unverified: not in CapnBry for this zone
Huntsman,,GameNPC,npc,1,31,1,Salisbury Plains,1,1.65-era: seen in this zone by CapnBry
Flaudin Bowman,Weapon Merchant,GameMerchant,npc,1,1,1,Campacorentin Forest,8,"likely period: listed in this zone by Illia's bestiary (2001-2010 data, may include later NPCs)"
Jolis,,GameNPC,npc,1,55,51,Avalon Isle,52,1.65-era: seen in this zone by CapnBry
Jacques Tole,Merchant,GameMerchant,npc,1,50,51,Isle of Glass,51,1.65-era: seen in this zone by CapnBry
Master of Runes,,GameGuard,guard,2,255,1,Hadrian's Wall,15,1.65-era: seen in this zone by CapnBry
Master of Runes,,GameNPC,npc,2,255,100,Uppland,111,1.65-era: seen in this zone by CapnBry
Borwyr the Cursed,,GameNPC,npc,0,0,1,Avalon Marsh,9,"likely period: listed in this zone by Illia's bestiary (2001-2010 data, may include later NPCs)"
Armsman,,GameGuard,guard,1,50,1,Campacorentin Forest,8,1.65-era: seen by CapnBry (another zone)
phantom wickerman,,NightSpawn,npc,0,29,200,Connacht,207,"likely period: listed in this zone by Illia's bestiary (2001-2010 data, may include later NPCs)"
Riofach,Hero Trainer,Trainer.HeroTrainer,npc,3,43,201,Tir na Nog,209,1.65-era: seen in this zone by CapnBry
Armswoman,,Keeps.GuardFighter,guard,1,57,100,Odin's Gate,115,1.65-era: seen by CapnBry (another zone)
Guardian,,Keeps.GuardFighter,guard,3,57,200,Mount Collory,210,1.65-era: seen in this zone by CapnBry
Darrius,,GameNPC,npc,2,21,100,Gotar,103,1.65-era: seen in this zone by CapnBry
Veteran Guardsman,,GameGuard,guard,1,40,10,City of Camelot,26,1.65-era: seen in this zone by CapnBry
Tait Nerian,Weapon Merchant,GameMerchant,npc,1,1,10,City of Camelot,26,1.65-era: seen in this zone by CapnBry
ambient pixie,,GameNPC,npc,3,1,201,Tir na Nog,209,unverified: not in CapnBry for this zone
Master Wizard,,GameNPC,npc,1,255,200,Emain Macha,214,1.65-era: seen in this zone by CapnBry
Signa,Runemaster Trainer,Trainer.RunemasterTrainer,npc,2,43,101,Jordheim,120,1.65-era: seen in this zone by CapnBry
Gydala Halldis,Weapon Merchant,GameMerchant,npc,2,51,151,Aegir's Landing,151,1.65-era: seen in this zone by CapnBry
ambient pixie,,GameNPC,npc,3,1,200,Connacht,207,unverified: not in CapnBry for this zone
Armswoman,,Keeps.GuardFighter,guard,1,52,1,Pennine Mountains,14,1.65-era: seen by CapnBry (another zone)
Fraglock,Stable Master,GameStableMaster,npc,2,41,100,East Svealand,101,1.65-era: seen in this zone by CapnBry
Tage,,GameNPC,npc,1,41,51,Isle of Glass,51,1.65-era: seen in this zone by CapnBry
Briana,Weapon Merchant,GameMerchant,npc,3,1,201,Tir na Nog,209,1.65-era: seen in this zone by CapnBry
Katla,Thane Trainer,Trainer.ThaneTrainer,npc,2,50,101,Jordheim,120,1.65-era: seen in this zone by CapnBry
Rhomali,,GameNPC,npc,2,1,100,East Svealand,101,1.65-era: seen in this zone by CapnBry
Harper Evelyn,,GameNPC,npc,3,40,201,Tir na Nog,209,1.65-era: seen in this zone by CapnBry
Viking Archer,,GameNPC,npc,2,95,100,Uppland,111,1.65-era: seen in this zone by CapnBry
Dun,Bonedancer Trainer,Trainer.BonedancerTrainer,npc,2,52,100,West Svealand,102,unverified: not in CapnBry for this zone
Viking Dreng,,GameGuard,guard,2,20,100,East Svealand,101,1.65-era: seen in this zone by CapnBry
Teocyn,,GameNPC,npc,3,30,202,Aberillan,225,unverified: no CapnBry data for this zone
Artheab,,GameNPC,npc,1,30,2,Caerwent,13,unverified: not in CapnBry for this zone
Cae,Stable Master,GameStableMaster,npc,2,65,102,Frisia,121,unverified: no CapnBry data for this zone
Lyrist,Hastener,GameHastener,npc,3,31,202,Moycullen,273,unverified: no CapnBry data for this zone
faerie frog,,DaySpawn,npc,0,28,1,Snowdonia,12,"likely period: listed in this zone by Illia's bestiary (2001-2010 data, may include later NPCs)"
ambient pixie,,GameNPC,npc,3,1,200,Connacht,207,unverified: not in CapnBry for this zone
Aric Barlow,Armor Merchant,GameMerchant,npc,1,11,1,Salisbury Plains,1,1.65-era: seen in this zone by CapnBry
Troll Guard,,GameNPC,npc,2,50,151,Aegir's Landing,151,1.65-era: seen in this zone by CapnBry
Cauldir Edyn,Weapon Merchant,GameMerchant,npc,1,1,1,Camelot Hills,0,1.65-era: seen in this zone by CapnBry
Bowman Commander,,GameNPC,npc,1,255,1,Forest Sauvage,11,1.65-era: seen in this zone by CapnBry
Anakoll,,GameNPC,npc,2,20,151,Munin Sound,155,1.65-era: seen in this zone by CapnBry
giant skeleton,,NightSpawn,npc,0,28,1,Snowdonia,12,1.65-era: seen by CapnBry (another zone)
Cinnyn,Vault Banker,GameNPC,npc,3,54,202,Tullamore,272,unverified: no CapnBry data for this zone
Master Guardian,,GameGuard,guard,3,255,165,Cathal Valley,165,unverified: no CapnBry data for this zone
horse,,GameNPC,npc,2,55,102,Frisia,121,1.65-era: seen by CapnBry (another zone)
Lilerbad,Merchant,GameMerchant,npc,3,50,181,Caillte Garran,182,"likely period: listed in this zone by Illia's bestiary (2001-2010 data, may include later NPCs)"
House Findias Speaker,,GameNPC,npc,3,50,200,Connacht,207,"likely period: listed in this zone by Illia's bestiary (2001-2010 data, may include later NPCs)"
Ingirun,Recharger,Recharger,npc,2,41,101,Jordheim,120,Atlas / later: Atlas charge recharger
Thaddius Kelly,Weapon Merchant,GameMerchant,npc,1,50,51,Avalon Isle,52,1.65-era: seen in this zone by CapnBry
Caron,Armor Merchant,GameMerchant,npc,3,35,200,Bog of Cullen,205,"likely period: listed in this zone by Illia's bestiary (2001-2010 data, may include later NPCs)"
Master Wilmer,Theurgist Trainer,Trainer.TheurgistTrainer,npc,1,50,51,Dales of Devwy,53,"likely period: listed in this zone by Illia's bestiary (2001-2010 data, may include later NPCs)"
Thara Stonehammer,Smith,Blacksmith,npc,2,50,151,Aegir's Landing,151,1.65-era: seen in this zone by CapnBry
Heorot Kenway,Shield Merchant,GameMerchant,npc,1,25,1,Black Mtns. South,2,"likely period: listed in this zone by Illia's bestiary (2001-2010 data, may include later NPCs)"
Lyrist,Hastener,GameHastener,npc,3,30,202,Broughshane,274,unverified: no CapnBry data for this zone
Laed,Armor Merchant,GameMerchant,npc,2,22,100,East Svealand,101,1.65-era: seen in this zone by CapnBry
Flannery,Guardian Trainer,Trainer.GuardianTrainer,npc,3,44,200,Connacht,207,1.65-era: seen in this zone by CapnBry
Master Dyrin,Fighter Trainer,Trainer.FighterTrainer,npc,1,1,1,Avalon Marsh,9,unverified: not in CapnBry for this zone
giant skeleton,,NightSpawn,npc,0,27,1,Snowdonia,12,1.65-era: seen by CapnBry (another zone)
ambient rat,,GameNPC,npc,0,1,101,Jordheim,120,unverified: not in CapnBry for this zone
Champion,,GameGuard,guard,3,255,200,Connacht,207,1.65-era: seen by CapnBry (another zone)
new mob,,Keeps.FrontierHastener,npc,0,1,100,Odin's Gate,115,unverified: not in CapnBry for this zone
Ffhionbarr,Guild Emblemeer,EmblemNPC,npc,3,42,165,Cathal Valley,165,1.65-era: seen by CapnBry (another zone)
Sisko,Merchant,GameMerchant,npc,2,50,151,Gripklosa Mountains,152,1.65-era: seen in this zone by CapnBry
Hastener,,GameHastener,npc,0,100,200,Emain Macha,214,1.65-era: seen in this zone by CapnBry
Master Ranger,,GameGuard,guard,3,255,200,Connacht,207,1.65-era: seen in this zone by CapnBry
Kuz,Grimspound Merchant,GameMerchant,npc,1,55,1,Dartmoor,4,"likely period: listed in this zone by Illia's bestiary (2001-2010 data, may include later NPCs)"
Intoner,Hastener,GameHastener,npc,2,30,102,Frisia,121,1.65-era: seen by CapnBry (another zone)
Aleaniver,,GameNPC,npc,2,37,100,East Svealand,101,1.65-era: seen in this zone by CapnBry
Alchemist apprentice,Merchant,GameMerchant,npc,1,54,2,Dalton,18,unverified: no CapnBry data for this zone
Talriese,Armor Merchant,GameMerchant,npc,3,50,200,Lough Gur,204,"likely period: listed in this zone by Illia's bestiary (2001-2010 data, may include later NPCs)"
Boudron Fletcher,Weapon Armor,GameMerchant,npc,1,1,1,Avalon Marsh,9,"likely period: listed in this zone by Illia's bestiary (2001-2010 data, may include later NPCs)"
Antaine,Merchant,GameBountyMerchant,npc,3,50,201,Tir na Nog,209,1.65-era: seen in this zone by CapnBry
Sentinel,,GameGuard,guard,3,51,200,Connacht,207,1.65-era: seen in this zone by CapnBry
Master Eldritch,,GameGuard,guard,3,255,235,The Lions Den,235,1.65-era: seen by CapnBry (another zone)
ambient rat,,GameNPC,npc,0,1,10,City of Camelot,26,unverified: not in CapnBry for this zone
Gracien Adamson,Name Registrar,NameRegistrar,npc,1,48,51,Dales of Devwy,53,"likely period: listed in this zone by Illia's bestiary (2001-2010 data, may include later NPCs)"
horse,,GameNPC,npc,2,55,151,Faraheim,154,1.65-era: seen in this zone by CapnBry
Master Eldritch,,GameNPC,npc,3,255,200,Cruachan Gorge,211,1.65-era: seen by CapnBry (another zone)
Father Kenelm,Cleric Trainer,Trainer.ClericTrainer,npc,1,54,51,Isle of Glass,51,1.65-era: seen in this zone by CapnBry
Barric Camber,Weapon Merchant,GameMerchant,npc,1,20,1,Camelot Hills,0,1.65-era: seen in this zone by CapnBry
Williamiena Stokes,Merchant,GameMerchant,npc,1,50,51,Dales of Devwy,53,"likely period: listed in this zone by Illia's bestiary (2001-2010 data, may include later NPCs)"
Diathdeda,Merchant,GameMerchant,npc,3,51,181,Vigilant Rock,186,unverified: no CapnBry data for this zone
Tressa Gorrym'jiarg,,GameNPC,npc,3,34,200,Valley of Bri Leith,206,"likely period: listed in this zone by Illia's bestiary (2001-2010 data, may include later NPCs)"
Qunie,Smith,Blacksmith,npc,3,35,200,Connacht,207,"likely period: listed in this zone by Illia's bestiary (2001-2010 data, may include later NPCs)"
Bastam Morgaudos,Merchant,GameMerchant,npc,1,50,2,Old Sarum,16,unverified: no CapnBry data for this zone
Nessto,Vault Banker,GameNPC,npc,2,50,102,Stavgaard,268,unverified: no CapnBry data for this zone
giant skeleton,,NightSpawn,npc,0,28,1,Cornwall,6,1.65-era: seen in this zone by CapnBry
Staeven Bowman,Bow Merchant,GameMerchant,npc,1,24,1,Black Mtns. North,3,1.65-era: seen in this zone by CapnBry
giant skeleton,,NightSpawn,npc,0,27,1,Cornwall,6,1.65-era: seen in this zone by CapnBry
Troll Digby,,GameGuard,guard,2,30,100,Gotar,103,1.65-era: seen in this zone by CapnBry
Sister Deane,,GameNPC,npc,1,55,1,Black Mtns. South,2,"likely period: listed in this zone by Illia's bestiary (2001-2010 data, may include later NPCs)"
Sir Edmun,,GameNPC,npc,1,32,1,Avalon Marsh,9,"likely period: listed in this zone by Illia's bestiary (2001-2010 data, may include later NPCs)"
Intoner,Hastener,GameHastener,npc,2,30,102,Nittedal,267,1.65-era: seen by CapnBry (another zone)
Coman,Eldritch Trainer,Trainer.EldritchTrainer,npc,3,50,200,Silvermine Mts.,201,1.65-era: seen in this zone by CapnBry
Tavis,Weapon Merchant,GameMerchant,npc,2,50,151,Gripklosa Mountains,152,1.65-era: seen in this zone by CapnBry
ambient rat,,GameNPC,npc,0,1,200,Lough Derg,200,unverified: not in CapnBry for this zone
Market Explorer,,MarketExplorer,npc,1,50,2,Rilan,17,"Atlas / later: Market Explorer (housing consignment search, post-1.65 / Atlas)"
Leachlainn,Nightshade Trainer,Trainer.NightshadeTrainer,npc,3,45,200,Silvermine Mts.,201,1.65-era: seen in this zone by CapnBry
Armsman,,Keeps.GuardFighter,guard,1,52,1,Hadrian's Wall,15,"likely period: listed in this zone by Illia's bestiary (2001-2010 data, may include later NPCs)"
Master Visur,Teleporter,Scripts.LiveTeleporter,npc,1,60,1,Camelot Hills,0,teleporter (not 1.65; listed separately)
Idena Blaimmel,,GameNPC,npc,2,50,151,Aegir's Landing,151,1.65-era: seen in this zone by CapnBry
deamhan aeir,,NightSpawn,npc,0,37,200,Lough Gur,204,"likely period: listed in this zone by Illia's bestiary (2001-2010 data, may include later NPCs)"
Criosa MacCuilinn,Vault Banker,GameNPC,npc,3,50,202,Saeranthal,219,unverified: no CapnBry data for this zone
Adriane,,GameNPC,npc,2,34,100,Vale of Mularn,100,1.65-era: seen in this zone by CapnBry
Guardian,,GameGuard,guard,3,50,200,Connacht,207,1.65-era: seen in this zone by CapnBry
Seiml,Dye Merchant,GameMerchant,npc,2,41,100,Vale of Mularn,100,1.65-era: seen in this zone by CapnBry
new mob,,Keeps.FrontierHastener,npc,0,1,200,Cruachan Gorge,211,unverified: no CapnBry data for this zone
ambient pixie,,GameNPC,npc,3,1,200,Silvermine Mts.,201,unverified: not in CapnBry for this zone
Master Armsman,,GameGuard,guard,1,255,165,Cathal Valley,165,unverified: no CapnBry data for this zone
innocent,,GameNPC,npc,1,35,277,Hall of the Corrupt,277,"likely period: listed in this zone by Illia's bestiary (2001-2010 data, may include later NPCs)"
Lyrist,Hastener,GameHastener,npc,3,30,202,Aberillan,225,unverified: no CapnBry data for this zone
Ragnar,Armor Merchant,GameMerchant,npc,2,50,100,East Svealand,101,1.65-era: seen in this zone by CapnBry
Keep Sentinel,,GameNPC,npc,3,255,200,Valley of Bri Leith,206,1.65-era: seen by CapnBry (another zone)
Meadghbh,Guardian Trainer,Trainer.GuardianTrainer,npc,3,40,200,Lough Derg,200,1.65-era: seen in this zone by CapnBry
new mob,,Keeps.FrontierHastener,npc,0,1,200,Mount Collory,210,unverified: not in CapnBry for this zone
Singrid,Hunter Trainer,Trainer.HunterTrainer,npc,2,50,101,Jordheim,120,1.65-era: seen in this zone by CapnBry
ambient pixie,,GameNPC,npc,3,1,200,Silvermine Mts.,201,unverified: not in CapnBry for this zone
Chieftain Bolg,,Keeps.GuardLord,guard,3,63,200,Breifine,212,unverified: not in CapnBry for this zone
horse,,GameNPC,npc,3,55,202,Aberillan,225,1.65-era: seen by CapnBry (another zone)
Deverry,Weapon Merchant,GameMerchant,npc,3,36,201,Tir na Nog,209,1.65-era: seen in this zone by CapnBry
Armsman,,Keeps.GuardFighter,guard,1,57,100,Yggdra Forest,112,1.65-era: seen by CapnBry (another zone)
Viking Huscarl,,GameGuard,guard,2,255,1,Hadrian's Wall,15,1.65-era: seen in this zone by CapnBry
Berawen,Stable Master,GameStableMaster,npc,1,15,2,Chiltern,260,unverified: no CapnBry data for this zone
ambient pixie,,GameNPC,npc,3,1,201,Tir na Nog,209,unverified: not in CapnBry for this zone
Terriwen,Vault Banker,GameNPC,npc,1,50,2,Stoneleigh,262,unverified: no CapnBry data for this zone
Troll Flayer,,GameGuard,guard,2,30,100,Gotar,103,1.65-era: seen in this zone by CapnBry
Chieftess Guard Kaia,,GameGuard,guard,2,65,151,Gripklosa Mountains,152,1.65-era: seen in this zone by CapnBry
ambient pixie,,GameNPC,npc,3,1,200,Silvermine Mts.,201,unverified: not in CapnBry for this zone
Master of Runes,,GameNPC,npc,2,255,100,West Svealand,102,1.65-era: seen in this zone by CapnBry
Kyle,Healer,GameHealer,npc,3,39,200,Shannon Estuary,202,"likely period: listed in this zone by Illia's bestiary (2001-2010 data, may include later NPCs)"
Yric Tiu,,GameNPC,npc,2,21,100,Myrkwood Forest,105,1.65-era: seen in this zone by CapnBry
Tira,,GameNPC,npc,3,28,200,Connacht,207,1.65-era: seen in this zone by CapnBry
Lord Ulfwych,Paladin Trainer,Trainer.PaladinTrainer,npc,1,50,1,Campacorentin Forest,8,1.65-era: seen in this zone by CapnBry
Champion Commander,,Keeps.GuardCommander,guard,3,52,200,Breifine,212,1.65-era: seen in this zone by CapnBry
Apprentice Taxidermist,,GameNPC,npc,1,35,2,Chiltern,260,unverified: no CapnBry data for this zone
Connor,Arrow Merchant,GameMerchant,npc,3,41,201,Tir na Nog,209,1.65-era: seen in this zone by CapnBry
Lieutenant Arella,,GameGuard,guard,1,54,51,Isle of Glass,51,1.65-era: seen in this zone by CapnBry
Filidh Filiara,Name Registrar,NameRegistrar,npc,3,52,335,Hibernia Event,335,1.65-era: seen by CapnBry (another zone)
Juuso,,GameNPC,npc,2,61,151,Aegir's Landing,151,1.65-era: seen in this zone by CapnBry
Payton,Merchant,GameMerchant,npc,1,50,2,Rilan,17,unverified: not in CapnBry for this zone
Huscarl Commander,,Keeps.GuardCommander,guard,2,70,100,Yggdra Forest,112,unverified: not in CapnBry for this zone
Kleg,Shield Merchant,GameMerchant,npc,2,40,151,Aegir's Landing,151,1.65-era: seen in this zone by CapnBry
Prorgain Morgaudos,Merchant,GameMerchant,npc,1,50,2,Rilan,17,unverified: not in CapnBry for this zone
wind ghoul,,NightSpawn,npc,0,7,200,Connacht,207,1.65-era: seen in this zone by CapnBry
Magess Tena,Sorcerer Trainer,Trainer.SorcererTrainer,npc,1,50,10,City of Camelot,26,1.65-era: seen in this zone by CapnBry
Market Explorer,,MarketExplorer,npc,3,50,202,Moycullen,273,"Atlas / later: Market Explorer (housing consignment search, post-1.65 / Atlas)"
Master Wizard,,GameNPC,npc,1,255,200,Emain Macha,214,1.65-era: seen in this zone by CapnBry
Ingela,Merchant,GameMerchant,npc,2,54,151,Aegir's Landing,151,1.65-era: seen in this zone by CapnBry
Filidh Medyr,Hastener,GameHastener,npc,3,35,200,Silvermine Mts.,201,1.65-era: seen in this zone by CapnBry
Kek,Enchanter,Enchanter,npc,1,55,1,Dartmoor,4,"likely period: listed in this zone by Illia's bestiary (2001-2010 data, may include later NPCs)"
Nithogg,Vault Banker,GameNPC,npc,2,54,102,Wyndham,119,unverified: no CapnBry data for this zone
Eriwien,,GameNPC,npc,2,50,102,Frisia,121,unverified: no CapnBry data for this zone
Lynd Moidg,Weapon Merchant,GameMerchant,npc,1,40,1,Black Mtns. North,3,1.65-era: seen in this zone by CapnBry
Stor Gothi Annark,Teleporter,Scripts.LiveTeleporter,npc,2,60,73,Stygian Delta,81,teleporter (not 1.65; listed separately)
Veteran Guardsman,,GameGuard,guard,1,40,10,City of Camelot,26,1.65-era: seen in this zone by CapnBry
ambient pixie,,GameNPC,npc,3,1,200,Connacht,207,unverified: not in CapnBry for this zone
wind ghoul,,NightSpawn,npc,0,7,200,Connacht,207,1.65-era: seen in this zone by CapnBry
Kobold Guard,,GameNPC,npc,2,53,151,Faraheim,154,1.65-era: seen in this zone by CapnBry
Isleif,Weapon Merchant,GameMerchant,npc,2,30,100,Gotar,103,1.65-era: seen in this zone by CapnBry
Void Merchant,Realm Point Trade-In,Scripts.RPTradeInMerchant,npc,3,75,252,Thidranki,252,unverified: no CapnBry data for this zone
Ostanhilda,Merchant,GameMerchant,npc,2,52,102,Frisia,121,unverified: no CapnBry data for this zone
Hrut,Rogue Trainer,Trainer.RogueTrainer,npc,2,50,100,East Svealand,101,1.65-era: seen in this zone by CapnBry
Lerron,Dye Merchant,GameMerchant,npc,3,50,181,Domnann,181,"likely period: listed in this zone by Illia's bestiary (2001-2010 data, may include later NPCs)"
Dyemaster Arthw,Dye Merchant,GameMerchant,npc,1,15,1,Camelot Hills,0,1.65-era: seen in this zone by CapnBry
Ochan Aethelhere,Merchant,GameMerchant,npc,1,12,1,Black Mtns. South,2,1.65-era: seen in this zone by CapnBry
Master Seglen,,GameNPC,npc,1,60,2,Dalton,18,unverified: no CapnBry data for this zone
Knight Commander,,GameNPC,npc,1,255,200,Emain Macha,214,1.65-era: seen in this zone by CapnBry
Heolstor Wyman,Armor Merchant,GameMerchant,npc,1,1,10,City of Camelot,26,1.65-era: seen in this zone by CapnBry
Glom,,GameNPC,npc,3,7,200,Silvermine Mts.,201,1.65-era: seen in this zone by CapnBry
Champion,,GameGuard,guard,3,255,200,Valley of Bri Leith,206,1.65-era: seen by CapnBry (another zone)
innocent,,GameNPC,npc,2,36,246,Dodens Gruva,246,1.65-era: seen in this zone by CapnBry
Local Bard,Hastener,GameHastener,npc,3,50,200,Shannon Estuary,202,1.65-era: seen in this zone by CapnBry
Beneir Halldorson,Stable Master,GameStableMaster,npc,2,41,151,Faraheim,154,1.65-era: seen in this zone by CapnBry
horse,,GameNPC,npc,1,55,2,Stoneleigh,262,1.65-era: seen by CapnBry (another zone)
Fial Bronzearm,Smith,Blacksmith,npc,1,16,330,Albion Event,330,likely period: listed by Illia's bestiary in another zone
ambient rat,,GameNPC,npc,0,1,200,Lough Derg,200,unverified: not in CapnBry for this zone
Hastener,,GameHastener,npc,3,50,200,Connacht,207,1.65-era: seen by CapnBry (another zone)
Ugg,Armor Merchant,GameMerchant,npc,2,20,100,Gotar,103,1.65-era: seen in this zone by CapnBry
Tjorri,Savage Trainer,Trainer.SavageTrainer,npc,2,55,100,West Svealand,102,unverified: not in CapnBry for this zone
Percith,Vault Banker,GameNPC,npc,1,50,2,Chiltern,260,unverified: no CapnBry data for this zone
Murrough,,GameNPC,npc,3,38,200,Shannon Estuary,202,"likely period: listed in this zone by Illia's bestiary (2001-2010 data, may include later NPCs)"
Hastener,,GameHastener,npc,0,1,200,Mount Collory,210,1.65-era: seen in this zone by CapnBry
Brother Darren,,GameNPC,npc,1,40,1,Black Mtns. South,2,"likely period: listed in this zone by Illia's bestiary (2001-2010 data, may include later NPCs)"
ghastly siabra,,NightSpawn,npc,0,14,200,Lough Derg,200,1.65-era: seen in this zone by CapnBry
Midgard Weapons,Item Merchant,GameMerchant,npc,2,50,101,Jordheim,120,unverified: not in CapnBry for this zone
Aingeal,,GameNPC,npc,3,38,200,Mount Collory,210,"likely period: listed in this zone by Illia's bestiary (2001-2010 data, may include later NPCs)"
Celtic Guardian,,GameGuard,guard,3,255,200,Connacht,207,unverified: not in CapnBry for this zone
Viking Huscarl,,GameGuard,guard,2,255,1,Hadrian's Wall,15,1.65-era: seen in this zone by CapnBry
Master of Runes,,GameGuard,guard,2,255,165,Cathal Valley,165,"likely period: listed in this zone by Illia's bestiary (2001-2010 data, may include later NPCs)"
Dare Edelmar,Merchant,GameBountyMerchant,npc,1,1,10,City of Camelot,26,1.65-era: seen in this zone by CapnBry
Master Guardian,,GameGuard,guard,3,255,1,Hadrian's Wall,15,unverified: not in CapnBry for this zone
Ligodeiol,Fletchers Master,FletchingMaster,npc,2,65,102,Stavgaard,268,unverified: no CapnBry data for this zone
Jana Hickey,Armor Merchant,GameMerchant,npc,1,40,10,City of Camelot,26,1.65-era: seen in this zone by CapnBry
Anfri ap Even,Weapon Merchant,GameMerchant,npc,1,29,1,Llyn Barfog,7,"likely period: listed in this zone by Illia's bestiary (2001-2010 data, may include later NPCs)"
Sentinel,,GameGuard,guard,3,52,201,Tir na Nog,209,1.65-era: seen in this zone by CapnBry
Sentinel,,GameGuard,guard,3,50,200,Bog of Cullen,205,1.65-era: seen by CapnBry (another zone)
Jarl Uffenlong,Name Registrar,NameRegistrar,npc,2,50,334,Midgard Event,334,1.65-era: seen by CapnBry (another zone)
Sionyn,,GameNPC,npc,3,50,202,Kilcullen,218,unverified: no CapnBry data for this zone
Qalar,Fletchers Master,FletchingMaster,npc,2,65,102,Arothi,117,unverified: no CapnBry data for this zone
Knight Commander,,GameNPC,npc,1,255,1,Forest Sauvage,11,1.65-era: seen in this zone by CapnBry
Mica,Merchant,GameMerchant,npc,3,54,202,Dunshire,215,unverified: no CapnBry data for this zone
Glesdor,Armorsmiths Master,GameNPC,npc,3,65,202,Moycullen,273,unverified: no CapnBry data for this zone
Sentinel,,GameNPC,npc,3,54,200,Lough Derg,200,1.65-era: seen in this zone by CapnBry
Frit,,GameNPC,npc,0,38,220,Coruscating Mine,220,"likely period: listed in this zone by Illia's bestiary (2001-2010 data, may include later NPCs)"
Jorund Bruttstein,,GameNPC,npc,2,50,151,Aegir's Landing,151,1.65-era: seen in this zone by CapnBry
Nai Whit,Weapon Merchant,GameMerchant,npc,1,15,1,Avalon Marsh,9,"likely period: listed in this zone by Illia's bestiary (2001-2010 data, may include later NPCs)"
Lenia Fletcher,Arrow Merchant,GameMerchant,npc,1,15,330,Albion Event,330,1.65-era: seen by CapnBry (another zone)
Tersa Weaver,Armor Merchant,GameMerchant,npc,1,22,1,Avalon Marsh,9,"likely period: listed in this zone by Illia's bestiary (2001-2010 data, may include later NPCs)"
Hastener,,GameHastener,npc,3,255,200,Connacht,207,1.65-era: seen by CapnBry (another zone)
Armswoman,,Keeps.GuardFighter,guard,1,52,1,Hadrian's Wall,15,"likely period: listed in this zone by Illia's bestiary (2001-2010 data, may include later NPCs)"
Master Wizard,,GameNPC,npc,1,255,200,Emain Macha,214,1.65-era: seen in this zone by CapnBry
Viking Huscarl,,GameGuard,guard,2,255,100,Uppland,111,1.65-era: seen in this zone by CapnBry
Viking Dreng,,GameGuard,guard,2,20,100,Vale of Mularn,100,1.65-era: seen in this zone by CapnBry
horse,,GameNPC,npc,1,55,2,Sherborne,261,1.65-era: seen by CapnBry (another zone)
Clora,Weaponcrafters Trainer,WeaponCraftingMaster,npc,3,70,181,Domnann,181,unverified: no CapnBry data for this zone
Brianna,Weapon Merchant,GameMerchant,npc,3,40,201,Tir na Nog,209,1.65-era: seen in this zone by CapnBry
Huscarl,,Keeps.GuardFighter,guard,2,28,252,Thidranki,252,"likely period: listed in this zone by Illia's bestiary (2001-2010 data, may include later NPCs)"
Hunter,,Keeps.GuardArcher,guard,2,37,165,Cathal Valley,165,1.65-era: seen by CapnBry (another zone)
deamhan aeir,,NightSpawn,npc,0,34,200,Lough Gur,204,"likely period: listed in this zone by Illia's bestiary (2001-2010 data, may include later NPCs)"
Addraellyn,,GameNPC,npc,3,35,200,Lough Derg,200,"likely period: listed in this zone by Illia's bestiary (2001-2010 data, may include later NPCs)"
Guardian,,GameGuard,guard,3,52,200,Silvermine Mts.,201,1.65-era: seen in this zone by CapnBry
Hugh,Armor Merchant,GameMerchant,npc,3,50,181,Domnann,181,"likely period: listed in this zone by Illia's bestiary (2001-2010 data, may include later NPCs)"
Lomond,,GameNPC,npc,3,50,200,Cliffs of Moher,203,"likely period: listed in this zone by Illia's bestiary (2001-2010 data, may include later NPCs)"
Burl,Weapon Merchant,GameMerchant,npc,2,42,100,East Svealand,101,1.65-era: seen in this zone by CapnBry
Bera,Runemaster Trainer,Trainer.RunemasterTrainer,npc,2,50,101,Jordheim,120,1.65-era: seen in this zone by CapnBry
Viking Dreng,,GameGuard,guard,2,20,100,East Svealand,101,1.65-era: seen in this zone by CapnBry
Mistress Welss,Theurgist Trainer,Trainer.TheurgistTrainer,npc,1,53,10,City of Camelot,26,1.65-era: seen in this zone by CapnBry
Magess Axton,,GameNPC,npc,1,50,1,Campacorentin Forest,8,"likely period: listed in this zone by Illia's bestiary (2001-2010 data, may include later NPCs)"
Blathnidnaona,Merchant,GameMerchant,npc,3,1,181,Vale of Balor,183,unverified: no CapnBry data for this zone
Viking Dreng,,GameGuard,guard,2,22,100,Vale of Mularn,100,1.65-era: seen in this zone by CapnBry
Daniel Edwards,,GameNPC,npc,1,30,1,Camelot Hills,0,1.65-era: seen in this zone by CapnBry
Alleca Gunderson,Dye Merchant,GameMerchant,npc,2,50,101,Jordheim,120,1.65-era: seen in this zone by CapnBry
Agrakor Fletcher,Arrow Merchant,GameMerchant,npc,1,18,1,Black Mtns. North,3,1.65-era: seen in this zone by CapnBry
Skald of Midgard,Hastener,GameHastener,npc,2,50,100,East Svealand,101,likely period: listed by Illia's bestiary in another zone
Stephanie the Crier,,GameNPC,npc,1,50,51,Aldland,56,"likely period: listed in this zone by Illia's bestiary (2001-2010 data, may include later NPCs)"
Cauclya Dinailaine,,GameNPC,npc,1,51,2,Sherborne,261,unverified: no CapnBry data for this zone
faerie frog,,DaySpawn,npc,0,29,1,Snowdonia,12,"likely period: listed in this zone by Illia's bestiary (2001-2010 data, may include later NPCs)"
Viking Huscarl,,GameGuard,guard,2,255,1,Hadrian's Wall,15,1.65-era: seen in this zone by CapnBry
Kalbin,Healer,GameHealer,npc,2,20,165,Cathal Valley,165,1.65-era: seen by CapnBry (another zone)
Parthanan Farm Controller,DO NOT REMOVE,ParthananFarmController,npc,0,50,200,Lough Derg,200,unverified: not in CapnBry for this zone
Knight Commander,,GameNPC,npc,1,255,100,Odin's Gate,115,1.65-era: seen in this zone by CapnBry
Deodry,Vault Banker,GameNPC,npc,3,54,202,Tullamore,272,unverified: no CapnBry data for this zone
Torlan,Weapon Merchant,GameMerchant,npc,3,50,200,Silvermine Mts.,201,1.65-era: seen in this zone by CapnBry
Viradec,Vault Banker,GameNPC,npc,1,55,2,Rilan,17,unverified: not in CapnBry for this zone
Alden Fletcher,Bolts Merchant,GameMerchant,npc,1,16,1,Black Mtns. South,2,"likely period: listed in this zone by Illia's bestiary (2001-2010 data, may include later NPCs)"
Master Visur,Teleporter,Scripts.LiveTeleporter,npc,1,75,1,Camelot Hills,0,teleporter (not 1.65; listed separately)
Gahagis,Vault Banker,GameNPC,npc,1,55,2,Brisworthy,20,unverified: no CapnBry data for this zone
Veteran Guardsman,,GameGuard,guard,1,40,1,Camelot Hills,0,1.65-era: seen in this zone by CapnBry
Chieftain Guard,,GameNPC,npc,2,40,100,Vale of Mularn,100,1.65-era: seen in this zone by CapnBry
Master Eldritch,,GameGuard,guard,3,255,165,Cathal Valley,165,1.65-era: seen by CapnBry (another zone)
Stable boy Andryn,,GameNPC,npc,1,7,1,Salisbury Plains,1,1.65-era: seen in this zone by CapnBry
Fellesti,Stable Master,GameStableMaster,npc,2,50,102,Stavgaard,268,unverified: no CapnBry data for this zone
Mistress Ainsliee,,GameNPC,npc,1,50,1,Snowdonia,12,likely period: listed by Illia's bestiary in another zone
new mob,,Keeps.FrontierHastener,npc,0,1,100,Jamtland Mountains,113,unverified: not in CapnBry for this zone
Guardian,,Keeps.GuardFighter,guard,3,52,200,Breifine,212,1.65-era: seen in this zone by CapnBry
Viking Huscarl,,GameGuard,guard,2,255,200,Emain Macha,214,1.65-era: seen in this zone by CapnBry
Enchantress,,GameNPC,npc,3,50,200,Connacht,207,"likely period: listed in this zone by Illia's bestiary (2001-2010 data, may include later NPCs)"
Viking Huscarl,,GameNPC,npc,2,255,100,Yggdra Forest,112,1.65-era: seen in this zone by CapnBry
Guardian,,Keeps.GuardFighter,guard,3,52,200,Breifine,212,1.65-era: seen in this zone by CapnBry
Jordan,Armor Merchant,GameMerchant,npc,2,50,100,East Svealand,101,1.65-era: seen in this zone by CapnBry
Erech,Merchant,GameMerchant,npc,3,15,200,Connacht,207,"likely period: listed in this zone by Illia's bestiary (2001-2010 data, may include later NPCs)"
Gothi of Odin,,Scripts.OFAssistant,npc,2,100,200,Emain Macha,214,Atlas / later: Atlas frontier medallion assistant
faerie frog,,DaySpawn,npc,0,30,1,Snowdonia,12,"likely period: listed in this zone by Illia's bestiary (2001-2010 data, may include later NPCs)"
Albion Stones,Item Merchant,GameMerchant,npc,1,50,10,City of Camelot,26,unverified: not in CapnBry for this zone
Stonemason Glover,,GameNPC,npc,1,38,1,Camelot Hills,0,1.65-era: seen in this zone by CapnBry
Master Guardian,,GameGuard,guard,3,255,100,Odin's Gate,115,unverified: not in CapnBry for this zone
Master Eldritch,,GameGuard,guard,3,255,165,Cathal Valley,165,1.65-era: seen by CapnBry (another zone)
Guard Cynon,,GameGuard,guard,1,24,1,Salisbury Plains,1,1.65-era: seen in this zone by CapnBry
Master Guardian,,GameGuard,guard,3,255,1,Hadrian's Wall,15,unverified: not in CapnBry for this zone
veteran guard,,GameGuard,guard,1,40,1,Black Mtns. South,2,1.65-era: seen in this zone by CapnBry
Viking Huscarl,,GameGuard,guard,2,255,165,Cathal Valley,165,1.65-era: seen by CapnBry (another zone)
ghastly siabra,,NightSpawn,npc,0,14,200,Lough Derg,200,1.65-era: seen in this zone by CapnBry
Midgard Trainer,Master Trainer,Scripts.AtlasTrainer,npc,2,75,101,Jordheim,120,Atlas / later: Atlas trainer
phantom wickerman,,NightSpawn,npc,0,30,200,Connacht,207,"likely period: listed in this zone by Illia's bestiary (2001-2010 data, may include later NPCs)"
Lonrah,Smith,Blacksmith,npc,3,35,200,Connacht,207,"likely period: listed in this zone by Illia's bestiary (2001-2010 data, may include later NPCs)"
Sadoc,,GameNPC,npc,3,50,202,Saeranthal,219,unverified: no CapnBry data for this zone
Breinda,Vault Banker,GameNPC,npc,2,50,102,Kaupang,122,unverified: no CapnBry data for this zone
Nanna,Healer,GameHealer,npc,2,52,101,Jordheim,120,1.65-era: seen in this zone by CapnBry
Yrudoc,Fletchers Master,FletchingMaster,npc,3,65,202,Kilcullen,218,unverified: no CapnBry data for this zone
Jacob Rogers,Smith,Blacksmith,npc,1,50,51,Aldland,56,unverified: no CapnBry data for this zone
Hunter,,Keeps.GuardArcher,guard,2,37,165,Cathal Valley,165,1.65-era: seen by CapnBry (another zone)
Master Armsman,,GameGuard,guard,1,255,165,Cathal Valley,165,unverified: no CapnBry data for this zone
horse,,GameNPC,npc,2,55,100,Gotar,103,1.65-era: seen by CapnBry (another zone)
Idotan,Warlock Trainer,SpellCraftingMaster,npc,2,53,102,Holmestrand,266,likely period: listed by Illia's bestiary in another zone
ambient rat,,GameNPC,npc,0,1,101,Jordheim,120,unverified: not in CapnBry for this zone
Godo,Sapphire Weapon Merchant,GameSapphireSealsMerchant,npc,3,40,249,Darkness Falls,249,"Atlas / later: Seals merchant (Darkness Rising era, used by Atlas)"
Farl Dalston,Armor Merchant,GameMerchant,npc,1,8,1,Black Mtns. South,2,1.65-era: seen in this zone by CapnBry
ambient pixie,,GameNPC,npc,3,1,200,Connacht,207,unverified: not in CapnBry for this zone
Sentinel,,GameGuard,guard,3,50,201,Tir na Nog,209,1.65-era: seen in this zone by CapnBry
Maible,,GameNPC,npc,3,38,200,Cliffs of Moher,203,unverified: no CapnBry data for this zone
Mordbro,Lord Of Bosses,LordOfBoss,npc,0,75,90,City of Aerus,90,unverified: not in CapnBry for this zone
Mordbro,Lord Of Bosses,LordOfBoss,npc,0,75,47,City of Aerus,47,unverified: no CapnBry data for this zone
Mordbro,Lord Of Bosses,LordOfBoss,npc,0,75,147,City of Aerus,147,unverified: no CapnBry data for this zone
Viking Huscarl,,GameGuard,guard,2,255,100,Uppland,111,1.65-era: seen in this zone by CapnBry
Armsman,,Keeps.GuardFighter,guard,1,57,100,Yggdra Forest,112,1.65-era: seen by CapnBry (another zone)
Guard Flintrock,,GameNPC,npc,2,50,100,Myrkwood Forest,105,1.65-era: seen in this zone by CapnBry
ambient rat,,GameNPC,npc,0,1,10,City of Camelot,26,unverified: not in CapnBry for this zone
Per,Healer Trainer,Trainer.HealerTrainer,npc,2,43,101,Jordheim,120,1.65-era: seen in this zone by CapnBry
Champion,,GameGuard,guard,3,255,200,Mount Collory,210,1.65-era: seen by CapnBry (another zone)
Knight Commander,,GameGuard,guard,1,255,200,Emain Macha,214,1.65-era: seen in this zone by CapnBry
Brize,Shield Merchant,GameMerchant,npc,2,50,151,Aegir's Landing,151,unverified: not in CapnBry for this zone
Tara,Arrow Merchant,GameMerchant,npc,3,35,200,Connacht,207,"likely period: listed in this zone by Illia's bestiary (2001-2010 data, may include later NPCs)"
Master Guardian,,GameGuard,guard,3,255,165,Cathal Valley,165,unverified: no CapnBry data for this zone
Sarff,Smith,Blacksmith,npc,3,50,200,Shannon Estuary,202,1.65-era: seen in this zone by CapnBry
Samlauf Kolsson,,GameNPC,npc,2,25,100,West Svealand,102,1.65-era: seen in this zone by CapnBry
Hilde,Smith,Blacksmith,npc,2,30,334,Midgard Event,334,1.65-era: seen by CapnBry (another zone)
faerie frog,,DaySpawn,npc,0,28,1,Snowdonia,12,"likely period: listed in this zone by Illia's bestiary (2001-2010 data, may include later NPCs)"
Otik,Skald Trainer,Trainer.SkaldTrainer,npc,2,53,151,Aegir's Landing,151,1.65-era: seen in this zone by CapnBry
Charlotte Salter,,GameNPC,npc,1,43,1,Black Mtns. South,2,1.65-era: seen in this zone by CapnBry
Elengwen,Weapon Merchant,GameMerchant,npc,2,50,100,West Svealand,102,1.65-era: seen in this zone by CapnBry
Cnute,,GameNPC,npc,2,50,100,East Svealand,101,1.65-era: seen in this zone by CapnBry
Troll Archer,,GameGuard,guard,2,255,100,Uppland,111,1.65-era: seen in this zone by CapnBry
Chieftess Niamh,,GameNPC,npc,3,50,200,Lough Gur,204,"likely period: listed in this zone by Illia's bestiary (2001-2010 data, may include later NPCs)"
Hibernia Trainer,Master Trainer,Scripts.AtlasTrainer,npc,3,75,165,Cathal Valley,165,Atlas / later: Atlas trainer
Commander Buin,,GameNPC,npc,1,45,1,Black Mtns. South,2,1.65-era: seen in this zone by CapnBry
Kres,,GameNPC,npc,2,50,151,Munin Sound,155,1.65-era: seen in this zone by CapnBry
Gleda Fletcher,Bolts Merchant,GameMerchant,npc,1,15,1,Black Mtns. North,3,1.65-era: seen in this zone by CapnBry
Alburn Hale,Weapon Merchant,GameMerchant,npc,1,10,1,Camelot Hills,0,1.65-era: seen in this zone by CapnBry
Knight Commander,,GameNPC,npc,1,255,1,Forest Sauvage,11,1.65-era: seen in this zone by CapnBry
Stor Gothi Annark,Teleporter,Scripts.LiveTeleporter,npc,2,60,130,Stygian Delta,138,teleporter (not 1.65; listed separately)
Stor Gothi Annark,Teleporter,Scripts.LiveTeleporter,npc,2,60,100,East Svealand,101,teleporter (not 1.65; listed separately)
ambient rat,,GameNPC,npc,0,1,101,Jordheim,120,unverified: not in CapnBry for this zone
Stor Gothi Kranna,Svasud Faste Emissary,SimpleTeleporter,npc,2,60,100,West Svealand,102,added by this project (excluded)
Laurence,Armor Merchant,GameMerchant,npc,3,35,201,Tir na Nog,209,1.65-era: seen in this zone by CapnBry
Fralewen,Vault Banker,GameNPC,npc,2,50,102,Frisia,121,unverified: no CapnBry data for this zone
innocent,,GameNPC,npc,1,38,277,Hall of the Corrupt,277,"likely period: listed in this zone by Illia's bestiary (2001-2010 data, may include later NPCs)"
Guardian,,GameGuard,guard,1,50,51,Aldland,56,1.65-era: seen by CapnBry (another zone)
Gagit,,GameNPC,npc,3,60,202,Tullamore,272,unverified: no CapnBry data for this zone
Tralind,Spellcrafters Master,SpellCraftingMaster,npc,2,69,102,Carlingford,118,unverified: no CapnBry data for this zone
Aldrin Collyer,Bow Merchant,GameMerchant,npc,1,40,1,Salisbury Plains,1,1.65-era: seen in this zone by CapnBry
horse,,GameNPC,npc,2,55,151,Aegir's Landing,151,1.65-era: seen in this zone by CapnBry
Master Wizard,,GameGuard,guard,1,255,1,Snowdonia,12,1.65-era: seen in this zone by CapnBry
Champion,,GameGuard,guard,3,255,200,Cruachan Gorge,211,1.65-era: seen by CapnBry (another zone)
Guardian,,GameGuard,guard,3,50,201,Tir na Nog,209,1.65-era: seen in this zone by CapnBry
Viking Huscarl,,GameGuard,guard,2,255,165,Cathal Valley,165,1.65-era: seen by CapnBry (another zone)
Synna,Weapon Merchant,GameMerchant,npc,2,50,101,Jordheim,120,1.65-era: seen in this zone by CapnBry
Saedred,,GameNPC,npc,3,50,202,Broughshane,274,unverified: no CapnBry data for this zone
Blercyn,Forester Trainer,Trainer.ForesterTrainer,npc,3,50,200,Lough Derg,200,"likely period: listed in this zone by Illia's bestiary (2001-2010 data, may include later NPCs)"
Canute,Weapon Merchant,GameMerchant,npc,2,50,101,Jordheim,120,1.65-era: seen in this zone by CapnBry
Master Ranger,,GameGuard,guard,3,255,200,Valley of Bri Leith,206,1.65-era: seen by CapnBry (another zone)
Sabrea,,GameNPC,npc,3,50,202,Torrylin,217,unverified: no CapnBry data for this zone
Sentinel,,GameGuard,guard,3,52,200,Silvermine Mts.,201,1.65-era: seen in this zone by CapnBry
Daodel,Merchant,GameMerchant,npc,3,1,181,Vale of Balor,183,"likely period: listed in this zone by Illia's bestiary (2001-2010 data, may include later NPCs)"
Tegau,Recharger,Recharger,npc,3,39,201,Tir na Nog,209,Atlas / later: Atlas charge recharger
Master of Runes,,GameGuard,guard,2,255,100,Yggdra Forest,112,1.65-era: seen in this zone by CapnBry
Cameron,Siege Merchant,GameMerchant,npc,1,50,1,Forest Sauvage,11,likely period: listed by Illia's bestiary in another zone
Viking Huscarl,,GameGuard,guard,2,255,200,Emain Macha,214,1.65-era: seen in this zone by CapnBry
Cruella de Vil,Pet Merchant,GameMerchant,npc,3,50,73,Stygian Delta,81,unverified: not in CapnBry for this zone
Master Sorac,Rogue Trainer,Trainer.AlbionRogueTrainer,npc,1,50,1,Camelot Hills,0,1.65-era: seen in this zone by CapnBry
Mage Yann,Sorcerer Trainer,Trainer.SorcererTrainer,npc,1,50,51,Dales of Devwy,53,"likely period: listed in this zone by Illia's bestiary (2001-2010 data, may include later NPCs)"
Cassaldra,Weapon Merchant,GameMerchant,npc,3,50,181,Caillte Garran,182,"likely period: listed in this zone by Illia's bestiary (2001-2010 data, may include later NPCs)"
Woodsman,,GameGuard,guard,1,19,1,Campacorentin Forest,8,1.65-era: seen in this zone by CapnBry
ambient pixie,,GameNPC,npc,3,1,200,Connacht,207,unverified: not in CapnBry for this zone
Guardian,,GameGuard,guard,3,42,201,Tir na Nog,209,1.65-era: seen in this zone by CapnBry
target dummy,,GameNPC,npc,0,1,200,Cliffs of Moher,203,unverified: no CapnBry data for this zone
Captain Falron,Armsman Trainer,Trainer.ArmsmanTrainer,npc,1,55,1,Campacorentin Forest,8,1.65-era: seen in this zone by CapnBry
Ellyn Weyland,Armor Merchant,GameMerchant,npc,1,1,1,Camelot Hills,0,1.65-era: seen in this zone by CapnBry
Tig,Armor Merchant,GameMerchant,npc,2,20,100,Gotar,103,1.65-era: seen in this zone by CapnBry
Uwistram,Merchant,GameMerchant,npc,1,50,2,Chiltern,260,unverified: no CapnBry data for this zone
Cafell,Shield Merchant,GameMerchant,npc,3,35,200,Lough Derg,200,1.65-era: seen in this zone by CapnBry
Gert Elm,Armor Merchant,GameMerchant,npc,1,40,1,Black Mtns. South,2,"likely period: listed in this zone by Illia's bestiary (2001-2010 data, may include later NPCs)"
Lady Winchell,Cleric Trainer,Trainer.ClericTrainer,npc,1,50,10,City of Camelot,26,1.65-era: seen in this zone by CapnBry
Malvina,Vault Banker,GameNPC,npc,3,50,202,Torrylin,217,unverified: no CapnBry data for this zone
Saffir,Vault Banker,GameNPC,npc,1,55,2,Old Sarum,16,unverified: no CapnBry data for this zone
phantom wickerman,,NightSpawn,npc,0,30,200,Connacht,207,"likely period: listed in this zone by Illia's bestiary (2001-2010 data, may include later NPCs)"
Squire Graid,,GameNPC,npc,1,13,1,Salisbury Plains,1,"likely period: listed in this zone by Illia's bestiary (2001-2010 data, may include later NPCs)"
Alchemist apprentice,Merchant,GameMerchant,npc,1,50,2,Sherborne,261,unverified: no CapnBry data for this zone
deamhan aeir,,NightSpawn,npc,0,35,200,Cruachan Gorge,211,1.65-era: seen by CapnBry (another zone)
Halla,,GameNPC,npc,2,25,100,West Svealand,102,1.65-era: seen in this zone by CapnBry
Artheant,Vault Banker,GameNPC,npc,1,50,2,Chiltern,260,unverified: no CapnBry data for this zone
Gerd,Arrow Merchant,GameMerchant,npc,2,50,101,Jordheim,120,1.65-era: seen in this zone by CapnBry
Sodar,Merchant,GameMerchant,npc,2,50,102,Kaupang,122,unverified: no CapnBry data for this zone
ambient pixie,,GameNPC,npc,3,1,201,Tir na Nog,209,unverified: not in CapnBry for this zone
Master Guardian,,GameGuard,guard,3,255,165,Cathal Valley,165,unverified: no CapnBry data for this zone
Keep Sentinel,,GameNPC,npc,2,90,100,Uppland,111,1.65-era: seen in this zone by CapnBry
Liv,Weapon Merchant,GameMerchant,npc,2,45,100,Vale of Mularn,100,1.65-era: seen in this zone by CapnBry
Cragen,Armor Merchant,GameMerchant,npc,3,50,200,Bog of Cullen,205,"likely period: listed in this zone by Illia's bestiary (2001-2010 data, may include later NPCs)"
Veteran Guardsman,,GameGuard,guard,1,40,10,City of Camelot,26,1.65-era: seen in this zone by CapnBry
Hralyvar,Vault Keeper,GameVaultKeeper,npc,2,50,100,Uppland,111,1.65-era: seen in this zone by CapnBry
Champion Commander,,Keeps.GuardCommander,guard,3,52,200,Breifine,212,1.65-era: seen in this zone by CapnBry
zombie boar,,NightSpawn,npc,0,5,1,Camelot Hills,0,1.65-era: seen in this zone by CapnBry
new mob,,Keeps.FrontierHastener,npc,0,1,200,Breifine,212,unverified: not in CapnBry for this zone
Master of Runes,,GameGuard,guard,2,255,100,West Svealand,102,1.65-era: seen in this zone by CapnBry
Kedoenad,Poison Merchant,GameMerchant,npc,1,9,10,City of Camelot,26,1.65-era: seen in this zone by CapnBry
Sydney,,GameNPC,npc,2,35,100,Vale of Mularn,100,1.65-era: seen in this zone by CapnBry
Ensign Redway,,GameNPC,npc,1,50,1,Salisbury Plains,1,unverified: not in CapnBry for this zone
Carimyr,Spellcrafters Master,SpellCraftingMaster,npc,3,65,202,Aberillan,225,unverified: no CapnBry data for this zone
Somhairle Breen,,GameNPC,npc,3,38,201,Tir na Nog,209,1.65-era: seen in this zone by CapnBry
Tosti,Seer Trainer,Trainer.SeerTrainer,npc,2,50,100,East Svealand,101,1.65-era: seen in this zone by CapnBry
Hwystad,Vault Banker,GameNPC,npc,1,50,2,Stoneleigh,262,unverified: no CapnBry data for this zone
Veteran Guard,,GameGuard,guard,1,40,1,Black Mtns. North,3,1.65-era: seen in this zone by CapnBry
Adwalesa,Tailors Master,TailoringMaster,npc,1,69,2,Brisworthy,20,unverified: no CapnBry data for this zone
Guardian,,Keeps.GuardFighter,guard,3,52,200,Breifine,212,1.65-era: seen in this zone by CapnBry
Viking Huscarl,,GameGuard,guard,2,255,100,Yggdra Forest,112,1.65-era: seen in this zone by CapnBry
innocent,,GameNPC,npc,2,36,246,Dodens Gruva,246,1.65-era: seen in this zone by CapnBry
Cedd Aethelbert,Shield Merchant,GameMerchant,npc,1,8,1,Black Mtns. North,3,1.65-era: seen in this zone by CapnBry
Sir Fundin,,GameNPC,npc,1,45,1,Avalon Marsh,9,1.65-era: seen in this zone by CapnBry
Mildri,Weapon Merchant,GameMerchant,npc,2,50,100,East Svealand,101,1.65-era: seen in this zone by CapnBry
Hugerton,Vault Banker,GameNPC,npc,3,55,202,Moycullen,273,unverified: no CapnBry data for this zone
Guardian,,Keeps.GuardFighter,guard,3,52,200,Breifine,212,1.65-era: seen in this zone by CapnBry
Viking Archer,,GameGuard,guard,2,255,165,Cathal Valley,165,1.65-era: seen by CapnBry (another zone)
Apprentice Taxidermist,,GameNPC,npc,1,35,2,Stoneleigh,262,unverified: no CapnBry data for this zone
Vanah,Skald Trainer,Trainer.SkaldTrainer,npc,2,50,100,Myrkwood Forest,105,1.65-era: seen in this zone by CapnBry
Audney,Shaman Trainer,Trainer.ShamanTrainer,npc,2,50,100,West Svealand,102,1.65-era: seen in this zone by CapnBry
Osk,Poison Merchant,GameMerchant,npc,2,50,100,East Svealand,101,1.65-era: seen in this zone by CapnBry
Uisetan,,GameNPC,npc,3,25,200,Shannon Estuary,202,1.65-era: seen in this zone by CapnBry
Master of Runes,,GameGuard,guard,2,255,100,West Svealand,102,1.65-era: seen in this zone by CapnBry
Lauralaye,,GameNPC,npc,3,24,201,Tir na Nog,209,1.65-era: seen in this zone by CapnBry
Guardian,,GameGuard,guard,1,53,51,Aldland,56,1.65-era: seen by CapnBry (another zone)
Piper,Hastener,GameHastener,npc,1,30,2,Caerwent,13,1.65-era: seen in this zone by CapnBry
Hunter Borsen,,GameNPC,npc,1,30,1,Avalon Marsh,9,1.65-era: seen in this zone by CapnBry
ambient rat,,GameNPC,npc,0,1,100,Vale of Mularn,100,unverified: not in CapnBry for this zone
Seonvan,,GameNPC,npc,3,32,202,Broughshane,274,unverified: no CapnBry data for this zone
Keya,Armor Merchant,GameMerchant,npc,3,40,201,Tir na Nog,209,1.65-era: seen in this zone by CapnBry
Champion Commander,PWNOGRAPHY,Keeps.GuardCommander,guard,3,59,200,Cruachan Gorge,211,"likely period: listed in this zone by Illia's bestiary (2001-2010 data, may include later NPCs)"
Alrik,Recharger,Scripts.Recharger,npc,2,21,100,Myrkwood Forest,105,1.65-era: seen in this zone by CapnBry
Dilith,Dye Merchant,GameMerchant,npc,3,35,200,Lough Derg,200,1.65-era: seen in this zone by CapnBry
Master of Runes,,GameGuard,guard,2,255,100,West Svealand,102,1.65-era: seen in this zone by CapnBry
innocent,,GameNPC,npc,2,37,246,Dodens Gruva,246,1.65-era: seen in this zone by CapnBry
Ranger,,Keeps.GuardArcher,guard,3,52,100,Jamtland Mountains,113,1.65-era: seen in this zone by CapnBry
Stor Gothi Tarnat,,MidgardSITeleporter,npc,2,50,151,Gripklosa Mountains,152,unverified: not in CapnBry for this zone
Boc,Armor Merchant,GameMerchant,npc,1,40,1,Black Mtns. North,3,1.65-era: seen in this zone by CapnBry
Dark Bishop Burhoff,,GameNPC,npc,0,0,1,Black Mtns. South,2,"likely period: listed in this zone by Illia's bestiary (2001-2010 data, may include later NPCs)"
Cundry,,GameNPC,npc,3,51,181,Vale of Balor,183,"likely period: listed in this zone by Illia's bestiary (2001-2010 data, may include later NPCs)"
Joawa,Recharger,Recharger,npc,3,40,200,Connacht,207,Atlas / later: Atlas charge recharger
Viking Huscarl,,GameGuard,guard,2,255,1,Hadrian's Wall,15,1.65-era: seen in this zone by CapnBry
Master of Runes,,GameGuard,guard,2,255,165,Cathal Valley,165,"likely period: listed in this zone by Illia's bestiary (2001-2010 data, may include later NPCs)"
Fuiren,Weapon Merchant,GameMerchant,npc,2,20,100,Vale of Mularn,100,1.65-era: seen in this zone by CapnBry
Londar,,GameNPC,npc,2,50,100,Vale of Mularn,100,unverified: not in CapnBry for this zone
horse,,GameNPC,npc,3,57,202,Kilcullen,218,1.65-era: seen by CapnBry (another zone)
Huscarl,,Keeps.GuardFighter,guard,2,37,165,Cathal Valley,165,1.65-era: seen by CapnBry (another zone)
Marendello,Vault Banker,GameNPC,npc,2,55,102,Nittedal,267,unverified: no CapnBry data for this zone
Apprentice Taxidermist,,GameNPC,npc,2,35,102,Stavgaard,268,unverified: no CapnBry data for this zone
Sentry,,GameGuard,guard,2,50,101,Jordheim,120,1.65-era: seen in this zone by CapnBry
Brenna,Weapon Merchant,GameMerchant,npc,3,39,200,Silvermine Mts.,201,1.65-era: seen in this zone by CapnBry
Champion,,GameGuard,guard,3,255,200,Cruachan Gorge,211,1.65-era: seen by CapnBry (another zone)
Master of Runes,,GameGuard,guard,2,255,100,West Svealand,102,1.65-era: seen in this zone by CapnBry
Ffiara,Weapon Merchant,GameMerchant,npc,3,37,201,Tir na Nog,209,1.65-era: seen in this zone by CapnBry
Sentinel,,GameGuard,guard,3,50,200,Connacht,207,1.65-era: seen in this zone by CapnBry
Magus Sarun,Sorcerer Trainer,Trainer.SorcererTrainer,npc,1,50,1,Black Mtns. North,3,1.65-era: seen in this zone by CapnBry
Master Gerrard,,GameNPC,npc,1,65,2,Rilan,17,unverified: not in CapnBry for this zone
Master Guardian,,GameGuard,guard,3,255,100,Odin's Gate,115,unverified: not in CapnBry for this zone
Midgard Decorator,Merchant,GameMerchant,npc,2,40,102,Frisia,121,unverified: no CapnBry data for this zone
Keep Sentinel,,GameNPC,npc,2,90,100,West Svealand,102,1.65-era: seen in this zone by CapnBry
Master of Runes,,GameNPC,npc,2,255,100,Uppland,111,1.65-era: seen in this zone by CapnBry
Mistress Ladriel,Wizard Trainer,Trainer.WizardTrainer,npc,1,50,10,City of Camelot,26,1.65-era: seen in this zone by CapnBry
Krianna,Dye Merchant,GameMerchant,npc,3,35,201,Tir na Nog,209,1.65-era: seen in this zone by CapnBry
Felisha,Stable Master,GameStableMaster,npc,2,50,100,Skona Ravine,106,1.65-era: seen in this zone by CapnBry
Mulgraighy,Stable Master,GameStableMaster,npc,3,31,200,Lough Gur,204,"likely period: listed in this zone by Illia's bestiary (2001-2010 data, may include later NPCs)"
Sentinel,,GameGuard,guard,3,55,201,Tir na Nog,209,1.65-era: seen in this zone by CapnBry
Runolf,Shield Merchant,GameMerchant,npc,2,50,100,West Svealand,102,1.65-era: seen in this zone by CapnBry
Mengi,Vault Banker,GameNPC,npc,2,50,102,Erikstaad,114,unverified: not in CapnBry for this zone
Guardian,,GameNPC,npc,3,48,200,Valley of Bri Leith,206,1.65-era: seen by CapnBry (another zone)
Lutan,Vault Banker,GameNPC,npc,2,52,102,Kaupang,122,unverified: no CapnBry data for this zone
Chieftain Guard,,GameNPC,npc,2,40,100,Vale of Mularn,100,1.65-era: seen in this zone by CapnBry
deamhan aeir,,NightSpawn,npc,0,36,200,Lough Gur,204,"likely period: listed in this zone by Illia's bestiary (2001-2010 data, may include later NPCs)"
Veteran Guardsman,,GameGuard,guard,1,43,10,City of Camelot,26,1.65-era: seen in this zone by CapnBry
Master Eldritch,,GameGuard,guard,3,255,165,Cathal Valley,165,1.65-era: seen by CapnBry (another zone)
innocent,,GameNPC,npc,1,39,277,Hall of the Corrupt,277,"likely period: listed in this zone by Illia's bestiary (2001-2010 data, may include later NPCs)"
Sentinel,,GameGuard,guard,3,50,200,Bog of Cullen,205,1.65-era: seen by CapnBry (another zone)
Erruno Moraine,Armor Merchant,GameMerchant,npc,3,1,181,Domnann,181,unverified: no CapnBry data for this zone
Channeler Glasny,Teleporter,Scripts.LiveTeleporter,npc,3,60,181,Vale of Balor,183,teleporter (not 1.65; listed separately)
Dalikor,,GameNPC,npc,2,20,100,Vale of Mularn,100,"likely period: listed in this zone by Illia's bestiary (2001-2010 data, may include later NPCs)"
Lene,Armor Merchant,GameMerchant,npc,2,50,100,Vale of Mularn,100,1.65-era: seen in this zone by CapnBry
Daga,,GameNPC,npc,2,34,100,East Svealand,101,1.65-era: seen in this zone by CapnBry
Master Eldritch,,GameGuard,guard,3,255,100,Odin's Gate,115,1.65-era: seen by CapnBry (another zone)
Etta Greavers,Runemaster Trainer,Trainer.RunemasterTrainer,npc,2,50,151,Aegir's Landing,151,1.65-era: seen in this zone by CapnBry
Master Eldritch,,GameGuard,guard,3,255,235,The Lions Den,235,1.65-era: seen by CapnBry (another zone)
Spectral Provisioner Spawner,DO NOT REMOVE,SpectralProvisionerSpawner,npc,0,50,60,Caer Sidi,60,unverified: no CapnBry data for this zone
Fusi,,GameNPC,npc,3,1,201,Tir na Nog,209,unverified: not in CapnBry for this zone
Frimeth,,GameNPC,npc,2,41,100,East Svealand,101,1.65-era: seen in this zone by CapnBry
ambient pixie,,GameNPC,npc,3,1,201,Tir na Nog,209,unverified: not in CapnBry for this zone
Bothe,Shield Merchant,GameMerchant,npc,2,50,100,East Svealand,101,1.65-era: seen in this zone by CapnBry
Guardian,,GameGuard,guard,1,53,51,Aldland,56,1.65-era: seen by CapnBry (another zone)
Albion borderguard,,GameGuard,guard,1,30,10,City of Camelot,26,1.65-era: seen in this zone by CapnBry
Filidh Meilseior,,GameNPC,npc,3,35,201,Tir na Nog,209,1.65-era: seen in this zone by CapnBry
Market Explorer,,MarketExplorer,npc,2,50,102,Stavgaard,268,"Atlas / later: Market Explorer (housing consignment search, post-1.65 / Atlas)"
Luikko,,GameNPC,npc,2,50,151,Faraheim,154,1.65-era: seen in this zone by CapnBry
Enchanter Evala,Enchanter,Enchanter,npc,1,53,10,City of Camelot,26,1.65-era: seen in this zone by CapnBry
Venmalu,Healer,GameHealer,npc,2,20,100,East Svealand,101,1.65-era: seen in this zone by CapnBry
Tric,,GameNPC,npc,2,47,100,East Svealand,101,1.65-era: seen in this zone by CapnBry
Hastener,,GameHastener,npc,0,100,200,Emain Macha,214,1.65-era: seen in this zone by CapnBry
swarm of flies,,GameNPC,npc,3,0,200,Lough Derg,200,likely period: listed by Illia's bestiary in another zone
Tormey,Vault Banker,GameNPC,npc,3,50,202,Torrylin,217,unverified: no CapnBry data for this zone
horse,,GameNPC,npc,3,55,202,Aberillan,225,1.65-era: seen by CapnBry (another zone)
horse,,GameNPC,npc,1,55,1,Llyn Barfog,7,1.65-era: seen by CapnBry (another zone)
Kon,Recharger,Recharger,npc,1,55,1,Dartmoor,4,Atlas / later: Atlas charge recharger
Banghaisgidheach,,NightSpawn,npc,0,37,200,Lough Gur,204,"likely period: listed in this zone by Illia's bestiary (2001-2010 data, may include later NPCs)"
Unn Hlifrefna,Poison Merchant,GameMerchant,npc,2,50,151,Aegir's Landing,151,1.65-era: seen in this zone by CapnBry
Hector Darian,Merchant,GameMerchant,npc,1,1,10,City of Camelot,26,1.65-era: seen in this zone by CapnBry
Brother Lawrence,Healer,GameHealer,npc,1,29,1,Camelot Hills,0,"likely period: listed in this zone by Illia's bestiary (2001-2010 data, may include later NPCs)"
Keep Sentinel,,GameNPC,npc,3,255,200,Valley of Bri Leith,206,1.65-era: seen by CapnBry (another zone)
Judan Hammerfel,Smith,Blacksmith,npc,1,15,10,City of Camelot,26,1.65-era: seen in this zone by CapnBry
Master Nightshade,,GameNPC,npc,3,255,235,The Lions Den,235,1.65-era: seen by CapnBry (another zone)
Viking Huscarl,,GameGuard,guard,2,255,200,Emain Macha,214,1.65-era: seen in this zone by CapnBry
Dain,Spiritmaster Trainer,Trainer.SpiritmasterTrainer,npc,2,52,100,West Svealand,102,1.65-era: seen in this zone by CapnBry
Master Wizard,,GameNPC,npc,1,255,1,Forest Sauvage,11,1.65-era: seen in this zone by CapnBry
Armsman,,Keeps.GuardFighter,guard,1,57,100,Odin's Gate,115,1.65-era: seen by CapnBry (another zone)
Treena,Recharger,Recharger,npc,1,50,51,Isle of Glass,51,Atlas / later: Atlas charge recharger
Master Ranger,,GameGuard,guard,3,255,165,Cathal Valley,165,1.65-era: seen by CapnBry (another zone)
Hastener,,GameHastener,npc,0,1,1,Forest Sauvage,11,1.65-era: seen in this zone by CapnBry
Master Stearn,Elementalist Trainer,Trainer.ElementalistTrainer,npc,1,50,1,Camelot Hills,0,1.65-era: seen in this zone by CapnBry
Gothi of Odin,,Scripts.OFAssistant,npc,2,100,100,Uppland,111,Atlas / later: Atlas frontier medallion assistant
Ligan,Viking Trainer,Trainer.VikingTrainer,npc,2,40,229,Burial Grounds,229,unverified: no CapnBry data for this zone
Telliara,Weapon Merchant,GameMerchant,npc,3,50,181,Vigilant Rock,186,"likely period: listed in this zone by Illia's bestiary (2001-2010 data, may include later NPCs)"
Thomas ap Seyton,Armor Merchant,GameMerchant,npc,1,30,1,Llyn Barfog,7,"likely period: listed in this zone by Illia's bestiary (2001-2010 data, may include later NPCs)"
Anrid,Armor Merchant,GameMerchant,npc,2,44,101,Jordheim,120,1.65-era: seen in this zone by CapnBry
Lisill,Vault Banker,GameNPC,npc,2,50,102,Kaupang,122,unverified: no CapnBry data for this zone
Sosanna,Dye Merchant,GameMerchant,npc,3,40,200,Silvermine Mts.,201,"likely period: listed in this zone by Illia's bestiary (2001-2010 data, may include later NPCs)"
Huntsman,,GameNPC,npc,1,30,1,Campacorentin Forest,8,1.65-era: seen in this zone by CapnBry
Kelli,Dye Merchant,GameMerchant,npc,3,50,181,Caillte Garran,182,"likely period: listed in this zone by Illia's bestiary (2001-2010 data, may include later NPCs)"
Master Ranger,,GameGuard,guard,3,255,200,Valley of Bri Leith,206,1.65-era: seen by CapnBry (another zone)
ambient pixie,,GameNPC,npc,3,1,200,Lough Derg,200,unverified: not in CapnBry for this zone
Curka,Weapon Merchant,GameMerchant,npc,2,42,100,Myrkwood Forest,105,1.65-era: seen in this zone by CapnBry
Hibernia World,Item Merchant,GameMerchant,npc,3,50,201,Tir na Nog,209,unverified: not in CapnBry for this zone
innocent,,GameNPC,npc,2,36,246,Dodens Gruva,246,1.65-era: seen in this zone by CapnBry
Channeler Ynsalg,Druim Ligen Emissary,SimpleTeleporter,npc,3,60,73,Stygian Delta,81,added by this project (excluded)
Stephon Bash,Weapon Merchant,GameMerchant,npc,1,40,1,Black Mtns. South,2,"likely period: listed in this zone by Illia's bestiary (2001-2010 data, may include later NPCs)"
Mordred,Lord Of Battle,LordOfBattle,npc,0,75,334,Midgard Event,334,likely period: listed by Illia's bestiary in another zone
ambient pixie,,GameNPC,npc,3,1,200,Connacht,207,unverified: not in CapnBry for this zone
Captain Denholm,,GameNPC,npc,1,50,51,Aldland,56,"likely period: listed in this zone by Illia's bestiary (2001-2010 data, may include later NPCs)"
Denise,,GameNPC,npc,2,16,100,Vale of Mularn,100,1.65-era: seen in this zone by CapnBry
Harper Eveny,,GameNPC,npc,3,35,201,Tir na Nog,209,1.65-era: seen in this zone by CapnBry
Echnaasa,Fletchers Master,FletchingMaster,npc,2,66,102,Nittedal,267,unverified: no CapnBry data for this zone
Fychan,Merchant,GameMerchant,npc,1,50,2,Old Sarum,16,unverified: no CapnBry data for this zone
Obelisk of Draining,,GameNPC,npc,0,99,98,Hibernia's Darkspire,98,unverified: no CapnBry data for this zone
Master Sceley's Assistant,,GameNPC,npc,1,40,1,Black Mtns. South,2,unverified: not in CapnBry for this zone
Adalyn,Realm Exchange,RealmExchangeBroker,npc,1,50,10,City of Camelot,26,added by this project (excluded)
Brynhild,Realm Exchange,RealmExchangeBroker,npc,2,50,101,Jordheim,120,added by this project (excluded)
Eilwen,Realm Exchange,RealmExchangeBroker,npc,3,50,201,Tir na Nog,209,added by this project (excluded)
Royal Exchange Guard,Exchange Guard,GameGuard,guard,1,50,10,City of Camelot,26,unverified: not in CapnBry for this zone
Royal Exchange Guard,Exchange Guard,GameGuard,guard,1,50,10,City of Camelot,26,unverified: not in CapnBry for this zone
Valkyrie Exchange Guard,Exchange Guard,GameGuard,guard,2,50,101,Jordheim,120,unverified: not in CapnBry for this zone
Valkyrie Exchange Guard,Exchange Guard,GameGuard,guard,2,50,101,Jordheim,120,unverified: not in CapnBry for this zone
Sentinel Exchange Guard,Exchange Guard,GameGuard,guard,3,50,201,Tir na Nog,209,unverified: not in CapnBry for this zone
Sentinel Exchange Guard,Exchange Guard,GameGuard,guard,3,50,201,Tir na Nog,209,unverified: not in CapnBry for this zone
King Dulgar,,GameNPC,npc,0,61,51,Gwyddneau,55,unverified: no CapnBry data for this zone
Feairna-athar,,GameNPC,npc,0,60,181,Cothrom Gorge,184,unverified: no CapnBry data for this zone
Telsar,,GameNPC,npc,0,45,51,Caldey,54,"likely period: listed in this zone by Illia's bestiary (2001-2010 data, may include later NPCs)"
Clan Bard,,GameNPC,npc,0,54,51,Caldey,54,unverified: no CapnBry data for this zone
bone-eater oracle,,GameNPC,npc,0,42,100,Yggdra Forest,112,1.65-era: seen in this zone by CapnBry
great lynx,,GameNPC,npc,0,43,100,Jamtland Mountains,113,1.65-era: seen in this zone by CapnBry
bone-eater oracle,,GameNPC,npc,0,42,100,Yggdra Forest,112,1.65-era: seen in this zone by CapnBry
bone-eater oracle,,GameNPC,npc,0,42,100,Yggdra Forest,112,1.65-era: seen in this zone by CapnBry
bone-eater oracle,,GameNPC,npc,0,40,100,Yggdra Forest,112,1.65-era: seen in this zone by CapnBry
Muirenn,Sluaghbinder Trainer,Trainer.SluaghbinderTrainer,npc,3,50,201,Tir na Nog,209,added by this project (excluded)
bound sluagh wisp,,GameNPC,npc,3,1,201,Tir na Nog,209,added by this project (excluded)
