zone,zone_id,name,spawns_in_camp,local_x,local_y,capnbry_spawns_seen_nearby,species_total_in_zone,verdict
Camelot Hills,0,grass snake,1,15177,63726,0,7,no CapnBry sighting at this spot
Camelot Hills,0,grass snake,1,23804,64173,1,7,matches CapnBry (1-2 seen here)
Camelot Hills,0,grass snake,1,43550,56681,1,7,matches CapnBry (1-2 seen here)
Camelot Hills,0,grass snake,1,20745,63634,0,7,no CapnBry sighting at this spot
Camelot Hills,0,grass snake,1,41654,58552,1,7,matches CapnBry (1-2 seen here)
Camelot Hills,0,grass snake,1,16804,61180,0,7,no CapnBry sighting at this spot
Camelot Hills,0,grass snake,1,43724,61297,1,7,matches CapnBry (1-2 seen here)
Camelot Hills,0,undead filidh,2,7097,59730,0,20,no CapnBry sighting at this spot
Camelot Hills,0,small snake,2,19577,22919,0,17,no CapnBry sighting at this spot
Camelot Hills,0,small snake,1,20063,10871,0,17,no CapnBry sighting at this spot
Camelot Hills,0,small snake,1,1959,5245,0,17,no CapnBry sighting at this spot
Camelot Hills,0,small snake,1,17046,36521,0,17,no CapnBry sighting at this spot
Camelot Hills,0,small snake,2,17327,22993,0,17,no CapnBry sighting at this spot
Camelot Hills,0,small snake,1,13777,19862,0,17,no CapnBry sighting at this spot
Camelot Hills,0,small snake,1,16276,38445,0,17,no CapnBry sighting at this spot
Camelot Hills,0,small snake,1,2980,8623,0,17,no CapnBry sighting at this spot
Camelot Hills,0,small snake,1,51852,24429,0,17,no CapnBry sighting at this spot
Camelot Hills,0,small snake,1,14742,21924,0,17,no CapnBry sighting at this spot
Camelot Hills,0,small snake,1,4208,5119,0,17,no CapnBry sighting at this spot
Camelot Hills,0,small snake,1,17685,16545,0,17,no CapnBry sighting at this spot
Camelot Hills,0,gray wolf,2,31237,39510,1,9,matches CapnBry (1-2 seen here)
Camelot Hills,0,gray wolf,2,31561,18066,1,9,matches CapnBry (1-2 seen here)
Camelot Hills,0,gray wolf,1,33514,18023,1,9,matches CapnBry (1-2 seen here)
Camelot Hills,0,gray wolf,1,36517,39458,1,9,matches CapnBry (1-2 seen here)
Camelot Hills,0,gray wolf pup,2,14671,13178,1,19,matches CapnBry (1-2 seen here)
Camelot Hills,0,gray wolf pup,1,17753,35348,0,19,no CapnBry sighting at this spot
Camelot Hills,0,gray wolf pup,1,4240,9126,1,19,matches CapnBry (1-2 seen here)
Camelot Hills,0,gray wolf pup,1,18643,33990,0,19,no CapnBry sighting at this spot
Camelot Hills,0,gray wolf pup,2,20102,10357,1,19,matches CapnBry (1-2 seen here)
Camelot Hills,0,gray wolf pup,1,26319,16405,0,19,no CapnBry sighting at this spot
Camelot Hills,0,gray wolf pup,1,20235,22140,2,19,matches CapnBry (1-2 seen here)
Camelot Hills,0,gray wolf pup,1,17517,13313,1,19,matches CapnBry (1-2 seen here)
Camelot Hills,0,gray wolf pup,1,18904,25024,2,19,matches CapnBry (1-2 seen here)
Camelot Hills,0,gray wolf pup,1,5053,5345,1,19,matches CapnBry (1-2 seen here)
Camelot Hills,0,gray wolf pup,1,2237,4054,1,19,matches CapnBry (1-2 seen here)
Camelot Hills,0,bandit,1,51319,13520,0,72,no CapnBry sighting at this spot
Camelot Hills,0,bandit,2,51047,40409,3,72,likely short: CapnBry saw 3 here
Camelot Hills,0,bandit,1,49388,11892,0,72,no CapnBry sighting at this spot
Camelot Hills,0,bandit,1,42058,22884,2,72,matches CapnBry (1-2 seen here)
Camelot Hills,0,bandit,2,7843,3969,3,72,likely short: CapnBry saw 3 here
Camelot Hills,0,bandit,1,49549,19773,0,72,no CapnBry sighting at this spot
Camelot Hills,0,bandit,1,32237,56018,3,72,likely short: CapnBry saw 3 here
Camelot Hills,0,bandit,1,33588,57018,3,72,likely short: CapnBry saw 3 here
Camelot Hills,0,bandit,1,46039,19886,0,72,no CapnBry sighting at this spot
Camelot Hills,0,bandit,2,46742,43189,2,72,matches CapnBry (1-2 seen here)
Camelot Hills,0,bandit,2,48642,17654,0,72,no CapnBry sighting at this spot
Camelot Hills,0,bandit,2,48105,40368,3,72,likely short: CapnBry saw 3 here
Camelot Hills,0,bandit,1,47123,14808,0,72,no CapnBry sighting at this spot
Camelot Hills,0,bandit,1,51574,37173,3,72,likely short: CapnBry saw 3 here
Camelot Hills,0,bandit,1,52729,38140,3,72,likely short: CapnBry saw 3 here
Camelot Hills,0,bandit,1,43459,25022,9,72,likely short: CapnBry saw 9 here
Camelot Hills,0,spriggarn,2,25403,40008,0,44,no CapnBry sighting at this spot
Camelot Hills,0,spriggarn,2,31693,15185,0,44,no CapnBry sighting at this spot
Camelot Hills,0,spriggarn,2,34432,21762,0,44,no CapnBry sighting at this spot
Camelot Hills,0,spriggarn,1,2835,5670,1,44,matches CapnBry (1-2 seen here)
Camelot Hills,0,spriggarn,1,11339,48206,0,44,no CapnBry sighting at this spot
Camelot Hills,0,spriggarn,1,14931,14931,0,44,no CapnBry sighting at this spot
Camelot Hills,0,spriggarn,1,35205,31846,1,44,matches CapnBry (1-2 seen here)
Camelot Hills,0,spriggarn,1,15187,11835,0,44,no CapnBry sighting at this spot
Camelot Hills,0,cutpurse,2,28964,42700,0,19,no CapnBry sighting at this spot
Camelot Hills,0,cutpurse,1,32336,55562,1,19,matches CapnBry (1-2 seen here)
Camelot Hills,0,river sprite,2,11658,44124,0,22,no CapnBry sighting at this spot
Camelot Hills,0,river spriteling,2,20941,54992,0,43,no CapnBry sighting at this spot
Camelot Hills,0,small bear,2,34405,48466,0,23,no CapnBry sighting at this spot
Camelot Hills,0,small bear,2,21384,40257,0,23,no CapnBry sighting at this spot
Camelot Hills,0,small bear,2,20787,37178,0,23,no CapnBry sighting at this spot
Camelot Hills,0,small bear,2,32275,21243,1,23,matches CapnBry (1-2 seen here)
Camelot Hills,0,small bear,2,32097,48487,0,23,no CapnBry sighting at this spot
Camelot Hills,0,small bear,2,28081,26184,1,23,matches CapnBry (1-2 seen here)
Camelot Hills,0,small bear,1,24043,23045,1,23,matches CapnBry (1-2 seen here)
Camelot Hills,0,small bear,2,42024,49255,1,23,matches CapnBry (1-2 seen here)
Camelot Hills,0,small bear,1,23390,24403,0,23,no CapnBry sighting at this spot
Camelot Hills,0,small bear,2,33738,40024,1,23,matches CapnBry (1-2 seen here)
Camelot Hills,0,small bear,1,32510,16996,1,23,matches CapnBry (1-2 seen here)
Camelot Hills,0,faerie wolf-crier,1,33198,50811,2,7,matches CapnBry (1-2 seen here)
Camelot Hills,0,large skeleton,2,49175,56052,2,21,matches CapnBry (1-2 seen here)
Camelot Hills,0,river drake hatchling,1,7278,35551,0,14,no CapnBry sighting at this spot
Camelot Hills,0,river drake hatchling,1,15646,43324,1,14,matches CapnBry (1-2 seen here)
Camelot Hills,0,adder,2,40852,57988,2,35,matches CapnBry (1-2 seen here)
Camelot Hills,0,adder,2,45507,40275,2,35,matches CapnBry (1-2 seen here)
Camelot Hills,0,adder,1,42409,59830,2,35,matches CapnBry (1-2 seen here)
Camelot Hills,0,adder,1,48659,11345,0,35,no CapnBry sighting at this spot
Camelot Hills,0,adder,1,11676,63392,0,35,no CapnBry sighting at this spot
Camelot Hills,0,adder,1,43876,61508,2,35,matches CapnBry (1-2 seen here)
Camelot Hills,0,adder,1,14603,58807,0,35,no CapnBry sighting at this spot
Camelot Hills,0,adder,1,51362,36926,1,35,matches CapnBry (1-2 seen here)
Camelot Hills,0,adder,1,33227,16344,1,35,matches CapnBry (1-2 seen here)
Camelot Hills,0,adder,1,53750,24303,0,35,no CapnBry sighting at this spot
Camelot Hills,0,adder,1,15572,61768,0,35,no CapnBry sighting at this spot
Camelot Hills,0,adder,1,27996,62438,0,35,no CapnBry sighting at this spot
Camelot Hills,0,adder,2,45547,12943,0,35,no CapnBry sighting at this spot
Camelot Hills,0,adder,1,28440,19043,1,35,matches CapnBry (1-2 seen here)
Camelot Hills,0,adder,1,23269,63305,1,35,matches CapnBry (1-2 seen here)
Camelot Hills,0,adder,1,43749,41656,2,35,matches CapnBry (1-2 seen here)
Camelot Hills,0,adder,1,32630,17941,1,35,matches CapnBry (1-2 seen here)
Camelot Hills,0,adder,1,9045,63570,0,35,no CapnBry sighting at this spot
Camelot Hills,0,adder,1,51451,40843,1,35,matches CapnBry (1-2 seen here)
Camelot Hills,0,adder,1,21471,60504,1,35,matches CapnBry (1-2 seen here)
Camelot Hills,0,brownie,2,10176,39024,0,17,no CapnBry sighting at this spot
Camelot Hills,0,brownie,1,17375,15837,0,17,no CapnBry sighting at this spot
Camelot Hills,0,brownie,1,14964,36916,0,17,no CapnBry sighting at this spot
Camelot Hills,0,brownie,2,2485,9659,0,17,no CapnBry sighting at this spot
Camelot Hills,0,brownie,1,2835,5103,0,17,no CapnBry sighting at this spot
Camelot Hills,0,brownie,1,35187,32417,0,17,no CapnBry sighting at this spot
Camelot Hills,0,brownie,1,50168,23966,0,17,no CapnBry sighting at this spot
Camelot Hills,0,brownie,1,20163,11056,0,17,no CapnBry sighting at this spot
Camelot Hills,0,brownie,1,35366,42795,0,17,no CapnBry sighting at this spot
Camelot Hills,0,brownie,1,16744,22862,0,17,no CapnBry sighting at this spot
Camelot Hills,0,puny skeleton,2,11872,19299,2,13,matches CapnBry (1-2 seen here)
Camelot Hills,0,puny skeleton,1,16667,35903,0,13,no CapnBry sighting at this spot
Camelot Hills,0,puny skeleton,1,14039,33769,0,13,no CapnBry sighting at this spot
Camelot Hills,0,puny skeleton,2,14651,17379,2,13,matches CapnBry (1-2 seen here)
Camelot Hills,0,spriggarn elder,1,29375,51011,0,30,no CapnBry sighting at this spot
Camelot Hills,0,zombie boar,1,29908,30437,0,1,rare/named species (1-2 in whole zone)
Camelot Hills,0,emerald snake,1,43236,55368,2,46,matches CapnBry (1-2 seen here)
Camelot Hills,0,emerald snake,2,42326,60331,2,46,matches CapnBry (1-2 seen here)
Camelot Hills,0,emerald snake,2,33394,43062,1,46,matches CapnBry (1-2 seen here)
Camelot Hills,0,emerald snake,1,10716,62810,1,46,matches CapnBry (1-2 seen here)
Camelot Hills,0,emerald snake,2,21966,63888,3,46,likely short: CapnBry saw 3 here
Camelot Hills,0,emerald snake,1,29325,18030,2,46,matches CapnBry (1-2 seen here)
Camelot Hills,0,emerald snake,2,47221,18028,0,46,no CapnBry sighting at this spot
Camelot Hills,0,emerald snake,1,31267,18776,2,46,matches CapnBry (1-2 seen here)
Camelot Hills,0,emerald snake,1,24209,65186,3,46,likely short: CapnBry saw 3 here
Camelot Hills,0,emerald snake,2,43553,57496,2,46,matches CapnBry (1-2 seen here)
Camelot Hills,0,emerald snake,1,51943,22643,0,46,no CapnBry sighting at this spot
Camelot Hills,0,emerald snake,1,29519,21806,2,46,matches CapnBry (1-2 seen here)
Camelot Hills,0,emerald snake,1,27752,19307,2,46,matches CapnBry (1-2 seen here)
Camelot Hills,0,emerald snake,1,25393,63518,3,46,likely short: CapnBry saw 3 here
Camelot Hills,0,emerald snake,1,48701,40594,4,46,likely short: CapnBry saw 4 here
Camelot Hills,0,emerald snake,1,51708,18817,0,46,no CapnBry sighting at this spot
Camelot Hills,0,emerald snake,1,33435,38500,1,46,matches CapnBry (1-2 seen here)
Camelot Hills,0,emerald snake,1,52696,36248,1,46,matches CapnBry (1-2 seen here)
Camelot Hills,0,emerald snake,1,11193,58297,1,46,matches CapnBry (1-2 seen here)
Camelot Hills,0,emerald snake,1,49818,14034,0,46,no CapnBry sighting at this spot
Camelot Hills,0,emerald snake,1,42331,62841,2,46,matches CapnBry (1-2 seen here)
Camelot Hills,0,bandit henchman,2,13986,5106,2,16,matches CapnBry (1-2 seen here)
Camelot Hills,0,bandit henchman,2,53196,20788,0,16,no CapnBry sighting at this spot
Camelot Hills,0,putrid zombie,2,17079,44609,0,10,no CapnBry sighting at this spot
Camelot Hills,0,putrid zombie,2,49110,49770,2,10,matches CapnBry (1-2 seen here)
Camelot Hills,0,putrid zombie,1,45995,50318,2,10,matches CapnBry (1-2 seen here)
Camelot Hills,0,putrid zombie,1,36687,20309,2,10,matches CapnBry (1-2 seen here)
Camelot Hills,0,putrid zombie,1,35448,19425,2,10,matches CapnBry (1-2 seen here)
Camelot Hills,0,young boar,1,52688,37738,1,24,matches CapnBry (1-2 seen here)
Camelot Hills,0,young boar,2,45683,42828,3,24,likely short: CapnBry saw 3 here
Camelot Hills,0,young boar,1,48340,19469,0,24,no CapnBry sighting at this spot
Camelot Hills,0,young boar,1,16380,59627,1,24,matches CapnBry (1-2 seen here)
Camelot Hills,0,young boar,1,18067,62297,1,24,matches CapnBry (1-2 seen here)
Camelot Hills,0,young boar,1,50588,36155,3,24,likely short: CapnBry saw 3 here
Camelot Hills,0,young boar,1,24116,62221,1,24,matches CapnBry (1-2 seen here)
Camelot Hills,0,young boar,1,26156,64163,1,24,matches CapnBry (1-2 seen here)
Camelot Hills,0,young boar,1,48965,16240,0,24,no CapnBry sighting at this spot
Camelot Hills,0,young boar,1,50153,21458,0,24,no CapnBry sighting at this spot
Camelot Hills,0,young boar,1,16187,64955,1,24,matches CapnBry (1-2 seen here)
Camelot Hills,0,bandit lieutenant,2,44176,18247,2,8,matches CapnBry (1-2 seen here)
Camelot Hills,0,bandit lieutenant,1,55545,23305,0,8,no CapnBry sighting at this spot
Camelot Hills,0,bandit lieutenant,1,53621,20781,0,8,no CapnBry sighting at this spot
Camelot Hills,0,bandit lieutenant,2,13979,5096,2,8,matches CapnBry (1-2 seen here)
Camelot Hills,0,bandit lieutenant,2,35462,63358,1,8,matches CapnBry (1-2 seen here)
Camelot Hills,0,dragon ant worker,2,42914,10982,2,24,matches CapnBry (1-2 seen here)
Camelot Hills,0,bear,1,30151,63944,0,22,no CapnBry sighting at this spot
Camelot Hills,0,bear,2,12570,61962,1,22,matches CapnBry (1-2 seen here)
Camelot Hills,0,bear,1,43102,56607,2,22,matches CapnBry (1-2 seen here)
Camelot Hills,0,bear,2,43832,60962,2,22,matches CapnBry (1-2 seen here)
Camelot Hills,0,bear,1,23956,59015,2,22,matches CapnBry (1-2 seen here)
Camelot Hills,0,bear,1,22932,61964,2,22,matches CapnBry (1-2 seen here)
Camelot Hills,0,bear,1,9622,60589,1,22,matches CapnBry (1-2 seen here)
Camelot Hills,0,bear,1,10460,63343,1,22,matches CapnBry (1-2 seen here)
Camelot Hills,0,skeleton,2,47683,52311,1,14,matches CapnBry (1-2 seen here)
Camelot Hills,0,skeleton,1,12217,19393,1,14,matches CapnBry (1-2 seen here)
Camelot Hills,0,skeleton,1,37817,39487,1,14,matches CapnBry (1-2 seen here)
Camelot Hills,0,faerie mischief-maker,1,25850,18497,0,8,no CapnBry sighting at this spot
Camelot Hills,0,brownie nomad,1,16011,62415,0,14,no CapnBry sighting at this spot
Camelot Hills,0,brownie nomad,1,21671,64610,1,14,matches CapnBry (1-2 seen here)
Camelot Hills,0,brownie nomad,1,8555,62224,0,14,no CapnBry sighting at this spot
Camelot Hills,0,brownie nomad,1,21366,60563,1,14,matches CapnBry (1-2 seen here)
Camelot Hills,0,dragon ant drone,1,39662,12633,0,5,no CapnBry sighting at this spot
Camelot Hills,0,bandit thaumaturge,2,14801,5162,2,6,matches CapnBry (1-2 seen here)
Camelot Hills,0,giant frog,1,43934,49006,2,24,matches CapnBry (1-2 seen here)
Camelot Hills,0,giant frog,2,11840,45356,1,24,matches CapnBry (1-2 seen here)
Camelot Hills,0,giant frog,1,29000,19722,2,24,matches CapnBry (1-2 seen here)
Camelot Hills,0,dragon ant soldier,1,41659,22184,0,18,no CapnBry sighting at this spot
Camelot Hills,0,dragon ant soldier,2,43191,11753,1,18,matches CapnBry (1-2 seen here)
Camelot Hills,0,dwarven priest,1,30769,10503,0,3,no CapnBry sighting at this spot
Camelot Hills,0,dwarven priest,1,28846,10767,0,3,no CapnBry sighting at this spot
Camelot Hills,0,dwarven priest,1,28485,8250,0,3,no CapnBry sighting at this spot
Camelot Hills,0,snake,2,23145,36963,2,28,matches CapnBry (1-2 seen here)
Camelot Hills,0,snake,1,31440,43959,0,28,no CapnBry sighting at this spot
Camelot Hills,0,snake,2,28758,19348,1,28,matches CapnBry (1-2 seen here)
Camelot Hills,0,snake,2,21158,37892,2,28,matches CapnBry (1-2 seen here)
Camelot Hills,0,snake,1,23759,11730,0,28,no CapnBry sighting at this spot
Camelot Hills,0,snake,1,46948,47293,3,28,likely short: CapnBry saw 3 here
Camelot Hills,0,snake,1,29750,40164,0,28,no CapnBry sighting at this spot
Camelot Hills,0,snake,1,28609,27240,1,28,matches CapnBry (1-2 seen here)
Camelot Hills,0,snake,1,30868,22764,1,28,matches CapnBry (1-2 seen here)
Camelot Hills,0,snake,1,35625,21759,1,28,matches CapnBry (1-2 seen here)
Camelot Hills,0,brownie grassrunner,1,20153,65533,0,1,rare/named species (1-2 in whole zone)
Camelot Hills,0,filidh,1,21706,62811,0,22,no CapnBry sighting at this spot
Camelot Hills,0,filidh,1,16375,63339,1,22,matches CapnBry (1-2 seen here)
Camelot Hills,0,filidh,1,15062,58998,0,22,no CapnBry sighting at this spot
Camelot Hills,0,grumoz demon,2,50460,53138,1,2,matches CapnBry (1-2 seen here)
Camelot Hills,0,decayed zombie,2,11977,19154,0,22,no CapnBry sighting at this spot
Camelot Hills,0,decayed zombie,2,46014,50256,1,22,matches CapnBry (1-2 seen here)
Camelot Hills,0,decayed zombie,2,49041,49826,1,22,matches CapnBry (1-2 seen here)
Camelot Hills,0,decayed zombie,1,16913,19190,0,22,no CapnBry sighting at this spot
Camelot Hills,0,faerie bell-wether,1,31545,51476,1,8,matches CapnBry (1-2 seen here)
Camelot Hills,0,wild sow,2,31031,44301,0,8,no CapnBry sighting at this spot
Camelot Hills,0,wild sow,2,22140,36813,0,8,no CapnBry sighting at this spot
Camelot Hills,0,wild sow,1,389,8369,0,8,no CapnBry sighting at this spot
Camelot Hills,0,bear cub,1,108,9871,0,2,rare/named species (1-2 in whole zone)
Camelot Hills,0,bear cub,1,378,5145,0,2,rare/named species (1-2 in whole zone)
Camelot Hills,0,convert guard,2,28507,8293,2,2,matches CapnBry (1-2 seen here)
Camelot Hills,0,black wolf,2,31857,46333,0,12,no CapnBry sighting at this spot
Camelot Hills,0,black wolf,2,23450,38653,0,12,no CapnBry sighting at this spot
Camelot Hills,0,black wolf,2,33005,49623,0,12,no CapnBry sighting at this spot
Camelot Hills,0,black wolf,2,32953,23922,1,12,matches CapnBry (1-2 seen here)
Camelot Hills,0,black wolf,1,44035,48557,1,12,matches CapnBry (1-2 seen here)
Camelot Hills,0,black wolf,1,34966,22168,1,12,matches CapnBry (1-2 seen here)
Camelot Hills,0,black wolf,1,46528,48546,1,12,matches CapnBry (1-2 seen here)
Camelot Hills,0,black wolf,1,24533,10694,0,12,no CapnBry sighting at this spot
Camelot Hills,0,thwori,1,11555,36069,0,1,rare/named species (1-2 in whole zone)
Camelot Hills,0,spirit,2,42149,57814,2,12,matches CapnBry (1-2 seen here)
Camelot Hills,0,spirit,1,44027,57488,2,12,matches CapnBry (1-2 seen here)
Camelot Hills,0,spirit,1,34434,37932,0,12,no CapnBry sighting at this spot
Camelot Hills,0,spirit,1,37847,57888,2,12,matches CapnBry (1-2 seen here)
Camelot Hills,0,spirit,1,47756,18914,0,12,no CapnBry sighting at this spot
Camelot Hills,0,spirit,1,17040,59625,0,12,no CapnBry sighting at this spot
Camelot Hills,0,spirit,1,22167,61398,2,12,matches CapnBry (1-2 seen here)
Camelot Hills,0,spirit,1,37758,37854,0,12,no CapnBry sighting at this spot
Camelot Hills,0,spirit,1,15666,60721,0,12,no CapnBry sighting at this spot
Camelot Hills,0,spirit,1,45461,16462,0,12,no CapnBry sighting at this spot
Camelot Hills,0,spirit,1,24687,61819,2,12,matches CapnBry (1-2 seen here)
Camelot Hills,0,fading spirit,2,16452,46596,1,2,matches CapnBry (1-2 seen here)
Camelot Hills,0,weakened demon,1,52192,51661,0,1,rare/named species (1-2 in whole zone)
Camelot Hills,0,red adder,1,20175,65442,0,1,rare/named species (1-2 in whole zone)
Camelot Hills,0,plague spider,1,20520,32251,0,4,no CapnBry sighting at this spot
Camelot Hills,0,plague spider,1,28367,20295,0,4,no CapnBry sighting at this spot
Camelot Hills,0,plague spider,1,19771,11345,0,4,no CapnBry sighting at this spot
Camelot Hills,0,plague spider,1,21465,36436,0,4,no CapnBry sighting at this spot
Camelot Hills,0,zombie farmer,1,26975,30471,0,1,rare/named species (1-2 in whole zone)
Camelot Hills,0,giant ant,1,47683,35317,0,1,rare/named species (1-2 in whole zone)
Camelot Hills,0,spirit hound,1,14084,13139,0,2,rare/named species (1-2 in whole zone)
Camelot Hills,0,spirit hound,1,4725,4815,0,2,rare/named species (1-2 in whole zone)
Camelot Hills,0,moldy skeleton,1,284,9285,0,1,rare/named species (1-2 in whole zone)
Camelot Hills,0,bandit leader,2,42008,41868,0,6,no CapnBry sighting at this spot
Camelot Hills,0,young cutpurse,2,27230,23682,0,2,rare/named species (1-2 in whole zone)
Camelot Hills,0,undead druid,2,51387,47141,0,2,rare/named species (1-2 in whole zone)
Camelot Hills,0,lady leana,1,25493,17001,0,1,rare/named species (1-2 in whole zone)
Camelot Hills,0,ygwrch gyrg,1,30691,25388,0,1,rare/named species (1-2 in whole zone)
Camelot Hills,0,fielath,1,50277,52601,0,1,rare/named species (1-2 in whole zone)
Camelot Hills,0,dragon ant queen,1,41414,11420,0,1,rare/named species (1-2 in whole zone)
Camelot Hills,0,poacher,1,23252,9563,0,1,rare/named species (1-2 in whole zone)
Salisbury Plains,1,spriggarn howler,2,2097,60000,0,5,no CapnBry sighting at this spot
Salisbury Plains,1,aged basilisk,1,33661,53027,0,23,no CapnBry sighting at this spot
Salisbury Plains,1,aged basilisk,1,35794,53760,0,23,no CapnBry sighting at this spot
Salisbury Plains,1,aged basilisk,1,38005,54135,0,23,no CapnBry sighting at this spot
Salisbury Plains,1,aged basilisk,1,31088,55131,0,23,no CapnBry sighting at this spot
Salisbury Plains,1,aged basilisk,1,52718,35260,0,23,no CapnBry sighting at this spot
Salisbury Plains,1,aged basilisk,1,55534,34485,0,23,no CapnBry sighting at this spot
Salisbury Plains,1,aged basilisk,1,36154,55931,0,23,no CapnBry sighting at this spot
Salisbury Plains,1,aged basilisk,1,21515,51860,0,23,no CapnBry sighting at this spot
Salisbury Plains,1,aged basilisk,1,41816,53024,0,23,no CapnBry sighting at this spot
Salisbury Plains,1,aged basilisk,1,22604,53088,0,23,no CapnBry sighting at this spot
Salisbury Plains,1,aged basilisk,1,16409,55070,0,23,no CapnBry sighting at this spot
Salisbury Plains,1,aged basilisk,1,52706,47445,0,23,no CapnBry sighting at this spot
Salisbury Plains,1,aged basilisk,1,28679,55973,0,23,no CapnBry sighting at this spot
Salisbury Plains,1,aged basilisk,1,36783,58100,0,23,no CapnBry sighting at this spot
Salisbury Plains,1,aged basilisk,2,36808,50347,0,23,no CapnBry sighting at this spot
Salisbury Plains,1,aged basilisk,2,18914,55966,0,23,no CapnBry sighting at this spot
Salisbury Plains,1,aged basilisk,1,16493,53164,0,23,no CapnBry sighting at this spot
Salisbury Plains,1,aged basilisk,1,50653,39690,0,23,no CapnBry sighting at this spot
Salisbury Plains,1,aged basilisk,1,31416,58068,0,23,no CapnBry sighting at this spot
Salisbury Plains,1,aged basilisk,1,51509,51019,0,23,no CapnBry sighting at this spot
Salisbury Plains,1,aged basilisk,1,53081,39428,0,23,no CapnBry sighting at this spot
Salisbury Plains,1,wild boar,2,41867,12993,1,34,matches CapnBry (1-2 seen here)
Salisbury Plains,1,wild boar,1,9725,21663,1,34,matches CapnBry (1-2 seen here)
Salisbury Plains,1,wild boar,2,10967,4319,1,34,matches CapnBry (1-2 seen here)
Salisbury Plains,1,wild boar,2,5633,29171,0,34,no CapnBry sighting at this spot
Salisbury Plains,1,wild boar,1,47593,8119,1,34,matches CapnBry (1-2 seen here)
Salisbury Plains,1,wild boar,1,18309,2624,1,34,matches CapnBry (1-2 seen here)
Salisbury Plains,1,wild boar,1,54874,20434,0,34,no CapnBry sighting at this spot
Salisbury Plains,1,wild boar,1,28888,33993,0,34,no CapnBry sighting at this spot
Salisbury Plains,1,wild boar,1,24359,27576,1,34,matches CapnBry (1-2 seen here)
Salisbury Plains,1,wild boar,1,31727,3760,1,34,matches CapnBry (1-2 seen here)
Salisbury Plains,1,wild boar,1,17809,15510,1,34,matches CapnBry (1-2 seen here)
Salisbury Plains,1,wild boar,1,12949,16879,1,34,matches CapnBry (1-2 seen here)
Salisbury Plains,1,wild boar,1,39905,21959,0,34,no CapnBry sighting at this spot
Salisbury Plains,1,wild boar,1,49577,16817,0,34,no CapnBry sighting at this spot
Salisbury Plains,1,wild boar,1,26929,20913,1,34,matches CapnBry (1-2 seen here)
Salisbury Plains,1,wild boar,1,24716,3414,1,34,matches CapnBry (1-2 seen here)
Salisbury Plains,1,wild boar,1,15475,35845,1,34,matches CapnBry (1-2 seen here)
Salisbury Plains,1,wild boar,1,2935,44318,1,34,matches CapnBry (1-2 seen here)
Salisbury Plains,1,wild boar,1,8642,43163,0,34,no CapnBry sighting at this spot
Salisbury Plains,1,wild boar,1,38054,26104,0,34,no CapnBry sighting at this spot
Salisbury Plains,1,wild boar,1,44503,9036,1,34,matches CapnBry (1-2 seen here)
Salisbury Plains,1,wild boar,1,47165,19715,0,34,no CapnBry sighting at this spot
Salisbury Plains,1,wild boar,1,31228,17311,1,34,matches CapnBry (1-2 seen here)
Salisbury Plains,1,wild boar,1,13397,38075,1,34,matches CapnBry (1-2 seen here)
Salisbury Plains,1,wild boar,1,40612,16895,1,34,matches CapnBry (1-2 seen here)
Salisbury Plains,1,wild boar,1,12070,25702,1,34,matches CapnBry (1-2 seen here)
Salisbury Plains,1,bear,1,14869,5897,0,17,no CapnBry sighting at this spot
Salisbury Plains,1,bear,2,39221,3749,2,17,matches CapnBry (1-2 seen here)
Salisbury Plains,1,bear,1,13635,7373,0,17,no CapnBry sighting at this spot
Salisbury Plains,1,bear,2,3592,8824,0,17,no CapnBry sighting at this spot
Salisbury Plains,1,bear,1,3533,11018,0,17,no CapnBry sighting at this spot
Salisbury Plains,1,bear,1,12561,4336,0,17,no CapnBry sighting at this spot
Salisbury Plains,1,druid seer,2,27171,54322,0,6,no CapnBry sighting at this spot
Salisbury Plains,1,disturbed presence,1,13150,44907,0,29,no CapnBry sighting at this spot
Salisbury Plains,1,disturbed presence,1,15532,26843,0,29,no CapnBry sighting at this spot
Salisbury Plains,1,disturbed presence,1,23435,47404,0,29,no CapnBry sighting at this spot
Salisbury Plains,1,disturbed presence,1,12242,42679,0,29,no CapnBry sighting at this spot
Salisbury Plains,1,disturbed presence,1,22626,44358,0,29,no CapnBry sighting at this spot
Salisbury Plains,1,disturbed presence,1,20349,46512,0,29,no CapnBry sighting at this spot
Salisbury Plains,1,devout filidh,2,36080,16056,0,8,no CapnBry sighting at this spot
Salisbury Plains,1,tomb raider digger,1,24826,44996,1,23,matches CapnBry (1-2 seen here)
Salisbury Plains,1,tomb raider digger,1,23243,46472,1,23,matches CapnBry (1-2 seen here)
Salisbury Plains,1,pseudo basilisk,1,44155,14860,1,28,matches CapnBry (1-2 seen here)
Salisbury Plains,1,pseudo basilisk,1,43100,35508,0,28,no CapnBry sighting at this spot
Salisbury Plains,1,pseudo basilisk,1,30641,40724,2,28,matches CapnBry (1-2 seen here)
Salisbury Plains,1,pseudo basilisk,2,30031,42210,2,28,matches CapnBry (1-2 seen here)
Salisbury Plains,1,pseudo basilisk,2,1941,54943,1,28,matches CapnBry (1-2 seen here)
Salisbury Plains,1,pseudo basilisk,1,16044,35501,0,28,no CapnBry sighting at this spot
Salisbury Plains,1,pseudo basilisk,2,44614,42824,0,28,no CapnBry sighting at this spot
Salisbury Plains,1,pseudo basilisk,1,48201,22087,1,28,matches CapnBry (1-2 seen here)
Salisbury Plains,1,pseudo basilisk,1,42410,21294,1,28,matches CapnBry (1-2 seen here)
Salisbury Plains,1,pseudo basilisk,1,46472,20531,1,28,matches CapnBry (1-2 seen here)
Salisbury Plains,1,pseudo basilisk,1,31153,38965,2,28,matches CapnBry (1-2 seen here)
Salisbury Plains,1,pseudo basilisk,1,46752,30437,1,28,matches CapnBry (1-2 seen here)
Salisbury Plains,1,pseudo basilisk,1,4041,36483,0,28,no CapnBry sighting at this spot
Salisbury Plains,1,pseudo basilisk,1,27744,27690,1,28,matches CapnBry (1-2 seen here)
Salisbury Plains,1,pseudo basilisk,1,45035,16154,1,28,matches CapnBry (1-2 seen here)
Salisbury Plains,1,pseudo basilisk,2,35396,28196,2,28,matches CapnBry (1-2 seen here)
Salisbury Plains,1,pseudo basilisk,1,46850,10238,1,28,matches CapnBry (1-2 seen here)
Salisbury Plains,1,pseudo basilisk,1,4347,44493,1,28,matches CapnBry (1-2 seen here)
Salisbury Plains,1,pseudo basilisk,1,49910,16553,1,28,matches CapnBry (1-2 seen here)
Salisbury Plains,1,pseudo basilisk,1,38532,23794,1,28,matches CapnBry (1-2 seen here)
Salisbury Plains,1,pseudo basilisk,1,4564,41627,1,28,matches CapnBry (1-2 seen here)
Salisbury Plains,1,pseudo basilisk,1,30675,34002,1,28,matches CapnBry (1-2 seen here)
Salisbury Plains,1,pseudo basilisk,1,55162,19770,0,28,no CapnBry sighting at this spot
Salisbury Plains,1,pseudo basilisk,1,34356,42482,2,28,matches CapnBry (1-2 seen here)
Salisbury Plains,1,brownie rover,1,6875,29723,0,37,no CapnBry sighting at this spot
Salisbury Plains,1,brownie rover,1,14292,36832,1,37,matches CapnBry (1-2 seen here)
Salisbury Plains,1,brownie rover,1,48111,34272,1,37,matches CapnBry (1-2 seen here)
Salisbury Plains,1,brownie rover,2,6294,22262,0,37,no CapnBry sighting at this spot
Salisbury Plains,1,brownie rover,1,13772,26296,1,37,matches CapnBry (1-2 seen here)
Salisbury Plains,1,brownie rover,1,44784,41002,0,37,no CapnBry sighting at this spot
Salisbury Plains,1,brownie rover,1,30475,21859,0,37,no CapnBry sighting at this spot
Salisbury Plains,1,brownie rover,1,31915,42494,1,37,matches CapnBry (1-2 seen here)
Salisbury Plains,1,brownie rover,1,40318,27624,1,37,matches CapnBry (1-2 seen here)
Salisbury Plains,1,brownie rover,2,1652,55127,2,37,matches CapnBry (1-2 seen here)
Salisbury Plains,1,brownie rover,1,31650,17228,0,37,no CapnBry sighting at this spot
Salisbury Plains,1,brownie rover,1,45385,30053,1,37,matches CapnBry (1-2 seen here)
Salisbury Plains,1,brownie rover,1,56090,19154,0,37,no CapnBry sighting at this spot
Salisbury Plains,1,brownie rover,1,54826,20684,0,37,no CapnBry sighting at this spot
Salisbury Plains,1,brownie rover,1,27753,23129,0,37,no CapnBry sighting at this spot
Salisbury Plains,1,brownie rover,2,1716,43116,2,37,matches CapnBry (1-2 seen here)
Salisbury Plains,1,brownie rover,1,41055,41612,0,37,no CapnBry sighting at this spot
Salisbury Plains,1,brownie rover,1,45312,37128,1,37,matches CapnBry (1-2 seen here)
Salisbury Plains,1,brownie rover,1,40709,21040,1,37,matches CapnBry (1-2 seen here)
Salisbury Plains,1,brownie rover,1,49299,15395,2,37,matches CapnBry (1-2 seen here)
Salisbury Plains,1,brownie rover,1,5584,19515,0,37,no CapnBry sighting at this spot
Salisbury Plains,1,brownie rover,1,10120,41525,0,37,no CapnBry sighting at this spot
Salisbury Plains,1,brownie rover,2,29665,32047,2,37,matches CapnBry (1-2 seen here)
Salisbury Plains,1,brownie rover,1,47217,30265,1,37,matches CapnBry (1-2 seen here)
Salisbury Plains,1,brownie rover,1,5149,41547,0,37,no CapnBry sighting at this spot
Salisbury Plains,1,brownie rover,1,6624,38420,0,37,no CapnBry sighting at this spot
Salisbury Plains,1,brownie rover,1,44899,22585,1,37,matches CapnBry (1-2 seen here)
Salisbury Plains,1,brownie rover,1,8161,28007,1,37,matches CapnBry (1-2 seen here)
Salisbury Plains,1,brownie rover,1,49631,13239,2,37,matches CapnBry (1-2 seen here)
Salisbury Plains,1,brownie rover,1,13269,22547,1,37,matches CapnBry (1-2 seen here)
Salisbury Plains,1,brownie rover,1,34232,44243,1,37,matches CapnBry (1-2 seen here)
Salisbury Plains,1,brownie rover,1,38597,16113,2,37,matches CapnBry (1-2 seen here)
Salisbury Plains,1,brownie rover,1,41009,15253,2,37,matches CapnBry (1-2 seen here)
Salisbury Plains,1,fading spirit,2,45484,11941,2,6,matches CapnBry (1-2 seen here)
Salisbury Plains,1,fading spirit,1,10166,33084,1,6,matches CapnBry (1-2 seen here)
Salisbury Plains,1,young bear,1,26189,36400,0,14,no CapnBry sighting at this spot
Salisbury Plains,1,young bear,1,26943,24792,0,14,no CapnBry sighting at this spot
Salisbury Plains,1,young bear,1,30174,32418,0,14,no CapnBry sighting at this spot
Salisbury Plains,1,young bear,1,38821,13240,0,14,no CapnBry sighting at this spot
Salisbury Plains,1,young bear,1,18912,30195,0,14,no CapnBry sighting at this spot
Salisbury Plains,1,young bear,1,28712,27520,0,14,no CapnBry sighting at this spot
Salisbury Plains,1,young bear,1,37385,24746,0,14,no CapnBry sighting at this spot
Salisbury Plains,1,young bear,1,31991,28485,0,14,no CapnBry sighting at this spot
Salisbury Plains,1,young bear,1,23687,18595,0,14,no CapnBry sighting at this spot
Salisbury Plains,1,young bear,1,55084,23026,0,14,no CapnBry sighting at this spot
Salisbury Plains,1,young bear,1,46672,22568,0,14,no CapnBry sighting at this spot
Salisbury Plains,1,young bear,1,26652,32299,0,14,no CapnBry sighting at this spot
Salisbury Plains,1,young bear,1,50090,18236,0,14,no CapnBry sighting at this spot
Salisbury Plains,1,young bear,1,12909,17479,0,14,no CapnBry sighting at this spot
Salisbury Plains,1,young boar,2,15673,40738,0,25,no CapnBry sighting at this spot
Salisbury Plains,1,young boar,2,3380,20130,0,25,no CapnBry sighting at this spot
Salisbury Plains,1,young boar,1,17201,1229,0,25,no CapnBry sighting at this spot
Salisbury Plains,1,young boar,1,21392,38237,0,25,no CapnBry sighting at this spot
Salisbury Plains,1,young boar,1,4717,17223,0,25,no CapnBry sighting at this spot
Salisbury Plains,1,young boar,1,14442,34718,0,25,no CapnBry sighting at this spot
Salisbury Plains,1,young boar,1,17069,38278,0,25,no CapnBry sighting at this spot
Salisbury Plains,1,young boar,1,8784,19040,0,25,no CapnBry sighting at this spot
Salisbury Plains,1,young boar,1,21861,32326,0,25,no CapnBry sighting at this spot
Salisbury Plains,1,young boar,1,8007,26920,0,25,no CapnBry sighting at this spot
Salisbury Plains,1,young boar,1,16323,42536,0,25,no CapnBry sighting at this spot
Salisbury Plains,1,young boar,1,16291,24923,0,25,no CapnBry sighting at this spot
Salisbury Plains,1,young boar,1,9089,33920,0,25,no CapnBry sighting at this spot
Salisbury Plains,1,young boar,1,6804,23139,0,25,no CapnBry sighting at this spot
Salisbury Plains,1,young boar,1,15921,21645,0,25,no CapnBry sighting at this spot
Salisbury Plains,1,young boar,1,6231,31084,0,25,no CapnBry sighting at this spot
Salisbury Plains,1,young boar,1,19245,31749,0,25,no CapnBry sighting at this spot
Salisbury Plains,1,young boar,1,8313,24133,0,25,no CapnBry sighting at this spot
Salisbury Plains,1,young boar,1,20214,35153,0,25,no CapnBry sighting at this spot
Salisbury Plains,1,red adder,1,37340,16860,1,39,matches CapnBry (1-2 seen here)
Salisbury Plains,1,red adder,1,31388,21372,0,39,no CapnBry sighting at this spot
Salisbury Plains,1,red adder,1,31930,16274,1,39,matches CapnBry (1-2 seen here)
Salisbury Plains,1,red adder,1,9819,41842,1,39,matches CapnBry (1-2 seen here)
Salisbury Plains,1,red adder,1,30080,23438,0,39,no CapnBry sighting at this spot
Salisbury Plains,1,red adder,1,8934,23867,1,39,matches CapnBry (1-2 seen here)
Salisbury Plains,1,red adder,1,39932,49508,0,39,no CapnBry sighting at this spot
Salisbury Plains,1,red adder,2,33349,46081,0,39,no CapnBry sighting at this spot
Salisbury Plains,1,red adder,1,13980,40728,1,39,matches CapnBry (1-2 seen here)
Salisbury Plains,1,red adder,1,31779,3951,1,39,matches CapnBry (1-2 seen here)
Salisbury Plains,1,red adder,1,9251,4247,2,39,matches CapnBry (1-2 seen here)
Salisbury Plains,1,red adder,1,43456,9901,2,39,matches CapnBry (1-2 seen here)
Salisbury Plains,1,red adder,1,53903,21309,0,39,no CapnBry sighting at this spot
Salisbury Plains,1,red adder,1,38859,22251,1,39,matches CapnBry (1-2 seen here)
Salisbury Plains,1,red adder,1,5941,45255,0,39,no CapnBry sighting at this spot
Salisbury Plains,1,red adder,1,47391,4703,1,39,matches CapnBry (1-2 seen here)
Salisbury Plains,1,red adder,1,7525,24943,0,39,no CapnBry sighting at this spot
Salisbury Plains,1,red adder,1,33960,52788,0,39,no CapnBry sighting at this spot
Salisbury Plains,1,red adder,1,18516,1483,0,39,no CapnBry sighting at this spot
Salisbury Plains,1,red adder,2,12636,25643,2,39,matches CapnBry (1-2 seen here)
Salisbury Plains,1,red adder,1,10834,5590,2,39,matches CapnBry (1-2 seen here)
Salisbury Plains,1,red adder,1,50470,14881,0,39,no CapnBry sighting at this spot
Salisbury Plains,1,red adder,1,21915,4682,1,39,matches CapnBry (1-2 seen here)
Salisbury Plains,1,red adder,1,12498,23214,2,39,matches CapnBry (1-2 seen here)
Salisbury Plains,1,red adder,1,6699,41585,0,39,no CapnBry sighting at this spot
Salisbury Plains,1,red adder,1,33886,15077,1,39,matches CapnBry (1-2 seen here)
Salisbury Plains,1,red adder,1,51896,36058,0,39,no CapnBry sighting at this spot
Salisbury Plains,1,red adder,1,8076,28833,0,39,no CapnBry sighting at this spot
Salisbury Plains,1,red adder,1,14929,26375,2,39,matches CapnBry (1-2 seen here)
Salisbury Plains,1,red adder,1,30797,27813,0,39,no CapnBry sighting at this spot
Salisbury Plains,1,red adder,1,16910,12224,1,39,matches CapnBry (1-2 seen here)
Salisbury Plains,1,red adder,1,35092,30892,1,39,matches CapnBry (1-2 seen here)
Salisbury Plains,1,red adder,1,42245,41173,0,39,no CapnBry sighting at this spot
Salisbury Plains,1,red adder,1,43777,12140,2,39,matches CapnBry (1-2 seen here)
Salisbury Plains,1,red adder,1,33942,25230,0,39,no CapnBry sighting at this spot
Salisbury Plains,1,red adder,1,25419,37198,0,39,no CapnBry sighting at this spot
Salisbury Plains,1,red adder,1,20219,387,0,39,no CapnBry sighting at this spot
Salisbury Plains,1,filidh,2,30844,49735,0,17,no CapnBry sighting at this spot
Salisbury Plains,1,filidh,1,9449,6221,1,17,matches CapnBry (1-2 seen here)
Salisbury Plains,1,brownie grassrunner,1,42342,12452,3,31,likely short: CapnBry saw 3 here
Salisbury Plains,1,brownie grassrunner,1,37196,14124,0,31,no CapnBry sighting at this spot
Salisbury Plains,1,brownie grassrunner,2,45124,10063,3,31,likely short: CapnBry saw 3 here
Salisbury Plains,1,brownie grassrunner,1,9639,5667,1,31,matches CapnBry (1-2 seen here)
Salisbury Plains,1,brownie grassrunner,1,19779,5411,1,31,matches CapnBry (1-2 seen here)
Salisbury Plains,1,brownie grassrunner,1,38550,20153,2,31,matches CapnBry (1-2 seen here)
Salisbury Plains,1,brownie grassrunner,1,37009,56094,0,31,no CapnBry sighting at this spot
Salisbury Plains,1,brownie grassrunner,1,39809,17706,2,31,matches CapnBry (1-2 seen here)
Salisbury Plains,1,brownie grassrunner,1,28090,28062,0,31,no CapnBry sighting at this spot
Salisbury Plains,1,brownie grassrunner,1,46918,10699,3,31,likely short: CapnBry saw 3 here
Salisbury Plains,1,brownie grassrunner,1,49134,16542,0,31,no CapnBry sighting at this spot
Salisbury Plains,1,brownie grassrunner,2,6936,25281,0,31,no CapnBry sighting at this spot
Salisbury Plains,1,brownie grassrunner,2,49454,7657,2,31,matches CapnBry (1-2 seen here)
Salisbury Plains,1,brownie grassrunner,1,39519,4614,1,31,matches CapnBry (1-2 seen here)
Salisbury Plains,1,brownie grassrunner,1,7211,19860,0,31,no CapnBry sighting at this spot
Salisbury Plains,1,brownie grassrunner,1,19373,13238,1,31,matches CapnBry (1-2 seen here)
Salisbury Plains,1,brownie grassrunner,1,32168,4088,1,31,matches CapnBry (1-2 seen here)
Salisbury Plains,1,brownie grassrunner,1,49846,30628,0,31,no CapnBry sighting at this spot
Salisbury Plains,1,brownie grassrunner,1,30440,46360,0,31,no CapnBry sighting at this spot
Salisbury Plains,1,brownie grassrunner,1,24424,3551,3,31,likely short: CapnBry saw 3 here
Salisbury Plains,1,brownie grassrunner,1,13362,21734,1,31,matches CapnBry (1-2 seen here)
Salisbury Plains,1,brownie grassrunner,1,13451,11670,0,31,no CapnBry sighting at this spot
Salisbury Plains,1,brownie grassrunner,1,16620,14783,1,31,matches CapnBry (1-2 seen here)
Salisbury Plains,1,brownie grassrunner,1,9957,3763,1,31,matches CapnBry (1-2 seen here)
Salisbury Plains,1,brownie grassrunner,1,43221,42290,0,31,no CapnBry sighting at this spot
Salisbury Plains,1,brownie grassrunner,1,23303,1678,3,31,likely short: CapnBry saw 3 here
Salisbury Plains,1,brownie grassrunner,1,8757,19428,0,31,no CapnBry sighting at this spot
Salisbury Plains,1,brownie grassrunner,1,21272,1101,3,31,likely short: CapnBry saw 3 here
Salisbury Plains,1,grass snake,1,22272,634,1,11,matches CapnBry (1-2 seen here)
Salisbury Plains,1,grass snake,1,41081,47572,0,11,no CapnBry sighting at this spot
Salisbury Plains,1,grass snake,1,31088,1246,1,11,matches CapnBry (1-2 seen here)
Salisbury Plains,1,grass snake,1,25528,35752,0,11,no CapnBry sighting at this spot
Salisbury Plains,1,grass snake,1,39417,4294,1,11,matches CapnBry (1-2 seen here)
Salisbury Plains,1,grass snake,1,56559,24760,0,11,no CapnBry sighting at this spot
Salisbury Plains,1,grass snake,1,17736,16620,1,11,matches CapnBry (1-2 seen here)
Salisbury Plains,1,grass snake,1,42481,49148,0,11,no CapnBry sighting at this spot
Salisbury Plains,1,grass snake,1,47281,39174,0,11,no CapnBry sighting at this spot
Salisbury Plains,1,grass snake,1,5627,12442,1,11,matches CapnBry (1-2 seen here)
Salisbury Plains,1,grass snake,1,33985,44054,0,11,no CapnBry sighting at this spot
Salisbury Plains,1,wind mephit,1,7905,38469,0,33,no CapnBry sighting at this spot
Salisbury Plains,1,wind mephit,2,33349,47464,0,33,no CapnBry sighting at this spot
Salisbury Plains,1,wind mephit,1,5744,44544,2,33,matches CapnBry (1-2 seen here)
Salisbury Plains,1,wind mephit,1,18639,38764,1,33,matches CapnBry (1-2 seen here)
Salisbury Plains,1,wind mephit,1,31266,43311,1,33,matches CapnBry (1-2 seen here)
Salisbury Plains,1,wind mephit,1,31060,32094,1,33,matches CapnBry (1-2 seen here)
Salisbury Plains,1,wind mephit,1,40596,21564,1,33,matches CapnBry (1-2 seen here)
Salisbury Plains,1,wind mephit,1,41127,41901,0,33,no CapnBry sighting at this spot
Salisbury Plains,1,wind mephit,1,52743,50525,0,33,no CapnBry sighting at this spot
Salisbury Plains,1,wind mephit,1,29444,37328,1,33,matches CapnBry (1-2 seen here)
Salisbury Plains,1,wind mephit,1,29799,39852,1,33,matches CapnBry (1-2 seen here)
Salisbury Plains,1,wind mephit,1,448,41439,2,33,matches CapnBry (1-2 seen here)
Salisbury Plains,1,wind mephit,1,4479,43352,2,33,matches CapnBry (1-2 seen here)
Salisbury Plains,1,wind mephit,1,39912,46918,0,33,no CapnBry sighting at this spot
Salisbury Plains,1,wind mephit,1,47333,32470,1,33,matches CapnBry (1-2 seen here)
Salisbury Plains,1,wind mephit,1,53425,35757,0,33,no CapnBry sighting at this spot
Salisbury Plains,1,wind mephit,1,48412,35321,0,33,no CapnBry sighting at this spot
Salisbury Plains,1,wind mephit,1,32854,57428,0,33,no CapnBry sighting at this spot
Salisbury Plains,1,wind mephit,1,38035,56751,0,33,no CapnBry sighting at this spot
Salisbury Plains,1,wind mephit,1,6158,35473,0,33,no CapnBry sighting at this spot
Salisbury Plains,1,wind mephit,2,38149,54481,0,33,no CapnBry sighting at this spot
Salisbury Plains,1,wind mephit,1,47304,21216,1,33,matches CapnBry (1-2 seen here)
Salisbury Plains,1,wind mephit,1,45082,31219,1,33,matches CapnBry (1-2 seen here)
Salisbury Plains,1,wind mephit,1,36426,45575,0,33,no CapnBry sighting at this spot
Salisbury Plains,1,wind mephit,1,42962,43334,0,33,no CapnBry sighting at this spot
Salisbury Plains,1,wind mephit,1,48789,19852,1,33,matches CapnBry (1-2 seen here)
Salisbury Plains,1,wind mephit,1,13700,34303,0,33,no CapnBry sighting at this spot
Salisbury Plains,1,wind mephit,1,34615,31842,1,33,matches CapnBry (1-2 seen here)
Salisbury Plains,1,wild mare,1,31795,18288,1,6,matches CapnBry (1-2 seen here)
Salisbury Plains,1,wild mare,1,18467,268,0,6,no CapnBry sighting at this spot
Salisbury Plains,1,wild mare,1,12409,23033,2,6,matches CapnBry (1-2 seen here)
Salisbury Plains,1,wild mare,1,10835,5534,1,6,matches CapnBry (1-2 seen here)
Salisbury Plains,1,wild mare,1,8860,22678,2,6,matches CapnBry (1-2 seen here)
Salisbury Plains,1,wild mare,1,29270,13236,1,6,matches CapnBry (1-2 seen here)
Salisbury Plains,1,salisbury giant,1,33644,40891,0,26,no CapnBry sighting at this spot
Salisbury Plains,1,salisbury giant,1,21111,58198,0,26,no CapnBry sighting at this spot
Salisbury Plains,1,salisbury giant,1,42711,29078,0,26,no CapnBry sighting at this spot
Salisbury Plains,1,salisbury giant,2,50395,38394,0,26,no CapnBry sighting at this spot
Salisbury Plains,1,salisbury giant,2,30647,55492,0,26,no CapnBry sighting at this spot
Salisbury Plains,1,salisbury giant,1,20523,53569,0,26,no CapnBry sighting at this spot
Salisbury Plains,1,salisbury giant,1,41177,47842,0,26,no CapnBry sighting at this spot
Salisbury Plains,1,salisbury giant,1,22034,52020,0,26,no CapnBry sighting at this spot
Salisbury Plains,1,salisbury giant,1,34408,50868,0,26,no CapnBry sighting at this spot
Salisbury Plains,1,salisbury giant,1,44306,36463,0,26,no CapnBry sighting at this spot
Salisbury Plains,1,salisbury giant,1,17646,56271,0,26,no CapnBry sighting at this spot
Salisbury Plains,1,salisbury giant,1,46661,33570,0,26,no CapnBry sighting at this spot
Salisbury Plains,1,salisbury giant,1,29787,39241,0,26,no CapnBry sighting at this spot
Salisbury Plains,1,salisbury giant,2,37411,48291,0,26,no CapnBry sighting at this spot
Salisbury Plains,1,salisbury giant,1,41391,52890,0,26,no CapnBry sighting at this spot
Salisbury Plains,1,salisbury giant,1,39995,55248,0,26,no CapnBry sighting at this spot
Salisbury Plains,1,salisbury giant,1,21809,55723,0,26,no CapnBry sighting at this spot
Salisbury Plains,1,salisbury giant,1,53731,48309,0,26,no CapnBry sighting at this spot
Salisbury Plains,1,archdruid glasan,1,41394,30808,0,1,rare/named species (1-2 in whole zone)
Salisbury Plains,1,huge boar,2,52245,37273,0,35,no CapnBry sighting at this spot
Salisbury Plains,1,huge boar,2,37256,57492,0,35,no CapnBry sighting at this spot
Salisbury Plains,1,huge boar,1,38302,53935,0,35,no CapnBry sighting at this spot
Salisbury Plains,1,huge boar,1,52483,49652,0,35,no CapnBry sighting at this spot
Salisbury Plains,1,huge boar,1,37139,47443,0,35,no CapnBry sighting at this spot
Salisbury Plains,1,huge boar,2,54534,33214,0,35,no CapnBry sighting at this spot
Salisbury Plains,1,huge boar,1,18597,54643,0,35,no CapnBry sighting at this spot
Salisbury Plains,1,huge boar,1,36844,49243,0,35,no CapnBry sighting at this spot
Salisbury Plains,1,huge boar,1,29569,55112,0,35,no CapnBry sighting at this spot
Salisbury Plains,1,huge boar,2,35110,45917,1,35,matches CapnBry (1-2 seen here)
Salisbury Plains,1,huge boar,1,36750,55701,0,35,no CapnBry sighting at this spot
Salisbury Plains,1,huge boar,1,41270,56993,0,35,no CapnBry sighting at this spot
Salisbury Plains,1,huge boar,1,39726,47828,0,35,no CapnBry sighting at this spot
Salisbury Plains,1,huge boar,1,47806,35658,1,35,matches CapnBry (1-2 seen here)
Salisbury Plains,1,huge boar,1,54083,35511,0,35,no CapnBry sighting at this spot
Salisbury Plains,1,huge boar,1,44366,26002,0,35,no CapnBry sighting at this spot
Salisbury Plains,1,huge boar,1,41452,53707,0,35,no CapnBry sighting at this spot
Salisbury Plains,1,huge boar,1,2798,54860,3,35,likely short: CapnBry saw 3 here
Salisbury Plains,1,huge boar,1,34031,56623,0,35,no CapnBry sighting at this spot
Salisbury Plains,1,spriggarn waylayer,1,5289,59950,2,6,matches CapnBry (1-2 seen here)
Salisbury Plains,1,green ghast,2,20440,43778,1,11,matches CapnBry (1-2 seen here)
Salisbury Plains,1,green ghast,1,22662,47269,1,11,matches CapnBry (1-2 seen here)
Salisbury Plains,1,green ghast,1,12492,27495,1,11,matches CapnBry (1-2 seen here)
Salisbury Plains,1,green ghast,1,12856,47782,0,11,no CapnBry sighting at this spot
Salisbury Plains,1,adder,1,23133,704,0,2,rare/named species (1-2 in whole zone)
Salisbury Plains,1,adder,1,27656,307,0,2,rare/named species (1-2 in whole zone)
Salisbury Plains,1,tomb raider scout,1,25128,46729,0,14,no CapnBry sighting at this spot
Salisbury Plains,1,tomb raider scout,1,47038,20797,0,14,no CapnBry sighting at this spot
Salisbury Plains,1,tomb raider scout,1,29485,32829,0,14,no CapnBry sighting at this spot
Salisbury Plains,1,tomb raider scout,1,40475,57413,0,14,no CapnBry sighting at this spot
Salisbury Plains,1,tomb raider scout,1,42780,22363,1,14,matches CapnBry (1-2 seen here)
Salisbury Plains,1,tomb raider scout,2,38421,21614,1,14,matches CapnBry (1-2 seen here)
Salisbury Plains,1,tomb raider scout,1,33706,27861,0,14,no CapnBry sighting at this spot
Salisbury Plains,1,tomb raider scout,1,36551,30943,1,14,matches CapnBry (1-2 seen here)
Salisbury Plains,1,tomb raider scout,1,15025,36257,1,14,matches CapnBry (1-2 seen here)
Salisbury Plains,1,tomb raider scout,1,46826,14883,0,14,no CapnBry sighting at this spot
Salisbury Plains,1,tomb raider scout,1,41112,53799,0,14,no CapnBry sighting at this spot
Salisbury Plains,1,tomb raider scout,1,43256,20323,1,14,matches CapnBry (1-2 seen here)
Salisbury Plains,1,tomb raider scout,1,55390,20430,0,14,no CapnBry sighting at this spot
Salisbury Plains,1,carrion drake,1,3318,3030,1,29,matches CapnBry (1-2 seen here)
Salisbury Plains,1,basilisk,1,46771,28640,1,34,matches CapnBry (1-2 seen here)
Salisbury Plains,1,basilisk,2,29589,41727,2,34,matches CapnBry (1-2 seen here)
Salisbury Plains,1,basilisk,2,49095,21725,0,34,no CapnBry sighting at this spot
Salisbury Plains,1,basilisk,1,34469,42711,1,34,matches CapnBry (1-2 seen here)
Salisbury Plains,1,basilisk,1,44036,37424,2,34,matches CapnBry (1-2 seen here)
Salisbury Plains,1,basilisk,1,2742,53831,2,34,matches CapnBry (1-2 seen here)
Salisbury Plains,1,basilisk,1,41528,36897,2,34,matches CapnBry (1-2 seen here)
Salisbury Plains,1,basilisk,1,3084,41635,0,34,no CapnBry sighting at this spot
Salisbury Plains,1,basilisk,1,32823,45503,1,34,matches CapnBry (1-2 seen here)
Salisbury Plains,1,basilisk,1,43342,41477,0,34,no CapnBry sighting at this spot
Salisbury Plains,1,basilisk,1,44515,31891,2,34,matches CapnBry (1-2 seen here)
Salisbury Plains,1,basilisk,1,39824,20534,0,34,no CapnBry sighting at this spot
Salisbury Plains,1,basilisk,1,48004,15223,1,34,matches CapnBry (1-2 seen here)
Salisbury Plains,1,basilisk,1,3769,55010,2,34,matches CapnBry (1-2 seen here)
Salisbury Plains,1,basilisk,1,31593,27793,0,34,no CapnBry sighting at this spot
Salisbury Plains,1,basilisk,1,33313,56134,0,34,no CapnBry sighting at this spot
Salisbury Plains,1,basilisk,1,46318,38787,2,34,matches CapnBry (1-2 seen here)
Salisbury Plains,1,basilisk,1,38151,56663,0,34,no CapnBry sighting at this spot
Salisbury Plains,1,basilisk,1,29945,39457,2,34,matches CapnBry (1-2 seen here)
Salisbury Plains,1,basilisk,1,39232,55249,0,34,no CapnBry sighting at this spot
Salisbury Plains,1,basilisk,1,33931,54505,0,34,no CapnBry sighting at this spot
Salisbury Plains,1,basilisk,1,33498,29240,0,34,no CapnBry sighting at this spot
Salisbury Plains,1,basilisk,1,45615,35821,2,34,matches CapnBry (1-2 seen here)
Salisbury Plains,1,basilisk,1,38643,29710,0,34,no CapnBry sighting at this spot
Salisbury Plains,1,basilisk,1,4017,52039,2,34,matches CapnBry (1-2 seen here)
Salisbury Plains,1,basilisk,1,3930,36952,0,34,no CapnBry sighting at this spot
Salisbury Plains,1,basilisk,1,34098,31279,0,34,no CapnBry sighting at this spot
Salisbury Plains,1,basilisk,1,7642,41731,0,34,no CapnBry sighting at this spot
Salisbury Plains,1,basilisk,1,33732,48019,1,34,matches CapnBry (1-2 seen here)
Salisbury Plains,1,basilisk,1,43423,21673,0,34,no CapnBry sighting at this spot
Salisbury Plains,1,basilisk,1,16675,36514,1,34,matches CapnBry (1-2 seen here)
Salisbury Plains,1,basilisk,1,54875,35946,0,34,no CapnBry sighting at this spot
Salisbury Plains,1,river racer,2,45591,9741,4,21,likely short: CapnBry saw 4 here
Salisbury Plains,1,river racer,1,50788,5690,4,21,likely short: CapnBry saw 4 here
Salisbury Plains,1,river racer,1,40146,4716,1,21,matches CapnBry (1-2 seen here)
Salisbury Plains,1,wild stallion,2,41304,13406,0,9,no CapnBry sighting at this spot
Salisbury Plains,1,wild stallion,1,33223,25287,0,9,no CapnBry sighting at this spot
Salisbury Plains,1,wild stallion,1,29856,20199,0,9,no CapnBry sighting at this spot
Salisbury Plains,1,wild stallion,1,9934,4843,1,9,matches CapnBry (1-2 seen here)
Salisbury Plains,1,wild stallion,1,32383,4783,1,9,matches CapnBry (1-2 seen here)
Salisbury Plains,1,wild stallion,1,7006,31364,0,9,no CapnBry sighting at this spot
Salisbury Plains,1,wild stallion,1,12766,24314,1,9,matches CapnBry (1-2 seen here)
Salisbury Plains,1,wild stallion,1,10215,22132,1,9,matches CapnBry (1-2 seen here)
Salisbury Plains,1,young brown bear,1,1212,40840,2,15,matches CapnBry (1-2 seen here)
Salisbury Plains,1,young brown bear,1,48637,51267,0,15,no CapnBry sighting at this spot
Salisbury Plains,1,young brown bear,1,48461,52877,0,15,no CapnBry sighting at this spot
Salisbury Plains,1,young brown bear,1,30392,37284,0,15,no CapnBry sighting at this spot
Salisbury Plains,1,young brown bear,1,47481,50301,0,15,no CapnBry sighting at this spot
Salisbury Plains,1,young brown bear,1,2547,42385,2,15,matches CapnBry (1-2 seen here)
Salisbury Plains,1,young brown bear,2,49654,58045,0,15,no CapnBry sighting at this spot
Salisbury Plains,1,young brown bear,1,1423,43546,2,15,matches CapnBry (1-2 seen here)
Salisbury Plains,1,young brown bear,1,48030,45225,0,15,no CapnBry sighting at this spot
Salisbury Plains,1,young brown bear,1,43604,39366,0,15,no CapnBry sighting at this spot
Salisbury Plains,1,young brown bear,1,4492,36744,0,15,no CapnBry sighting at this spot
Salisbury Plains,1,young brown bear,1,44759,50476,0,15,no CapnBry sighting at this spot
Salisbury Plains,1,young brown bear,1,51569,60391,0,15,no CapnBry sighting at this spot
Salisbury Plains,1,young brown bear,1,44065,45149,0,15,no CapnBry sighting at this spot
Salisbury Plains,1,abagu,1,29459,20749,0,1,rare/named species (1-2 in whole zone)
Salisbury Plains,1,undead filidh,1,5731,13216,1,1,matches CapnBry (1-2 seen here)
Salisbury Plains,1,black dog,1,49615,20117,0,4,no CapnBry sighting at this spot
Salisbury Plains,1,black dog,1,52671,18561,0,4,no CapnBry sighting at this spot
Salisbury Plains,1,black dog,1,52280,25824,0,4,no CapnBry sighting at this spot
Salisbury Plains,1,black dog,1,54486,29595,0,4,no CapnBry sighting at this spot
Salisbury Plains,1,brownie nomad,1,32317,15769,0,32,no CapnBry sighting at this spot
Salisbury Plains,1,brownie nomad,1,12410,25802,1,32,matches CapnBry (1-2 seen here)
Salisbury Plains,1,brownie nomad,1,12380,3878,1,32,matches CapnBry (1-2 seen here)
Salisbury Plains,1,brownie nomad,1,7525,17713,2,32,matches CapnBry (1-2 seen here)
Salisbury Plains,1,brownie nomad,1,9702,18699,2,32,matches CapnBry (1-2 seen here)
Salisbury Plains,1,brownie nomad,1,41273,16302,3,32,likely short: CapnBry saw 3 here
Salisbury Plains,1,brownie nomad,2,7146,23758,2,32,matches CapnBry (1-2 seen here)
Salisbury Plains,1,brownie nomad,1,5293,18540,2,32,matches CapnBry (1-2 seen here)
Salisbury Plains,1,brownie nomad,1,6367,26889,0,32,no CapnBry sighting at this spot
Salisbury Plains,1,brownie nomad,1,38189,13796,3,32,likely short: CapnBry saw 3 here
Salisbury Plains,1,brownie nomad,1,23411,4020,3,32,likely short: CapnBry saw 3 here
Salisbury Plains,1,brownie nomad,1,31794,11412,0,32,no CapnBry sighting at this spot
Salisbury Plains,1,brownie nomad,1,16590,12403,1,32,matches CapnBry (1-2 seen here)
Salisbury Plains,1,brownie nomad,1,6171,25353,2,32,matches CapnBry (1-2 seen here)
Salisbury Plains,1,brownie nomad,1,28715,28844,0,32,no CapnBry sighting at this spot
Salisbury Plains,1,brownie nomad,1,15232,24043,1,32,matches CapnBry (1-2 seen here)
Salisbury Plains,1,brownie nomad,1,39988,14530,3,32,likely short: CapnBry saw 3 here
Salisbury Plains,1,brownie nomad,2,18676,17491,2,32,matches CapnBry (1-2 seen here)
Salisbury Plains,1,brownie nomad,1,22423,8747,3,32,likely short: CapnBry saw 3 here
Salisbury Plains,1,brownie nomad,1,30856,24694,0,32,no CapnBry sighting at this spot
Salisbury Plains,1,brownie nomad,1,21275,4078,3,32,likely short: CapnBry saw 3 here
Salisbury Plains,1,brownie nomad,1,35936,11590,1,32,matches CapnBry (1-2 seen here)
Salisbury Plains,1,brownie nomad,1,12260,7981,1,32,matches CapnBry (1-2 seen here)
Salisbury Plains,1,wandering spirit,1,31063,31736,2,13,matches CapnBry (1-2 seen here)
Salisbury Plains,1,wandering spirit,1,7086,43870,1,13,matches CapnBry (1-2 seen here)
Salisbury Plains,1,wandering spirit,1,3652,40549,1,13,matches CapnBry (1-2 seen here)
Salisbury Plains,1,wandering spirit,1,2651,43198,1,13,matches CapnBry (1-2 seen here)
Salisbury Plains,1,wandering spirit,1,48915,17151,1,13,matches CapnBry (1-2 seen here)
Salisbury Plains,1,wandering spirit,1,37339,30411,2,13,matches CapnBry (1-2 seen here)
Salisbury Plains,1,wandering spirit,1,45055,20907,1,13,matches CapnBry (1-2 seen here)
Salisbury Plains,1,wandering spirit,1,53669,19328,1,13,matches CapnBry (1-2 seen here)
Salisbury Plains,1,wandering spirit,1,13641,37269,1,13,matches CapnBry (1-2 seen here)
Salisbury Plains,1,wandering spirit,1,34444,30338,2,13,matches CapnBry (1-2 seen here)
Salisbury Plains,1,wandering spirit,1,29498,32841,2,13,matches CapnBry (1-2 seen here)
Salisbury Plains,1,wandering spirit,1,1790,37805,0,13,no CapnBry sighting at this spot
Salisbury Plains,1,wandering spirit,1,5850,13528,1,13,matches CapnBry (1-2 seen here)
Salisbury Plains,1,druidic spirit,2,26591,54567,0,2,rare/named species (1-2 in whole zone)
Salisbury Plains,1,filidh sacrificer,1,35260,16477,0,6,no CapnBry sighting at this spot
Salisbury Plains,1,filidh sacrificer,2,4895,15543,5,6,likely short: CapnBry saw 5 here
Salisbury Plains,1,bandit,1,39897,4709,1,1,matches CapnBry (1-2 seen here)
Salisbury Plains,1,yell hound,1,55211,28680,0,1,rare/named species (1-2 in whole zone)
Salisbury Plains,1,escaped bandit leader,1,24680,59098,0,1,rare/named species (1-2 in whole zone)
Salisbury Plains,1,emerald snake,1,14684,1799,0,3,no CapnBry sighting at this spot
Salisbury Plains,1,emerald snake,1,16342,401,0,3,no CapnBry sighting at this spot
Salisbury Plains,1,emerald snake,1,22769,1711,0,3,no CapnBry sighting at this spot
Salisbury Plains,1,growler,1,7297,2611,0,1,rare/named species (1-2 in whole zone)
Salisbury Plains,1,slythcur,1,12146,12443,0,1,rare/named species (1-2 in whole zone)
Salisbury Plains,1,small skeletal legionnaire,1,37062,39414,0,1,rare/named species (1-2 in whole zone)
Salisbury Plains,1,water spider gleek,1,52757,57471,0,1,rare/named species (1-2 in whole zone)
Salisbury Plains,1,white horse,1,31915,46611,0,1,rare/named species (1-2 in whole zone)
Salisbury Plains,1,bandit leader,1,37364,4363,1,1,matches CapnBry (1-2 seen here)
Salisbury Plains,1,kedalinde teanidd,1,28170,1783,0,1,rare/named species (1-2 in whole zone)
Salisbury Plains,1,bandit lieutenant,2,36103,3748,2,2,matches CapnBry (1-2 seen here)
Salisbury Plains,1,berik liglim,1,51589,54887,0,1,rare/named species (1-2 in whole zone)
Salisbury Plains,1,cart horse,2,56580,15995,0,2,rare/named species (1-2 in whole zone)
Salisbury Plains,1,seer,1,38655,51099,0,1,rare/named species (1-2 in whole zone)
Black Mtns. South,2,goblin shaman,1,3546,5342,0,5,no CapnBry sighting at this spot
Black Mtns. South,2,goblin shaman,1,10628,8764,0,5,no CapnBry sighting at this spot
Black Mtns. South,2,goblin shaman,1,10088,10528,0,5,no CapnBry sighting at this spot
Black Mtns. South,2,goblin shaman,2,4986,6513,0,5,no CapnBry sighting at this spot
Black Mtns. South,2,green snake,2,38005,35453,0,88,no CapnBry sighting at this spot
Black Mtns. South,2,green snake,1,40775,32099,0,88,no CapnBry sighting at this spot
Black Mtns. South,2,green snake,2,18250,54144,0,88,no CapnBry sighting at this spot
Black Mtns. South,2,green snake,2,34776,44201,0,88,no CapnBry sighting at this spot
Black Mtns. South,2,green snake,1,39907,34842,0,88,no CapnBry sighting at this spot
Black Mtns. South,2,green snake,1,33359,33191,0,88,no CapnBry sighting at this spot
Black Mtns. South,2,green snake,1,16917,53682,0,88,no CapnBry sighting at this spot
Black Mtns. South,2,green snake,1,12828,45270,0,88,no CapnBry sighting at this spot
Black Mtns. South,2,green snake,2,28439,52443,0,88,no CapnBry sighting at this spot
Black Mtns. South,2,green snake,2,17377,37631,0,88,no CapnBry sighting at this spot
Black Mtns. South,2,green snake,1,31338,48602,0,88,no CapnBry sighting at this spot
Black Mtns. South,2,green snake,1,18688,43810,0,88,no CapnBry sighting at this spot
Black Mtns. South,2,green snake,1,11593,52239,0,88,no CapnBry sighting at this spot
Black Mtns. South,2,green snake,1,17534,51906,0,88,no CapnBry sighting at this spot
Black Mtns. South,2,green snake,1,39404,57869,0,88,no CapnBry sighting at this spot
Black Mtns. South,2,green snake,2,19953,45246,0,88,no CapnBry sighting at this spot
Black Mtns. South,2,green snake,1,13808,56254,0,88,no CapnBry sighting at this spot
Black Mtns. South,2,green snake,1,15063,46009,0,88,no CapnBry sighting at this spot
Black Mtns. South,2,green snake,1,33358,40611,0,88,no CapnBry sighting at this spot
Black Mtns. South,2,green snake,1,56263,38456,0,88,no CapnBry sighting at this spot
Black Mtns. South,2,green snake,1,59524,44817,0,88,no CapnBry sighting at this spot
Black Mtns. South,2,green snake,2,14482,53347,0,88,no CapnBry sighting at this spot
Black Mtns. South,2,green snake,1,38639,59685,0,88,no CapnBry sighting at this spot
Black Mtns. South,2,red dwarf chief,1,53975,17346,0,1,rare/named species (1-2 in whole zone)
Black Mtns. South,2,moldy skeleton,1,6658,51353,0,8,no CapnBry sighting at this spot
Black Mtns. South,2,moldy skeleton,1,6641,57505,0,8,no CapnBry sighting at this spot
Black Mtns. South,2,moldy skeleton,1,8803,57050,0,8,no CapnBry sighting at this spot
Black Mtns. South,2,moldy skeleton,2,64326,57387,0,8,no CapnBry sighting at this spot
Black Mtns. South,2,boar piglet,2,42871,53507,1,39,matches CapnBry (1-2 seen here)
Black Mtns. South,2,boar piglet,1,36500,37115,3,39,likely short: CapnBry saw 3 here
Black Mtns. South,2,boar piglet,1,41357,56764,1,39,matches CapnBry (1-2 seen here)
Black Mtns. South,2,boar piglet,1,48079,35561,2,39,matches CapnBry (1-2 seen here)
Black Mtns. South,2,boar piglet,1,53701,42993,1,39,matches CapnBry (1-2 seen here)
Black Mtns. South,2,boar piglet,1,38640,39095,3,39,likely short: CapnBry saw 3 here
Black Mtns. South,2,boar piglet,2,46850,38436,2,39,matches CapnBry (1-2 seen here)
Black Mtns. South,2,boar piglet,1,16572,56137,0,39,no CapnBry sighting at this spot
Black Mtns. South,2,boar piglet,1,29644,52091,0,39,no CapnBry sighting at this spot
Black Mtns. South,2,boar piglet,1,55389,42355,1,39,matches CapnBry (1-2 seen here)
Black Mtns. South,2,boar piglet,1,61294,48629,0,39,no CapnBry sighting at this spot
Black Mtns. South,2,boar piglet,1,60170,43142,0,39,no CapnBry sighting at this spot
Black Mtns. South,2,boar piglet,1,6826,48424,0,39,no CapnBry sighting at this spot
Black Mtns. South,2,boar piglet,1,25981,55260,4,39,likely short: CapnBry saw 4 here
Black Mtns. South,2,boar piglet,1,28603,59505,4,39,likely short: CapnBry saw 4 here
Black Mtns. South,2,boar piglet,1,20303,45660,0,39,no CapnBry sighting at this spot
Black Mtns. South,2,boar piglet,1,41213,52169,1,39,matches CapnBry (1-2 seen here)
Black Mtns. South,2,boar piglet,1,22354,47268,0,39,no CapnBry sighting at this spot
Black Mtns. South,2,highwayman,2,46494,29643,1,9,matches CapnBry (1-2 seen here)
Black Mtns. South,2,highwayman,1,47980,29215,1,9,matches CapnBry (1-2 seen here)
Black Mtns. South,2,weak skeleton,1,59455,39502,0,14,no CapnBry sighting at this spot
Black Mtns. South,2,weak skeleton,1,55637,42757,0,14,no CapnBry sighting at this spot
Black Mtns. South,2,weak skeleton,2,5595,55324,0,14,no CapnBry sighting at this spot
Black Mtns. South,2,weak skeleton,2,7981,55260,0,14,no CapnBry sighting at this spot
Black Mtns. South,2,weak skeleton,1,11178,56879,0,14,no CapnBry sighting at this spot
Black Mtns. South,2,weak skeleton,2,60550,42913,0,14,no CapnBry sighting at this spot
Black Mtns. South,2,weak skeleton,1,53608,42537,0,14,no CapnBry sighting at this spot
Black Mtns. South,2,weak skeleton,1,8345,58768,0,14,no CapnBry sighting at this spot
Black Mtns. South,2,weak skeleton,1,6623,53246,0,14,no CapnBry sighting at this spot
Black Mtns. South,2,weak skeleton,1,57448,40300,0,14,no CapnBry sighting at this spot
Black Mtns. South,2,weak skeleton,1,5539,52166,0,14,no CapnBry sighting at this spot
Black Mtns. South,2,wild sow,1,62379,54726,3,29,likely short: CapnBry saw 3 here
Black Mtns. South,2,wild sow,1,58974,42065,0,29,no CapnBry sighting at this spot
Black Mtns. South,2,wild sow,1,61102,46188,0,29,no CapnBry sighting at this spot
Black Mtns. South,2,wild sow,1,6819,54407,0,29,no CapnBry sighting at this spot
Black Mtns. South,2,wild sow,1,6107,56285,0,29,no CapnBry sighting at this spot
Black Mtns. South,2,wild sow,1,8368,56143,0,29,no CapnBry sighting at this spot
Black Mtns. South,2,wild sow,1,14037,48890,0,29,no CapnBry sighting at this spot
Black Mtns. South,2,wild sow,1,16083,57932,0,29,no CapnBry sighting at this spot
Black Mtns. South,2,wild sow,2,8884,52799,0,29,no CapnBry sighting at this spot
Black Mtns. South,2,wild sow,1,8385,58329,0,29,no CapnBry sighting at this spot
Black Mtns. South,2,wild sow,1,59995,45065,0,29,no CapnBry sighting at this spot
Black Mtns. South,2,wild sow,1,10514,55438,0,29,no CapnBry sighting at this spot
Black Mtns. South,2,wild sow,1,17973,52024,0,29,no CapnBry sighting at this spot
Black Mtns. South,2,forest snake,2,28640,4239,1,40,matches CapnBry (1-2 seen here)
Black Mtns. South,2,forest snake,2,46049,19997,0,40,no CapnBry sighting at this spot
Black Mtns. South,2,forest snake,1,27502,6962,0,40,no CapnBry sighting at this spot
Black Mtns. South,2,forest snake,1,21137,14241,0,40,no CapnBry sighting at this spot
Black Mtns. South,2,forest snake,2,59906,41039,0,40,no CapnBry sighting at this spot
Black Mtns. South,2,forest snake,2,25806,16989,3,40,likely short: CapnBry saw 3 here
Black Mtns. South,2,forest snake,1,22733,15611,3,40,likely short: CapnBry saw 3 here
Black Mtns. South,2,forest snake,1,27877,14827,3,40,likely short: CapnBry saw 3 here
Black Mtns. South,2,forest snake,1,30381,3838,1,40,matches CapnBry (1-2 seen here)
Black Mtns. South,2,forest snake,1,42700,37417,1,40,matches CapnBry (1-2 seen here)
Black Mtns. South,2,forest snake,1,37541,9463,3,40,likely short: CapnBry saw 3 here
Black Mtns. South,2,forest snake,2,33472,9823,3,40,likely short: CapnBry saw 3 here
Black Mtns. South,2,forest snake,1,6198,57429,0,40,no CapnBry sighting at this spot
Black Mtns. South,2,forest snake,1,27827,16398,3,40,likely short: CapnBry saw 3 here
Black Mtns. South,2,large ant,2,25218,61143,0,16,no CapnBry sighting at this spot
Black Mtns. South,2,large ant,2,32798,48810,0,16,no CapnBry sighting at this spot
Black Mtns. South,2,large ant,2,40846,53958,2,16,matches CapnBry (1-2 seen here)
Black Mtns. South,2,large ant,1,40157,60676,1,16,matches CapnBry (1-2 seen here)
Black Mtns. South,2,large ant,1,41099,37790,1,16,matches CapnBry (1-2 seen here)
Black Mtns. South,2,large ant,2,37642,53222,4,16,likely short: CapnBry saw 4 here
Black Mtns. South,2,large ant,1,24576,58165,0,16,no CapnBry sighting at this spot
Black Mtns. South,2,large ant,2,34428,51854,4,16,likely short: CapnBry saw 4 here
Black Mtns. South,2,large ant,1,50539,50231,1,16,matches CapnBry (1-2 seen here)
Black Mtns. South,2,large ant,1,19165,62271,0,16,no CapnBry sighting at this spot
Black Mtns. South,2,large ant,1,53233,45529,1,16,matches CapnBry (1-2 seen here)
Black Mtns. South,2,water snake,1,34216,24489,0,39,no CapnBry sighting at this spot
Black Mtns. South,2,skeleton,2,49182,39455,1,23,matches CapnBry (1-2 seen here)
Black Mtns. South,2,skeleton,2,45156,37759,1,23,matches CapnBry (1-2 seen here)
Black Mtns. South,2,red dwarf thief,1,33642,9793,0,15,no CapnBry sighting at this spot
Black Mtns. South,2,red dwarf thief,1,49203,30449,0,15,no CapnBry sighting at this spot
Black Mtns. South,2,red dwarf thief,1,51769,32366,0,15,no CapnBry sighting at this spot
Black Mtns. South,2,forest lion,1,54018,21309,0,5,no CapnBry sighting at this spot
Black Mtns. South,2,forest lion,2,18467,16120,0,5,no CapnBry sighting at this spot
Black Mtns. South,2,forest lion,1,28381,145,0,5,no CapnBry sighting at this spot
Black Mtns. South,2,forest lion,1,33841,89,0,5,no CapnBry sighting at this spot
Black Mtns. South,2,goblin,2,10344,9389,1,29,matches CapnBry (1-2 seen here)
Black Mtns. South,2,goblin,2,8583,10095,0,29,no CapnBry sighting at this spot
Black Mtns. South,2,goblin,2,12525,11455,1,29,matches CapnBry (1-2 seen here)
Black Mtns. South,2,goblin,1,11891,13438,1,29,matches CapnBry (1-2 seen here)
Black Mtns. South,2,undead goblin fisherman,2,14986,21058,0,18,no CapnBry sighting at this spot
Black Mtns. South,2,undead goblin fisherman,1,32004,30993,0,18,no CapnBry sighting at this spot
Black Mtns. South,2,undead goblin fisherman,2,20367,19954,2,18,matches CapnBry (1-2 seen here)
Black Mtns. South,2,undead goblin fisherman,2,22514,27709,2,18,matches CapnBry (1-2 seen here)
Black Mtns. South,2,goblin fisherman,2,46665,14969,0,42,no CapnBry sighting at this spot
Black Mtns. South,2,goblin fisherman,1,32735,21012,1,42,matches CapnBry (1-2 seen here)
Black Mtns. South,2,goblin fisherman,2,22483,22267,0,42,no CapnBry sighting at this spot
Black Mtns. South,2,goblin fisherman,1,13534,29224,0,42,no CapnBry sighting at this spot
Black Mtns. South,2,giant spider,1,53433,19607,0,61,no CapnBry sighting at this spot
Black Mtns. South,2,giant spider,1,54182,16212,0,61,no CapnBry sighting at this spot
Black Mtns. South,2,red lion,2,9265,55108,0,25,no CapnBry sighting at this spot
Black Mtns. South,2,red lion,1,42887,37392,0,25,no CapnBry sighting at this spot
Black Mtns. South,2,red lion,1,5440,60553,0,25,no CapnBry sighting at this spot
Black Mtns. South,2,red lion,1,4441,51881,0,25,no CapnBry sighting at this spot
Black Mtns. South,2,red lion,1,8029,50132,0,25,no CapnBry sighting at this spot
Black Mtns. South,2,red lion,1,11732,58070,0,25,no CapnBry sighting at this spot
Black Mtns. South,2,red lion,2,8627,57937,0,25,no CapnBry sighting at this spot
Black Mtns. South,2,red lion,1,8349,52264,0,25,no CapnBry sighting at this spot
Black Mtns. South,2,red lion,2,10842,59879,0,25,no CapnBry sighting at this spot
Black Mtns. South,2,red lion,1,7042,53835,0,25,no CapnBry sighting at this spot
Black Mtns. South,2,robber,1,13311,34236,0,22,no CapnBry sighting at this spot
Black Mtns. South,2,robber,1,17888,34375,0,22,no CapnBry sighting at this spot
Black Mtns. South,2,robber,1,30324,16800,0,22,no CapnBry sighting at this spot
Black Mtns. South,2,robber,1,27656,15289,0,22,no CapnBry sighting at this spot
Black Mtns. South,2,worker ant,2,22040,36649,0,75,no CapnBry sighting at this spot
Black Mtns. South,2,worker ant,2,37347,52901,0,75,no CapnBry sighting at this spot
Black Mtns. South,2,worker ant,1,56377,41595,0,75,no CapnBry sighting at this spot
Black Mtns. South,2,worker ant,1,54412,42925,0,75,no CapnBry sighting at this spot
Black Mtns. South,2,worker ant,1,59506,43982,0,75,no CapnBry sighting at this spot
Black Mtns. South,2,worker ant,1,45919,37511,0,75,no CapnBry sighting at this spot
Black Mtns. South,2,worker ant,2,39544,34038,0,75,no CapnBry sighting at this spot
Black Mtns. South,2,worker ant,1,40972,59210,0,75,no CapnBry sighting at this spot
Black Mtns. South,2,worker ant,2,26935,41626,0,75,no CapnBry sighting at this spot
Black Mtns. South,2,worker ant,2,34648,51803,0,75,no CapnBry sighting at this spot
Black Mtns. South,2,worker ant,2,30234,57705,0,75,no CapnBry sighting at this spot
Black Mtns. South,2,worker ant,1,57883,48891,0,75,no CapnBry sighting at this spot
Black Mtns. South,2,worker ant,2,29726,47856,0,75,no CapnBry sighting at this spot
Black Mtns. South,2,worker ant,1,29011,58846,0,75,no CapnBry sighting at this spot
Black Mtns. South,2,worker ant,2,57599,39720,0,75,no CapnBry sighting at this spot
Black Mtns. South,2,worker ant,1,46765,36244,0,75,no CapnBry sighting at this spot
Black Mtns. South,2,worker ant,1,12041,52652,0,75,no CapnBry sighting at this spot
Black Mtns. South,2,worker ant,1,48525,39311,0,75,no CapnBry sighting at this spot
Black Mtns. South,2,worker ant,1,24881,58359,0,75,no CapnBry sighting at this spot
Black Mtns. South,2,worker ant,1,29844,52716,0,75,no CapnBry sighting at this spot
Black Mtns. South,2,worker ant,2,27339,56913,0,75,no CapnBry sighting at this spot
Black Mtns. South,2,worker ant,2,32823,48998,0,75,no CapnBry sighting at this spot
Black Mtns. South,2,worker ant,1,46777,39119,0,75,no CapnBry sighting at this spot
Black Mtns. South,2,worker ant,2,25023,61364,0,75,no CapnBry sighting at this spot
Black Mtns. South,2,worker ant,1,28162,47879,0,75,no CapnBry sighting at this spot
Black Mtns. South,2,worker ant,1,36529,35883,0,75,no CapnBry sighting at this spot
Black Mtns. South,2,worker ant,1,38919,36589,0,75,no CapnBry sighting at this spot
Black Mtns. South,2,worker ant,1,17144,36467,0,75,no CapnBry sighting at this spot
Black Mtns. South,2,filidh sacrificer,2,37319,342,2,17,matches CapnBry (1-2 seen here)
Black Mtns. South,2,young cutpurse,1,48872,31721,1,26,matches CapnBry (1-2 seen here)
Black Mtns. South,2,black wolf pup,1,21693,45140,0,37,no CapnBry sighting at this spot
Black Mtns. South,2,black wolf pup,1,44995,39084,1,37,matches CapnBry (1-2 seen here)
Black Mtns. South,2,black wolf pup,2,39257,33098,2,37,matches CapnBry (1-2 seen here)
Black Mtns. South,2,black wolf pup,2,23351,46596,0,37,no CapnBry sighting at this spot
Black Mtns. South,2,black wolf pup,1,57326,45980,2,37,matches CapnBry (1-2 seen here)
Black Mtns. South,2,black wolf pup,1,34657,38196,1,37,matches CapnBry (1-2 seen here)
Black Mtns. South,2,black wolf pup,1,53118,41980,2,37,matches CapnBry (1-2 seen here)
Black Mtns. South,2,black wolf pup,2,41504,55696,5,37,likely short: CapnBry saw 5 here
Black Mtns. South,2,black wolf pup,2,41082,53563,2,37,matches CapnBry (1-2 seen here)
Black Mtns. South,2,black wolf pup,2,60785,42000,0,37,no CapnBry sighting at this spot
Black Mtns. South,2,black wolf pup,1,54343,43960,2,37,matches CapnBry (1-2 seen here)
Black Mtns. South,2,black wolf pup,1,56381,44666,2,37,matches CapnBry (1-2 seen here)
Black Mtns. South,2,black wolf pup,1,7750,53675,0,37,no CapnBry sighting at this spot
Black Mtns. South,2,black wolf pup,1,37856,38306,2,37,matches CapnBry (1-2 seen here)
Black Mtns. South,2,black wolf pup,1,51338,45074,2,37,matches CapnBry (1-2 seen here)
Black Mtns. South,2,black wolf pup,1,34652,42376,1,37,matches CapnBry (1-2 seen here)
Black Mtns. South,2,eel,1,46122,23922,10,32,likely short: CapnBry saw 10 here
Black Mtns. South,2,devout filidh,2,41885,527,1,10,matches CapnBry (1-2 seen here)
Black Mtns. South,2,devout filidh,1,36701,886,1,10,matches CapnBry (1-2 seen here)
Black Mtns. South,2,bear cub,1,63441,58261,0,9,no CapnBry sighting at this spot
Black Mtns. South,2,bear cub,2,59958,44113,0,9,no CapnBry sighting at this spot
Black Mtns. South,2,bear cub,2,61112,46606,0,9,no CapnBry sighting at this spot
Black Mtns. South,2,bear cub,1,64901,54769,0,9,no CapnBry sighting at this spot
Black Mtns. South,2,dwarf brawler,2,18127,54693,0,15,no CapnBry sighting at this spot
Black Mtns. South,2,dwarf brawler,2,13471,51858,0,15,no CapnBry sighting at this spot
Black Mtns. South,2,dwarf brawler,1,11775,54161,0,15,no CapnBry sighting at this spot
Black Mtns. South,2,dwarf brawler,2,10350,58951,0,15,no CapnBry sighting at this spot
Black Mtns. South,2,dwarf brawler,1,9814,45026,0,15,no CapnBry sighting at this spot
Black Mtns. South,2,dwarf brawler,1,15412,45175,0,15,no CapnBry sighting at this spot
Black Mtns. South,2,dwarf brawler,1,17008,52280,0,15,no CapnBry sighting at this spot
Black Mtns. South,2,dwarf brawler,1,4711,54702,0,15,no CapnBry sighting at this spot
Black Mtns. South,2,red dwarf matron,1,54617,18262,0,1,rare/named species (1-2 in whole zone)
Black Mtns. South,2,small gray wolf,2,53327,47372,0,9,no CapnBry sighting at this spot
Black Mtns. South,2,small gray wolf,1,53964,50571,0,9,no CapnBry sighting at this spot
Black Mtns. South,2,undead goblin warrior,1,20423,19593,1,6,matches CapnBry (1-2 seen here)
Black Mtns. South,2,undead goblin warrior,1,29288,21604,1,6,matches CapnBry (1-2 seen here)
Black Mtns. South,2,undead goblin warrior,2,31967,27393,0,6,no CapnBry sighting at this spot
Black Mtns. South,2,undead goblin warrior,1,15461,20768,0,6,no CapnBry sighting at this spot
Black Mtns. South,2,undead goblin warrior,1,22106,27727,0,6,no CapnBry sighting at this spot
Black Mtns. South,2,cutpurse,2,57953,40912,0,13,no CapnBry sighting at this spot
Black Mtns. South,2,cutpurse,1,4686,49570,0,13,no CapnBry sighting at this spot
Black Mtns. South,2,cutpurse,1,56806,42302,0,13,no CapnBry sighting at this spot
Black Mtns. South,2,aldous wynedd,1,49798,32515,0,1,rare/named species (1-2 in whole zone)
Black Mtns. South,2,great gobzini,1,2979,703,0,1,rare/named species (1-2 in whole zone)
Black Mtns. South,2,young poacher,1,60161,53403,1,5,matches CapnBry (1-2 seen here)
Black Mtns. South,2,young poacher,1,3104,49814,0,5,no CapnBry sighting at this spot
Black Mtns. South,2,dwarf raider,1,4269,56182,0,4,no CapnBry sighting at this spot
Black Mtns. South,2,dwarf raider,2,5550,54797,0,4,no CapnBry sighting at this spot
Black Mtns. South,2,dwarf raider,1,9572,50377,0,4,no CapnBry sighting at this spot
Black Mtns. South,2,poacher,1,15464,41222,0,3,no CapnBry sighting at this spot
Black Mtns. South,2,poacher,2,3293,50577,0,3,no CapnBry sighting at this spot
Black Mtns. South,2,frund,1,8608,50568,0,1,rare/named species (1-2 in whole zone)
Black Mtns. South,2,bouditha wynedd,1,49841,32069,0,1,rare/named species (1-2 in whole zone)
Black Mtns. South,2,grilk's bonescraper,1,5305,6176,0,1,rare/named species (1-2 in whole zone)
Black Mtns. South,2,summoned centurion,1,12459,41631,0,1,rare/named species (1-2 in whole zone)
Black Mtns. South,2,goblin lord,1,4330,6383,0,1,rare/named species (1-2 in whole zone)
Black Mtns. South,2,ant drone,2,34497,53792,2,10,matches CapnBry (1-2 seen here)
Black Mtns. South,2,ant drone,1,53535,45531,1,10,matches CapnBry (1-2 seen here)
Black Mtns. South,2,ant drone,2,50530,50267,2,10,matches CapnBry (1-2 seen here)
Black Mtns. South,2,ant drone,1,40829,53885,1,10,matches CapnBry (1-2 seen here)
Black Mtns. South,2,ant drone,1,41206,37689,1,10,matches CapnBry (1-2 seen here)
Black Mtns. South,2,goblin scout,2,12305,11247,0,6,no CapnBry sighting at this spot
Black Mtns. South,2,goblin scout,1,4938,4745,0,6,no CapnBry sighting at this spot
Black Mtns. South,2,filidh,1,37752,1012,0,2,rare/named species (1-2 in whole zone)
Black Mtns. South,2,filidh,1,48739,377,1,2,matches CapnBry (1-2 seen here)
Black Mtns. South,2,goblin lookout,1,1535,6075,0,9,no CapnBry sighting at this spot
Black Mtns. South,2,goblin lookout,2,7287,1150,0,9,no CapnBry sighting at this spot
Black Mtns. South,2,goblin lookout,1,7913,10332,0,9,no CapnBry sighting at this spot
Black Mtns. South,2,goblin lookout,1,12794,11511,0,9,no CapnBry sighting at this spot
Black Mtns. South,2,goblin lookout,1,9770,10952,0,9,no CapnBry sighting at this spot
Black Mtns. South,2,shaman aslis,1,53961,17219,0,1,rare/named species (1-2 in whole zone)
Black Mtns. South,2,spectral hound,1,38873,58774,0,10,no CapnBry sighting at this spot
Black Mtns. South,2,spectral hound,1,40758,54850,0,10,no CapnBry sighting at this spot
Black Mtns. South,2,spectral hound,1,52047,40329,0,10,no CapnBry sighting at this spot
Black Mtns. South,2,spectral hound,1,41979,58985,0,10,no CapnBry sighting at this spot
Black Mtns. South,2,spectral hound,1,22044,35321,0,10,no CapnBry sighting at this spot
Black Mtns. South,2,spectral hound,1,29793,58265,0,10,no CapnBry sighting at this spot
Black Mtns. South,2,spectral hound,1,13444,54718,0,10,no CapnBry sighting at this spot
Black Mtns. South,2,spectral hound,1,24316,38553,0,10,no CapnBry sighting at this spot
Black Mtns. South,2,spectral hound,1,30378,53595,0,10,no CapnBry sighting at this spot
Black Mtns. South,2,spectral hound,1,46320,37149,0,10,no CapnBry sighting at this spot
Black Mtns. South,2,grilk's ratmaker,1,4368,6097,0,1,rare/named species (1-2 in whole zone)
Black Mtns. South,2,gundron mccory,1,51952,33620,0,1,rare/named species (1-2 in whole zone)
Black Mtns. South,2,dwarf pillager,2,6404,54822,0,2,rare/named species (1-2 in whole zone)
Black Mtns. South,2,throatripper,1,6368,48045,0,1,rare/named species (1-2 in whole zone)
Black Mtns. South,2,decayed zombie,1,28777,33763,0,1,rare/named species (1-2 in whole zone)
Black Mtns. South,2,sacrificer harish,1,42469,121,0,1,rare/named species (1-2 in whole zone)
Black Mtns. South,2,spriggarn stalker,1,59506,45688,0,1,rare/named species (1-2 in whole zone)
Black Mtns. South,2,summoned rat,1,12634,41739,0,1,rare/named species (1-2 in whole zone)
Black Mtns. South,2,grilk's footscratcher,1,4219,4864,0,1,rare/named species (1-2 in whole zone)
Black Mtns. South,2,summoned spirit,1,12601,41406,0,1,rare/named species (1-2 in whole zone)
Black Mtns. South,2,fusnup,1,18532,30737,0,1,rare/named species (1-2 in whole zone)
Black Mtns. South,2,grilo,1,18668,30971,0,1,rare/named species (1-2 in whole zone)
Black Mtns. South,2,bullyboy,1,50473,33394,1,1,matches CapnBry (1-2 seen here)
Black Mtns. South,2,jari,1,7439,54953,0,1,rare/named species (1-2 in whole zone)
Black Mtns. South,2,summoned skeleton,1,12635,41771,0,1,rare/named species (1-2 in whole zone)
Black Mtns. South,2,slith,1,42551,55887,0,1,rare/named species (1-2 in whole zone)
Black Mtns. South,2,welsh hobgoblin,1,57504,39462,0,1,rare/named species (1-2 in whole zone)
Black Mtns. South,2,summoner salizern,1,12631,41633,0,1,rare/named species (1-2 in whole zone)
Black Mtns. South,2,poacher leader,1,4694,50038,0,1,rare/named species (1-2 in whole zone)
Black Mtns. South,2,red dwarf leader,1,58280,51663,0,1,rare/named species (1-2 in whole zone)
Black Mtns. South,2,goblin storm shaman,1,25105,20451,0,1,rare/named species (1-2 in whole zone)
Black Mtns. South,2,grilk,1,4225,5592,0,1,rare/named species (1-2 in whole zone)
Black Mtns. North,3,hill guard,1,8072,18289,0,8,no CapnBry sighting at this spot
Black Mtns. North,3,hill guard,1,6125,14119,0,8,no CapnBry sighting at this spot
Black Mtns. North,3,hill guard,1,3280,45399,0,8,no CapnBry sighting at this spot
Black Mtns. North,3,hill guard,2,4291,43985,0,8,no CapnBry sighting at this spot
Black Mtns. North,3,hill guard,1,2281,43310,0,8,no CapnBry sighting at this spot
Black Mtns. North,3,hill guard,1,9145,14016,0,8,no CapnBry sighting at this spot
Black Mtns. North,3,hill guard,1,12478,12072,0,8,no CapnBry sighting at this spot
Black Mtns. North,3,hill avenger,1,2392,46433,0,10,no CapnBry sighting at this spot
Black Mtns. North,3,hill avenger,2,5474,13477,0,10,no CapnBry sighting at this spot
Black Mtns. North,3,hill avenger,1,9248,19125,0,10,no CapnBry sighting at this spot
Black Mtns. North,3,hill avenger,1,5680,42991,0,10,no CapnBry sighting at this spot
Black Mtns. North,3,enraged cockatrice,1,29184,24795,0,11,no CapnBry sighting at this spot
Black Mtns. North,3,enraged cockatrice,1,7341,20063,0,11,no CapnBry sighting at this spot
Black Mtns. North,3,enraged cockatrice,2,12803,33286,0,11,no CapnBry sighting at this spot
Black Mtns. North,3,enraged cockatrice,2,7798,21869,0,11,no CapnBry sighting at this spot
Black Mtns. North,3,enraged cockatrice,1,37634,14044,1,11,matches CapnBry (1-2 seen here)
Black Mtns. North,3,filidh,2,38028,64977,1,8,matches CapnBry (1-2 seen here)
Black Mtns. North,3,filidh,1,45708,64535,0,8,no CapnBry sighting at this spot
Black Mtns. North,3,filidh,1,11137,43425,0,8,no CapnBry sighting at this spot
Black Mtns. North,3,filidh,1,12077,41759,0,8,no CapnBry sighting at this spot
Black Mtns. North,3,trimbeak,1,25949,25131,0,1,rare/named species (1-2 in whole zone)
Black Mtns. North,3,undead druid,2,55717,38281,2,13,matches CapnBry (1-2 seen here)
Black Mtns. North,3,small bear,2,12239,31318,0,31,no CapnBry sighting at this spot
Black Mtns. North,3,small bear,1,23238,61115,2,31,matches CapnBry (1-2 seen here)
Black Mtns. North,3,small bear,1,48294,42956,0,31,no CapnBry sighting at this spot
Black Mtns. North,3,small bear,1,28072,51104,0,31,no CapnBry sighting at this spot
Black Mtns. North,3,small bear,1,24767,31970,1,31,matches CapnBry (1-2 seen here)
Black Mtns. North,3,small bear,1,45221,46344,0,31,no CapnBry sighting at this spot
Black Mtns. North,3,small bear,2,25219,63005,2,31,matches CapnBry (1-2 seen here)
Black Mtns. North,3,small bear,1,35393,32647,1,31,matches CapnBry (1-2 seen here)
Black Mtns. North,3,small bear,1,26367,31612,1,31,matches CapnBry (1-2 seen here)
Black Mtns. North,3,small bear,1,17606,59289,4,31,likely short: CapnBry saw 4 here
Black Mtns. North,3,small bear,1,37871,15710,0,31,no CapnBry sighting at this spot
Black Mtns. North,3,small bear,1,50004,38169,0,31,no CapnBry sighting at this spot
Black Mtns. North,3,small bear,1,38654,31106,2,31,matches CapnBry (1-2 seen here)
Black Mtns. North,3,small bear,2,15137,29323,0,31,no CapnBry sighting at this spot
Black Mtns. North,3,small bear,1,38538,32830,2,31,matches CapnBry (1-2 seen here)
Black Mtns. North,3,small bear,1,19706,61101,4,31,likely short: CapnBry saw 4 here
Black Mtns. North,3,small bear,1,18322,61746,4,31,likely short: CapnBry saw 4 here
Black Mtns. North,3,small bear,1,28488,22794,1,31,matches CapnBry (1-2 seen here)
Black Mtns. North,3,small bear,2,12569,33441,0,31,no CapnBry sighting at this spot
Black Mtns. North,3,small bear,1,31925,53792,0,31,no CapnBry sighting at this spot
Black Mtns. North,3,small bear,1,21920,55432,2,31,matches CapnBry (1-2 seen here)
Black Mtns. North,3,small bear,1,25982,29338,1,31,matches CapnBry (1-2 seen here)
Black Mtns. North,3,small bear,1,13125,29945,0,31,no CapnBry sighting at this spot
Black Mtns. North,3,giant spider,2,19978,38353,1,27,matches CapnBry (1-2 seen here)
Black Mtns. North,3,giant spider,1,27629,46801,0,27,no CapnBry sighting at this spot
Black Mtns. North,3,giant spider,1,25987,29737,2,27,matches CapnBry (1-2 seen here)
Black Mtns. North,3,giant spider,1,21721,41079,1,27,matches CapnBry (1-2 seen here)
Black Mtns. North,3,giant spider,1,46020,44743,1,27,matches CapnBry (1-2 seen here)
Black Mtns. North,3,giant spider,1,27383,32648,2,27,matches CapnBry (1-2 seen here)
Black Mtns. North,3,giant spider,1,22133,36140,1,27,matches CapnBry (1-2 seen here)
Black Mtns. North,3,giant spider,2,50006,45416,1,27,matches CapnBry (1-2 seen here)
Black Mtns. North,3,giant spider,1,20861,62734,0,27,no CapnBry sighting at this spot
Black Mtns. North,3,giant spider,1,17195,39515,1,27,matches CapnBry (1-2 seen here)
Black Mtns. North,3,giant spider,1,27108,58319,0,27,no CapnBry sighting at this spot
Black Mtns. North,3,giant spider,1,26447,45525,0,27,no CapnBry sighting at this spot
Black Mtns. North,3,giant spider,1,29973,51084,0,27,no CapnBry sighting at this spot
Black Mtns. North,3,giant spider,1,30719,65443,3,27,likely short: CapnBry saw 3 here
Black Mtns. North,3,giant spider,1,23901,61316,0,27,no CapnBry sighting at this spot
Black Mtns. North,3,forest tracker,1,48387,42792,1,7,matches CapnBry (1-2 seen here)
Black Mtns. North,3,forest tracker,1,35854,30346,1,7,matches CapnBry (1-2 seen here)
Black Mtns. North,3,forest tracker,1,50048,51008,0,7,no CapnBry sighting at this spot
Black Mtns. North,3,forest tracker,2,49951,41532,1,7,matches CapnBry (1-2 seen here)
Black Mtns. North,3,forest tracker,1,49338,44749,1,7,matches CapnBry (1-2 seen here)
Black Mtns. North,3,forest tracker,1,53984,53792,0,7,no CapnBry sighting at this spot
Black Mtns. North,3,gray warg,2,18222,29467,2,17,matches CapnBry (1-2 seen here)
Black Mtns. North,3,gray warg,1,3224,44358,0,17,no CapnBry sighting at this spot
Black Mtns. North,3,gray warg,1,22151,32422,2,17,matches CapnBry (1-2 seen here)
Black Mtns. North,3,gray warg,1,22119,30741,2,17,matches CapnBry (1-2 seen here)
Black Mtns. North,3,gray warg,1,19063,32176,2,17,matches CapnBry (1-2 seen here)
Black Mtns. North,3,gray warg,1,21782,28131,2,17,matches CapnBry (1-2 seen here)
Black Mtns. North,3,gray warg,2,18835,34516,2,17,matches CapnBry (1-2 seen here)
Black Mtns. North,3,forest chief,1,38662,28867,1,2,matches CapnBry (1-2 seen here)
Black Mtns. North,3,forest chief,1,33643,16693,1,2,matches CapnBry (1-2 seen here)
Black Mtns. North,3,bear,1,13128,29738,0,26,no CapnBry sighting at this spot
Black Mtns. North,3,bear,1,37062,51561,1,26,matches CapnBry (1-2 seen here)
Black Mtns. North,3,bear,1,37015,47031,0,26,no CapnBry sighting at this spot
Black Mtns. North,3,bear,2,50984,59461,0,26,no CapnBry sighting at this spot
Black Mtns. North,3,bear,1,33860,31992,2,26,matches CapnBry (1-2 seen here)
Black Mtns. North,3,bear,1,50598,57159,0,26,no CapnBry sighting at this spot
Black Mtns. North,3,bear,2,14499,31165,0,26,no CapnBry sighting at this spot
Black Mtns. North,3,bear,1,34632,26624,0,26,no CapnBry sighting at this spot
Black Mtns. North,3,bear,1,47746,55522,0,26,no CapnBry sighting at this spot
Black Mtns. North,3,bear,1,38926,52892,1,26,matches CapnBry (1-2 seen here)
Black Mtns. North,3,bear,1,32598,22023,1,26,matches CapnBry (1-2 seen here)
Black Mtns. North,3,bear,1,50551,44794,0,26,no CapnBry sighting at this spot
Black Mtns. North,3,bear,1,27608,47948,1,26,matches CapnBry (1-2 seen here)
Black Mtns. North,3,bear,1,27482,62870,2,26,matches CapnBry (1-2 seen here)
Black Mtns. North,3,bear,1,41121,43813,0,26,no CapnBry sighting at this spot
Black Mtns. North,3,bear,1,25744,60312,2,26,matches CapnBry (1-2 seen here)
Black Mtns. North,3,bear,1,15978,62008,2,26,matches CapnBry (1-2 seen here)
Black Mtns. North,3,bear,2,24731,62546,2,26,matches CapnBry (1-2 seen here)
Black Mtns. North,3,bear,1,36585,30702,2,26,matches CapnBry (1-2 seen here)
Black Mtns. North,3,bear,1,18165,61286,2,26,matches CapnBry (1-2 seen here)
Black Mtns. North,3,bear,1,47337,45276,0,26,no CapnBry sighting at this spot
Black Mtns. North,3,bear,1,19315,60091,2,26,matches CapnBry (1-2 seen here)
Black Mtns. North,3,bear,1,19100,63099,2,26,matches CapnBry (1-2 seen here)
Black Mtns. North,3,forest smuggler,1,50812,41939,1,14,matches CapnBry (1-2 seen here)
Black Mtns. North,3,forest smuggler,2,48511,41877,1,14,matches CapnBry (1-2 seen here)
Black Mtns. North,3,forest smuggler,1,24383,29018,0,14,no CapnBry sighting at this spot
Black Mtns. North,3,forest smuggler,1,35378,28947,1,14,matches CapnBry (1-2 seen here)
Black Mtns. North,3,forest smuggler,1,50519,43445,1,14,matches CapnBry (1-2 seen here)
Black Mtns. North,3,dryad,1,20228,52300,0,6,no CapnBry sighting at this spot
Black Mtns. North,3,dryad,1,21604,31934,0,6,no CapnBry sighting at this spot
Black Mtns. North,3,forest lion,1,23232,36271,2,25,matches CapnBry (1-2 seen here)
Black Mtns. North,3,forest lion,1,28027,65376,0,25,no CapnBry sighting at this spot
Black Mtns. North,3,forest lion,1,22100,41346,0,25,no CapnBry sighting at this spot
Black Mtns. North,3,forest lion,1,23820,57395,0,25,no CapnBry sighting at this spot
Black Mtns. North,3,forest lion,2,17686,60369,4,25,likely short: CapnBry saw 4 here
Black Mtns. North,3,forest lion,1,13711,30699,0,25,no CapnBry sighting at this spot
Black Mtns. North,3,forest lion,1,36160,42199,0,25,no CapnBry sighting at this spot
Black Mtns. North,3,forest lion,1,21982,53578,0,25,no CapnBry sighting at this spot
Black Mtns. North,3,forest lion,2,33351,64462,0,25,no CapnBry sighting at this spot
Black Mtns. North,3,forest lion,1,31883,56865,1,25,matches CapnBry (1-2 seen here)
Black Mtns. North,3,forest lion,1,26810,45128,0,25,no CapnBry sighting at this spot
Black Mtns. North,3,forest lion,1,31550,44077,0,25,no CapnBry sighting at this spot
Black Mtns. North,3,forest lion,1,20010,36630,2,25,matches CapnBry (1-2 seen here)
Black Mtns. North,3,forest lion,1,52436,57548,0,25,no CapnBry sighting at this spot
Black Mtns. North,3,forest lion,1,29022,20129,0,25,no CapnBry sighting at this spot
Black Mtns. North,3,forest lion,1,24398,60505,1,25,matches CapnBry (1-2 seen here)
Black Mtns. North,3,forest lion,1,20113,58812,4,25,likely short: CapnBry saw 4 here
Black Mtns. North,3,forest lion,1,20024,62965,4,25,likely short: CapnBry saw 4 here
Black Mtns. North,3,forest lion,1,19923,34915,2,25,matches CapnBry (1-2 seen here)
Black Mtns. North,3,forest lion,1,22632,31005,2,25,matches CapnBry (1-2 seen here)
Black Mtns. North,3,filidh sacrificer,1,48608,30391,1,12,matches CapnBry (1-2 seen here)
Black Mtns. North,3,filidh sacrificer,1,56608,30816,0,12,no CapnBry sighting at this spot
Black Mtns. North,3,filidh sacrificer,1,10669,46175,0,12,no CapnBry sighting at this spot
Black Mtns. North,3,filidh sacrificer,1,46196,65102,0,12,no CapnBry sighting at this spot
Black Mtns. North,3,filidh sacrificer,1,10456,43947,0,12,no CapnBry sighting at this spot
Black Mtns. North,3,filidh sacrificer,1,47916,65018,0,12,no CapnBry sighting at this spot
Black Mtns. North,3,hill warrior,2,10553,13373,0,10,no CapnBry sighting at this spot
Black Mtns. North,3,hill warrior,1,11699,11858,0,10,no CapnBry sighting at this spot
Black Mtns. North,3,hill warrior,1,5911,14341,0,10,no CapnBry sighting at this spot
Black Mtns. North,3,goblin,1,7513,65373,0,2,rare/named species (1-2 in whole zone)
Black Mtns. North,3,goblin,1,16342,31308,0,2,rare/named species (1-2 in whole zone)
Black Mtns. North,3,mystic ulfwag,1,18547,26634,0,1,rare/named species (1-2 in whole zone)
Black Mtns. North,3,erick redbeard,1,26597,40894,0,1,rare/named species (1-2 in whole zone)
Black Mtns. North,3,pixie scout,1,18139,46259,1,3,matches CapnBry (1-2 seen here)
Black Mtns. North,3,pixie scout,1,27941,29987,0,3,no CapnBry sighting at this spot
Black Mtns. North,3,pixie scout,1,26150,31261,0,3,no CapnBry sighting at this spot
Black Mtns. North,3,dryad invert,1,32572,48487,1,1,matches CapnBry (1-2 seen here)
Black Mtns. North,3,leorcelis grant,1,11969,39434,0,1,rare/named species (1-2 in whole zone)
Black Mtns. North,3,devout filidh,2,46175,64693,2,8,matches CapnBry (1-2 seen here)
Black Mtns. North,3,devout filidh,1,36951,64423,1,8,matches CapnBry (1-2 seen here)
Black Mtns. North,3,devout filidh,1,11663,42698,0,8,no CapnBry sighting at this spot
Black Mtns. North,3,devout filidh,1,48171,64456,2,8,matches CapnBry (1-2 seen here)
Black Mtns. North,3,dragon ant drone,2,32002,26752,2,2,matches CapnBry (1-2 seen here)
Black Mtns. North,3,sergeant cosworth,1,11481,39707,0,1,rare/named species (1-2 in whole zone)
Black Mtns. North,3,goblin scout,1,19470,25602,0,2,rare/named species (1-2 in whole zone)
Black Mtns. North,3,goblin scout,1,15888,27480,0,2,rare/named species (1-2 in whole zone)
Black Mtns. North,3,necromancer,2,11630,49355,0,2,rare/named species (1-2 in whole zone)
Black Mtns. North,3,goblin warrior,2,19365,27090,1,5,matches CapnBry (1-2 seen here)
Black Mtns. North,3,goblin warrior,1,21353,32545,1,5,matches CapnBry (1-2 seen here)
Black Mtns. North,3,goblin warrior,1,18686,34469,0,5,no CapnBry sighting at this spot
Black Mtns. North,3,goblin warrior,1,19257,30214,1,5,matches CapnBry (1-2 seen here)
Black Mtns. North,3,sir gerenth,1,11949,39662,0,1,rare/named species (1-2 in whole zone)
Black Mtns. North,3,heretic elam,1,50816,39056,0,1,rare/named species (1-2 in whole zone)
Black Mtns. North,3,hill chief alrek,1,5725,14459,0,1,rare/named species (1-2 in whole zone)
Black Mtns. North,3,cauld lad,1,45019,37915,0,1,rare/named species (1-2 in whole zone)
Black Mtns. North,3,crimson initiate,1,5658,46102,0,2,rare/named species (1-2 in whole zone)
Black Mtns. North,3,crimson initiate,1,6366,13128,0,2,rare/named species (1-2 in whole zone)
Black Mtns. North,3,glimbeak,1,34373,18202,0,1,rare/named species (1-2 in whole zone)
Black Mtns. North,3,slimbeak,1,34424,14590,0,1,rare/named species (1-2 in whole zone)
Black Mtns. North,3,hill shaman,2,5711,14099,0,3,no CapnBry sighting at this spot
Black Mtns. North,3,hill shaman,1,4689,44392,0,3,no CapnBry sighting at this spot
Black Mtns. North,3,druid pet,1,43239,65022,0,1,rare/named species (1-2 in whole zone)
Black Mtns. North,3,grimbeak,1,34390,18066,0,1,rare/named species (1-2 in whole zone)
Black Mtns. North,3,poacher leader,1,20008,52243,1,1,matches CapnBry (1-2 seen here)
Cornwall,6,bucca,1,41586,38284,0,17,no CapnBry sighting at this spot
Cornwall,6,bucca,1,37923,35423,0,17,no CapnBry sighting at this spot
Cornwall,6,bucca,1,43303,28899,0,17,no CapnBry sighting at this spot
Cornwall,6,bucca,1,38344,31646,0,17,no CapnBry sighting at this spot
Cornwall,6,bucca,1,43366,30579,0,17,no CapnBry sighting at this spot
Cornwall,6,bucca,2,43981,33668,0,17,no CapnBry sighting at this spot
Cornwall,6,bucca,1,57366,44919,0,17,no CapnBry sighting at this spot
Cornwall,6,bucca,1,55440,45020,0,17,no CapnBry sighting at this spot
Cornwall,6,black bear,1,30037,26808,0,45,no CapnBry sighting at this spot
Cornwall,6,black bear,2,42997,21864,0,45,no CapnBry sighting at this spot
Cornwall,6,black bear,1,18999,36228,5,45,likely short: CapnBry saw 5 here
Cornwall,6,black bear,2,44049,23067,0,45,no CapnBry sighting at this spot
Cornwall,6,black bear,1,20826,36909,5,45,likely short: CapnBry saw 5 here
Cornwall,6,black bear,1,22701,44393,0,45,no CapnBry sighting at this spot
Cornwall,6,black bear,1,23709,37688,5,45,likely short: CapnBry saw 5 here
Cornwall,6,black bear,1,37900,47828,0,45,no CapnBry sighting at this spot
Cornwall,6,black bear,1,55491,33304,0,45,no CapnBry sighting at this spot
Cornwall,6,black bear,1,48175,21582,0,45,no CapnBry sighting at this spot
Cornwall,6,black bear,1,64595,32488,0,45,no CapnBry sighting at this spot
Cornwall,6,black bear,1,43047,49506,0,45,no CapnBry sighting at this spot
Cornwall,6,black bear,1,43772,43908,0,45,no CapnBry sighting at this spot
Cornwall,6,black bear,2,32796,29866,6,45,likely short: CapnBry saw 6 here
Cornwall,6,black bear,1,62591,27387,0,45,no CapnBry sighting at this spot
Cornwall,6,black bear,2,62095,35745,0,45,no CapnBry sighting at this spot
Cornwall,6,black bear,1,53504,31292,0,45,no CapnBry sighting at this spot
Cornwall,6,black bear,1,60924,32788,0,45,no CapnBry sighting at this spot
Cornwall,6,black bear,2,25534,45123,0,45,no CapnBry sighting at this spot
Cornwall,6,black bear,1,22901,35412,5,45,likely short: CapnBry saw 5 here
Cornwall,6,black bear,1,47828,30271,0,45,no CapnBry sighting at this spot
Cornwall,6,black bear,1,61348,26520,0,45,no CapnBry sighting at this spot
Cornwall,6,black bear,1,28466,43732,0,45,no CapnBry sighting at this spot
Cornwall,6,black bear,1,29486,46606,0,45,no CapnBry sighting at this spot
Cornwall,6,black bear,1,41560,47512,0,45,no CapnBry sighting at this spot
Cornwall,6,black bear,1,39758,47151,0,45,no CapnBry sighting at this spot
Cornwall,6,black bear,1,28723,48189,0,45,no CapnBry sighting at this spot
Cornwall,6,moor boogey,1,36421,36907,0,6,no CapnBry sighting at this spot
Cornwall,6,moor boogey,1,59998,47526,0,6,no CapnBry sighting at this spot
Cornwall,6,moor boogey,2,36063,44393,0,6,no CapnBry sighting at this spot
Cornwall,6,moor boogey,2,33456,59277,0,6,no CapnBry sighting at this spot
Cornwall,6,brown bear,2,62888,26820,0,30,no CapnBry sighting at this spot
Cornwall,6,brown bear,1,36875,25179,0,30,no CapnBry sighting at this spot
Cornwall,6,brown bear,1,49755,19052,1,30,matches CapnBry (1-2 seen here)
Cornwall,6,brown bear,1,44321,22977,0,30,no CapnBry sighting at this spot
Cornwall,6,brown bear,1,63570,18668,1,30,matches CapnBry (1-2 seen here)
Cornwall,6,brown bear,1,42169,45931,0,30,no CapnBry sighting at this spot
Cornwall,6,brown bear,1,51432,29563,0,30,no CapnBry sighting at this spot
Cornwall,6,brown bear,1,64948,19462,1,30,matches CapnBry (1-2 seen here)
Cornwall,6,brown bear,2,56990,7250,0,30,no CapnBry sighting at this spot
Cornwall,6,brown bear,1,29673,30067,0,30,no CapnBry sighting at this spot
Cornwall,6,brown bear,1,56735,14387,0,30,no CapnBry sighting at this spot
Cornwall,6,brown bear,1,48936,27831,0,30,no CapnBry sighting at this spot
Cornwall,6,brown bear,2,53936,29533,0,30,no CapnBry sighting at this spot
Cornwall,6,brown bear,1,60341,15695,1,30,matches CapnBry (1-2 seen here)
Cornwall,6,brown bear,2,48091,4109,0,30,no CapnBry sighting at this spot
Cornwall,6,brown bear,1,53722,19481,1,30,matches CapnBry (1-2 seen here)
Cornwall,6,brown bear,2,63001,20478,1,30,matches CapnBry (1-2 seen here)
Cornwall,6,brown bear,1,25781,47365,0,30,no CapnBry sighting at this spot
Cornwall,6,brown bear,1,54226,15862,0,30,no CapnBry sighting at this spot
Cornwall,6,brown bear,1,50549,8180,0,30,no CapnBry sighting at this spot
Cornwall,6,brown bear,1,48598,7003,0,30,no CapnBry sighting at this spot
Cornwall,6,brown bear,1,24053,41449,0,30,no CapnBry sighting at this spot
Cornwall,6,moor wolf,1,53382,20035,1,32,matches CapnBry (1-2 seen here)
Cornwall,6,moor wolf,1,61362,30110,0,32,no CapnBry sighting at this spot
Cornwall,6,moor wolf,1,49788,26280,0,32,no CapnBry sighting at this spot
Cornwall,6,moor wolf,1,57932,15726,0,32,no CapnBry sighting at this spot
Cornwall,6,moor wolf,2,61588,20148,2,32,matches CapnBry (1-2 seen here)
Cornwall,6,moor wolf,1,58689,29772,0,32,no CapnBry sighting at this spot
Cornwall,6,moor wolf,1,37830,22549,0,32,no CapnBry sighting at this spot
Cornwall,6,moor wolf,1,34818,30942,0,32,no CapnBry sighting at this spot
Cornwall,6,moor wolf,1,23986,47131,0,32,no CapnBry sighting at this spot
Cornwall,6,moor wolf,2,54597,29709,0,32,no CapnBry sighting at this spot
Cornwall,6,moor wolf,1,61527,28603,0,32,no CapnBry sighting at this spot
Cornwall,6,moor wolf,1,49891,19608,1,32,matches CapnBry (1-2 seen here)
Cornwall,6,moor wolf,2,60290,15739,2,32,matches CapnBry (1-2 seen here)
Cornwall,6,moor wolf,2,64354,19349,2,32,matches CapnBry (1-2 seen here)
Cornwall,6,moor wolf,1,41864,24905,0,32,no CapnBry sighting at this spot
Cornwall,6,moor wolf,1,60956,12931,0,32,no CapnBry sighting at this spot
Cornwall,6,moor wolf,1,28751,31650,0,32,no CapnBry sighting at this spot
Cornwall,6,moor wolf,1,63742,26033,0,32,no CapnBry sighting at this spot
Cornwall,6,moor wolf,1,48598,28665,0,32,no CapnBry sighting at this spot
Cornwall,6,moor wolf,1,56863,29648,0,32,no CapnBry sighting at this spot
Cornwall,6,moor wolf,1,64286,28177,0,32,no CapnBry sighting at this spot
Cornwall,6,elder beech,2,24625,33134,1,62,matches CapnBry (1-2 seen here)
Cornwall,6,elder beech,2,58350,41822,0,62,no CapnBry sighting at this spot
Cornwall,6,elder beech,1,38393,27996,0,62,no CapnBry sighting at this spot
Cornwall,6,elder beech,1,39982,58378,0,62,no CapnBry sighting at this spot
Cornwall,6,elder beech,1,59040,39722,0,62,no CapnBry sighting at this spot
Cornwall,6,elder beech,1,25026,31173,1,62,matches CapnBry (1-2 seen here)
Cornwall,6,young brown bear,1,53252,30992,0,11,no CapnBry sighting at this spot
Cornwall,6,young brown bear,2,60673,20092,2,11,matches CapnBry (1-2 seen here)
Cornwall,6,young brown bear,1,53690,16333,0,11,no CapnBry sighting at this spot
Cornwall,6,young brown bear,1,61104,25793,0,11,no CapnBry sighting at this spot
Cornwall,6,young brown bear,1,59468,15325,2,11,matches CapnBry (1-2 seen here)
Cornwall,6,young brown bear,1,61397,30191,0,11,no CapnBry sighting at this spot
Cornwall,6,young brown bear,1,56665,12667,0,11,no CapnBry sighting at this spot
Cornwall,6,young brown bear,1,56413,29093,0,11,no CapnBry sighting at this spot
Cornwall,6,young brown bear,1,50886,7539,0,11,no CapnBry sighting at this spot
Cornwall,6,young brown bear,1,54622,30042,0,11,no CapnBry sighting at this spot
Cornwall,6,giant rooter,2,41785,56735,0,57,no CapnBry sighting at this spot
Cornwall,6,giant rooter,1,16337,46242,1,57,matches CapnBry (1-2 seen here)
Cornwall,6,giant rooter,2,17288,51482,0,57,no CapnBry sighting at this spot
Cornwall,6,giant rooter,1,61048,40428,0,57,no CapnBry sighting at this spot
Cornwall,6,giant rooter,2,35913,57341,0,57,no CapnBry sighting at this spot
Cornwall,6,giant rooter,1,33948,57275,0,57,no CapnBry sighting at this spot
Cornwall,6,giant rooter,1,51131,53805,0,57,no CapnBry sighting at this spot
Cornwall,6,giant rooter,1,60498,43271,0,57,no CapnBry sighting at this spot
Cornwall,6,giant rooter,1,46405,50975,0,57,no CapnBry sighting at this spot
Cornwall,6,giant rooter,1,61649,38865,0,57,no CapnBry sighting at this spot
Cornwall,6,giant skeleton,1,17942,38658,0,6,no CapnBry sighting at this spot
Cornwall,6,giant skeleton,2,25230,52894,0,6,no CapnBry sighting at this spot
Cornwall,6,cornwall drake,1,7294,47956,0,17,no CapnBry sighting at this spot
Cornwall,6,cornwall drake,1,9078,56933,0,17,no CapnBry sighting at this spot
Cornwall,6,death stalker,1,33873,30044,0,11,no CapnBry sighting at this spot
Cornwall,6,death stalker,1,38188,48710,0,11,no CapnBry sighting at this spot
Cornwall,6,death stalker,2,23847,43750,0,11,no CapnBry sighting at this spot
Cornwall,6,death stalker,1,46471,21834,0,11,no CapnBry sighting at this spot
Cornwall,6,death stalker,1,41590,44925,0,11,no CapnBry sighting at this spot
Cornwall,6,death stalker,1,27416,33394,0,11,no CapnBry sighting at this spot
Cornwall,6,death stalker,1,27279,46049,0,11,no CapnBry sighting at this spot
Cornwall,6,death stalker,1,40435,23862,0,11,no CapnBry sighting at this spot
Cornwall,6,death stalker,1,36425,24311,0,11,no CapnBry sighting at this spot
Cornwall,6,death stalker,1,35820,27387,0,11,no CapnBry sighting at this spot
Cornwall,6,moor pack leader,2,29144,32163,0,11,no CapnBry sighting at this spot
Cornwall,6,moor pack leader,2,38332,46823,0,11,no CapnBry sighting at this spot
Cornwall,6,moor pack leader,1,41879,24934,0,11,no CapnBry sighting at this spot
Cornwall,6,moor pack leader,1,37742,22098,0,11,no CapnBry sighting at this spot
Cornwall,6,moor pack leader,2,47181,20646,0,11,no CapnBry sighting at this spot
Cornwall,6,moor pack leader,1,25005,42132,0,11,no CapnBry sighting at this spot
Cornwall,6,moor pack leader,1,35392,25622,1,11,matches CapnBry (1-2 seen here)
Cornwall,6,moor pack leader,1,32325,30619,1,11,matches CapnBry (1-2 seen here)
Cornwall,6,cornish frog,1,62897,27680,0,18,no CapnBry sighting at this spot
Cornwall,6,cornish frog,1,48913,10349,0,18,no CapnBry sighting at this spot
Cornwall,6,cornish frog,1,57298,7206,0,18,no CapnBry sighting at this spot
Cornwall,6,cornish frog,1,50896,19875,0,18,no CapnBry sighting at this spot
Cornwall,6,cornish frog,1,61450,28481,0,18,no CapnBry sighting at this spot
Cornwall,6,cornish frog,1,51694,17539,0,18,no CapnBry sighting at this spot
Cornwall,6,cornish frog,1,61467,26767,0,18,no CapnBry sighting at this spot
Cornwall,6,cornish frog,1,64121,19357,0,18,no CapnBry sighting at this spot
Cornwall,6,cornish frog,1,60751,16678,0,18,no CapnBry sighting at this spot
Cornwall,6,cornish frog,1,62478,20712,0,18,no CapnBry sighting at this spot
Cornwall,6,cornish frog,1,52180,29644,0,18,no CapnBry sighting at this spot
Cornwall,6,cornish frog,1,51113,9822,0,18,no CapnBry sighting at this spot
Cornwall,6,cornish frog,1,53114,19030,0,18,no CapnBry sighting at this spot
Cornwall,6,cornish frog,1,52282,6515,0,18,no CapnBry sighting at this spot
Cornwall,6,cornish frog,1,58561,15190,0,18,no CapnBry sighting at this spot
Cornwall,6,cornish frog,1,54929,30955,0,18,no CapnBry sighting at this spot
Cornwall,6,cornish frog,1,59803,13115,0,18,no CapnBry sighting at this spot
Cornwall,6,cornish frog,1,50137,28205,0,18,no CapnBry sighting at this spot
Cornwall,6,greater boogey,1,51900,60069,0,7,no CapnBry sighting at this spot
Cornwall,6,greater boogey,1,17477,55728,0,7,no CapnBry sighting at this spot
Cornwall,6,muryan,2,61858,31280,0,21,no CapnBry sighting at this spot
Cornwall,6,muryan,1,65206,34791,0,21,no CapnBry sighting at this spot
Cornwall,6,cornwall hunter,1,50621,12296,0,12,no CapnBry sighting at this spot
Cornwall,6,cornwall hunter,1,54688,12003,0,12,no CapnBry sighting at this spot
Cornwall,6,cornwall hunter,2,38199,34346,0,12,no CapnBry sighting at this spot
Cornwall,6,cornwall hunter,2,50649,44498,0,12,no CapnBry sighting at this spot
Cornwall,6,cornwall hunter,1,43296,29580,0,12,no CapnBry sighting at this spot
Cornwall,6,cornwall hunter,1,38351,32256,0,12,no CapnBry sighting at this spot
Cornwall,6,cornwall hunter,1,57646,45105,0,12,no CapnBry sighting at this spot
Cornwall,6,forest cat,1,39633,21514,0,15,no CapnBry sighting at this spot
Cornwall,6,forest cat,1,27346,42398,0,15,no CapnBry sighting at this spot
Cornwall,6,forest cat,1,26094,46182,0,15,no CapnBry sighting at this spot
Cornwall,6,forest cat,2,24109,44150,0,15,no CapnBry sighting at this spot
Cornwall,6,forest cat,1,29227,31429,1,15,matches CapnBry (1-2 seen here)
Cornwall,6,forest cat,1,38061,24240,0,15,no CapnBry sighting at this spot
Cornwall,6,forest cat,1,30893,32226,1,15,matches CapnBry (1-2 seen here)
Cornwall,6,forest cat,1,43871,22987,0,15,no CapnBry sighting at this spot
Cornwall,6,forest cat,1,40908,48088,0,15,no CapnBry sighting at this spot
Cornwall,6,forest cat,1,27644,44560,0,15,no CapnBry sighting at this spot
Cornwall,6,forest cat,1,40281,25063,0,15,no CapnBry sighting at this spot
Cornwall,6,kalnraw,1,40669,23120,0,1,rare/named species (1-2 in whole zone)
Cornwall,6,muryan trickster,1,53205,36980,0,1,rare/named species (1-2 in whole zone)
Cornwall,6,skeletal centurion,1,52868,49312,0,1,rare/named species (1-2 in whole zone)
Cornwall,6,cliff spiderling,1,34294,21731,0,10,no CapnBry sighting at this spot
Cornwall,6,cliff spiderling,1,49002,10401,0,10,no CapnBry sighting at this spot
Cornwall,6,cornish hen,1,42482,29192,0,6,no CapnBry sighting at this spot
Cornwall,6,cornish hen,1,51171,42844,0,6,no CapnBry sighting at this spot
Cornwall,6,cornish hen,1,49915,44382,0,6,no CapnBry sighting at this spot
Cornwall,6,cornish hen,2,39188,32469,0,6,no CapnBry sighting at this spot
Cornwall,6,cornish hen,1,44317,31269,0,6,no CapnBry sighting at this spot
Cornwall,6,moor den mother,1,42062,49095,0,10,no CapnBry sighting at this spot
Cornwall,6,moor den mother,1,27759,42732,0,10,no CapnBry sighting at this spot
Cornwall,6,moor den mother,1,40079,48279,0,10,no CapnBry sighting at this spot
Cornwall,6,moor den mother,1,33061,28611,1,10,matches CapnBry (1-2 seen here)
Cornwall,6,moor den mother,1,35426,25417,1,10,matches CapnBry (1-2 seen here)
Cornwall,6,moor den mother,1,30708,40532,0,10,no CapnBry sighting at this spot
Cornwall,6,moor den mother,1,39989,24175,0,10,no CapnBry sighting at this spot
Cornwall,6,moor den mother,1,43074,22473,0,10,no CapnBry sighting at this spot
Cornwall,6,moor den mother,1,28424,29950,1,10,matches CapnBry (1-2 seen here)
Cornwall,6,moor den mother,1,43299,47349,0,10,no CapnBry sighting at this spot
Cornwall,6,cornish giant,1,3144,32758,0,2,rare/named species (1-2 in whole zone)
Cornwall,6,cornish giant,1,5179,45736,0,2,rare/named species (1-2 in whole zone)
Cornwall,6,tusker,1,18922,51223,0,1,rare/named species (1-2 in whole zone)
Cornwall,6,cirfans,1,4465,50118,0,1,rare/named species (1-2 in whole zone)
Cornwall,6,brother jarrel,1,47635,15060,0,1,rare/named species (1-2 in whole zone)
Campacorentin Forest,8,river spriteling,1,5393,30492,0,6,no CapnBry sighting at this spot
Campacorentin Forest,8,swamp slime,2,5576,41094,0,15,no CapnBry sighting at this spot
Campacorentin Forest,8,bloated spider,1,50628,49959,0,28,no CapnBry sighting at this spot
Campacorentin Forest,8,bloated spider,1,51135,29800,10,28,likely short: CapnBry saw 10 here
Campacorentin Forest,8,bloated spider,1,51688,32349,6,28,likely short: CapnBry saw 6 here
Campacorentin Forest,8,bloated spider,2,37999,45567,1,28,matches CapnBry (1-2 seen here)
Campacorentin Forest,8,bloated spider,1,40650,47322,1,28,matches CapnBry (1-2 seen here)
Campacorentin Forest,8,bloated spider,1,56717,30650,3,28,likely short: CapnBry saw 3 here
Campacorentin Forest,8,bloated spider,1,49814,28462,10,28,likely short: CapnBry saw 10 here
Campacorentin Forest,8,bloated spider,1,57234,26641,3,28,likely short: CapnBry saw 3 here
Campacorentin Forest,8,forest cat,1,36183,62605,0,18,no CapnBry sighting at this spot
Campacorentin Forest,8,forest cat,1,38271,62252,0,18,no CapnBry sighting at this spot
Campacorentin Forest,8,forest cat,2,34071,56750,0,18,no CapnBry sighting at this spot
Campacorentin Forest,8,forest cat,1,30871,59612,0,18,no CapnBry sighting at this spot
Campacorentin Forest,8,forest cat,1,32370,59929,0,18,no CapnBry sighting at this spot
Campacorentin Forest,8,forest cat,1,30953,58104,0,18,no CapnBry sighting at this spot
Campacorentin Forest,8,gray wolf pup,2,30442,14195,0,25,no CapnBry sighting at this spot
Campacorentin Forest,8,tree spider,1,2846,51894,3,17,likely short: CapnBry saw 3 here
Campacorentin Forest,8,tree spider,1,18670,5388,0,17,no CapnBry sighting at this spot
Campacorentin Forest,8,gray wolf,1,8239,17170,0,27,no CapnBry sighting at this spot
Campacorentin Forest,8,large bloated spider,1,55709,45071,0,14,no CapnBry sighting at this spot
Campacorentin Forest,8,dappled lynx,2,13369,21575,0,30,no CapnBry sighting at this spot
Campacorentin Forest,8,dappled lynx,1,23124,11479,0,30,no CapnBry sighting at this spot
Campacorentin Forest,8,dappled lynx,2,19586,5352,0,30,no CapnBry sighting at this spot
Campacorentin Forest,8,dappled lynx,1,31510,24362,0,30,no CapnBry sighting at this spot
Campacorentin Forest,8,dappled lynx,1,30556,5085,0,30,no CapnBry sighting at this spot
Campacorentin Forest,8,dappled lynx,2,828,52499,1,30,matches CapnBry (1-2 seen here)
Campacorentin Forest,8,dappled lynx,1,2445,50254,1,30,matches CapnBry (1-2 seen here)
Campacorentin Forest,8,dappled lynx,1,20786,13229,0,30,no CapnBry sighting at this spot
Campacorentin Forest,8,dappled lynx,2,30279,26745,2,30,matches CapnBry (1-2 seen here)
Campacorentin Forest,8,dappled lynx,1,28976,5928,0,30,no CapnBry sighting at this spot
Campacorentin Forest,8,dappled lynx,1,17257,13395,0,30,no CapnBry sighting at this spot
Campacorentin Forest,8,dappled lynx,1,30040,23952,0,30,no CapnBry sighting at this spot
Campacorentin Forest,8,dappled lynx,1,19075,12519,0,30,no CapnBry sighting at this spot
Campacorentin Forest,8,creeping crud,2,3409,56837,0,19,no CapnBry sighting at this spot
Campacorentin Forest,8,filidh,1,56528,40648,0,10,no CapnBry sighting at this spot
Campacorentin Forest,8,filidh,2,54084,36872,0,10,no CapnBry sighting at this spot
Campacorentin Forest,8,filidh,2,55444,38332,0,10,no CapnBry sighting at this spot
Campacorentin Forest,8,filidh,1,54838,40136,0,10,no CapnBry sighting at this spot
Campacorentin Forest,8,mindless minion,2,57405,37563,2,20,matches CapnBry (1-2 seen here)
Campacorentin Forest,8,undead goblin warrior,1,23374,35426,0,12,no CapnBry sighting at this spot
Campacorentin Forest,8,poacher,1,27457,23594,0,22,no CapnBry sighting at this spot
Campacorentin Forest,8,poacher,2,32397,28344,0,22,no CapnBry sighting at this spot
Campacorentin Forest,8,poacher,1,33241,9640,0,22,no CapnBry sighting at this spot
Campacorentin Forest,8,poacher,2,32416,26463,0,22,no CapnBry sighting at this spot
Campacorentin Forest,8,poacher,1,26990,8886,0,22,no CapnBry sighting at this spot
Campacorentin Forest,8,poacher,1,38320,9953,1,22,matches CapnBry (1-2 seen here)
Campacorentin Forest,8,poacher,2,29646,6073,0,22,no CapnBry sighting at this spot
Campacorentin Forest,8,poacher,1,28993,8499,0,22,no CapnBry sighting at this spot
Campacorentin Forest,8,poacher,1,33138,13647,0,22,no CapnBry sighting at this spot
Campacorentin Forest,8,giant spider,1,31574,3407,0,16,no CapnBry sighting at this spot
Campacorentin Forest,8,giant spider,1,17770,13045,0,16,no CapnBry sighting at this spot
Campacorentin Forest,8,giant spider,1,13819,9662,0,16,no CapnBry sighting at this spot
Campacorentin Forest,8,giant spider,1,29535,3115,0,16,no CapnBry sighting at this spot
Campacorentin Forest,8,giant spider,1,20720,5299,0,16,no CapnBry sighting at this spot
Campacorentin Forest,8,giant spider,1,31713,5225,0,16,no CapnBry sighting at this spot
Campacorentin Forest,8,filidh sacrificer,1,62000,37974,0,22,no CapnBry sighting at this spot
Campacorentin Forest,8,filidh sacrificer,1,61322,33883,0,22,no CapnBry sighting at this spot
Campacorentin Forest,8,filidh sacrificer,1,61709,35951,0,22,no CapnBry sighting at this spot
Campacorentin Forest,8,sylvan goblin,2,27239,10274,0,39,no CapnBry sighting at this spot
Campacorentin Forest,8,sylvan goblin,2,28996,6001,0,39,no CapnBry sighting at this spot
Campacorentin Forest,8,sylvan goblin,2,33951,20741,0,39,no CapnBry sighting at this spot
Campacorentin Forest,8,sylvan goblin,1,39475,6372,0,39,no CapnBry sighting at this spot
Campacorentin Forest,8,sylvan goblin,2,31654,23838,4,39,likely short: CapnBry saw 4 here
Campacorentin Forest,8,sylvan goblin,2,29748,22447,4,39,likely short: CapnBry saw 4 here
Campacorentin Forest,8,sylvan goblin,2,29596,3482,0,39,no CapnBry sighting at this spot
Campacorentin Forest,8,sylvan goblin,1,24623,9802,0,39,no CapnBry sighting at this spot
Campacorentin Forest,8,sylvan goblin,1,37925,9157,0,39,no CapnBry sighting at this spot
Campacorentin Forest,8,sylvan goblin,2,24626,11873,0,39,no CapnBry sighting at this spot
Campacorentin Forest,8,sylvan goblin,1,8808,60313,0,39,no CapnBry sighting at this spot
Campacorentin Forest,8,sylvan goblin,1,7445,59264,0,39,no CapnBry sighting at this spot
Campacorentin Forest,8,sylvan goblin,1,30545,28229,0,39,no CapnBry sighting at this spot
Campacorentin Forest,8,undead filidh,2,31550,28321,0,34,no CapnBry sighting at this spot
Campacorentin Forest,8,oak man,2,57359,4147,14,38,likely short: CapnBry saw 14 here
Campacorentin Forest,8,oak man,2,57941,9195,14,38,likely short: CapnBry saw 14 here
Campacorentin Forest,8,oak man,1,50650,20698,2,38,matches CapnBry (1-2 seen here)
Campacorentin Forest,8,oak man,1,60153,11864,8,38,likely short: CapnBry saw 8 here
Campacorentin Forest,8,oak man,1,53758,11988,3,38,likely short: CapnBry saw 3 here
Campacorentin Forest,8,oak man,1,59562,13470,8,38,likely short: CapnBry saw 8 here
Campacorentin Forest,8,oak man,1,47043,16825,0,38,no CapnBry sighting at this spot
Campacorentin Forest,8,oak man,1,61065,13892,8,38,likely short: CapnBry saw 8 here
Campacorentin Forest,8,oak man,2,49351,22241,2,38,matches CapnBry (1-2 seen here)
Campacorentin Forest,8,brownie nomad,1,35777,23026,0,23,no CapnBry sighting at this spot
Campacorentin Forest,8,brownie nomad,2,25518,24867,0,23,no CapnBry sighting at this spot
Campacorentin Forest,8,brownie nomad,1,33417,20033,0,23,no CapnBry sighting at this spot
Campacorentin Forest,8,brownie nomad,1,34982,21137,0,23,no CapnBry sighting at this spot
Campacorentin Forest,8,brownie nomad,1,36242,24946,0,23,no CapnBry sighting at this spot
Campacorentin Forest,8,bandit,1,23226,35405,0,29,no CapnBry sighting at this spot
Campacorentin Forest,8,sylvan goblin warrior,1,37644,47791,0,48,no CapnBry sighting at this spot
Campacorentin Forest,8,sylvan goblin warrior,2,51529,20826,4,48,likely short: CapnBry saw 4 here
Campacorentin Forest,8,sylvan goblin warrior,1,34401,39868,2,48,matches CapnBry (1-2 seen here)
Campacorentin Forest,8,sylvan goblin warrior,1,41829,20241,0,48,no CapnBry sighting at this spot
Campacorentin Forest,8,sylvan goblin warrior,1,50292,22991,4,48,likely short: CapnBry saw 4 here
Campacorentin Forest,8,sylvan goblin warrior,1,53125,19027,4,48,likely short: CapnBry saw 4 here
Campacorentin Forest,8,sylvan goblin warrior,2,53788,20941,4,48,likely short: CapnBry saw 4 here
Campacorentin Forest,8,sylvan goblin warrior,1,37120,41076,7,48,likely short: CapnBry saw 7 here
Campacorentin Forest,8,sylvan goblin warrior,1,50243,48891,0,48,no CapnBry sighting at this spot
Campacorentin Forest,8,sylvan goblin whelp,1,17875,20264,0,22,no CapnBry sighting at this spot
Campacorentin Forest,8,sylvan goblin whelp,2,32688,24202,0,22,no CapnBry sighting at this spot
Campacorentin Forest,8,sylvan goblin whelp,2,7744,20005,0,22,no CapnBry sighting at this spot
Campacorentin Forest,8,sylvan goblin whelp,2,30702,22382,0,22,no CapnBry sighting at this spot
Campacorentin Forest,8,sylvan goblin whelp,1,20693,21814,0,22,no CapnBry sighting at this spot
Campacorentin Forest,8,sylvan goblin whelp,1,19430,23900,0,22,no CapnBry sighting at this spot
Campacorentin Forest,8,sylvan goblin whelp,2,25198,14511,0,22,no CapnBry sighting at this spot
Campacorentin Forest,8,sylvan goblin whelp,1,28100,19027,0,22,no CapnBry sighting at this spot
Campacorentin Forest,8,scrawny red lion,1,13510,17622,0,19,no CapnBry sighting at this spot
Campacorentin Forest,8,scrawny red lion,1,16988,19092,0,19,no CapnBry sighting at this spot
Campacorentin Forest,8,scrawny red lion,1,13592,19460,0,19,no CapnBry sighting at this spot
Campacorentin Forest,8,scrawny red lion,1,18248,20227,0,19,no CapnBry sighting at this spot
Campacorentin Forest,8,scrawny red lion,1,20326,3586,0,19,no CapnBry sighting at this spot
Campacorentin Forest,8,scrawny red lion,1,1304,51718,5,19,likely short: CapnBry saw 5 here
Campacorentin Forest,8,scrawny red lion,1,16233,15446,0,19,no CapnBry sighting at this spot
Campacorentin Forest,8,undead druid,1,46206,27708,0,32,no CapnBry sighting at this spot
Campacorentin Forest,8,devout filidh,2,53547,40947,0,42,no CapnBry sighting at this spot
Campacorentin Forest,8,devout filidh,1,36889,41483,1,42,matches CapnBry (1-2 seen here)
Campacorentin Forest,8,devout filidh,1,54026,37832,8,42,likely short: CapnBry saw 8 here
Campacorentin Forest,8,devout filidh,1,38374,39094,1,42,matches CapnBry (1-2 seen here)
Campacorentin Forest,8,wood ogre scourge,1,28905,48096,0,20,no CapnBry sighting at this spot
Campacorentin Forest,8,wood ogre scourge,1,28314,41398,0,20,no CapnBry sighting at this spot
Campacorentin Forest,8,wood ogre scourge,1,23520,40892,0,20,no CapnBry sighting at this spot
Campacorentin Forest,8,wild boar,2,25835,30767,0,5,no CapnBry sighting at this spot
Campacorentin Forest,8,tree spirit,1,40992,10957,0,27,no CapnBry sighting at this spot
Campacorentin Forest,8,tree spirit,1,43754,9575,0,27,no CapnBry sighting at this spot
Campacorentin Forest,8,tree spirit,1,42048,6725,0,27,no CapnBry sighting at this spot
Campacorentin Forest,8,tree spirit,2,44357,5378,0,27,no CapnBry sighting at this spot
Campacorentin Forest,8,tree spirit,2,42866,4145,0,27,no CapnBry sighting at this spot
Campacorentin Forest,8,dryad twig,2,19505,21210,0,17,no CapnBry sighting at this spot
Campacorentin Forest,8,dryad twig,1,29239,11532,0,17,no CapnBry sighting at this spot
Campacorentin Forest,8,dryad twig,1,20392,5416,0,17,no CapnBry sighting at this spot
Campacorentin Forest,8,dryad twig,1,20228,3698,0,17,no CapnBry sighting at this spot
Campacorentin Forest,8,dryad twig,1,27493,16175,0,17,no CapnBry sighting at this spot
Campacorentin Forest,8,wood ogre mystic,2,25277,43916,0,15,no CapnBry sighting at this spot
Campacorentin Forest,8,wood ogre mystic,1,28520,47724,1,15,matches CapnBry (1-2 seen here)
Campacorentin Forest,8,wood ogre mystic,1,22863,38884,0,15,no CapnBry sighting at this spot
Campacorentin Forest,8,putrid zombie,1,32465,33924,1,15,matches CapnBry (1-2 seen here)
Campacorentin Forest,8,faerie bell-wether,1,48381,50931,0,16,no CapnBry sighting at this spot
Campacorentin Forest,8,small gray wolf,1,21756,16832,0,20,no CapnBry sighting at this spot
Campacorentin Forest,8,small gray wolf,2,29611,14115,0,20,no CapnBry sighting at this spot
Campacorentin Forest,8,small gray wolf,1,19742,5418,0,20,no CapnBry sighting at this spot
Campacorentin Forest,8,small gray wolf,2,27082,12768,0,20,no CapnBry sighting at this spot
Campacorentin Forest,8,small gray wolf,2,19452,14826,0,20,no CapnBry sighting at this spot
Campacorentin Forest,8,small gray wolf,1,23860,19278,0,20,no CapnBry sighting at this spot
Campacorentin Forest,8,small gray wolf,1,21151,6343,0,20,no CapnBry sighting at this spot
Campacorentin Forest,8,druid,1,54511,52391,0,18,no CapnBry sighting at this spot
Campacorentin Forest,8,druid,2,58443,51175,0,18,no CapnBry sighting at this spot
Campacorentin Forest,8,druid,1,61801,52433,0,18,no CapnBry sighting at this spot
Campacorentin Forest,8,druid,2,60934,50361,0,18,no CapnBry sighting at this spot
Campacorentin Forest,8,aonghas prirerd,1,47055,55358,0,1,rare/named species (1-2 in whole zone)
Campacorentin Forest,8,dappled lynx cub,1,17493,12467,0,36,no CapnBry sighting at this spot
Campacorentin Forest,8,dappled lynx cub,1,13327,12235,0,36,no CapnBry sighting at this spot
Campacorentin Forest,8,dappled lynx cub,1,19436,12042,0,36,no CapnBry sighting at this spot
Campacorentin Forest,8,dappled lynx cub,1,21319,3634,0,36,no CapnBry sighting at this spot
Campacorentin Forest,8,dappled lynx cub,1,9907,8125,0,36,no CapnBry sighting at this spot
Campacorentin Forest,8,dappled lynx cub,1,17370,5447,0,36,no CapnBry sighting at this spot
Campacorentin Forest,8,wood ogre berserker,2,25216,44109,0,9,no CapnBry sighting at this spot
Campacorentin Forest,8,wood ogre seer,1,23214,40690,0,21,no CapnBry sighting at this spot
Campacorentin Forest,8,forest bear,1,40611,24063,1,47,matches CapnBry (1-2 seen here)
Campacorentin Forest,8,forest bear,1,56109,22269,1,47,matches CapnBry (1-2 seen here)
Campacorentin Forest,8,forest bear,2,47808,3760,0,47,no CapnBry sighting at this spot
Campacorentin Forest,8,forest bear,1,50325,18888,3,47,likely short: CapnBry saw 3 here
Campacorentin Forest,8,forest bear,2,52761,22759,2,47,matches CapnBry (1-2 seen here)
Campacorentin Forest,8,forest bear,1,44178,6595,0,47,no CapnBry sighting at this spot
Campacorentin Forest,8,forest bear,2,55545,24460,0,47,no CapnBry sighting at this spot
Campacorentin Forest,8,forest bear,2,55513,20453,1,47,matches CapnBry (1-2 seen here)
Campacorentin Forest,8,forest bear,2,50369,20418,3,47,likely short: CapnBry saw 3 here
Campacorentin Forest,8,forest bear,1,46554,9417,0,47,no CapnBry sighting at this spot
Campacorentin Forest,8,forest bear,1,47562,20102,3,47,likely short: CapnBry saw 3 here
Campacorentin Forest,8,druid sacrificer,1,52784,36757,1,24,matches CapnBry (1-2 seen here)
Campacorentin Forest,8,druid sacrificer,1,59917,48742,0,24,no CapnBry sighting at this spot
Campacorentin Forest,8,druid sacrificer,1,58956,46718,0,24,no CapnBry sighting at this spot
Campacorentin Forest,8,druid sacrificer,1,47296,55275,1,24,matches CapnBry (1-2 seen here)
Campacorentin Forest,8,druid sacrificer,1,58949,50061,0,24,no CapnBry sighting at this spot
Campacorentin Forest,8,druid sacrificer,2,60575,51525,0,24,no CapnBry sighting at this spot
Campacorentin Forest,8,wandering spirit,2,50018,17552,0,23,no CapnBry sighting at this spot
Campacorentin Forest,8,wandering spirit,1,48998,15006,0,23,no CapnBry sighting at this spot
Campacorentin Forest,8,wandering spirit,2,46156,12713,0,23,no CapnBry sighting at this spot
Campacorentin Forest,8,wandering spirit,2,45294,14930,0,23,no CapnBry sighting at this spot
Campacorentin Forest,8,wandering spirit,2,47176,27133,0,23,no CapnBry sighting at this spot
Campacorentin Forest,8,ghostly knight,2,48139,25518,0,14,no CapnBry sighting at this spot
Campacorentin Forest,8,sylvan goblin hunter,1,51708,60516,0,17,no CapnBry sighting at this spot
Campacorentin Forest,8,sylvan goblin hunter,1,36853,41492,0,17,no CapnBry sighting at this spot
Campacorentin Forest,8,sylvan goblin hunter,1,45389,2536,3,17,likely short: CapnBry saw 3 here
Campacorentin Forest,8,sylvan goblin hunter,1,30630,56774,0,17,no CapnBry sighting at this spot
Campacorentin Forest,8,sylvan goblin hunter,1,43536,6785,3,17,likely short: CapnBry saw 3 here
Campacorentin Forest,8,sylvan goblin hunter,1,50077,21148,0,17,no CapnBry sighting at this spot
Campacorentin Forest,8,sylvan goblin hunter,1,29764,58044,0,17,no CapnBry sighting at this spot
Campacorentin Forest,8,sylvan goblin hunter,1,27606,10161,0,17,no CapnBry sighting at this spot
Campacorentin Forest,8,sylvan goblin hunter,1,42224,20962,1,17,matches CapnBry (1-2 seen here)
Campacorentin Forest,8,sylvan goblin hunter,1,31017,55254,0,17,no CapnBry sighting at this spot
Campacorentin Forest,8,ashen fellwood,2,57314,5910,0,14,no CapnBry sighting at this spot
Campacorentin Forest,8,ashen fellwood,1,65132,7137,0,14,no CapnBry sighting at this spot
Campacorentin Forest,8,ashen fellwood,1,56762,2435,0,14,no CapnBry sighting at this spot
Campacorentin Forest,8,ashen fellwood,2,61720,7294,0,14,no CapnBry sighting at this spot
Campacorentin Forest,8,ashen fellwood,2,61938,9902,0,14,no CapnBry sighting at this spot
Campacorentin Forest,8,ashen fellwood,1,62572,5232,0,14,no CapnBry sighting at this spot
Campacorentin Forest,8,ashen fellwood,1,59247,6490,0,14,no CapnBry sighting at this spot
Campacorentin Forest,8,decayed zombie,2,21287,2327,0,15,no CapnBry sighting at this spot
Campacorentin Forest,8,elithralia nodith,1,58352,53326,0,1,rare/named species (1-2 in whole zone)
Campacorentin Forest,8,outcast rogue,2,3357,48106,0,10,no CapnBry sighting at this spot
Campacorentin Forest,8,oaken knight,1,59916,9815,0,1,rare/named species (1-2 in whole zone)
Campacorentin Forest,8,druid seer,1,47633,55320,0,1,rare/named species (1-2 in whole zone)
Campacorentin Forest,8,phantom page,1,49631,27430,0,11,no CapnBry sighting at this spot
Campacorentin Forest,8,phantom page,1,45238,30591,0,11,no CapnBry sighting at this spot
Campacorentin Forest,8,sylvan goblin magician,1,34365,39786,0,12,no CapnBry sighting at this spot
Campacorentin Forest,8,sylvan goblin magician,1,50243,22949,4,12,likely short: CapnBry saw 4 here
Campacorentin Forest,8,sylvan goblin magician,1,50612,49392,0,12,no CapnBry sighting at this spot
Campacorentin Forest,8,elder fellwood,1,46145,18476,0,1,rare/named species (1-2 in whole zone)
Campacorentin Forest,8,emerald snake,2,7202,13589,0,9,no CapnBry sighting at this spot
Campacorentin Forest,8,ancient brownie,1,22711,7146,0,1,rare/named species (1-2 in whole zone)
Campacorentin Forest,8,wood ogre lord,1,23674,42542,0,1,rare/named species (1-2 in whole zone)
Campacorentin Forest,8,sylvan goblin chief,1,32870,45138,0,1,rare/named species (1-2 in whole zone)
Campacorentin Forest,8,grizzletooth,1,14534,47118,0,1,rare/named species (1-2 in whole zone)
Campacorentin Forest,8,heretical hermit,1,13916,46399,0,1,rare/named species (1-2 in whole zone)
Campacorentin Forest,8,thornpaw,1,13190,48131,0,1,rare/named species (1-2 in whole zone)
Campacorentin Forest,8,pixie queen,1,33363,58642,0,1,rare/named species (1-2 in whole zone)
Campacorentin Forest,8,green witch,1,55757,39739,0,1,rare/named species (1-2 in whole zone)
Avalon Marsh,9,dooben,1,15675,46316,0,1,rare/named species (1-2 in whole zone)
Avalon Marsh,9,will o' wisp,1,35099,58034,0,24,no CapnBry sighting at this spot
Avalon Marsh,9,will o' wisp,2,18962,58069,0,24,no CapnBry sighting at this spot
Avalon Marsh,9,will o' wisp,1,20239,61319,0,24,no CapnBry sighting at this spot
Avalon Marsh,9,will o' wisp,1,25231,59595,0,24,no CapnBry sighting at this spot
Avalon Marsh,9,will o' wisp,1,34384,59399,0,24,no CapnBry sighting at this spot
Avalon Marsh,9,will o' wisp,2,39953,60945,0,24,no CapnBry sighting at this spot
Avalon Marsh,9,will o' wisp,1,26831,56636,0,24,no CapnBry sighting at this spot
Avalon Marsh,9,will o' wisp,1,21461,60234,0,24,no CapnBry sighting at this spot
Avalon Marsh,9,phantom page,2,58463,33222,0,10,no CapnBry sighting at this spot
Avalon Marsh,9,phantom page,1,36956,35465,0,10,no CapnBry sighting at this spot
Avalon Marsh,9,phantom page,1,58949,37138,0,10,no CapnBry sighting at this spot
Avalon Marsh,9,slough serpent,1,31709,5292,0,28,no CapnBry sighting at this spot
Avalon Marsh,9,slough serpent,1,41958,15120,0,28,no CapnBry sighting at this spot
Avalon Marsh,9,marsh scrag,1,13695,54726,0,10,no CapnBry sighting at this spot
Avalon Marsh,9,marsh scrag,1,14526,29818,1,10,matches CapnBry (1-2 seen here)
Avalon Marsh,9,marsh scrag,1,11637,51776,0,10,no CapnBry sighting at this spot
Avalon Marsh,9,marsh scrag,2,45289,41093,0,10,no CapnBry sighting at this spot
Avalon Marsh,9,marsh scrag,1,11247,53353,0,10,no CapnBry sighting at this spot
Avalon Marsh,9,marsh scrag,1,11950,30857,1,10,matches CapnBry (1-2 seen here)
Avalon Marsh,9,ghoul knight,2,9208,8218,0,33,no CapnBry sighting at this spot
Avalon Marsh,9,ghoul knight,1,17045,7247,0,33,no CapnBry sighting at this spot
Avalon Marsh,9,ghoul knight,1,14208,7017,0,33,no CapnBry sighting at this spot
Avalon Marsh,9,ghoul knight,1,22113,10206,0,33,no CapnBry sighting at this spot
Avalon Marsh,9,ghoul knight,2,16042,3045,0,33,no CapnBry sighting at this spot
Avalon Marsh,9,ghoul knight,2,19356,6813,0,33,no CapnBry sighting at this spot
Avalon Marsh,9,ghoul knight,2,11226,4810,0,33,no CapnBry sighting at this spot
Avalon Marsh,9,ghoul knight,1,12214,9552,0,33,no CapnBry sighting at this spot
Avalon Marsh,9,ghoul knight,2,16615,11210,0,33,no CapnBry sighting at this spot
Avalon Marsh,9,ghoul knight,1,14208,17506,0,33,no CapnBry sighting at this spot
Avalon Marsh,9,ghoul knight,1,20611,12418,0,33,no CapnBry sighting at this spot
Avalon Marsh,9,water leaper,1,52362,51850,0,15,no CapnBry sighting at this spot
Avalon Marsh,9,water leaper,2,33772,47824,0,15,no CapnBry sighting at this spot
Avalon Marsh,9,water leaper,1,49122,50683,0,15,no CapnBry sighting at this spot
Avalon Marsh,9,water leaper,1,42460,46068,0,15,no CapnBry sighting at this spot
Avalon Marsh,9,water leaper,1,49581,53158,0,15,no CapnBry sighting at this spot
Avalon Marsh,9,creeping crud,1,42624,21842,3,44,likely short: CapnBry saw 3 here
Avalon Marsh,9,creeping crud,1,59161,6731,0,44,no CapnBry sighting at this spot
Avalon Marsh,9,creeping crud,2,47583,18249,2,44,matches CapnBry (1-2 seen here)
Avalon Marsh,9,creeping crud,1,40187,23713,1,44,matches CapnBry (1-2 seen here)
Avalon Marsh,9,creeping crud,2,59924,15989,2,44,matches CapnBry (1-2 seen here)
Avalon Marsh,9,creeping crud,2,39748,13239,0,44,no CapnBry sighting at this spot
Avalon Marsh,9,creeping crud,2,45117,22181,3,44,likely short: CapnBry saw 3 here
Avalon Marsh,9,creeping crud,1,35161,11261,0,44,no CapnBry sighting at this spot
Avalon Marsh,9,creeping crud,1,36778,10038,0,44,no CapnBry sighting at this spot
Avalon Marsh,9,creeping crud,1,36855,13041,0,44,no CapnBry sighting at this spot
Avalon Marsh,9,creeping crud,1,44174,20327,3,44,likely short: CapnBry saw 3 here
Avalon Marsh,9,creeping crud,1,42426,14082,5,44,likely short: CapnBry saw 5 here
Avalon Marsh,9,creeping crud,2,61472,22797,3,44,likely short: CapnBry saw 3 here
Avalon Marsh,9,quicksand,2,22680,19089,0,8,no CapnBry sighting at this spot
Avalon Marsh,9,giant frog,2,33061,6084,0,16,no CapnBry sighting at this spot
Avalon Marsh,9,ghoul footman,1,15057,13143,0,8,no CapnBry sighting at this spot
Avalon Marsh,9,ghoul footman,1,12290,14088,0,8,no CapnBry sighting at this spot
Avalon Marsh,9,ghoul footman,1,13772,17652,0,8,no CapnBry sighting at this spot
Avalon Marsh,9,ghoul footman,1,16510,17676,0,8,no CapnBry sighting at this spot
Avalon Marsh,9,bogman,2,60001,29373,4,30,likely short: CapnBry saw 4 here
Avalon Marsh,9,bogman,1,33642,6237,0,30,no CapnBry sighting at this spot
Avalon Marsh,9,bogman,1,61301,7422,1,30,matches CapnBry (1-2 seen here)
Avalon Marsh,9,bogman,1,56659,6744,0,30,no CapnBry sighting at this spot
Avalon Marsh,9,bogman,2,57070,24859,4,30,likely short: CapnBry saw 4 here
Avalon Marsh,9,bogman,1,58184,23518,2,30,matches CapnBry (1-2 seen here)
Avalon Marsh,9,bogman,1,64343,9730,1,30,matches CapnBry (1-2 seen here)
Avalon Marsh,9,bogman,1,45166,32435,0,30,no CapnBry sighting at this spot
Avalon Marsh,9,bogman,1,46890,6207,0,30,no CapnBry sighting at this spot
Avalon Marsh,9,bogman,1,44226,8519,0,30,no CapnBry sighting at this spot
Avalon Marsh,9,bogman,2,63363,5790,1,30,matches CapnBry (1-2 seen here)
Avalon Marsh,9,slime lizard,1,57470,21439,0,23,no CapnBry sighting at this spot
Avalon Marsh,9,slime lizard,1,50476,19226,2,23,matches CapnBry (1-2 seen here)
Avalon Marsh,9,slime lizard,1,54350,17879,0,23,no CapnBry sighting at this spot
Avalon Marsh,9,slime lizard,1,52956,19047,2,23,matches CapnBry (1-2 seen here)
Avalon Marsh,9,slime lizard,1,48111,10445,0,23,no CapnBry sighting at this spot
Avalon Marsh,9,slime lizard,1,58065,7013,0,23,no CapnBry sighting at this spot
Avalon Marsh,9,slime lizard,1,44226,20867,1,23,matches CapnBry (1-2 seen here)
Avalon Marsh,9,slime lizard,2,46184,14567,3,23,likely short: CapnBry saw 3 here
Avalon Marsh,9,slime lizard,1,58913,17308,1,23,matches CapnBry (1-2 seen here)
Avalon Marsh,9,muck snake,1,44657,13750,1,7,matches CapnBry (1-2 seen here)
Avalon Marsh,9,muck snake,1,50158,18481,1,7,matches CapnBry (1-2 seen here)
Avalon Marsh,9,muck snake,1,49873,9324,0,7,no CapnBry sighting at this spot
Avalon Marsh,9,muck snake,1,36708,11343,0,7,no CapnBry sighting at this spot
Avalon Marsh,9,muck snake,1,47041,13888,1,7,matches CapnBry (1-2 seen here)
Avalon Marsh,9,muck snake,1,58947,16756,1,7,matches CapnBry (1-2 seen here)
Avalon Marsh,9,muck snake,1,47539,8149,0,7,no CapnBry sighting at this spot
Avalon Marsh,9,carrion crab,1,43285,21707,2,18,matches CapnBry (1-2 seen here)
Avalon Marsh,9,carrion crab,1,55399,17940,2,18,matches CapnBry (1-2 seen here)
Avalon Marsh,9,carrion crab,1,44604,7749,0,18,no CapnBry sighting at this spot
Avalon Marsh,9,carrion crab,2,45428,20893,2,18,matches CapnBry (1-2 seen here)
Avalon Marsh,9,carrion crab,1,59830,18021,1,18,matches CapnBry (1-2 seen here)
Avalon Marsh,9,carrion crab,1,45872,5956,0,18,no CapnBry sighting at this spot
Avalon Marsh,9,carrion crab,1,35532,12663,0,18,no CapnBry sighting at this spot
Avalon Marsh,9,carrion crab,1,48981,10154,0,18,no CapnBry sighting at this spot
Avalon Marsh,9,carrion crab,2,36301,9333,0,18,no CapnBry sighting at this spot
Avalon Marsh,9,carrion crab,1,50918,14502,0,18,no CapnBry sighting at this spot
Avalon Marsh,9,black bear,1,7548,25897,0,7,no CapnBry sighting at this spot
Avalon Marsh,9,black bear,1,5649,24026,0,7,no CapnBry sighting at this spot
Avalon Marsh,9,black bear,1,8144,22385,0,7,no CapnBry sighting at this spot
Avalon Marsh,9,black bear,1,7131,16759,0,7,no CapnBry sighting at this spot
Avalon Marsh,9,black bear,1,9310,20618,0,7,no CapnBry sighting at this spot
Avalon Marsh,9,black bear,1,7928,29253,0,7,no CapnBry sighting at this spot
Avalon Marsh,9,black bear,1,10114,26273,0,7,no CapnBry sighting at this spot
Avalon Marsh,9,bogman hunter,2,32662,43156,0,5,no CapnBry sighting at this spot
Avalon Marsh,9,bogman hunter,2,29393,50992,0,5,no CapnBry sighting at this spot
Avalon Marsh,9,bogman hunter,1,32542,37580,0,5,no CapnBry sighting at this spot
Avalon Marsh,9,death grip vines,1,34867,58350,0,25,no CapnBry sighting at this spot
Avalon Marsh,9,death grip vines,1,45457,61036,0,25,no CapnBry sighting at this spot
Avalon Marsh,9,death grip vines,1,22697,14051,0,25,no CapnBry sighting at this spot
Avalon Marsh,9,death grip vines,1,25462,16463,0,25,no CapnBry sighting at this spot
Avalon Marsh,9,death grip vines,1,9993,54035,0,25,no CapnBry sighting at this spot
Avalon Marsh,9,river racer,2,48218,46028,0,28,no CapnBry sighting at this spot
Avalon Marsh,9,river racer,1,47948,47726,0,28,no CapnBry sighting at this spot
Avalon Marsh,9,river racer,2,22875,13488,0,28,no CapnBry sighting at this spot
Avalon Marsh,9,river racer,1,22762,10395,0,28,no CapnBry sighting at this spot
Avalon Marsh,9,river racer,1,22428,5103,0,28,no CapnBry sighting at this spot
Avalon Marsh,9,river racer,1,49534,47449,0,28,no CapnBry sighting at this spot
Avalon Marsh,9,giant wolf,1,12592,23091,0,26,no CapnBry sighting at this spot
Avalon Marsh,9,giant wolf,2,18825,33468,2,26,matches CapnBry (1-2 seen here)
Avalon Marsh,9,giant wolf,1,11636,27508,1,26,matches CapnBry (1-2 seen here)
Avalon Marsh,9,giant wolf,1,23491,27614,1,26,matches CapnBry (1-2 seen here)
Avalon Marsh,9,giant wolf,1,8007,23749,0,26,no CapnBry sighting at this spot
Avalon Marsh,9,giant wolf,1,9421,27533,0,26,no CapnBry sighting at this spot
Avalon Marsh,9,giant wolf,1,10904,25626,0,26,no CapnBry sighting at this spot
Avalon Marsh,9,giant wolf,1,7289,27504,0,26,no CapnBry sighting at this spot
Avalon Marsh,9,giant wolf,1,14173,24798,0,26,no CapnBry sighting at this spot
Avalon Marsh,9,giant wolf,1,17149,30253,4,26,likely short: CapnBry saw 4 here
Avalon Marsh,9,giant wolf,1,18533,28997,4,26,likely short: CapnBry saw 4 here
Avalon Marsh,9,rot worm,1,47035,33946,0,28,no CapnBry sighting at this spot
Avalon Marsh,9,rot worm,1,35671,7995,0,28,no CapnBry sighting at this spot
Avalon Marsh,9,rot worm,1,40419,35301,0,28,no CapnBry sighting at this spot
Avalon Marsh,9,rot worm,1,51560,35825,0,28,no CapnBry sighting at this spot
Avalon Marsh,9,bloody-bones,1,49571,46265,0,13,no CapnBry sighting at this spot
Avalon Marsh,9,bloody-bones,1,50735,47352,0,13,no CapnBry sighting at this spot
Avalon Marsh,9,shambler,1,8782,44817,0,45,no CapnBry sighting at this spot
Avalon Marsh,9,shambler,1,13374,32961,8,45,likely short: CapnBry saw 8 here
Avalon Marsh,9,shambler,1,12516,49500,0,45,no CapnBry sighting at this spot
Avalon Marsh,9,bogman trapper,1,29435,50953,0,14,no CapnBry sighting at this spot
Avalon Marsh,9,bogman trapper,1,29896,47402,0,14,no CapnBry sighting at this spot
Avalon Marsh,9,bogman trapper,1,29796,37918,0,14,no CapnBry sighting at this spot
Avalon Marsh,9,spiny eel,2,39973,9922,0,30,no CapnBry sighting at this spot
Avalon Marsh,9,spiny eel,1,32534,9439,0,30,no CapnBry sighting at this spot
Avalon Marsh,9,spiny eel,1,30807,8149,0,30,no CapnBry sighting at this spot
Avalon Marsh,9,river spriteling,1,62494,7658,0,16,no CapnBry sighting at this spot
Avalon Marsh,9,outcast rogue,2,62119,7280,1,13,matches CapnBry (1-2 seen here)
Avalon Marsh,9,outcast rogue,2,60834,9226,1,13,matches CapnBry (1-2 seen here)
Avalon Marsh,9,outcast rogue,1,58787,8984,0,13,no CapnBry sighting at this spot
Avalon Marsh,9,outcast rogue,2,63925,11771,1,13,matches CapnBry (1-2 seen here)
Avalon Marsh,9,outcast rogue,1,62623,10490,1,13,matches CapnBry (1-2 seen here)
Avalon Marsh,9,outcast rogue,1,60943,5909,0,13,no CapnBry sighting at this spot
Avalon Marsh,9,outcast rogue,1,22562,32556,0,13,no CapnBry sighting at this spot
Avalon Marsh,9,mist monster,1,9462,27164,0,8,no CapnBry sighting at this spot
Avalon Marsh,9,mist monster,1,7215,26420,0,8,no CapnBry sighting at this spot
Avalon Marsh,9,mist monster,1,5893,19134,0,8,no CapnBry sighting at this spot
Avalon Marsh,9,mist monster,1,4503,27835,0,8,no CapnBry sighting at this spot
Avalon Marsh,9,mist monster,1,7729,24696,0,8,no CapnBry sighting at this spot
Avalon Marsh,9,mist monster,1,7210,16719,0,8,no CapnBry sighting at this spot
Avalon Marsh,9,mist monster,1,9226,18682,0,8,no CapnBry sighting at this spot
Avalon Marsh,9,mist monster,1,9989,21405,0,8,no CapnBry sighting at this spot
Avalon Marsh,9,swamp rat,1,41941,23918,1,44,matches CapnBry (1-2 seen here)
Avalon Marsh,9,swamp rat,1,38623,26888,1,44,matches CapnBry (1-2 seen here)
Avalon Marsh,9,swamp rat,2,54842,46455,0,44,no CapnBry sighting at this spot
Avalon Marsh,9,swamp rat,1,38394,59179,0,44,no CapnBry sighting at this spot
Avalon Marsh,9,swamp rat,1,43719,24027,0,44,no CapnBry sighting at this spot
Avalon Marsh,9,swamp rat,1,40357,61246,0,44,no CapnBry sighting at this spot
Avalon Marsh,9,swamp rat,1,56230,44768,0,44,no CapnBry sighting at this spot
Avalon Marsh,9,scragling,2,45704,38492,0,3,no CapnBry sighting at this spot
Avalon Marsh,9,scragling,1,55739,51285,0,3,no CapnBry sighting at this spot
Avalon Marsh,9,scum toad,2,44655,10796,0,18,no CapnBry sighting at this spot
Avalon Marsh,9,scum toad,1,57236,19841,0,18,no CapnBry sighting at this spot
Avalon Marsh,9,scum toad,1,59023,17857,0,18,no CapnBry sighting at this spot
Avalon Marsh,9,scum toad,2,42577,12831,0,18,no CapnBry sighting at this spot
Avalon Marsh,9,scum toad,2,50231,17759,0,18,no CapnBry sighting at this spot
Avalon Marsh,9,river drake hatchling,2,58803,4103,0,17,no CapnBry sighting at this spot
Avalon Marsh,9,river drake hatchling,2,63546,6555,0,17,no CapnBry sighting at this spot
Avalon Marsh,9,river drake hatchling,2,56213,3073,0,17,no CapnBry sighting at this spot
Avalon Marsh,9,river drake hatchling,2,33736,18900,0,17,no CapnBry sighting at this spot
Avalon Marsh,9,scrawny bogman,1,39690,13230,0,30,no CapnBry sighting at this spot
Avalon Marsh,9,scrawny bogman,2,58636,9741,3,30,likely short: CapnBry saw 3 here
Avalon Marsh,9,scrawny bogman,2,45635,21370,3,30,likely short: CapnBry saw 3 here
Avalon Marsh,9,bogman gatherer,1,29346,59810,0,35,no CapnBry sighting at this spot
Avalon Marsh,9,bogman gatherer,2,32312,35642,0,35,no CapnBry sighting at this spot
Avalon Marsh,9,bogman gatherer,2,39448,60057,0,35,no CapnBry sighting at this spot
Avalon Marsh,9,bogman gatherer,1,36736,55537,0,35,no CapnBry sighting at this spot
Avalon Marsh,9,bogman gatherer,2,29524,38034,0,35,no CapnBry sighting at this spot
Avalon Marsh,9,bogman gatherer,1,29638,51526,0,35,no CapnBry sighting at this spot
Avalon Marsh,9,bogman gatherer,2,60153,16166,0,35,no CapnBry sighting at this spot
Avalon Marsh,9,bogman gatherer,1,43073,61049,0,35,no CapnBry sighting at this spot
Avalon Marsh,9,bogman gatherer,1,28696,47672,0,35,no CapnBry sighting at this spot
Avalon Marsh,9,bogman gatherer,1,31965,45025,0,35,no CapnBry sighting at this spot
Avalon Marsh,9,bogman gatherer,1,40225,56971,0,35,no CapnBry sighting at this spot
Avalon Marsh,9,putrid zombie,2,36517,35545,0,13,no CapnBry sighting at this spot
Avalon Marsh,9,bogman grappler,1,59377,27284,0,31,no CapnBry sighting at this spot
Avalon Marsh,9,bogman grappler,1,52286,30357,0,31,no CapnBry sighting at this spot
Avalon Marsh,9,bogman grappler,1,37692,32651,3,31,likely short: CapnBry saw 3 here
Avalon Marsh,9,mud worm,2,54482,17191,0,12,no CapnBry sighting at this spot
Avalon Marsh,9,mud worm,2,43590,13589,0,12,no CapnBry sighting at this spot
Avalon Marsh,9,mud worm,1,52512,19349,0,12,no CapnBry sighting at this spot
Avalon Marsh,9,mud worm,1,44604,11387,0,12,no CapnBry sighting at this spot
Avalon Marsh,9,mud worm,1,59858,17536,0,12,no CapnBry sighting at this spot
Avalon Marsh,9,mud worm,1,44779,9889,0,12,no CapnBry sighting at this spot
Avalon Marsh,9,mud worm,1,49536,15349,0,12,no CapnBry sighting at this spot
Avalon Marsh,9,wood ogre scourge,1,4325,44712,0,8,no CapnBry sighting at this spot
Avalon Marsh,9,mud golem,2,27192,34360,0,14,no CapnBry sighting at this spot
Avalon Marsh,9,scrag,1,41987,58435,0,13,no CapnBry sighting at this spot
Avalon Marsh,9,scrag,1,43571,59078,0,13,no CapnBry sighting at this spot
Avalon Marsh,9,ghoul lord,1,16750,7521,0,14,no CapnBry sighting at this spot
Avalon Marsh,9,ghoul lord,1,12038,9624,0,14,no CapnBry sighting at this spot
Avalon Marsh,9,ghoul lord,1,20714,12508,0,14,no CapnBry sighting at this spot
Avalon Marsh,9,ghoul lord,1,16657,11134,0,14,no CapnBry sighting at this spot
Avalon Marsh,9,ghoul lord,1,19576,6715,0,14,no CapnBry sighting at this spot
Avalon Marsh,9,ghoul lord,1,22134,10132,0,14,no CapnBry sighting at this spot
Avalon Marsh,9,ghoul lord,1,12063,12392,0,14,no CapnBry sighting at this spot
Avalon Marsh,9,ghoul lord,1,7456,9904,0,14,no CapnBry sighting at this spot
Avalon Marsh,9,ghoul lord,1,18993,9558,0,14,no CapnBry sighting at this spot
Avalon Marsh,9,ghoul lord,1,16000,3155,0,14,no CapnBry sighting at this spot
Avalon Marsh,9,ghoul lord,1,11415,4875,0,14,no CapnBry sighting at this spot
Avalon Marsh,9,ghoul lord,1,7025,11751,0,14,no CapnBry sighting at this spot
Avalon Marsh,9,ghoul lord,1,8945,8135,0,14,no CapnBry sighting at this spot
Avalon Marsh,9,ghoul lord,1,13915,3821,0,14,no CapnBry sighting at this spot
Avalon Marsh,9,giant water leaper,2,25651,35726,0,13,no CapnBry sighting at this spot
Avalon Marsh,9,giant water leaper,1,27165,23921,0,13,no CapnBry sighting at this spot
Avalon Marsh,9,giant water leaper,1,30809,27335,0,13,no CapnBry sighting at this spot
Avalon Marsh,9,mist sprite,1,43026,59772,0,33,no CapnBry sighting at this spot
Avalon Marsh,9,mist sprite,1,21842,16212,0,33,no CapnBry sighting at this spot
Avalon Marsh,9,mist sprite,1,25784,15496,0,33,no CapnBry sighting at this spot
Avalon Marsh,9,mist sprite,1,23697,16218,0,33,no CapnBry sighting at this spot
Avalon Marsh,9,swamp slime,2,60823,16283,1,25,matches CapnBry (1-2 seen here)
Avalon Marsh,9,swamp slime,2,49520,9325,0,25,no CapnBry sighting at this spot
Avalon Marsh,9,swamp slime,2,36108,11991,0,25,no CapnBry sighting at this spot
Avalon Marsh,9,swamp slime,2,61070,7212,0,25,no CapnBry sighting at this spot
Avalon Marsh,9,swamp slime,1,61970,5178,0,25,no CapnBry sighting at this spot
Avalon Marsh,9,swamp slime,1,59039,4138,0,25,no CapnBry sighting at this spot
Avalon Marsh,9,marsh lord,1,11931,54302,0,1,rare/named species (1-2 in whole zone)
Avalon Marsh,9,phantom squire,1,50144,46319,0,5,no CapnBry sighting at this spot
Avalon Marsh,9,phantom squire,1,43219,39302,0,5,no CapnBry sighting at this spot
Avalon Marsh,9,phantom squire,1,42905,49138,0,5,no CapnBry sighting at this spot
Avalon Marsh,9,phantom squire,2,41376,47831,0,5,no CapnBry sighting at this spot
Avalon Marsh,9,dappled lynx,1,64841,19686,0,1,rare/named species (1-2 in whole zone)
Avalon Marsh,9,bogman fisher,1,43573,56345,0,17,no CapnBry sighting at this spot
Avalon Marsh,9,bogman fisher,1,31278,62169,0,17,no CapnBry sighting at this spot
Avalon Marsh,9,bogman fisher,2,42196,61389,0,17,no CapnBry sighting at this spot
Avalon Marsh,9,bogman fisher,1,36758,43171,0,17,no CapnBry sighting at this spot
Avalon Marsh,9,bogman fisher,2,33776,58884,0,17,no CapnBry sighting at this spot
Avalon Marsh,9,bogman fisher,1,30442,45712,0,17,no CapnBry sighting at this spot
Avalon Marsh,9,fallen paladin,2,40806,48297,0,2,rare/named species (1-2 in whole zone)
Avalon Marsh,9,wood ogre berserker,1,2631,42866,0,4,no CapnBry sighting at this spot
Avalon Marsh,9,impling,2,59843,17779,0,9,no CapnBry sighting at this spot
Avalon Marsh,9,impling,1,57546,19471,0,9,no CapnBry sighting at this spot
Avalon Marsh,9,wisp ghoul,1,57714,18690,0,4,no CapnBry sighting at this spot
Avalon Marsh,9,marsh worm,1,19244,62118,0,7,no CapnBry sighting at this spot
Avalon Marsh,9,marsh worm,1,25454,49105,0,7,no CapnBry sighting at this spot
Avalon Marsh,9,pixie,2,51513,42361,0,2,rare/named species (1-2 in whole zone)
Avalon Marsh,9,undead knight fiedel,1,41116,47240,0,1,rare/named species (1-2 in whole zone)
Avalon Marsh,9,vagdush,1,3966,36120,0,1,rare/named species (1-2 in whole zone)
Avalon Marsh,9,skeleton,2,42533,22401,0,2,rare/named species (1-2 in whole zone)
Lyonesse,10,moorlich,2,38245,24431,0,23,no CapnBry sighting at this spot
Lyonesse,10,shepherd,1,49263,28854,0,14,no CapnBry sighting at this spot
Lyonesse,10,shepherd,1,48048,27935,0,14,no CapnBry sighting at this spot
Lyonesse,10,shepherd,1,49517,26530,0,14,no CapnBry sighting at this spot
Lyonesse,10,shepherd,1,48250,30136,0,14,no CapnBry sighting at this spot
Lyonesse,10,dunter,1,54658,46669,0,5,no CapnBry sighting at this spot
Lyonesse,10,freybug,1,46413,27973,0,3,no CapnBry sighting at this spot
Lyonesse,10,freybug,1,44812,26612,0,3,no CapnBry sighting at this spot
Lyonesse,10,freybug,1,44822,25051,0,3,no CapnBry sighting at this spot
Lyonesse,10,danaoin fisherman,1,30344,15006,0,11,no CapnBry sighting at this spot
Lyonesse,10,peallaidh,1,59633,22902,0,42,no CapnBry sighting at this spot
Lyonesse,10,peallaidh,2,54561,57105,0,42,no CapnBry sighting at this spot
Lyonesse,10,bone snapper,1,30819,46718,0,36,no CapnBry sighting at this spot
Lyonesse,10,bone snapper,1,42657,57424,0,36,no CapnBry sighting at this spot
Lyonesse,10,bone snapper,1,44019,6034,0,36,no CapnBry sighting at this spot
Lyonesse,10,bone snapper,1,12591,55390,0,36,no CapnBry sighting at this spot
Lyonesse,10,bone snapper,1,9559,36434,0,36,no CapnBry sighting at this spot
Lyonesse,10,bone snapper,2,4097,48865,0,36,no CapnBry sighting at this spot
Lyonesse,10,bone snapper,1,32779,56241,0,36,no CapnBry sighting at this spot
Lyonesse,10,bone snapper,2,34167,47697,0,36,no CapnBry sighting at this spot
Lyonesse,10,bone snapper,1,34627,58793,0,36,no CapnBry sighting at this spot
Lyonesse,10,bone snapper,1,23247,57710,0,36,no CapnBry sighting at this spot
Lyonesse,10,bone snapper,1,30742,55988,0,36,no CapnBry sighting at this spot
Lyonesse,10,bone snapper,2,37120,7439,0,36,no CapnBry sighting at this spot
Lyonesse,10,bone snapper,1,27263,53397,0,36,no CapnBry sighting at this spot
Lyonesse,10,bone snapper,2,40765,8426,0,36,no CapnBry sighting at this spot
Lyonesse,10,bone snapper,1,27690,50020,0,36,no CapnBry sighting at this spot
Lyonesse,10,bone snapper,2,7835,37190,0,36,no CapnBry sighting at this spot
Lyonesse,10,bone snapper,1,36435,59780,0,36,no CapnBry sighting at this spot
Lyonesse,10,bone snapper,1,35990,50496,0,36,no CapnBry sighting at this spot
Lyonesse,10,bone snapper,2,9676,55544,0,36,no CapnBry sighting at this spot
Lyonesse,10,bone snapper,1,15257,32917,0,36,no CapnBry sighting at this spot
Lyonesse,10,cailleach priest,1,31635,34521,0,7,no CapnBry sighting at this spot
Lyonesse,10,pygmy goblin tangler,2,40695,48111,0,15,no CapnBry sighting at this spot
Lyonesse,10,pygmy goblin tangler,2,63722,57497,0,15,no CapnBry sighting at this spot
Lyonesse,10,pygmy goblin tangler,1,39877,51182,0,15,no CapnBry sighting at this spot
Lyonesse,10,hamadryad,2,63581,51076,0,26,no CapnBry sighting at this spot
Lyonesse,10,danaoin soldier,2,21412,20224,0,3,no CapnBry sighting at this spot
Lyonesse,10,danaoin soldier,1,22987,18687,0,3,no CapnBry sighting at this spot
Lyonesse,10,danaoin farmer,1,30624,20035,0,15,no CapnBry sighting at this spot
Lyonesse,10,danaoin farmer,2,30008,14636,0,15,no CapnBry sighting at this spot
Lyonesse,10,knight,2,13510,26873,0,7,no CapnBry sighting at this spot
Lyonesse,10,townsman,2,48921,29581,0,2,rare/named species (1-2 in whole zone)
Lyonesse,10,pygmy goblin,1,34624,53352,0,5,no CapnBry sighting at this spot
Lyonesse,10,arawnite warrior,2,57455,29784,0,2,rare/named species (1-2 in whole zone)
Lyonesse,10,cailleach guard,2,29148,34559,0,7,no CapnBry sighting at this spot
Lyonesse,10,cailleach guard,1,30789,31394,0,7,no CapnBry sighting at this spot
Lyonesse,10,cailleach uragaig,1,29498,33700,0,1,rare/named species (1-2 in whole zone)
Forest Sauvage,11,hitback dummy - right click to reset,1,19221,58763,0,1,rare/named species (1-2 in whole zone)
Forest Sauvage,11,forest ettin,2,49700,18926,0,8,no CapnBry sighting at this spot
Forest Sauvage,11,forest ettin,2,48173,20948,0,8,no CapnBry sighting at this spot
Forest Sauvage,11,forest ettin,1,50359,20575,0,8,no CapnBry sighting at this spot
Forest Sauvage,11,forest adder,2,24746,54659,0,19,no CapnBry sighting at this spot
Forest Sauvage,11,forest adder,2,24568,52899,0,19,no CapnBry sighting at this spot
Forest Sauvage,11,forest hunter,1,54323,48290,0,35,no CapnBry sighting at this spot
Forest Sauvage,11,forest hunter,2,52953,47322,0,35,no CapnBry sighting at this spot
Forest Sauvage,11,forest hunter,1,57489,20866,0,35,no CapnBry sighting at this spot
Forest Sauvage,11,forest giant,1,45468,4983,0,28,no CapnBry sighting at this spot
Forest Sauvage,11,forest giant,1,46114,6815,0,28,no CapnBry sighting at this spot
Forest Sauvage,11,forest giant,2,53473,10389,0,28,no CapnBry sighting at this spot
Forest Sauvage,11,forest giant,1,36540,48152,0,28,no CapnBry sighting at this spot
Forest Sauvage,11,forest giant,1,51393,11921,0,28,no CapnBry sighting at this spot
Forest Sauvage,11,forest giant,1,33090,50776,0,28,no CapnBry sighting at this spot
Forest Sauvage,11,forest giant,1,35376,46508,0,28,no CapnBry sighting at this spot
Forest Sauvage,11,rob ria,1,60067,29924,0,1,rare/named species (1-2 in whole zone)
Snowdonia,12,faerie frog,2,46427,53301,0,53,no CapnBry sighting at this spot
Snowdonia,12,faerie frog,1,48330,54144,0,53,no CapnBry sighting at this spot
Snowdonia,12,faerie frog,2,49041,51789,0,53,no CapnBry sighting at this spot
Pennine Mountains,14,draco magnificens,1,40665,29008,0,1,rare/named species (1-2 in whole zone)
Pennine Mountains,14,isolationist cleric,2,58978,44663,0,7,no CapnBry sighting at this spot
Pennine Mountains,14,gnarled fellwood,1,44082,57252,0,22,no CapnBry sighting at this spot
Pennine Mountains,14,hollow man,1,5080,8012,0,1,rare/named species (1-2 in whole zone)
Pennine Mountains,14,isolationist scout,1,59232,46816,0,4,no CapnBry sighting at this spot
Pennine Mountains,14,young brown drake,2,48404,35081,0,3,no CapnBry sighting at this spot
Pennine Mountains,14,young brown drake,1,46719,34525,0,3,no CapnBry sighting at this spot
Hadrian's Wall,15,cave fairy,2,37626,22687,0,7,no CapnBry sighting at this spot
Stonehenge Barrows,19,ossuary guardian,2,23478,13809,0,2,rare/named species (1-2 in whole zone)
Stonehenge Barrows,19,repentant follower,2,18286,24442,11,19,likely short: CapnBry saw 11 here
Stonehenge Barrows,19,skeletal druidess,2,26317,17239,0,2,rare/named species (1-2 in whole zone)
Stonehenge Barrows,19,fiery fiend,2,22918,19040,0,2,rare/named species (1-2 in whole zone)
Stonehenge Barrows,19,cave hound,1,25348,19506,7,8,likely short: CapnBry saw 7 here
Stonehenge Barrows,19,pendragon ardent,2,17713,23549,2,2,matches CapnBry (1-2 seen here)
Stonehenge Barrows,19,decayed barbarian,1,21174,25335,1,1,matches CapnBry (1-2 seen here)
Stonehenge Barrows,19,priestess of purity,2,18970,23552,0,2,rare/named species (1-2 in whole zone)
Stonehenge Barrows,19,spectral wizard,2,17500,23576,0,2,rare/named species (1-2 in whole zone)
Stonehenge Barrows,19,shade of ambrosius aurelianus,1,17843,24152,0,1,rare/named species (1-2 in whole zone)
Stonehenge Barrows,19,pendrake,2,17715,23528,2,2,matches CapnBry (1-2 seen here)
Stonehenge Barrows,19,diseased rat,1,21629,25442,0,1,rare/named species (1-2 in whole zone)
Stonehenge Barrows,19,skeletal high priestess,1,26408,17139,0,1,rare/named species (1-2 in whole zone)
Tomb of Mithra,21,anilius,1,18118,21750,0,1,rare/named species (1-2 in whole zone)
Tomb of Mithra,21,erisus,1,17269,21560,0,1,rare/named species (1-2 in whole zone)
Tomb of Mithra,21,virilis,1,19980,21671,0,1,rare/named species (1-2 in whole zone)
Tomb of Mithra,21,haunting gloom,2,23563,23165,1,2,matches CapnBry (1-2 seen here)
Tomb of Mithra,21,cursed believer,1,18818,21215,0,7,no CapnBry sighting at this spot
Tomb of Mithra,21,cursed believer,1,18863,22760,0,7,no CapnBry sighting at this spot
Tomb of Mithra,21,cursed believer,1,16352,23988,0,7,no CapnBry sighting at this spot
Tomb of Mithra,21,decaying cadaver,1,18796,24182,0,1,rare/named species (1-2 in whole zone)
Tomb of Mithra,21,high priest andania,1,14724,26221,0,1,rare/named species (1-2 in whole zone)
Tomb of Mithra,21,virilus,1,19978,21802,0,1,rare/named species (1-2 in whole zone)
Tomb of Mithra,21,living entombed,2,19691,20740,0,23,no CapnBry sighting at this spot
Tomb of Mithra,21,undead builder,1,18413,23504,0,7,no CapnBry sighting at this spot
Tomb of Mithra,21,menacing presense,1,21770,21196,0,3,no CapnBry sighting at this spot
Tomb of Mithra,21,menacing presense,1,23085,22119,0,3,no CapnBry sighting at this spot
Tomb of Mithra,21,menacing presense,1,21953,23447,0,3,no CapnBry sighting at this spot
Tomb of Mithra,21,forgotten promise,1,20223,24536,0,1,rare/named species (1-2 in whole zone)
Tomb of Mithra,21,dreadful cadaver,2,20521,20749,0,6,no CapnBry sighting at this spot
Tomb of Mithra,21,dreadful cadaver,2,22564,21772,0,6,no CapnBry sighting at this spot
Tomb of Mithra,21,dreadful cadaver,2,24180,22919,0,6,no CapnBry sighting at this spot
Tomb of Mithra,21,fallen paladin,1,17307,24152,0,4,no CapnBry sighting at this spot
Tomb of Mithra,21,botched sacrifice,1,18766,20687,0,15,no CapnBry sighting at this spot
Tomb of Mithra,21,acolyte nascita,1,19570,24740,0,1,rare/named species (1-2 in whole zone)
Tomb of Mithra,21,undead poacher,2,21429,23547,0,2,rare/named species (1-2 in whole zone)
Tomb of Mithra,21,doomed minion,1,20778,23941,0,5,no CapnBry sighting at this spot
Tomb of Mithra,21,doomed minion,1,18749,22825,0,5,no CapnBry sighting at this spot
Tomb of Mithra,21,bleeder broodmother,1,19682,24033,0,2,rare/named species (1-2 in whole zone)
Tomb of Mithra,21,bleeder broodmother,1,17340,26219,0,2,rare/named species (1-2 in whole zone)
Tomb of Mithra,21,tortured soul,1,21685,21778,0,1,rare/named species (1-2 in whole zone)
Tomb of Mithra,21,lingering shade,2,18792,26228,0,2,rare/named species (1-2 in whole zone)
Tomb of Mithra,21,favonius facilis,1,20051,21735,0,1,rare/named species (1-2 in whole zone)
Isle of Glass,51,torrent,1,53613,33411,0,1,rare/named species (1-2 in whole zone)
Isle of Glass,51,svarm,1,13374,54636,0,1,rare/named species (1-2 in whole zone)
Isle of Glass,51,large dragonfly,1,30838,46460,1,36,matches CapnBry (1-2 seen here)
Isle of Glass,51,large dragonfly,1,22597,57985,0,36,no CapnBry sighting at this spot
Isle of Glass,51,large dragonfly,1,39943,43530,8,36,likely short: CapnBry saw 8 here
Isle of Glass,51,large dragonfly,1,30094,42853,1,36,matches CapnBry (1-2 seen here)
Isle of Glass,51,large dragonfly,2,28070,49159,2,36,matches CapnBry (1-2 seen here)
Isle of Glass,51,large dragonfly,1,34110,51976,1,36,matches CapnBry (1-2 seen here)
Isle of Glass,51,large dragonfly,1,39312,45254,8,36,likely short: CapnBry saw 8 here
Isle of Glass,51,grindylow,1,41605,24714,0,26,no CapnBry sighting at this spot
Isle of Glass,51,grindylow,1,44610,28984,6,26,likely short: CapnBry saw 6 here
Isle of Glass,51,grindylow,1,45602,26847,2,26,matches CapnBry (1-2 seen here)
Isle of Glass,51,corpse flicker,1,48107,37345,2,57,matches CapnBry (1-2 seen here)
Isle of Glass,51,corpse flicker,1,41650,40134,0,57,no CapnBry sighting at this spot
Isle of Glass,51,corpse flicker,2,51014,42612,0,57,no CapnBry sighting at this spot
Isle of Glass,51,corpse flicker,1,49642,38486,2,57,matches CapnBry (1-2 seen here)
Isle of Glass,51,corpse flicker,1,50169,36878,2,57,matches CapnBry (1-2 seen here)
Isle of Glass,51,corpse flicker,1,24979,43322,0,57,no CapnBry sighting at this spot
Isle of Glass,51,corpse light,1,24809,12634,0,47,no CapnBry sighting at this spot
Isle of Glass,51,corpse light,1,27096,13430,0,47,no CapnBry sighting at this spot
Isle of Glass,51,flood,1,11795,46244,0,1,rare/named species (1-2 in whole zone)
Isle of Glass,51,sodden warrior,1,22980,35985,0,40,no CapnBry sighting at this spot
Isle of Glass,51,lesser water elemental,1,33098,43763,4,35,likely short: CapnBry saw 4 here
Isle of Glass,51,drakoran mage,2,24197,24731,0,36,no CapnBry sighting at this spot
Isle of Glass,51,headless corpse,1,49092,36189,0,41,no CapnBry sighting at this spot
Isle of Glass,51,headless corpse,1,35907,39281,1,41,matches CapnBry (1-2 seen here)
Isle of Glass,51,biting dragonfly,2,14928,46072,0,43,no CapnBry sighting at this spot
Isle of Glass,51,biting dragonfly,1,14562,44091,0,43,no CapnBry sighting at this spot
Isle of Glass,51,biting dragonfly,2,16228,49378,0,43,no CapnBry sighting at this spot
Isle of Glass,51,biting dragonfly,1,11479,45195,0,43,no CapnBry sighting at this spot
Isle of Glass,51,headless dead,1,31911,42605,9,15,likely short: CapnBry saw 9 here
Isle of Glass,51,urchin hooligan,1,33621,26134,0,103,no CapnBry sighting at this spot
Isle of Glass,51,ewart haralder,1,32740,21197,0,1,rare/named species (1-2 in whole zone)
Isle of Glass,51,guagaran whelp,1,4044,41581,0,34,no CapnBry sighting at this spot
Isle of Glass,51,urchin ambusher,1,41155,24067,0,1,rare/named species (1-2 in whole zone)
Isle of Glass,51,corpse glow,1,45932,50647,0,2,rare/named species (1-2 in whole zone)
Isle of Glass,51,corpse glow,1,49369,48783,0,2,rare/named species (1-2 in whole zone)
Isle of Glass,51,drakoran plunderer,2,5740,12821,0,21,no CapnBry sighting at this spot
Isle of Glass,51,drakoran plunderer,1,20450,15119,0,21,no CapnBry sighting at this spot
Isle of Glass,51,soggy skeleton,1,41034,40665,0,27,no CapnBry sighting at this spot
Isle of Glass,51,soggy skeleton,1,22769,50956,0,27,no CapnBry sighting at this spot
Isle of Glass,51,ghost,1,39484,25701,0,17,no CapnBry sighting at this spot
Isle of Glass,51,drakoran pillager,1,4895,12014,0,22,no CapnBry sighting at this spot
Isle of Glass,51,araich,1,5209,31242,0,1,rare/named species (1-2 in whole zone)
Isle of Glass,51,caldech,1,47020,32817,0,1,rare/named species (1-2 in whole zone)
Isle of Glass,51,sogrot,1,45182,42992,0,1,rare/named species (1-2 in whole zone)
Isle of Glass,51,swamp goo,2,38875,46193,4,19,likely short: CapnBry saw 4 here
Isle of Glass,51,swamp goo,1,41013,48045,4,19,likely short: CapnBry saw 4 here
Isle of Glass,51,swamp goo,1,41754,46650,4,19,likely short: CapnBry saw 4 here
Isle of Glass,51,lieutenant grrar,1,24295,25137,0,1,rare/named species (1-2 in whole zone)
Isle of Glass,51,drakoran border watcher,1,9456,31341,0,1,rare/named species (1-2 in whole zone)
Isle of Glass,51,lieutenant yal'ris,1,34843,13666,0,1,rare/named species (1-2 in whole zone)
Isle of Glass,51,alluvian,1,54784,24951,0,1,rare/named species (1-2 in whole zone)
Isle of Glass,51,lieutenant zudd,1,13752,35437,0,1,rare/named species (1-2 in whole zone)
Isle of Glass,51,jocias,1,46752,48257,0,1,rare/named species (1-2 in whole zone)
Isle of Glass,51,martley,1,5299,31748,0,1,rare/named species (1-2 in whole zone)
Isle of Glass,51,commander slor'vid,1,24372,24692,0,1,rare/named species (1-2 in whole zone)
Avalon Isle,52,barak,1,46126,49641,0,1,rare/named species (1-2 in whole zone)
Avalon Isle,52,nalsor,1,15712,10976,0,1,rare/named species (1-2 in whole zone)
Avalon Isle,52,drakoran thaumaturge,2,20831,20474,0,56,no CapnBry sighting at this spot
Avalon Isle,52,drakoran thaumaturge,1,8093,30408,0,56,no CapnBry sighting at this spot
Avalon Isle,52,drakoran thaumaturge,1,33964,18146,0,56,no CapnBry sighting at this spot
Avalon Isle,52,drakoran thaumaturge,2,25915,20368,0,56,no CapnBry sighting at this spot
Avalon Isle,52,drakoran thaumaturge,1,40395,23275,1,56,matches CapnBry (1-2 seen here)
Avalon Isle,52,drakoran thaumaturge,2,21993,28581,0,56,no CapnBry sighting at this spot
Avalon Isle,52,drakoran thaumaturge,1,33782,32268,0,56,no CapnBry sighting at this spot
Avalon Isle,52,drakoran thaumaturge,1,34870,24901,0,56,no CapnBry sighting at this spot
Avalon Isle,52,drakoran thaumaturge,1,23652,24310,0,56,no CapnBry sighting at this spot
Avalon Isle,52,drakoran thaumaturge,1,33030,16523,0,56,no CapnBry sighting at this spot
Avalon Isle,52,drakoran thaumaturge,2,34709,36437,0,56,no CapnBry sighting at this spot
Avalon Isle,52,drakoran thaumaturge,1,24447,35046,0,56,no CapnBry sighting at this spot
Avalon Isle,52,drakoran marauder,1,44447,41068,1,30,matches CapnBry (1-2 seen here)
Avalon Isle,52,drakoran marauder,1,50716,53298,1,30,matches CapnBry (1-2 seen here)
Avalon Isle,52,drakoran marauder,1,47593,28911,1,30,matches CapnBry (1-2 seen here)
Avalon Isle,52,drakoran marauder,1,44007,29440,1,30,matches CapnBry (1-2 seen here)
Avalon Isle,52,drakoran marauder,2,52435,36467,2,30,matches CapnBry (1-2 seen here)
Avalon Isle,52,drakoran marauder,1,48825,55146,1,30,matches CapnBry (1-2 seen here)
Avalon Isle,52,gray ghost,1,54638,30433,1,27,matches CapnBry (1-2 seen here)
Avalon Isle,52,drakoran grunt,2,56000,16517,0,41,no CapnBry sighting at this spot
Avalon Isle,52,drakoran grunt,1,57180,18159,0,41,no CapnBry sighting at this spot
Avalon Isle,52,drakoran grunt,1,47900,52832,7,41,likely short: CapnBry saw 7 here
Avalon Isle,52,drakoran grunt,1,34708,36353,0,41,no CapnBry sighting at this spot
Avalon Isle,52,drakoran grunt,1,44839,28747,1,41,matches CapnBry (1-2 seen here)
Avalon Isle,52,drakoran grunt,1,52352,52255,3,41,likely short: CapnBry saw 3 here
Avalon Isle,52,drakoran grunt,1,42421,48302,5,41,likely short: CapnBry saw 5 here
Avalon Isle,52,drakoran grunt,1,47631,28859,1,41,matches CapnBry (1-2 seen here)
Avalon Isle,52,drakoran grunt,1,48062,57371,7,41,likely short: CapnBry saw 7 here
Avalon Isle,52,drakoran grunt,2,46238,41449,1,41,matches CapnBry (1-2 seen here)
Avalon Isle,52,caer caddug footsoldier,1,48971,19779,0,17,no CapnBry sighting at this spot
Avalon Isle,52,caer caddug footsoldier,1,49432,17430,0,17,no CapnBry sighting at this spot
Avalon Isle,52,caer caddug footsoldier,1,58350,7413,0,17,no CapnBry sighting at this spot
Avalon Isle,52,caer caddug footsoldier,1,51396,6313,0,17,no CapnBry sighting at this spot
Avalon Isle,52,caer caddug footsoldier,1,52471,17755,0,17,no CapnBry sighting at this spot
Avalon Isle,52,caer caddug footsoldier,1,57582,10895,0,17,no CapnBry sighting at this spot
Avalon Isle,52,caer caddug priest,1,47896,21686,1,7,matches CapnBry (1-2 seen here)
Avalon Isle,52,caer caddug priest,1,52891,18230,0,7,no CapnBry sighting at this spot
Avalon Isle,52,caer caddug priest,1,49690,15912,0,7,no CapnBry sighting at this spot
Avalon Isle,52,caer caddug baille,1,49430,22927,1,29,matches CapnBry (1-2 seen here)
Avalon Isle,52,caer caddug baille,1,57730,8168,0,29,no CapnBry sighting at this spot
Avalon Isle,52,kovos,1,35574,31174,0,1,rare/named species (1-2 in whole zone)
Avalon Isle,52,drakoran looter,1,36460,28492,0,40,no CapnBry sighting at this spot
Avalon Isle,52,drakoran looter,1,26193,20367,0,40,no CapnBry sighting at this spot
Avalon Isle,52,drakoran looter,1,35578,31111,0,40,no CapnBry sighting at this spot
Avalon Isle,52,drakoran looter,1,39751,14436,0,40,no CapnBry sighting at this spot
Avalon Isle,52,drakoran looter,1,24913,36764,0,40,no CapnBry sighting at this spot
Avalon Isle,52,drakoran looter,2,32943,32387,0,40,no CapnBry sighting at this spot
Avalon Isle,52,drakoran looter,1,23381,24527,0,40,no CapnBry sighting at this spot
Avalon Isle,52,drakoran looter,1,12058,24908,0,40,no CapnBry sighting at this spot
Avalon Isle,52,drakoran looter,1,33293,22548,0,40,no CapnBry sighting at this spot
Avalon Isle,52,drakoran looter,2,24953,32872,0,40,no CapnBry sighting at this spot
Avalon Isle,52,drakoran looter,1,42846,22423,1,40,matches CapnBry (1-2 seen here)
Avalon Isle,52,drakoran looter,1,22311,28838,0,40,no CapnBry sighting at this spot
Avalon Isle,52,drakoran looter,1,34720,6531,0,40,no CapnBry sighting at this spot
Avalon Isle,52,drakoran fighter,1,12405,39585,2,62,matches CapnBry (1-2 seen here)
Avalon Isle,52,drakoran fighter,1,10872,40244,2,62,matches CapnBry (1-2 seen here)
Avalon Isle,52,drakoran fighter,1,15734,11025,0,62,no CapnBry sighting at this spot
Avalon Isle,52,drakoran fighter,1,25383,32846,0,62,no CapnBry sighting at this spot
Avalon Isle,52,drakoran fighter,1,40445,25820,2,62,matches CapnBry (1-2 seen here)
Avalon Isle,52,drakoran fighter,2,39171,23457,2,62,matches CapnBry (1-2 seen here)
Avalon Isle,52,drakoran fighter,2,36694,16855,0,62,no CapnBry sighting at this spot
Avalon Isle,52,drakoran fighter,1,14582,24020,0,62,no CapnBry sighting at this spot
Avalon Isle,52,drakoran fighter,1,24392,21971,0,62,no CapnBry sighting at this spot
Avalon Isle,52,drakoran fighter,1,34725,36415,0,62,no CapnBry sighting at this spot
Avalon Isle,52,drakoran fighter,1,34994,25112,0,62,no CapnBry sighting at this spot
Avalon Isle,52,drakoran fighter,1,30520,37237,0,62,no CapnBry sighting at this spot
Avalon Isle,52,drakoran fighter,1,31438,19952,0,62,no CapnBry sighting at this spot
Avalon Isle,52,drakoran fighter,1,24355,31127,0,62,no CapnBry sighting at this spot
Avalon Isle,52,drakoran fighter,1,33230,22536,0,62,no CapnBry sighting at this spot
Avalon Isle,52,caer caddug seer,1,50560,18614,0,18,no CapnBry sighting at this spot
Avalon Isle,52,caer caddug seer,2,52490,17774,0,18,no CapnBry sighting at this spot
Avalon Isle,52,caer caddug bodyguard,1,49176,19811,0,8,no CapnBry sighting at this spot
Avalon Isle,52,caer caddug bodyguard,2,51465,16669,0,8,no CapnBry sighting at this spot
Avalon Isle,52,drakoran sawbone,1,13404,38558,1,53,matches CapnBry (1-2 seen here)
Avalon Isle,52,drakoran sawbone,1,33965,18210,0,53,no CapnBry sighting at this spot
Avalon Isle,52,drakoran sawbone,2,17574,36443,0,53,no CapnBry sighting at this spot
Avalon Isle,52,drakoran sawbone,1,34430,36265,0,53,no CapnBry sighting at this spot
Avalon Isle,52,drakoran sawbone,1,23398,31692,0,53,no CapnBry sighting at this spot
Avalon Isle,52,drakoran sawbone,1,21701,28854,0,53,no CapnBry sighting at this spot
Avalon Isle,52,drakoran sawbone,1,36726,16530,0,53,no CapnBry sighting at this spot
Avalon Isle,52,drakoran sawbone,1,22853,23123,0,53,no CapnBry sighting at this spot
Avalon Isle,52,drakoran sawbone,1,24352,21909,0,53,no CapnBry sighting at this spot
Avalon Isle,52,drakoran sawbone,2,34368,32147,0,53,no CapnBry sighting at this spot
Avalon Isle,52,drakoran sawbone,1,25565,20539,0,53,no CapnBry sighting at this spot
Avalon Isle,52,drakoran sawbone,1,36507,28535,0,53,no CapnBry sighting at this spot
Avalon Isle,52,drakoran sawbone,1,34886,24963,0,53,no CapnBry sighting at this spot
Avalon Isle,52,drakoran sawbone,1,24815,35927,0,53,no CapnBry sighting at this spot
Avalon Isle,52,caer caddug knight,1,53152,15857,0,13,no CapnBry sighting at this spot
Avalon Isle,52,caer caddug knight,1,49516,24194,1,13,matches CapnBry (1-2 seen here)
Avalon Isle,52,caer caddug knight,1,51160,18710,0,13,no CapnBry sighting at this spot
Avalon Isle,52,drakoran elementalist,1,52383,52199,8,42,likely short: CapnBry saw 8 here
Avalon Isle,52,drakoran elementalist,1,47056,54410,8,42,likely short: CapnBry saw 8 here
Avalon Isle,52,drakoran elementalist,1,47098,38428,0,42,no CapnBry sighting at this spot
Avalon Isle,52,drakoran elementalist,1,38950,44501,10,42,likely short: CapnBry saw 10 here
Avalon Isle,52,drakoran elementalist,1,43936,29431,1,42,matches CapnBry (1-2 seen here)
Avalon Isle,52,drakoran elementalist,1,49676,34717,1,42,matches CapnBry (1-2 seen here)
Avalon Isle,52,drakoran elementalist,1,40572,49227,10,42,likely short: CapnBry saw 10 here
Avalon Isle,52,drakoran elementalist,1,41681,46312,10,42,likely short: CapnBry saw 10 here
Avalon Isle,52,drakoran leech,1,47235,38797,1,27,matches CapnBry (1-2 seen here)
Avalon Isle,52,drakoran leech,1,43215,46061,11,27,likely short: CapnBry saw 11 here
Avalon Isle,52,drakoran leech,1,51200,36237,1,27,matches CapnBry (1-2 seen here)
Avalon Isle,52,caer caddug equerry,1,48152,17664,0,11,no CapnBry sighting at this spot
Avalon Isle,52,caer caddug equerry,1,53023,15760,0,11,no CapnBry sighting at this spot
Avalon Isle,52,undead apple harvester,2,14243,18405,0,108,no CapnBry sighting at this spot
Avalon Isle,52,undead apple gatherer,1,14272,9390,0,32,no CapnBry sighting at this spot
Avalon Isle,52,undead apple gatherer,1,12259,19171,0,32,no CapnBry sighting at this spot
Avalon Isle,52,undead apple gatherer,2,13802,19408,0,32,no CapnBry sighting at this spot
Avalon Isle,52,urchin filcher,1,39267,61525,0,27,no CapnBry sighting at this spot
Avalon Isle,52,urchin filcher,1,35855,56458,0,27,no CapnBry sighting at this spot
Avalon Isle,52,torvarg,1,27446,19401,0,1,rare/named species (1-2 in whole zone)
Avalon Isle,52,kelsanor,1,27750,48689,0,1,rare/named species (1-2 in whole zone)
Avalon Isle,52,drakoran patrol,1,20261,20393,0,1,rare/named species (1-2 in whole zone)
Avalon Isle,52,undead ganger,1,24508,53586,0,27,no CapnBry sighting at this spot
Avalon Isle,52,undead seedsmen,2,55782,49301,0,9,no CapnBry sighting at this spot
Avalon Isle,52,vask,1,9941,16920,0,1,rare/named species (1-2 in whole zone)
Avalon Isle,52,prios,1,58396,39548,0,1,rare/named species (1-2 in whole zone)
Avalon Isle,52,lord caddug,1,51580,16460,0,1,rare/named species (1-2 in whole zone)
Avalon Isle,52,bolin,1,46469,49255,0,1,rare/named species (1-2 in whole zone)
Crystal Cave,62,xanxicarian elite,1,22668,25290,0,13,no CapnBry sighting at this spot
Crystal Cave,62,xanxicarian elite,1,25008,25134,0,13,no CapnBry sighting at this spot
Crystal Cave,62,xanxicar,1,23385,27113,0,1,rare/named species (1-2 in whole zone)
Vale of Mularn,100,small hill cat,1,61806,37266,3,85,likely short: CapnBry saw 3 here
Vale of Mularn,100,small hill cat,2,45725,21597,2,85,matches CapnBry (1-2 seen here)
Vale of Mularn,100,small hill cat,1,59490,24597,0,85,no CapnBry sighting at this spot
Vale of Mularn,100,small hill cat,1,32395,37437,5,85,likely short: CapnBry saw 5 here
Vale of Mularn,100,small hill cat,1,60679,35778,6,85,likely short: CapnBry saw 6 here
Vale of Mularn,100,small hill cat,1,25302,42589,3,85,likely short: CapnBry saw 3 here
Vale of Mularn,100,small hill cat,1,60494,17133,2,85,matches CapnBry (1-2 seen here)
Vale of Mularn,100,small hill cat,1,55777,37096,7,85,likely short: CapnBry saw 7 here
Vale of Mularn,100,small hill cat,1,30838,12664,1,85,matches CapnBry (1-2 seen here)
Vale of Mularn,100,small hill cat,1,62303,16217,2,85,matches CapnBry (1-2 seen here)
Vale of Mularn,100,small hill cat,1,18528,14218,3,85,likely short: CapnBry saw 3 here
Vale of Mularn,100,small hill cat,1,60104,38169,6,85,likely short: CapnBry saw 6 here
Vale of Mularn,100,small hill cat,1,12898,27664,1,85,matches CapnBry (1-2 seen here)
Vale of Mularn,100,small hill cat,2,36148,36302,5,85,likely short: CapnBry saw 5 here
Vale of Mularn,100,small hill cat,1,30535,51470,1,85,matches CapnBry (1-2 seen here)
Vale of Mularn,100,small hill cat,1,5914,53520,2,85,matches CapnBry (1-2 seen here)
Vale of Mularn,100,small hill cat,1,28877,30741,1,85,matches CapnBry (1-2 seen here)
Vale of Mularn,100,small hill cat,1,30541,32065,1,85,matches CapnBry (1-2 seen here)
Vale of Mularn,100,small hill cat,1,21917,45928,3,85,likely short: CapnBry saw 3 here
Vale of Mularn,100,small hill cat,1,32831,18190,1,85,matches CapnBry (1-2 seen here)
Vale of Mularn,100,small hill cat,1,16611,35460,1,85,matches CapnBry (1-2 seen here)
Vale of Mularn,100,small hill cat,2,21328,48351,1,85,matches CapnBry (1-2 seen here)
Vale of Mularn,100,small hill cat,1,51207,36288,7,85,likely short: CapnBry saw 7 here
Vale of Mularn,100,small hill cat,1,62390,14168,2,85,matches CapnBry (1-2 seen here)
Vale of Mularn,100,small hill cat,2,22607,41757,3,85,likely short: CapnBry saw 3 here
Vale of Mularn,100,small hill cat,1,56027,35412,7,85,likely short: CapnBry saw 7 here
Vale of Mularn,100,small hill cat,1,48119,20110,1,85,matches CapnBry (1-2 seen here)
Vale of Mularn,100,small hill cat,2,53684,7771,3,85,likely short: CapnBry saw 3 here
Vale of Mularn,100,small hill cat,1,53966,4824,3,85,likely short: CapnBry saw 3 here
Vale of Mularn,100,small hill cat,1,29199,48228,1,85,matches CapnBry (1-2 seen here)
Vale of Mularn,100,small hill cat,1,21968,44343,3,85,likely short: CapnBry saw 3 here
Vale of Mularn,100,small hill cat,2,3760,52735,2,85,matches CapnBry (1-2 seen here)
Vale of Mularn,100,small hill cat,2,35698,27816,2,85,matches CapnBry (1-2 seen here)
Vale of Mularn,100,small hill cat,1,60600,22802,0,85,no CapnBry sighting at this spot
Vale of Mularn,100,small hill cat,1,22122,54922,2,85,matches CapnBry (1-2 seen here)
Vale of Mularn,100,small hill cat,1,23888,20558,4,85,likely short: CapnBry saw 4 here
Vale of Mularn,100,small hill cat,1,24255,40891,3,85,likely short: CapnBry saw 3 here
Vale of Mularn,100,small hill cat,1,21563,57216,2,85,matches CapnBry (1-2 seen here)
Vale of Mularn,100,small hill cat,1,26238,25361,1,85,matches CapnBry (1-2 seen here)
Vale of Mularn,100,black mauler cub,1,55328,25376,0,18,no CapnBry sighting at this spot
Vale of Mularn,100,black mauler cub,1,50539,26672,0,18,no CapnBry sighting at this spot
Vale of Mularn,100,black mauler cub,2,44662,51987,0,18,no CapnBry sighting at this spot
Vale of Mularn,100,black mauler cub,1,54410,27433,0,18,no CapnBry sighting at this spot
Vale of Mularn,100,black mauler cub,1,56070,45485,0,18,no CapnBry sighting at this spot
Vale of Mularn,100,black mauler cub,1,56670,53938,0,18,no CapnBry sighting at this spot
Vale of Mularn,100,black mauler cub,2,53516,23437,0,18,no CapnBry sighting at this spot
Vale of Mularn,100,black mauler cub,1,48019,47299,0,18,no CapnBry sighting at this spot
Vale of Mularn,100,black mauler cub,2,52287,46160,0,18,no CapnBry sighting at this spot
Vale of Mularn,100,black mauler cub,1,44791,25779,0,18,no CapnBry sighting at this spot
Vale of Mularn,100,black mauler cub,1,40210,32593,0,18,no CapnBry sighting at this spot
Vale of Mularn,100,vein spider,2,36446,30745,4,32,likely short: CapnBry saw 4 here
Vale of Mularn,100,vein spider,1,38046,31197,2,32,matches CapnBry (1-2 seen here)
Vale of Mularn,100,vein spider,1,45657,19788,1,32,matches CapnBry (1-2 seen here)
Vale of Mularn,100,vein spider,1,22688,42851,2,32,matches CapnBry (1-2 seen here)
Vale of Mularn,100,vein spider,1,19566,42037,2,32,matches CapnBry (1-2 seen here)
Vale of Mularn,100,vein spider,1,20975,44545,2,32,matches CapnBry (1-2 seen here)
Vale of Mularn,100,vein spider,1,13263,41529,1,32,matches CapnBry (1-2 seen here)
Vale of Mularn,100,vein spider,1,59300,10180,1,32,matches CapnBry (1-2 seen here)
Vale of Mularn,100,vein spider,2,28454,51468,2,32,matches CapnBry (1-2 seen here)
Vale of Mularn,100,vein spider,1,58952,40910,2,32,matches CapnBry (1-2 seen here)
Vale of Mularn,100,vein spider,1,38774,29420,4,32,likely short: CapnBry saw 4 here
Vale of Mularn,100,vein spider,1,26694,33106,1,32,matches CapnBry (1-2 seen here)
Vale of Mularn,100,vein spider,1,57153,41869,2,32,matches CapnBry (1-2 seen here)
Vale of Mularn,100,vein spider,1,36125,28102,4,32,likely short: CapnBry saw 4 here
Vale of Mularn,100,vein spider,1,27336,49547,2,32,matches CapnBry (1-2 seen here)
Vale of Mularn,100,vein spider,1,37084,40774,4,32,likely short: CapnBry saw 4 here
Vale of Mularn,100,vein spider,1,22103,55548,2,32,matches CapnBry (1-2 seen here)
Vale of Mularn,100,vein spider,1,61916,23577,0,32,no CapnBry sighting at this spot
Vale of Mularn,100,vein spider,1,36180,39317,4,32,likely short: CapnBry saw 4 here
Vale of Mularn,100,vein spider,1,58229,37801,2,32,matches CapnBry (1-2 seen here)
Vale of Mularn,100,vein spider,1,22243,58084,2,32,matches CapnBry (1-2 seen here)
Vale of Mularn,100,vein spider,1,22720,27393,1,32,matches CapnBry (1-2 seen here)
Vale of Mularn,100,vein spider,1,34547,41027,4,32,likely short: CapnBry saw 4 here
Vale of Mularn,100,vein spider,1,59497,16549,0,32,no CapnBry sighting at this spot
Vale of Mularn,100,vein spider,1,26793,58854,1,32,matches CapnBry (1-2 seen here)
Vale of Mularn,100,vein spider,1,33785,38607,4,32,likely short: CapnBry saw 4 here
Vale of Mularn,100,vein spider,1,29698,33593,1,32,matches CapnBry (1-2 seen here)
Vale of Mularn,100,young lynx,1,53510,48078,0,23,no CapnBry sighting at this spot
Vale of Mularn,100,young lynx,1,46114,35818,1,23,matches CapnBry (1-2 seen here)
Vale of Mularn,100,young lynx,1,38387,32494,3,23,likely short: CapnBry saw 3 here
Vale of Mularn,100,young lynx,1,33938,28841,1,23,matches CapnBry (1-2 seen here)
Vale of Mularn,100,young lynx,2,57553,46701,0,23,no CapnBry sighting at this spot
Vale of Mularn,100,young lynx,1,34389,30863,1,23,matches CapnBry (1-2 seen here)
Vale of Mularn,100,young lynx,2,56717,21825,2,23,matches CapnBry (1-2 seen here)
Vale of Mularn,100,young grendelorm,1,27382,45950,2,47,matches CapnBry (1-2 seen here)
Vale of Mularn,100,young grendelorm,2,27887,59135,2,47,matches CapnBry (1-2 seen here)
Vale of Mularn,100,young grendelorm,1,60752,21626,0,47,no CapnBry sighting at this spot
Vale of Mularn,100,young grendelorm,1,59123,12373,0,47,no CapnBry sighting at this spot
Vale of Mularn,100,young grendelorm,1,33901,39146,1,47,matches CapnBry (1-2 seen here)
Vale of Mularn,100,young grendelorm,2,33032,33792,1,47,matches CapnBry (1-2 seen here)
Vale of Mularn,100,young grendelorm,1,47558,13010,1,47,matches CapnBry (1-2 seen here)
Vale of Mularn,100,young grendelorm,1,62323,21447,0,47,no CapnBry sighting at this spot
Vale of Mularn,100,young grendelorm,1,31230,49944,3,47,likely short: CapnBry saw 3 here
Vale of Mularn,100,young grendelorm,1,27468,51433,3,47,likely short: CapnBry saw 3 here
Vale of Mularn,100,young grendelorm,2,24577,30362,1,47,matches CapnBry (1-2 seen here)
Vale of Mularn,100,young grendelorm,1,52139,12058,1,47,matches CapnBry (1-2 seen here)
Vale of Mularn,100,young grendelorm,1,59012,5021,0,47,no CapnBry sighting at this spot
Vale of Mularn,100,young grendelorm,1,59246,31502,2,47,matches CapnBry (1-2 seen here)
Vale of Mularn,100,young grendelorm,2,24371,40785,2,47,matches CapnBry (1-2 seen here)
Vale of Mularn,100,young grendelorm,1,20584,50365,3,47,likely short: CapnBry saw 3 here
Vale of Mularn,100,young grendelorm,1,27961,29213,1,47,matches CapnBry (1-2 seen here)
Vale of Mularn,100,young grendelorm,1,59733,37737,1,47,matches CapnBry (1-2 seen here)
Vale of Mularn,100,young grendelorm,1,56711,39795,1,47,matches CapnBry (1-2 seen here)
Vale of Mularn,100,young grendelorm,1,17371,44129,1,47,matches CapnBry (1-2 seen here)
Vale of Mularn,100,young grendelorm,2,56838,32072,2,47,matches CapnBry (1-2 seen here)
Vale of Mularn,100,young grendelorm,1,22996,42251,2,47,matches CapnBry (1-2 seen here)
Vale of Mularn,100,young grendelorm,1,46918,18265,1,47,matches CapnBry (1-2 seen here)
Vale of Mularn,100,young grendelorm,1,45763,19913,1,47,matches CapnBry (1-2 seen here)
Vale of Mularn,100,young grendelorm,1,20770,40681,2,47,matches CapnBry (1-2 seen here)
Vale of Mularn,100,vein spiderling,1,44737,51461,0,23,no CapnBry sighting at this spot
Vale of Mularn,100,vein spiderling,1,56923,26894,0,23,no CapnBry sighting at this spot
Vale of Mularn,100,vein spiderling,1,57060,45662,0,23,no CapnBry sighting at this spot
Vale of Mularn,100,vein spiderling,1,44466,54426,0,23,no CapnBry sighting at this spot
Vale of Mularn,100,vein spiderling,2,54638,56480,0,23,no CapnBry sighting at this spot
Vale of Mularn,100,vein spiderling,1,57219,47747,0,23,no CapnBry sighting at this spot
Vale of Mularn,100,vein spiderling,2,52634,26473,0,23,no CapnBry sighting at this spot
Vale of Mularn,100,vein spiderling,2,50767,27182,0,23,no CapnBry sighting at this spot
Vale of Mularn,100,vein spiderling,2,47539,30011,0,23,no CapnBry sighting at this spot
Vale of Mularn,100,vein spiderling,1,42814,52256,0,23,no CapnBry sighting at this spot
Vale of Mularn,100,vein spiderling,1,53938,47921,0,23,no CapnBry sighting at this spot
Vale of Mularn,100,vein spiderling,1,46121,54987,0,23,no CapnBry sighting at this spot
Vale of Mularn,100,vein spiderling,1,43903,56376,0,23,no CapnBry sighting at this spot
Vale of Mularn,100,vein spiderling,1,45407,24756,0,23,no CapnBry sighting at this spot
Vale of Mularn,100,vein spiderling,1,46935,49195,0,23,no CapnBry sighting at this spot
Vale of Mularn,100,huldu outcast,2,54538,47897,2,10,matches CapnBry (1-2 seen here)
Vale of Mularn,100,huldu outcast,1,54229,44621,2,10,matches CapnBry (1-2 seen here)
Vale of Mularn,100,huldu outcast,2,59067,52488,2,10,matches CapnBry (1-2 seen here)
Vale of Mularn,100,huldu outcast,2,58188,45098,2,10,matches CapnBry (1-2 seen here)
Vale of Mularn,100,huldu outcast,1,54437,43121,2,10,matches CapnBry (1-2 seen here)
Vale of Mularn,100,huldu outcast,1,57191,48158,2,10,matches CapnBry (1-2 seen here)
Vale of Mularn,100,huldu outcast,1,57886,49962,2,10,matches CapnBry (1-2 seen here)
Vale of Mularn,100,huldu lurker,1,37217,54109,1,13,matches CapnBry (1-2 seen here)
Vale of Mularn,100,huldu lurker,1,41303,46194,1,13,matches CapnBry (1-2 seen here)
Vale of Mularn,100,huldu lurker,1,21201,34414,1,13,matches CapnBry (1-2 seen here)
Vale of Mularn,100,huldu lurker,2,58298,45482,2,13,matches CapnBry (1-2 seen here)
Vale of Mularn,100,huldu lurker,1,12212,41908,1,13,matches CapnBry (1-2 seen here)
Vale of Mularn,100,huldu lurker,1,42623,47071,1,13,matches CapnBry (1-2 seen here)
Vale of Mularn,100,huldu lurker,1,17292,33307,1,13,matches CapnBry (1-2 seen here)
Vale of Mularn,100,huldu lurker,1,19750,35870,1,13,matches CapnBry (1-2 seen here)
Vale of Mularn,100,huldu hunter,1,38755,60625,1,47,matches CapnBry (1-2 seen here)
Vale of Mularn,100,huldu hunter,1,12405,40340,4,47,likely short: CapnBry saw 4 here
Vale of Mularn,100,huldu hunter,1,34988,61637,1,47,matches CapnBry (1-2 seen here)
Vale of Mularn,100,huldu hunter,2,11084,43692,4,47,likely short: CapnBry saw 4 here
Vale of Mularn,100,huldu hunter,2,44503,35999,3,47,likely short: CapnBry saw 3 here
Vale of Mularn,100,huldu hunter,2,20849,35778,4,47,likely short: CapnBry saw 4 here
Vale of Mularn,100,huldu hunter,1,54530,12299,1,47,matches CapnBry (1-2 seen here)
Vale of Mularn,100,huldu hunter,1,34869,55002,5,47,likely short: CapnBry saw 5 here
Vale of Mularn,100,huldu hunter,1,9145,38887,2,47,matches CapnBry (1-2 seen here)
Vale of Mularn,100,huldu hunter,1,33852,30320,2,47,matches CapnBry (1-2 seen here)
Vale of Mularn,100,huldu hunter,1,18182,38868,3,47,likely short: CapnBry saw 3 here
Vale of Mularn,100,huldu hunter,1,43329,18568,1,47,matches CapnBry (1-2 seen here)
Vale of Mularn,100,huldu hunter,2,7600,45957,0,47,no CapnBry sighting at this spot
Vale of Mularn,100,huldu hunter,1,36640,56053,5,47,likely short: CapnBry saw 5 here
Vale of Mularn,100,huldu hunter,1,7802,41102,2,47,matches CapnBry (1-2 seen here)
Vale of Mularn,100,huldu hunter,1,11820,32830,1,47,matches CapnBry (1-2 seen here)
Vale of Mularn,100,huldu hunter,1,45865,37449,3,47,likely short: CapnBry saw 3 here
Vale of Mularn,100,huldu hunter,1,35986,31724,2,47,matches CapnBry (1-2 seen here)
Vale of Mularn,100,huldu hunter,1,38153,41376,1,47,matches CapnBry (1-2 seen here)
Vale of Mularn,100,huldu hunter,1,17635,32352,4,47,likely short: CapnBry saw 4 here
Vale of Mularn,100,huldu hunter,1,34354,27798,2,47,matches CapnBry (1-2 seen here)
Vale of Mularn,100,huldu hunter,1,39076,25143,1,47,matches CapnBry (1-2 seen here)
Vale of Mularn,100,huldu hunter,1,4922,41491,0,47,no CapnBry sighting at this spot
Vale of Mularn,100,huldu hunter,1,15114,43593,4,47,likely short: CapnBry saw 4 here
Vale of Mularn,100,huldu hunter,1,13014,43148,4,47,likely short: CapnBry saw 4 here
Vale of Mularn,100,huldu stalker,1,19541,42643,1,28,matches CapnBry (1-2 seen here)
Vale of Mularn,100,huldu stalker,1,20093,34722,3,28,likely short: CapnBry saw 3 here
Vale of Mularn,100,huldu stalker,1,31636,58246,0,28,no CapnBry sighting at this spot
Vale of Mularn,100,huldu stalker,1,35394,33820,2,28,matches CapnBry (1-2 seen here)
Vale of Mularn,100,huldu stalker,2,27981,48965,2,28,matches CapnBry (1-2 seen here)
Vale of Mularn,100,huldu stalker,2,36947,27890,2,28,matches CapnBry (1-2 seen here)
Vale of Mularn,100,huldu stalker,1,10698,46166,4,28,likely short: CapnBry saw 4 here
Vale of Mularn,100,huldu stalker,1,20798,31715,3,28,likely short: CapnBry saw 3 here
Vale of Mularn,100,huldu stalker,1,21139,56114,1,28,matches CapnBry (1-2 seen here)
Vale of Mularn,100,huldu stalker,1,13891,42370,4,28,likely short: CapnBry saw 4 here
Vale of Mularn,100,huldu stalker,1,20924,36264,2,28,matches CapnBry (1-2 seen here)
Vale of Mularn,100,huldu stalker,1,57146,11354,1,28,matches CapnBry (1-2 seen here)
Vale of Mularn,100,huldu stalker,1,8325,48100,1,28,matches CapnBry (1-2 seen here)
Vale of Mularn,100,huldu stalker,1,32918,29731,2,28,matches CapnBry (1-2 seen here)
Vale of Mularn,100,huldu stalker,1,33324,36807,2,28,matches CapnBry (1-2 seen here)
Vale of Mularn,100,huldu stalker,1,9786,48969,1,28,matches CapnBry (1-2 seen here)
Vale of Mularn,100,huldu stalker,1,18481,32038,3,28,likely short: CapnBry saw 3 here
Vale of Mularn,100,huldu stalker,2,22258,34063,3,28,likely short: CapnBry saw 3 here
Vale of Mularn,100,huldu stalker,1,30709,36856,2,28,matches CapnBry (1-2 seen here)
Vale of Mularn,100,huldu stalker,1,29992,57187,0,28,no CapnBry sighting at this spot
Vale of Mularn,100,huldu stalker,1,7645,44798,4,28,likely short: CapnBry saw 4 here
Vale of Mularn,100,huldu stalker,1,17007,33290,3,28,likely short: CapnBry saw 3 here
Vale of Mularn,100,rabid wolfhound,2,29698,18975,6,30,likely short: CapnBry saw 6 here
Vale of Mularn,100,rabid wolfhound,2,30254,11480,2,30,matches CapnBry (1-2 seen here)
Vale of Mularn,100,rabid wolfhound,1,31436,23335,6,30,likely short: CapnBry saw 6 here
Vale of Mularn,100,rabid wolfhound,1,29780,30663,9,30,likely short: CapnBry saw 9 here
Vale of Mularn,100,rabid wolfhound,1,31317,13646,2,30,matches CapnBry (1-2 seen here)
Vale of Mularn,100,wood-eater,1,47133,37502,4,31,likely short: CapnBry saw 4 here
Vale of Mularn,100,wood-eater,2,44600,35936,4,31,likely short: CapnBry saw 4 here
Vale of Mularn,100,wood-eater,2,57728,53051,0,31,no CapnBry sighting at this spot
Vale of Mularn,100,wood-eater,1,36533,45347,2,31,matches CapnBry (1-2 seen here)
Vale of Mularn,100,wood-eater,1,37509,26372,1,31,matches CapnBry (1-2 seen here)
Vale of Mularn,100,wood-eater,1,30161,46362,1,31,matches CapnBry (1-2 seen here)
Vale of Mularn,100,wood-eater,2,34616,51309,2,31,matches CapnBry (1-2 seen here)
Vale of Mularn,100,wood-eater,1,44304,18319,1,31,matches CapnBry (1-2 seen here)
Vale of Mularn,100,wood-eater,1,58514,54901,0,31,no CapnBry sighting at this spot
Vale of Mularn,100,wood-eater,1,33386,44502,1,31,matches CapnBry (1-2 seen here)
Vale of Mularn,100,wood-eater,1,40612,40744,2,31,matches CapnBry (1-2 seen here)
Vale of Mularn,100,hobgoblin snake-finder,2,46418,47706,0,7,no CapnBry sighting at this spot
Vale of Mularn,100,hobgoblin snake-finder,1,48082,32939,1,7,matches CapnBry (1-2 seen here)
Vale of Mularn,100,hobgoblin snake-finder,2,49279,23454,2,7,matches CapnBry (1-2 seen here)
Vale of Mularn,100,hobgoblin snake-finder,1,38732,32081,1,7,matches CapnBry (1-2 seen here)
Vale of Mularn,100,hobgoblin snake-finder,1,44487,57026,0,7,no CapnBry sighting at this spot
Vale of Mularn,100,hill person,2,55644,31808,4,53,likely short: CapnBry saw 4 here
Vale of Mularn,100,hill person,1,22685,39473,2,53,matches CapnBry (1-2 seen here)
Vale of Mularn,100,hill person,1,55599,5031,0,53,no CapnBry sighting at this spot
Vale of Mularn,100,hill person,1,23423,29991,1,53,matches CapnBry (1-2 seen here)
Vale of Mularn,100,hill person,1,58637,39596,3,53,likely short: CapnBry saw 3 here
Vale of Mularn,100,hill person,1,33631,37733,2,53,matches CapnBry (1-2 seen here)
Vale of Mularn,100,hill person,2,47532,20340,5,53,likely short: CapnBry saw 5 here
Vale of Mularn,100,hill person,1,58269,7808,0,53,no CapnBry sighting at this spot
Vale of Mularn,100,hill person,2,21158,55283,4,53,likely short: CapnBry saw 4 here
Vale of Mularn,100,hill person,1,35598,32552,2,53,matches CapnBry (1-2 seen here)
Vale of Mularn,100,hill person,1,24844,41866,2,53,matches CapnBry (1-2 seen here)
Vale of Mularn,100,hill person,1,28795,50534,2,53,matches CapnBry (1-2 seen here)
Vale of Mularn,100,hill person,1,36044,29176,1,53,matches CapnBry (1-2 seen here)
Vale of Mularn,100,hill person,1,27366,58446,1,53,matches CapnBry (1-2 seen here)
Vale of Mularn,100,hill person,1,19315,43875,3,53,likely short: CapnBry saw 3 here
Vale of Mularn,100,hill person,1,30100,59063,1,53,matches CapnBry (1-2 seen here)
Vale of Mularn,100,hill person,2,22137,57059,4,53,likely short: CapnBry saw 4 here
Vale of Mularn,100,hill person,1,25513,38921,2,53,matches CapnBry (1-2 seen here)
Vale of Mularn,100,hill person,1,21887,42084,3,53,likely short: CapnBry saw 3 here
Vale of Mularn,100,hill person,2,23571,48153,2,53,matches CapnBry (1-2 seen here)
Vale of Mularn,100,hill person,1,19094,46016,3,53,likely short: CapnBry saw 3 here
Vale of Mularn,100,hill person,1,36188,34237,2,53,matches CapnBry (1-2 seen here)
Vale of Mularn,100,hill person,1,23098,42992,2,53,matches CapnBry (1-2 seen here)
Vale of Mularn,100,hill person,1,47365,17929,5,53,likely short: CapnBry saw 5 here
Vale of Mularn,100,hill person,2,57231,39906,3,53,likely short: CapnBry saw 3 here
Vale of Mularn,100,hill person,1,30846,50725,2,53,matches CapnBry (1-2 seen here)
Vale of Mularn,100,hill person,1,17452,45121,3,53,likely short: CapnBry saw 3 here
Vale of Mularn,100,hill person,1,59839,24459,0,53,no CapnBry sighting at this spot
Vale of Mularn,100,hill person,1,38187,41024,1,53,matches CapnBry (1-2 seen here)
Vale of Mularn,100,hill person,1,23184,34124,1,53,matches CapnBry (1-2 seen here)
Vale of Mularn,100,mud snake,1,56413,23507,0,29,no CapnBry sighting at this spot
Vale of Mularn,100,mud snake,1,56695,50156,0,29,no CapnBry sighting at this spot
Vale of Mularn,100,mud snake,2,55241,55657,0,29,no CapnBry sighting at this spot
Vale of Mularn,100,mud snake,2,45867,26406,0,29,no CapnBry sighting at this spot
Vale of Mularn,100,mud snake,1,47305,46841,0,29,no CapnBry sighting at this spot
Vale of Mularn,100,mud snake,1,43970,53425,0,29,no CapnBry sighting at this spot
Vale of Mularn,100,mud snake,1,43656,51807,0,29,no CapnBry sighting at this spot
Vale of Mularn,100,mud snake,1,50290,21562,0,29,no CapnBry sighting at this spot
Vale of Mularn,100,mud snake,1,56201,48057,0,29,no CapnBry sighting at this spot
Vale of Mularn,100,mud snake,2,53712,27128,0,29,no CapnBry sighting at this spot
Vale of Mularn,100,mud snake,1,54394,46539,0,29,no CapnBry sighting at this spot
Vale of Mularn,100,mud snake,2,46068,48934,0,29,no CapnBry sighting at this spot
Vale of Mularn,100,mud snake,1,52349,19801,0,29,no CapnBry sighting at this spot
Vale of Mularn,100,phantom hound,1,32043,48052,1,14,matches CapnBry (1-2 seen here)
Vale of Mularn,100,phantom hound,1,58271,14402,1,14,matches CapnBry (1-2 seen here)
Vale of Mularn,100,phantom hound,1,35448,24208,1,14,matches CapnBry (1-2 seen here)
Vale of Mularn,100,phantom hound,1,60502,38428,1,14,matches CapnBry (1-2 seen here)
Vale of Mularn,100,phantom hound,1,35462,26322,1,14,matches CapnBry (1-2 seen here)
Vale of Mularn,100,phantom hound,2,21972,43314,2,14,matches CapnBry (1-2 seen here)
Vale of Mularn,100,phantom hound,1,26714,61518,2,14,matches CapnBry (1-2 seen here)
Vale of Mularn,100,phantom hound,1,29019,60395,2,14,matches CapnBry (1-2 seen here)
Vale of Mularn,100,phantom hound,1,26971,48216,1,14,matches CapnBry (1-2 seen here)
Vale of Mularn,100,phantom hound,1,41400,41237,1,14,matches CapnBry (1-2 seen here)
Vale of Mularn,100,phantom hound,1,27566,51037,1,14,matches CapnBry (1-2 seen here)
Vale of Mularn,100,phantom hound,1,21164,34660,1,14,matches CapnBry (1-2 seen here)
Vale of Mularn,100,phantom hound,1,45878,38379,1,14,matches CapnBry (1-2 seen here)
Vale of Mularn,100,wild hog,1,38129,27202,5,17,likely short: CapnBry saw 5 here
Vale of Mularn,100,wild hog,1,56254,20452,4,17,likely short: CapnBry saw 4 here
Vale of Mularn,100,wild hog,1,44129,32137,1,17,matches CapnBry (1-2 seen here)
Vale of Mularn,100,wild hog,1,38037,34947,5,17,likely short: CapnBry saw 5 here
Vale of Mularn,100,hill cat,1,23394,19913,2,34,matches CapnBry (1-2 seen here)
Vale of Mularn,100,hill cat,1,29695,49591,1,34,matches CapnBry (1-2 seen here)
Vale of Mularn,100,hill cat,2,26319,26611,2,34,matches CapnBry (1-2 seen here)
Vale of Mularn,100,hill cat,2,32011,16617,5,34,likely short: CapnBry saw 5 here
Vale of Mularn,100,hill cat,1,21657,16546,2,34,matches CapnBry (1-2 seen here)
Vale of Mularn,100,hill cat,1,17700,62087,1,34,matches CapnBry (1-2 seen here)
Vale of Mularn,100,hill cat,1,58741,38644,0,34,no CapnBry sighting at this spot
Vale of Mularn,100,hill cat,1,26368,42350,1,34,matches CapnBry (1-2 seen here)
Vale of Mularn,100,hill cat,1,21835,57320,1,34,matches CapnBry (1-2 seen here)
Vale of Mularn,100,hill cat,1,32952,13694,2,34,matches CapnBry (1-2 seen here)
Vale of Mularn,100,hill cat,1,37385,18975,5,34,likely short: CapnBry saw 5 here
Vale of Mularn,100,hill cat,1,34477,14107,2,34,matches CapnBry (1-2 seen here)
Vale of Mularn,100,hill cat,1,9393,27000,1,34,matches CapnBry (1-2 seen here)
Vale of Mularn,100,hill cat,1,26497,51596,1,34,matches CapnBry (1-2 seen here)
Vale of Mularn,100,hill cat,1,21979,14803,2,34,matches CapnBry (1-2 seen here)
Vale of Mularn,100,hill cat,1,36892,11650,2,34,matches CapnBry (1-2 seen here)
Vale of Mularn,100,hill cat,1,20932,48882,1,34,matches CapnBry (1-2 seen here)
Vale of Mularn,100,hill cat,1,42393,10255,2,34,matches CapnBry (1-2 seen here)
Vale of Mularn,100,hill cat,1,33883,16943,5,34,likely short: CapnBry saw 5 here
Vale of Mularn,100,hill cat,1,24399,18337,2,34,matches CapnBry (1-2 seen here)
Vale of Mularn,100,hill cat,1,30262,29131,1,34,matches CapnBry (1-2 seen here)
Vale of Mularn,100,hill cat,1,42027,22327,1,34,matches CapnBry (1-2 seen here)
Vale of Mularn,100,hill cat,2,40641,9607,2,34,matches CapnBry (1-2 seen here)
Vale of Mularn,100,hill cat,1,18356,33325,1,34,matches CapnBry (1-2 seen here)
Vale of Mularn,100,hobgoblin biter,1,38773,30654,1,1,matches CapnBry (1-2 seen here)
Vale of Mularn,100,gors,1,10701,28600,0,1,rare/named species (1-2 in whole zone)
Vale of Mularn,100,vasa,1,16665,56086,0,1,rare/named species (1-2 in whole zone)
Vale of Mularn,100,rasczel,1,41295,8860,0,1,rare/named species (1-2 in whole zone)
Vale of Mularn,100,hobyah,1,43991,11669,1,5,matches CapnBry (1-2 seen here)
Vale of Mularn,100,little water goblin,1,40031,25721,2,6,matches CapnBry (1-2 seen here)
Vale of Mularn,100,little water goblin,1,46755,38258,1,6,matches CapnBry (1-2 seen here)
Vale of Mularn,100,little water goblin,1,38791,27415,2,6,matches CapnBry (1-2 seen here)
Vale of Mularn,100,little water goblin,1,58185,20371,0,6,no CapnBry sighting at this spot
Vale of Mularn,100,little water goblin,1,37706,54473,1,6,matches CapnBry (1-2 seen here)
Vale of Mularn,100,little water goblin,1,39437,35166,1,6,matches CapnBry (1-2 seen here)
Vale of Mularn,100,wood-eater alate,1,32880,43926,1,2,matches CapnBry (1-2 seen here)
Vale of Mularn,100,wood-eater alate,1,38239,47237,1,2,matches CapnBry (1-2 seen here)
Vale of Mularn,100,vrede,1,25702,37133,0,1,rare/named species (1-2 in whole zone)
Vale of Mularn,100,scout haurg,1,19970,45798,0,1,rare/named species (1-2 in whole zone)
Vale of Mularn,100,hobgoblin prankster,1,39627,45644,1,29,matches CapnBry (1-2 seen here)
Vale of Mularn,100,hobgoblin prankster,1,32178,55612,5,29,likely short: CapnBry saw 5 here
Vale of Mularn,100,hobgoblin prankster,1,44105,36063,1,29,matches CapnBry (1-2 seen here)
Vale of Mularn,100,hobgoblin prankster,2,57252,14779,2,29,matches CapnBry (1-2 seen here)
Vale of Mularn,100,hobgoblin prankster,1,35967,61517,2,29,matches CapnBry (1-2 seen here)
Vale of Mularn,100,hobgoblin prankster,1,38438,58140,5,29,likely short: CapnBry saw 5 here
Vale of Mularn,100,hobgoblin prankster,1,40401,40819,1,29,matches CapnBry (1-2 seen here)
Vale of Mularn,100,hobgoblin prankster,2,45496,15477,3,29,likely short: CapnBry saw 3 here
Vale of Mularn,100,vendo shaman,2,39090,12257,2,4,matches CapnBry (1-2 seen here)
Vale of Mularn,100,vendo shaman,1,38238,6954,2,4,matches CapnBry (1-2 seen here)
Vale of Mularn,100,vendo shaman,1,42499,10042,2,4,matches CapnBry (1-2 seen here)
Vale of Mularn,100,rattling skeleton,2,45469,53882,2,10,matches CapnBry (1-2 seen here)
Vale of Mularn,100,rattling skeleton,1,46715,47817,1,10,matches CapnBry (1-2 seen here)
Vale of Mularn,100,rattling skeleton,1,54972,56122,1,10,matches CapnBry (1-2 seen here)
Vale of Mularn,100,meandering spirit,2,46523,26269,2,2,matches CapnBry (1-2 seen here)
Vale of Mularn,100,wood-eater worker,1,34171,50867,3,4,likely short: CapnBry saw 3 here
Vale of Mularn,100,wood-eater worker,2,33500,54151,3,4,likely short: CapnBry saw 3 here
Vale of Mularn,100,wood-eater worker,1,36031,53644,3,4,likely short: CapnBry saw 3 here
Vale of Mularn,100,vendo bone-collector,1,29732,15504,1,7,matches CapnBry (1-2 seen here)
Vale of Mularn,100,vendo bone-collector,2,16598,10381,1,7,matches CapnBry (1-2 seen here)
Vale of Mularn,100,vendo bone-collector,1,24261,9303,1,7,matches CapnBry (1-2 seen here)
Vale of Mularn,100,spat,1,34045,40966,0,1,rare/named species (1-2 in whole zone)
Vale of Mularn,100,wood-eater royal guard,1,29557,56331,2,2,matches CapnBry (1-2 seen here)
Vale of Mularn,100,wood-eater royal guard,1,33504,55526,2,2,matches CapnBry (1-2 seen here)
Vale of Mularn,100,gulak,1,35120,60068,0,1,rare/named species (1-2 in whole zone)
Vale of Mularn,100,wood-eater soldier,2,38714,47558,2,3,matches CapnBry (1-2 seen here)
Vale of Mularn,100,wood-eater soldier,1,41893,42365,1,3,matches CapnBry (1-2 seen here)
Vale of Mularn,100,votan,1,45211,54720,0,1,rare/named species (1-2 in whole zone)
Vale of Mularn,100,vendo stalker,1,25934,23562,1,1,matches CapnBry (1-2 seen here)
Vale of Mularn,100,galkvinne,1,40774,6970,0,1,rare/named species (1-2 in whole zone)
Vale of Mularn,100,hobgoblin prowler,1,39808,30579,1,1,matches CapnBry (1-2 seen here)
Vale of Mularn,100,prugor,1,29081,16892,0,1,rare/named species (1-2 in whole zone)
Vale of Mularn,100,asbjom,1,26424,3596,0,1,rare/named species (1-2 in whole zone)
Vale of Mularn,100,hobgoblin fish-catcher,1,46207,48325,0,1,rare/named species (1-2 in whole zone)
Vale of Mularn,100,birk,1,9466,13081,0,1,rare/named species (1-2 in whole zone)
Vale of Mularn,100,wood-eater hunter,1,34540,43288,1,2,matches CapnBry (1-2 seen here)
Vale of Mularn,100,wood-eater hunter,1,34954,50699,1,2,matches CapnBry (1-2 seen here)
Vale of Mularn,100,scout grogor,1,43374,24768,0,1,rare/named species (1-2 in whole zone)
Vale of Mularn,100,nordic dirge,1,12268,61476,0,1,rare/named species (1-2 in whole zone)
Vale of Mularn,100,smyga,1,38592,32000,0,1,rare/named species (1-2 in whole zone)
East Svealand,101,roaming dirge,2,2175,34258,3,30,likely short: CapnBry saw 3 here
East Svealand,101,roaming dirge,2,23835,7571,7,30,likely short: CapnBry saw 7 here
East Svealand,101,roaming dirge,1,17496,28141,0,30,no CapnBry sighting at this spot
East Svealand,101,roaming dirge,1,22507,33216,2,30,matches CapnBry (1-2 seen here)
East Svealand,101,roaming dirge,1,24738,10751,7,30,likely short: CapnBry saw 7 here
East Svealand,101,roaming dirge,1,13230,48084,1,30,matches CapnBry (1-2 seen here)
East Svealand,101,roaming dirge,1,26343,32079,2,30,matches CapnBry (1-2 seen here)
East Svealand,101,roaming dirge,1,23712,30114,2,30,matches CapnBry (1-2 seen here)
East Svealand,101,roaming dirge,1,20299,35488,0,30,no CapnBry sighting at this spot
East Svealand,101,roaming dirge,1,29584,3679,0,30,no CapnBry sighting at this spot
East Svealand,101,roaming dirge,1,38780,30708,1,30,matches CapnBry (1-2 seen here)
East Svealand,101,roaming dirge,2,37125,2358,2,30,matches CapnBry (1-2 seen here)
East Svealand,101,roaming dirge,1,36763,30719,1,30,matches CapnBry (1-2 seen here)
East Svealand,101,roaming dirge,1,1781,37756,3,30,likely short: CapnBry saw 3 here
East Svealand,101,nordic dirge,1,12072,10732,1,37,matches CapnBry (1-2 seen here)
East Svealand,101,nordic dirge,2,16638,6314,0,37,no CapnBry sighting at this spot
East Svealand,101,nordic dirge,1,19895,8703,4,37,likely short: CapnBry saw 4 here
East Svealand,101,nordic dirge,2,11097,49832,2,37,matches CapnBry (1-2 seen here)
East Svealand,101,nordic dirge,2,25321,6919,4,37,likely short: CapnBry saw 4 here
East Svealand,101,nordic dirge,2,29183,28739,3,37,likely short: CapnBry saw 3 here
East Svealand,101,nordic dirge,1,20705,35898,0,37,no CapnBry sighting at this spot
East Svealand,101,nordic dirge,1,33143,2909,2,37,matches CapnBry (1-2 seen here)
East Svealand,101,nordic dirge,1,672,13330,2,37,matches CapnBry (1-2 seen here)
East Svealand,101,nordic dirge,1,13758,7724,1,37,matches CapnBry (1-2 seen here)
East Svealand,101,nordic dirge,1,14297,10977,1,37,matches CapnBry (1-2 seen here)
East Svealand,101,nordic dirge,1,22431,29043,1,37,matches CapnBry (1-2 seen here)
East Svealand,101,nordic dirge,1,18653,7128,0,37,no CapnBry sighting at this spot
East Svealand,101,nordic dirge,2,33651,4753,2,37,matches CapnBry (1-2 seen here)
East Svealand,101,nordic dirge,1,37419,1543,2,37,matches CapnBry (1-2 seen here)
East Svealand,101,nordic dirge,1,34411,34231,1,37,matches CapnBry (1-2 seen here)
East Svealand,101,nordic dirge,2,28882,8855,4,37,likely short: CapnBry saw 4 here
East Svealand,101,nordic dirge,1,579,11464,2,37,matches CapnBry (1-2 seen here)
East Svealand,101,nordic dirge,1,35947,3312,2,37,matches CapnBry (1-2 seen here)
East Svealand,101,nordic dirge,1,25558,28060,3,37,likely short: CapnBry saw 3 here
East Svealand,101,nordic dirge,1,2080,9872,2,37,matches CapnBry (1-2 seen here)
East Svealand,101,nordic dirge,1,21770,37160,0,37,no CapnBry sighting at this spot
East Svealand,101,nordic dirge,1,15719,31378,1,37,matches CapnBry (1-2 seen here)
East Svealand,101,nordic dirge,1,22835,6737,4,37,likely short: CapnBry saw 4 here
East Svealand,101,fragile skeleton,1,27357,8107,1,31,matches CapnBry (1-2 seen here)
East Svealand,101,fragile skeleton,1,9612,9308,3,31,likely short: CapnBry saw 3 here
East Svealand,101,fragile skeleton,1,25515,9108,1,31,matches CapnBry (1-2 seen here)
East Svealand,101,fragile skeleton,2,2576,12118,5,31,likely short: CapnBry saw 5 here
East Svealand,101,rock crab,1,12262,63613,2,59,matches CapnBry (1-2 seen here)
East Svealand,101,rock crab,2,10006,35928,0,59,no CapnBry sighting at this spot
East Svealand,101,rock crab,1,39526,50421,1,59,matches CapnBry (1-2 seen here)
East Svealand,101,rock crab,1,25526,8503,1,59,matches CapnBry (1-2 seen here)
East Svealand,101,rock crab,1,29894,30547,1,59,matches CapnBry (1-2 seen here)
East Svealand,101,rock crab,2,49233,43318,3,59,likely short: CapnBry saw 3 here
East Svealand,101,rock crab,1,34832,32187,1,59,matches CapnBry (1-2 seen here)
East Svealand,101,rock crab,2,2065,35115,2,59,matches CapnBry (1-2 seen here)
East Svealand,101,rock crab,1,7374,63133,2,59,matches CapnBry (1-2 seen here)
East Svealand,101,rock crab,1,57990,28752,0,59,no CapnBry sighting at this spot
East Svealand,101,rock crab,2,45902,46788,3,59,likely short: CapnBry saw 3 here
East Svealand,101,rock crab,1,6934,65165,2,59,matches CapnBry (1-2 seen here)
East Svealand,101,rock crab,2,21715,8318,1,59,matches CapnBry (1-2 seen here)
East Svealand,101,rock crab,1,43392,36012,1,59,matches CapnBry (1-2 seen here)
East Svealand,101,rock crab,1,7136,32000,0,59,no CapnBry sighting at this spot
East Svealand,101,rock crab,1,9837,64264,2,59,matches CapnBry (1-2 seen here)
East Svealand,101,rock crab,1,15417,11508,2,59,matches CapnBry (1-2 seen here)
East Svealand,101,rock crab,1,28964,51045,1,59,matches CapnBry (1-2 seen here)
East Svealand,101,rock crab,1,50299,38726,1,59,matches CapnBry (1-2 seen here)
East Svealand,101,rock crab,1,33337,2323,1,59,matches CapnBry (1-2 seen here)
East Svealand,101,rock crab,1,17071,35773,1,59,matches CapnBry (1-2 seen here)
East Svealand,101,rock crab,1,29430,47606,1,59,matches CapnBry (1-2 seen here)
East Svealand,101,rock crab,1,23557,7090,1,59,matches CapnBry (1-2 seen here)
East Svealand,101,rock crab,2,34792,4362,1,59,matches CapnBry (1-2 seen here)
East Svealand,101,rock crab,1,19716,31380,1,59,matches CapnBry (1-2 seen here)
East Svealand,101,rock crab,1,58192,35005,9,59,likely short: CapnBry saw 9 here
East Svealand,101,rock crab,1,17458,43059,1,59,matches CapnBry (1-2 seen here)
East Svealand,101,rock crab,1,11695,35509,0,59,no CapnBry sighting at this spot
East Svealand,101,rock crab,1,6713,47983,1,59,matches CapnBry (1-2 seen here)
East Svealand,101,rock crab,1,24605,44728,1,59,matches CapnBry (1-2 seen here)
East Svealand,101,rock crab,1,43340,47791,3,59,likely short: CapnBry saw 3 here
East Svealand,101,rock crab,1,23537,41584,1,59,matches CapnBry (1-2 seen here)
East Svealand,101,bonk,1,47990,30066,0,1,rare/named species (1-2 in whole zone)
East Svealand,101,wind wisp,2,1580,51219,0,7,no CapnBry sighting at this spot
East Svealand,101,sveawolf,1,3986,15968,1,2,matches CapnBry (1-2 seen here)
East Svealand,101,sveawolf,1,1144,10180,0,2,rare/named species (1-2 in whole zone)
East Svealand,101,lupine snarler,1,2007,11345,1,42,matches CapnBry (1-2 seen here)
East Svealand,101,lupine snarler,2,17379,7653,3,42,likely short: CapnBry saw 3 here
East Svealand,101,lupine snarler,1,8774,8962,2,42,matches CapnBry (1-2 seen here)
East Svealand,101,lupine snarler,1,38676,14268,1,42,matches CapnBry (1-2 seen here)
East Svealand,101,lupine snarler,1,41080,6009,2,42,matches CapnBry (1-2 seen here)
East Svealand,101,lupine snarler,2,11057,7240,2,42,matches CapnBry (1-2 seen here)
East Svealand,101,lupine snarler,1,45926,8192,2,42,matches CapnBry (1-2 seen here)
East Svealand,101,lupine snarler,1,29160,7406,3,42,likely short: CapnBry saw 3 here
East Svealand,101,lupine snarler,1,43878,8241,2,42,matches CapnBry (1-2 seen here)
East Svealand,101,lupine snarler,1,20570,6155,3,42,likely short: CapnBry saw 3 here
East Svealand,101,lupine snarler,1,27023,7314,3,42,likely short: CapnBry saw 3 here
East Svealand,101,lupine snarler,1,28008,5490,3,42,likely short: CapnBry saw 3 here
East Svealand,101,lupine snarler,2,39321,3437,2,42,matches CapnBry (1-2 seen here)
East Svealand,101,lupine snarler,1,35443,7487,2,42,matches CapnBry (1-2 seen here)
East Svealand,101,lupine snarler,1,34663,5047,2,42,matches CapnBry (1-2 seen here)
East Svealand,101,lupine snarler,1,61099,30964,2,42,matches CapnBry (1-2 seen here)
East Svealand,101,spindly rock crab,1,7887,56413,2,29,matches CapnBry (1-2 seen here)
East Svealand,101,spindly rock crab,1,28131,44786,1,29,matches CapnBry (1-2 seen here)
East Svealand,101,spindly rock crab,1,27929,54807,1,29,matches CapnBry (1-2 seen here)
East Svealand,101,spindly rock crab,2,27688,61290,2,29,matches CapnBry (1-2 seen here)
East Svealand,101,spindly rock crab,1,23107,55204,2,29,matches CapnBry (1-2 seen here)
East Svealand,101,spindly rock crab,1,29182,65215,1,29,matches CapnBry (1-2 seen here)
East Svealand,101,spindly rock crab,1,41919,49317,2,29,matches CapnBry (1-2 seen here)
East Svealand,101,spindly rock crab,2,14264,57400,2,29,matches CapnBry (1-2 seen here)
East Svealand,101,spindly rock crab,2,12297,53926,2,29,matches CapnBry (1-2 seen here)
East Svealand,101,spindly rock crab,2,25024,59001,2,29,matches CapnBry (1-2 seen here)
East Svealand,101,spindly rock crab,1,50246,40047,2,29,matches CapnBry (1-2 seen here)
East Svealand,101,spindly rock crab,1,39735,50287,2,29,matches CapnBry (1-2 seen here)
East Svealand,101,spindly rock crab,2,55770,36642,2,29,matches CapnBry (1-2 seen here)
East Svealand,101,spindly rock crab,1,17777,56860,2,29,matches CapnBry (1-2 seen here)
East Svealand,101,spindly rock crab,1,24549,44574,1,29,matches CapnBry (1-2 seen here)
East Svealand,101,spindly rock crab,1,16284,47625,1,29,matches CapnBry (1-2 seen here)
East Svealand,101,spindly rock crab,2,23538,41453,1,29,matches CapnBry (1-2 seen here)
East Svealand,101,spindly rock crab,1,31365,54017,1,29,matches CapnBry (1-2 seen here)
East Svealand,101,spindly rock crab,1,23169,57928,2,29,matches CapnBry (1-2 seen here)
East Svealand,101,spindly rock crab,1,46349,42396,2,29,matches CapnBry (1-2 seen here)
East Svealand,101,spindly rock crab,1,50449,38198,1,29,matches CapnBry (1-2 seen here)
East Svealand,101,spindly rock crab,1,20014,57413,2,29,matches CapnBry (1-2 seen here)
East Svealand,101,spindly rock crab,1,49340,43404,2,29,matches CapnBry (1-2 seen here)
East Svealand,101,army ant worker,2,16892,63473,9,46,likely short: CapnBry saw 9 here
East Svealand,101,army ant worker,1,2751,51307,3,46,likely short: CapnBry saw 3 here
East Svealand,101,army ant worker,2,8288,43650,2,46,matches CapnBry (1-2 seen here)
East Svealand,101,army ant worker,1,920,51570,2,46,matches CapnBry (1-2 seen here)
East Svealand,101,army ant worker,2,2019,48346,3,46,likely short: CapnBry saw 3 here
East Svealand,101,army ant worker,2,8215,46297,3,46,likely short: CapnBry saw 3 here
East Svealand,101,army ant worker,1,8779,30751,0,46,no CapnBry sighting at this spot
East Svealand,101,army ant worker,1,8253,61119,2,46,matches CapnBry (1-2 seen here)
East Svealand,101,army ant worker,2,11356,62579,2,46,matches CapnBry (1-2 seen here)
East Svealand,101,army ant worker,1,13702,64458,2,46,matches CapnBry (1-2 seen here)
East Svealand,101,army ant worker,2,8451,62872,2,46,matches CapnBry (1-2 seen here)
East Svealand,101,army ant worker,1,5174,36667,1,46,matches CapnBry (1-2 seen here)
East Svealand,101,army ant worker,1,19726,59691,9,46,likely short: CapnBry saw 9 here
East Svealand,101,army ant worker,2,10559,32859,0,46,no CapnBry sighting at this spot
East Svealand,101,army ant worker,2,4890,47741,3,46,likely short: CapnBry saw 3 here
East Svealand,101,army ant worker,1,1569,33792,1,46,matches CapnBry (1-2 seen here)
East Svealand,101,army ant worker,1,25301,51789,1,46,matches CapnBry (1-2 seen here)
East Svealand,101,army ant worker,1,11769,37232,0,46,no CapnBry sighting at this spot
East Svealand,101,army ant worker,1,35359,48382,1,46,matches CapnBry (1-2 seen here)
East Svealand,101,army ant worker,1,10611,44297,2,46,matches CapnBry (1-2 seen here)
East Svealand,101,army ant worker,1,27263,50100,1,46,matches CapnBry (1-2 seen here)
East Svealand,101,army ant worker,1,12083,65468,2,46,matches CapnBry (1-2 seen here)
East Svealand,101,tomte aggressor,1,48750,30064,0,8,no CapnBry sighting at this spot
East Svealand,101,smiera-gatto,2,45926,36793,2,26,matches CapnBry (1-2 seen here)
East Svealand,101,smiera-gatto,1,45190,32742,2,26,matches CapnBry (1-2 seen here)
East Svealand,101,smiera-gatto,1,1063,51762,5,26,likely short: CapnBry saw 5 here
East Svealand,101,smiera-gatto,1,11368,64500,1,26,matches CapnBry (1-2 seen here)
East Svealand,101,smiera-gatto,1,2492,10119,2,26,matches CapnBry (1-2 seen here)
East Svealand,101,smiera-gatto,1,1205,34879,1,26,matches CapnBry (1-2 seen here)
East Svealand,101,smiera-gatto,1,27067,28579,1,26,matches CapnBry (1-2 seen here)
East Svealand,101,smiera-gatto,2,24543,8282,1,26,matches CapnBry (1-2 seen here)
East Svealand,101,smiera-gatto,2,32709,9047,2,26,matches CapnBry (1-2 seen here)
East Svealand,101,smiera-gatto,1,976,8677,2,26,matches CapnBry (1-2 seen here)
East Svealand,101,smiera-gatto,1,16131,8725,3,26,likely short: CapnBry saw 3 here
East Svealand,101,smiera-gatto,1,36571,9459,2,26,matches CapnBry (1-2 seen here)
East Svealand,101,smiera-gatto,1,6333,32883,1,26,matches CapnBry (1-2 seen here)
East Svealand,101,smiera-gatto,1,8880,10843,1,26,matches CapnBry (1-2 seen here)
East Svealand,101,smiera-gatto,1,839,26269,1,26,matches CapnBry (1-2 seen here)
East Svealand,101,black mauler juvenile,2,21316,14834,2,31,matches CapnBry (1-2 seen here)
East Svealand,101,black mauler juvenile,1,44399,36416,2,31,matches CapnBry (1-2 seen here)
East Svealand,101,black mauler juvenile,2,11074,63911,2,31,matches CapnBry (1-2 seen here)
East Svealand,101,black mauler juvenile,1,45890,36716,2,31,matches CapnBry (1-2 seen here)
East Svealand,101,black mauler juvenile,1,17280,36502,0,31,no CapnBry sighting at this spot
East Svealand,101,black mauler juvenile,1,26301,50954,1,31,matches CapnBry (1-2 seen here)
East Svealand,101,black mauler juvenile,1,24650,8511,2,31,matches CapnBry (1-2 seen here)
East Svealand,101,black mauler juvenile,1,1765,10832,1,31,matches CapnBry (1-2 seen here)
East Svealand,101,black mauler juvenile,1,27363,28958,1,31,matches CapnBry (1-2 seen here)
East Svealand,101,black mauler juvenile,1,3136,32966,2,31,matches CapnBry (1-2 seen here)
East Svealand,101,black mauler juvenile,1,36642,9834,1,31,matches CapnBry (1-2 seen here)
East Svealand,101,black mauler juvenile,1,33333,9732,1,31,matches CapnBry (1-2 seen here)
East Svealand,101,black mauler juvenile,2,3801,37013,2,31,matches CapnBry (1-2 seen here)
East Svealand,101,black mauler juvenile,2,1777,51883,2,31,matches CapnBry (1-2 seen here)
East Svealand,101,black mauler juvenile,1,7382,44087,1,31,matches CapnBry (1-2 seen here)
East Svealand,101,black mauler juvenile,1,23966,11550,2,31,matches CapnBry (1-2 seen here)
East Svealand,101,black mauler juvenile,1,36274,46621,1,31,matches CapnBry (1-2 seen here)
East Svealand,101,black mauler juvenile,1,18548,62276,0,31,no CapnBry sighting at this spot
East Svealand,101,black mauler juvenile,1,918,37153,2,31,matches CapnBry (1-2 seen here)
East Svealand,101,black mauler juvenile,1,37057,34818,1,31,matches CapnBry (1-2 seen here)
East Svealand,101,black mauler juvenile,1,23358,10072,2,31,matches CapnBry (1-2 seen here)
East Svealand,101,black mauler juvenile,1,14878,21988,1,31,matches CapnBry (1-2 seen here)
East Svealand,101,black mauler juvenile,1,21002,22431,1,31,matches CapnBry (1-2 seen here)
East Svealand,101,black mauler juvenile,1,3445,13152,1,31,matches CapnBry (1-2 seen here)
East Svealand,101,soft-shelled crab,1,49963,19605,1,4,matches CapnBry (1-2 seen here)
East Svealand,101,soft-shelled crab,2,54702,14080,1,4,matches CapnBry (1-2 seen here)
East Svealand,101,soft-shelled crab,1,52132,19987,1,4,matches CapnBry (1-2 seen here)
East Svealand,101,tomte skirmisher,1,37591,26693,1,15,matches CapnBry (1-2 seen here)
East Svealand,101,tomte skirmisher,2,37668,36213,2,15,matches CapnBry (1-2 seen here)
East Svealand,101,tomte skirmisher,1,31319,31128,1,15,matches CapnBry (1-2 seen here)
East Svealand,101,envy drakeling,2,31821,44659,0,14,no CapnBry sighting at this spot
East Svealand,101,vein spiderling,2,42676,10704,0,5,no CapnBry sighting at this spot
East Svealand,101,vein spiderling,1,46311,12565,0,5,no CapnBry sighting at this spot
East Svealand,101,vein spiderling,1,61343,21241,0,5,no CapnBry sighting at this spot
East Svealand,101,vein spiderling,1,50088,12174,0,5,no CapnBry sighting at this spot
East Svealand,101,army ant soldier,1,26223,49426,1,23,matches CapnBry (1-2 seen here)
East Svealand,101,whirlwind,2,57394,50308,0,2,rare/named species (1-2 in whole zone)
East Svealand,101,green serpent,1,41196,10280,3,38,likely short: CapnBry saw 3 here
East Svealand,101,green serpent,1,60174,37852,1,38,matches CapnBry (1-2 seen here)
East Svealand,101,green serpent,1,27112,4530,2,38,matches CapnBry (1-2 seen here)
East Svealand,101,green serpent,1,9131,7945,1,38,matches CapnBry (1-2 seen here)
East Svealand,101,green serpent,1,37025,6357,2,38,matches CapnBry (1-2 seen here)
East Svealand,101,green serpent,2,7665,8570,1,38,matches CapnBry (1-2 seen here)
East Svealand,101,green serpent,1,742,9084,1,38,matches CapnBry (1-2 seen here)
East Svealand,101,green serpent,2,35286,8606,2,38,matches CapnBry (1-2 seen here)
East Svealand,101,green serpent,2,19741,6569,3,38,likely short: CapnBry saw 3 here
East Svealand,101,green serpent,1,2736,12972,1,38,matches CapnBry (1-2 seen here)
East Svealand,101,green serpent,2,40751,5585,3,38,likely short: CapnBry saw 3 here
East Svealand,101,green serpent,1,17916,7884,3,38,likely short: CapnBry saw 3 here
East Svealand,101,green serpent,1,28722,5706,2,38,matches CapnBry (1-2 seen here)
East Svealand,101,tomte pillager,1,23779,63761,3,13,likely short: CapnBry saw 3 here
East Svealand,101,tomte pillager,1,35438,55756,1,13,matches CapnBry (1-2 seen here)
East Svealand,101,tomte pillager,2,22785,62707,3,13,likely short: CapnBry saw 3 here
East Svealand,101,tomte pillager,1,48193,30320,0,13,no CapnBry sighting at this spot
East Svealand,101,tomte pillager,1,22345,60554,3,13,likely short: CapnBry saw 3 here
East Svealand,101,tomte pillager,1,30592,30591,1,13,matches CapnBry (1-2 seen here)
East Svealand,101,young sveawolf,1,44370,7573,2,9,matches CapnBry (1-2 seen here)
East Svealand,101,young sveawolf,1,47173,13141,1,9,matches CapnBry (1-2 seen here)
East Svealand,101,young sveawolf,1,50013,11521,1,9,matches CapnBry (1-2 seen here)
East Svealand,101,young sveawolf,1,61638,20179,1,9,matches CapnBry (1-2 seen here)
East Svealand,101,young sveawolf,1,62472,14390,1,9,matches CapnBry (1-2 seen here)
East Svealand,101,young sveawolf,1,41183,39914,1,9,matches CapnBry (1-2 seen here)
East Svealand,101,young sveawolf,2,43087,9980,2,9,matches CapnBry (1-2 seen here)
East Svealand,101,young sveawolf,1,51694,8407,1,9,matches CapnBry (1-2 seen here)
East Svealand,101,riv,1,20444,46076,0,1,rare/named species (1-2 in whole zone)
East Svealand,101,sveawolf mother,2,8158,8348,3,26,likely short: CapnBry saw 3 here
East Svealand,101,sveawolf mother,1,53,16708,2,26,matches CapnBry (1-2 seen here)
East Svealand,101,sveawolf mother,1,15255,35036,0,26,no CapnBry sighting at this spot
East Svealand,101,sveawolf mother,1,34105,42899,1,26,matches CapnBry (1-2 seen here)
East Svealand,101,sveawolf mother,1,25188,10942,2,26,matches CapnBry (1-2 seen here)
East Svealand,101,sveawolf mother,1,19576,35012,0,26,no CapnBry sighting at this spot
East Svealand,101,sveawolf mother,1,47518,33559,1,26,matches CapnBry (1-2 seen here)
East Svealand,101,sveawolf mother,1,10586,62583,1,26,matches CapnBry (1-2 seen here)
East Svealand,101,sveawolf mother,1,4018,14635,2,26,matches CapnBry (1-2 seen here)
East Svealand,101,sveawolf mother,2,1490,34034,1,26,matches CapnBry (1-2 seen here)
East Svealand,101,sveawolf mother,1,21751,10358,2,26,matches CapnBry (1-2 seen here)
East Svealand,101,sveawolf mother,1,3359,9390,1,26,matches CapnBry (1-2 seen here)
East Svealand,101,sveawolf mother,1,11186,64975,1,26,matches CapnBry (1-2 seen here)
East Svealand,101,sveawolf mother,1,8724,10296,3,26,likely short: CapnBry saw 3 here
East Svealand,101,sveawolf mother,1,45502,37350,1,26,matches CapnBry (1-2 seen here)
East Svealand,101,sveawolf mother,1,21253,33506,0,26,no CapnBry sighting at this spot
East Svealand,101,sveawolf mother,1,15993,8365,1,26,matches CapnBry (1-2 seen here)
East Svealand,101,lupine gnawer,1,59273,33429,0,14,no CapnBry sighting at this spot
East Svealand,101,lupine gnawer,1,46868,11818,0,14,no CapnBry sighting at this spot
East Svealand,101,lupine gnawer,1,50124,11660,0,14,no CapnBry sighting at this spot
East Svealand,101,lupine gnawer,1,57629,31348,0,14,no CapnBry sighting at this spot
East Svealand,101,lupine gnawer,2,62272,14784,0,14,no CapnBry sighting at this spot
East Svealand,101,lupine gnawer,1,62140,19938,0,14,no CapnBry sighting at this spot
East Svealand,101,tawny lynx cub,1,62718,14189,0,7,no CapnBry sighting at this spot
East Svealand,101,young lynx,1,36571,5980,4,17,likely short: CapnBry saw 4 here
East Svealand,101,young lynx,1,46036,8630,3,17,likely short: CapnBry saw 3 here
East Svealand,101,young lynx,1,40924,13874,3,17,likely short: CapnBry saw 3 here
East Svealand,101,young lynx,1,41776,2176,1,17,matches CapnBry (1-2 seen here)
East Svealand,101,young lynx,1,59354,37775,1,17,matches CapnBry (1-2 seen here)
East Svealand,101,young lynx,2,38648,13269,3,17,likely short: CapnBry saw 3 here
East Svealand,101,young lynx,2,41758,10510,3,17,likely short: CapnBry saw 3 here
East Svealand,101,young lynx,1,35873,7595,4,17,likely short: CapnBry saw 4 here
East Svealand,101,wildling,2,47687,12836,0,22,no CapnBry sighting at this spot
East Svealand,101,wildling,1,43263,10531,0,22,no CapnBry sighting at this spot
East Svealand,101,wildling,1,62300,20450,0,22,no CapnBry sighting at this spot
East Svealand,101,wildling,1,40458,1727,0,22,no CapnBry sighting at this spot
East Svealand,101,wildling,1,40225,5828,0,22,no CapnBry sighting at this spot
East Svealand,101,wildling,2,5223,10161,0,22,no CapnBry sighting at this spot
East Svealand,101,water snake,2,2627,41538,0,3,no CapnBry sighting at this spot
East Svealand,101,water snake,1,4650,41383,0,3,no CapnBry sighting at this spot
East Svealand,101,rugged dwarven pony,2,20875,10871,1,12,matches CapnBry (1-2 seen here)
East Svealand,101,rugged dwarven pony,2,21022,15120,1,12,matches CapnBry (1-2 seen here)
East Svealand,101,rugged dwarven pony,1,27880,8551,1,12,matches CapnBry (1-2 seen here)
East Svealand,101,wayward ghoul,1,1618,8575,1,7,matches CapnBry (1-2 seen here)
East Svealand,101,wayward ghoul,1,29860,3176,0,7,no CapnBry sighting at this spot
East Svealand,101,wayward ghoul,1,20091,8302,2,7,matches CapnBry (1-2 seen here)
East Svealand,101,wayward ghoul,1,18500,5363,2,7,matches CapnBry (1-2 seen here)
East Svealand,101,tomte thug,2,36094,27099,2,20,matches CapnBry (1-2 seen here)
East Svealand,101,tomte thug,2,30587,31079,2,20,matches CapnBry (1-2 seen here)
East Svealand,101,tomte thug,1,47813,30338,0,20,no CapnBry sighting at this spot
East Svealand,101,tomte thug,1,28942,54764,1,20,matches CapnBry (1-2 seen here)
East Svealand,101,tomte thug,2,37252,35714,2,20,matches CapnBry (1-2 seen here)
East Svealand,101,tawny lynx,1,27918,9746,0,1,rare/named species (1-2 in whole zone)
East Svealand,101,mud snake,1,49998,11781,0,7,no CapnBry sighting at this spot
East Svealand,101,mud snake,1,59282,33307,0,7,no CapnBry sighting at this spot
East Svealand,101,mud snake,1,61712,20029,0,7,no CapnBry sighting at this spot
East Svealand,101,mud snake,1,46829,12330,0,7,no CapnBry sighting at this spot
East Svealand,101,escaped thrall,1,1404,14335,1,5,matches CapnBry (1-2 seen here)
East Svealand,101,escaped thrall,1,59806,38606,1,5,matches CapnBry (1-2 seen here)
East Svealand,101,harvestman,1,43056,15218,1,8,matches CapnBry (1-2 seen here)
East Svealand,101,harvestman,1,36500,7772,1,8,matches CapnBry (1-2 seen here)
East Svealand,101,harvestman,1,39262,12950,1,8,matches CapnBry (1-2 seen here)
East Svealand,101,harvestman,1,14378,22476,1,8,matches CapnBry (1-2 seen here)
East Svealand,101,harvestman,1,37965,7150,1,8,matches CapnBry (1-2 seen here)
East Svealand,101,harvestman,1,39288,4173,1,8,matches CapnBry (1-2 seen here)
East Svealand,101,harvestman,2,20284,21485,2,8,matches CapnBry (1-2 seen here)
East Svealand,101,vein spider,1,61690,20719,0,2,rare/named species (1-2 in whole zone)
East Svealand,101,vein spider,1,61772,14804,0,2,rare/named species (1-2 in whole zone)
East Svealand,101,queen major,1,18614,50707,0,1,rare/named species (1-2 in whole zone)
East Svealand,101,roaming thrall,1,10729,35207,1,17,matches CapnBry (1-2 seen here)
East Svealand,101,roaming thrall,1,35205,47476,1,17,matches CapnBry (1-2 seen here)
East Svealand,101,roaming thrall,1,4640,37314,2,17,matches CapnBry (1-2 seen here)
East Svealand,101,roaming thrall,1,9720,64481,2,17,matches CapnBry (1-2 seen here)
East Svealand,101,roaming thrall,1,48460,34874,1,17,matches CapnBry (1-2 seen here)
East Svealand,101,roaming thrall,1,9170,38999,1,17,matches CapnBry (1-2 seen here)
East Svealand,101,roaming thrall,1,914,35527,2,17,matches CapnBry (1-2 seen here)
East Svealand,101,roaming thrall,1,44090,37475,1,17,matches CapnBry (1-2 seen here)
East Svealand,101,roaming thrall,1,1522,48197,2,17,matches CapnBry (1-2 seen here)
East Svealand,101,roaming thrall,1,9058,62679,2,17,matches CapnBry (1-2 seen here)
East Svealand,101,roaming thrall,1,47612,32848,1,17,matches CapnBry (1-2 seen here)
East Svealand,101,roaming thrall,1,5009,50174,2,17,matches CapnBry (1-2 seen here)
East Svealand,101,roaming thrall,1,10987,63608,2,17,matches CapnBry (1-2 seen here)
East Svealand,101,roaming thrall,2,3020,33516,2,17,matches CapnBry (1-2 seen here)
East Svealand,101,roaming thrall,1,10844,33013,1,17,matches CapnBry (1-2 seen here)
East Svealand,101,roaming thrall,1,3425,48673,2,17,matches CapnBry (1-2 seen here)
East Svealand,101,rattling skeleton,2,61130,20836,1,7,matches CapnBry (1-2 seen here)
East Svealand,101,rattling skeleton,2,792,11960,4,7,likely short: CapnBry saw 4 here
East Svealand,101,rattling skeleton,1,61728,13571,1,7,matches CapnBry (1-2 seen here)
East Svealand,101,rattling skeleton,1,2603,8406,4,7,likely short: CapnBry saw 4 here
East Svealand,101,rattling skeleton,1,2774,11559,4,7,likely short: CapnBry saw 4 here
East Svealand,101,scrip,1,36152,9522,0,1,rare/named species (1-2 in whole zone)
East Svealand,101,lake serpent,1,12,18292,0,1,rare/named species (1-2 in whole zone)
East Svealand,101,phantom hound,1,34244,9469,1,4,matches CapnBry (1-2 seen here)
East Svealand,101,phantom hound,1,40766,6111,1,4,matches CapnBry (1-2 seen here)
East Svealand,101,phantom hound,1,39022,12571,1,4,matches CapnBry (1-2 seen here)
East Svealand,101,phantom hound,1,37413,7417,1,4,matches CapnBry (1-2 seen here)
East Svealand,101,snarls,1,40678,12457,0,1,rare/named species (1-2 in whole zone)
East Svealand,101,ick,1,30415,24813,0,1,rare/named species (1-2 in whole zone)
East Svealand,101,little water goblin,1,36172,9443,1,1,matches CapnBry (1-2 seen here)
East Svealand,101,ocug,1,25686,62827,0,1,rare/named species (1-2 in whole zone)
East Svealand,101,giant water strider,1,36718,20575,1,1,matches CapnBry (1-2 seen here)
East Svealand,101,gib,1,36103,9557,0,1,rare/named species (1-2 in whole zone)
East Svealand,101,wood-eater hunter,1,35596,5548,1,1,matches CapnBry (1-2 seen here)
West Svealand,102,minor fideal,2,6873,52092,0,20,no CapnBry sighting at this spot
West Svealand,102,blodfelag henchman,2,56022,34251,9,13,likely short: CapnBry saw 9 here
West Svealand,102,blodfelag henchman,1,58480,34140,3,13,likely short: CapnBry saw 3 here
West Svealand,102,blodfelag henchman,1,64504,43817,0,13,no CapnBry sighting at this spot
West Svealand,102,savage lynx,2,11581,58579,0,25,no CapnBry sighting at this spot
West Svealand,102,savage lynx,1,26040,35625,2,25,matches CapnBry (1-2 seen here)
West Svealand,102,savage lynx,1,26661,33057,2,25,matches CapnBry (1-2 seen here)
West Svealand,102,savage lynx,1,23964,43529,1,25,matches CapnBry (1-2 seen here)
West Svealand,102,savage lynx,1,26784,48780,1,25,matches CapnBry (1-2 seen here)
West Svealand,102,savage lynx,1,30108,14085,0,25,no CapnBry sighting at this spot
West Svealand,102,savage lynx,1,19598,45606,1,25,matches CapnBry (1-2 seen here)
West Svealand,102,savage lynx,1,35471,51189,0,25,no CapnBry sighting at this spot
West Svealand,102,savage lynx,1,24596,19285,1,25,matches CapnBry (1-2 seen here)
West Svealand,102,savage lynx,1,61691,16233,1,25,matches CapnBry (1-2 seen here)
West Svealand,102,savage lynx,1,35963,48831,0,25,no CapnBry sighting at this spot
West Svealand,102,savage lynx,1,22515,6573,0,25,no CapnBry sighting at this spot
West Svealand,102,savage lynx,1,27052,44114,1,25,matches CapnBry (1-2 seen here)
West Svealand,102,savage lynx,1,40159,33834,1,25,matches CapnBry (1-2 seen here)
West Svealand,102,savage lynx,2,23800,32270,2,25,matches CapnBry (1-2 seen here)
West Svealand,102,savage lynx,1,33982,35450,1,25,matches CapnBry (1-2 seen here)
West Svealand,102,savage lynx,1,19336,35077,1,25,matches CapnBry (1-2 seen here)
West Svealand,102,savage lynx,1,13912,58002,0,25,no CapnBry sighting at this spot
West Svealand,102,savage lynx,1,30570,51763,0,25,no CapnBry sighting at this spot
West Svealand,102,savage lynx,1,23713,15172,1,25,matches CapnBry (1-2 seen here)
West Svealand,102,savage lynx,1,13705,60167,0,25,no CapnBry sighting at this spot
West Svealand,102,savage lynx,1,21083,36366,2,25,matches CapnBry (1-2 seen here)
West Svealand,102,savage lynx,1,20322,59086,0,25,no CapnBry sighting at this spot
West Svealand,102,cold light,2,9843,58668,0,4,no CapnBry sighting at this spot
West Svealand,102,cold light,1,16827,61566,1,4,matches CapnBry (1-2 seen here)
West Svealand,102,cold light,1,15634,58821,1,4,matches CapnBry (1-2 seen here)
West Svealand,102,blodfelag windcaller,2,13925,34064,2,12,matches CapnBry (1-2 seen here)
West Svealand,102,blodfelag windcaller,2,36249,33833,2,12,matches CapnBry (1-2 seen here)
West Svealand,102,blodfelag windcaller,1,25337,17398,1,12,matches CapnBry (1-2 seen here)
West Svealand,102,blodfelag windcaller,1,16937,28950,1,12,matches CapnBry (1-2 seen here)
West Svealand,102,blodfelag windcaller,1,6382,23350,1,12,matches CapnBry (1-2 seen here)
West Svealand,102,blodfelag windcaller,1,16909,30860,1,12,matches CapnBry (1-2 seen here)
West Svealand,102,blodfelag windcaller,1,6016,26240,1,12,matches CapnBry (1-2 seen here)
West Svealand,102,blodfelag windcaller,1,15502,43025,0,12,no CapnBry sighting at this spot
West Svealand,102,blodfelag windcaller,1,16670,27106,1,12,matches CapnBry (1-2 seen here)
West Svealand,102,blodfelag windcaller,1,14385,32117,2,12,matches CapnBry (1-2 seen here)
West Svealand,102,grass viper,1,48595,49251,2,14,matches CapnBry (1-2 seen here)
West Svealand,102,grass viper,2,47871,18438,0,14,no CapnBry sighting at this spot
West Svealand,102,grass viper,2,61690,51180,2,14,matches CapnBry (1-2 seen here)
West Svealand,102,grass viper,2,51186,54127,2,14,matches CapnBry (1-2 seen here)
West Svealand,102,grass viper,1,47048,49444,2,14,matches CapnBry (1-2 seen here)
West Svealand,102,shadow,2,57023,53933,0,28,no CapnBry sighting at this spot
West Svealand,102,shadow,1,64147,46177,0,28,no CapnBry sighting at this spot
West Svealand,102,shadow,1,52345,51588,0,28,no CapnBry sighting at this spot
West Svealand,102,wind sprite,1,39288,43514,1,39,matches CapnBry (1-2 seen here)
West Svealand,102,wind sprite,1,33046,55119,2,39,matches CapnBry (1-2 seen here)
West Svealand,102,wind sprite,1,55755,4738,5,39,likely short: CapnBry saw 5 here
West Svealand,102,wind sprite,2,39551,33602,0,39,no CapnBry sighting at this spot
West Svealand,102,wind sprite,2,24730,8365,0,39,no CapnBry sighting at this spot
West Svealand,102,wind sprite,1,62444,2633,4,39,likely short: CapnBry saw 4 here
West Svealand,102,wind sprite,1,31465,40859,1,39,matches CapnBry (1-2 seen here)
West Svealand,102,wind sprite,1,31970,50634,2,39,matches CapnBry (1-2 seen here)
West Svealand,102,wind sprite,1,37257,40142,1,39,matches CapnBry (1-2 seen here)
West Svealand,102,wind sprite,1,43830,37442,1,39,matches CapnBry (1-2 seen here)
West Svealand,102,wind sprite,1,30438,51487,2,39,matches CapnBry (1-2 seen here)
West Svealand,102,wind sprite,1,39533,40673,1,39,matches CapnBry (1-2 seen here)
West Svealand,102,wind sprite,1,54310,54173,1,39,matches CapnBry (1-2 seen here)
West Svealand,102,wind sprite,1,54825,6187,5,39,likely short: CapnBry saw 5 here
West Svealand,102,skogsfru,1,26799,57373,0,21,no CapnBry sighting at this spot
West Svealand,102,skogsfru,1,40605,38814,1,21,matches CapnBry (1-2 seen here)
West Svealand,102,skogsfru,2,29950,53252,3,21,likely short: CapnBry saw 3 here
West Svealand,102,skogsfru,1,24850,8577,0,21,no CapnBry sighting at this spot
West Svealand,102,skogsfru,1,31849,36997,2,21,matches CapnBry (1-2 seen here)
West Svealand,102,skogsfru,1,35175,41210,2,21,matches CapnBry (1-2 seen here)
West Svealand,102,skogsfru,1,31317,50434,3,21,likely short: CapnBry saw 3 here
West Svealand,102,skogsfru,1,30313,35659,2,21,matches CapnBry (1-2 seen here)
West Svealand,102,skogsfru,1,33778,7047,0,21,no CapnBry sighting at this spot
West Svealand,102,skogsfru,1,26860,8182,0,21,no CapnBry sighting at this spot
West Svealand,102,skogsfru,1,32078,7561,0,21,no CapnBry sighting at this spot
West Svealand,102,skogsfru,1,38502,43379,2,21,matches CapnBry (1-2 seen here)
West Svealand,102,skogsfru,2,34268,9965,0,21,no CapnBry sighting at this spot
West Svealand,102,skogsfru,1,36648,40328,2,21,matches CapnBry (1-2 seen here)
West Svealand,102,skogsfru,1,28352,11078,0,21,no CapnBry sighting at this spot
West Svealand,102,large sveawolf,1,53970,54980,1,23,matches CapnBry (1-2 seen here)
West Svealand,102,large sveawolf,1,64078,51547,3,23,likely short: CapnBry saw 3 here
West Svealand,102,large sveawolf,1,53350,15624,1,23,matches CapnBry (1-2 seen here)
West Svealand,102,large sveawolf,1,32574,29395,1,23,matches CapnBry (1-2 seen here)
West Svealand,102,large sveawolf,1,37718,23167,1,23,matches CapnBry (1-2 seen here)
West Svealand,102,large sveawolf,1,57190,15573,1,23,matches CapnBry (1-2 seen here)
West Svealand,102,large sveawolf,1,47772,16093,0,23,no CapnBry sighting at this spot
West Svealand,102,large sveawolf,2,63728,45145,3,23,likely short: CapnBry saw 3 here
West Svealand,102,large sveawolf,1,47289,45575,2,23,matches CapnBry (1-2 seen here)
West Svealand,102,large sveawolf,1,47802,47263,2,23,matches CapnBry (1-2 seen here)
West Svealand,102,large sveawolf,1,61916,34268,2,23,matches CapnBry (1-2 seen here)
West Svealand,102,large sveawolf,1,46874,49131,2,23,matches CapnBry (1-2 seen here)
West Svealand,102,large sveawolf,1,58144,16841,1,23,matches CapnBry (1-2 seen here)
West Svealand,102,large sveawolf,1,34189,29457,1,23,matches CapnBry (1-2 seen here)
West Svealand,102,large sveawolf,1,30453,23650,1,23,matches CapnBry (1-2 seen here)
West Svealand,102,svartalf hunter,2,41007,54842,8,16,likely short: CapnBry saw 8 here
West Svealand,102,svartalf hunter,1,53014,56951,0,16,no CapnBry sighting at this spot
West Svealand,102,svartalf hunter,2,16825,59831,0,16,no CapnBry sighting at this spot
West Svealand,102,svartalf hunter,1,58374,59183,0,16,no CapnBry sighting at this spot
West Svealand,102,svartalf hunter,1,12724,61398,0,16,no CapnBry sighting at this spot
West Svealand,102,wind wisp,1,14706,40179,1,6,matches CapnBry (1-2 seen here)
West Svealand,102,wind wisp,1,15548,34564,1,6,matches CapnBry (1-2 seen here)
West Svealand,102,wind wisp,1,17108,30743,1,6,matches CapnBry (1-2 seen here)
West Svealand,102,wind wisp,1,16763,26563,1,6,matches CapnBry (1-2 seen here)
West Svealand,102,wind wisp,1,47196,15780,0,6,no CapnBry sighting at this spot
West Svealand,102,wind wisp,1,65091,47981,0,6,no CapnBry sighting at this spot
West Svealand,102,phantom wolf,1,23200,28157,2,8,matches CapnBry (1-2 seen here)
West Svealand,102,phantom wolf,1,26102,32753,2,8,matches CapnBry (1-2 seen here)
West Svealand,102,phantom wolf,1,20258,35577,1,8,matches CapnBry (1-2 seen here)
West Svealand,102,phantom wolf,2,23290,32956,2,8,matches CapnBry (1-2 seen here)
West Svealand,102,phantom wolf,1,23044,35633,1,8,matches CapnBry (1-2 seen here)
West Svealand,102,phantom wolf,1,28028,31937,2,8,matches CapnBry (1-2 seen here)
West Svealand,102,phantom wolf,1,27265,35383,2,8,matches CapnBry (1-2 seen here)
West Svealand,102,blodfelag partisan,1,54073,35221,1,4,matches CapnBry (1-2 seen here)
West Svealand,102,blodfelag partisan,2,35560,34052,2,4,matches CapnBry (1-2 seen here)
West Svealand,102,blodfelag partisan,1,6430,37609,1,4,matches CapnBry (1-2 seen here)
West Svealand,102,ribbon toad,2,63454,49250,3,6,likely short: CapnBry saw 3 here
West Svealand,102,ribbon toad,1,44932,48007,0,6,no CapnBry sighting at this spot
West Svealand,102,ribbon toad,1,63441,47033,3,6,likely short: CapnBry saw 3 here
West Svealand,102,ribbon toad,2,63712,21625,0,6,no CapnBry sighting at this spot
West Svealand,102,blodfelag warhound,1,33441,38588,1,16,matches CapnBry (1-2 seen here)
West Svealand,102,blodfelag warhound,1,14404,45217,1,16,matches CapnBry (1-2 seen here)
West Svealand,102,blodfelag warhound,2,5938,8505,0,16,no CapnBry sighting at this spot
West Svealand,102,blodfelag warhound,1,17109,21271,1,16,matches CapnBry (1-2 seen here)
West Svealand,102,blodfelag warhound,1,18955,20916,1,16,matches CapnBry (1-2 seen here)
West Svealand,102,blodfelag warhound,1,35776,38062,1,16,matches CapnBry (1-2 seen here)
West Svealand,102,blodfelag warhound,2,17458,14455,2,16,matches CapnBry (1-2 seen here)
West Svealand,102,blodfelag warhound,1,64401,43841,1,16,matches CapnBry (1-2 seen here)
West Svealand,102,water sprite,2,51448,39526,2,8,matches CapnBry (1-2 seen here)
West Svealand,102,water sprite,1,53797,58944,1,8,matches CapnBry (1-2 seen here)
West Svealand,102,rock crab,2,64656,35648,2,2,matches CapnBry (1-2 seen here)
West Svealand,102,escaped thrall,1,65305,14675,1,2,matches CapnBry (1-2 seen here)
West Svealand,102,escaped thrall,1,61342,14667,1,2,matches CapnBry (1-2 seen here)
West Svealand,102,sveawolf mother,1,63451,11995,1,1,matches CapnBry (1-2 seen here)
West Svealand,102,squirt,1,54752,36598,0,1,rare/named species (1-2 in whole zone)
West Svealand,102,lake serpent,1,64924,18717,4,10,likely short: CapnBry saw 4 here
West Svealand,102,lake serpent,2,62732,28980,0,10,no CapnBry sighting at this spot
West Svealand,102,lake serpent,1,62437,8499,1,10,matches CapnBry (1-2 seen here)
West Svealand,102,blodfelag oathbreaker,1,58820,26519,0,14,no CapnBry sighting at this spot
West Svealand,102,blodfelag oathbreaker,1,49438,52798,0,14,no CapnBry sighting at this spot
West Svealand,102,blodfelag oathbreaker,2,62123,45448,2,14,matches CapnBry (1-2 seen here)
West Svealand,102,blodfelag oathbreaker,1,50865,25398,0,14,no CapnBry sighting at this spot
West Svealand,102,blodfelag oathbreaker,1,47142,48631,1,14,matches CapnBry (1-2 seen here)
West Svealand,102,blodfelag oathbreaker,1,64548,47381,2,14,matches CapnBry (1-2 seen here)
West Svealand,102,blodfelag thralldriver,1,58478,36937,1,1,matches CapnBry (1-2 seen here)
West Svealand,102,guthr,1,49408,20224,0,1,rare/named species (1-2 in whole zone)
West Svealand,102,blodfelag wolfwarrior,1,23086,13591,0,7,no CapnBry sighting at this spot
West Svealand,102,blodfelag wolfwarrior,1,24766,28949,1,7,matches CapnBry (1-2 seen here)
West Svealand,102,wounded sveawolf,1,42338,51254,1,1,matches CapnBry (1-2 seen here)
West Svealand,102,bloodthirsty she-wolf,1,34762,28383,1,10,matches CapnBry (1-2 seen here)
West Svealand,102,bloodthirsty she-wolf,1,61376,9480,1,10,matches CapnBry (1-2 seen here)
West Svealand,102,bloodthirsty she-wolf,1,39915,24527,1,10,matches CapnBry (1-2 seen here)
West Svealand,102,bloodthirsty she-wolf,1,31435,27694,1,10,matches CapnBry (1-2 seen here)
West Svealand,102,bloodthirsty she-wolf,1,30739,30809,1,10,matches CapnBry (1-2 seen here)
West Svealand,102,bloodthirsty she-wolf,1,56750,13372,1,10,matches CapnBry (1-2 seen here)
West Svealand,102,bloodthirsty she-wolf,1,63238,35985,1,10,matches CapnBry (1-2 seen here)
West Svealand,102,frothing sveawolf,1,6203,14860,4,15,likely short: CapnBry saw 4 here
West Svealand,102,frothing sveawolf,1,19766,45002,1,15,matches CapnBry (1-2 seen here)
West Svealand,102,frothing sveawolf,1,23566,47406,1,15,matches CapnBry (1-2 seen here)
West Svealand,102,frothing sveawolf,1,24023,33639,2,15,matches CapnBry (1-2 seen here)
West Svealand,102,frothing sveawolf,2,11087,14032,4,15,likely short: CapnBry saw 4 here
West Svealand,102,frothing sveawolf,1,8454,13410,4,15,likely short: CapnBry saw 4 here
West Svealand,102,frothing sveawolf,1,21975,42706,1,15,matches CapnBry (1-2 seen here)
West Svealand,102,frothing sveawolf,2,7960,17277,4,15,likely short: CapnBry saw 4 here
West Svealand,102,frothing sveawolf,1,20017,49515,1,15,matches CapnBry (1-2 seen here)
West Svealand,102,frothing sveawolf,1,7329,12409,4,15,likely short: CapnBry saw 4 here
West Svealand,102,frothing sveawolf,1,11207,16212,4,15,likely short: CapnBry saw 4 here
West Svealand,102,frothing sveawolf,2,24813,36422,2,15,matches CapnBry (1-2 seen here)
West Svealand,102,grass cat,1,61773,50577,2,6,matches CapnBry (1-2 seen here)
West Svealand,102,grass cat,1,60909,7968,1,6,matches CapnBry (1-2 seen here)
West Svealand,102,grass cat,2,64123,48258,2,6,matches CapnBry (1-2 seen here)
West Svealand,102,grass cat,1,46662,16675,1,6,matches CapnBry (1-2 seen here)
West Svealand,102,grass cat,1,46417,49674,1,6,matches CapnBry (1-2 seen here)
West Svealand,102,black mauler,1,48345,16494,1,24,matches CapnBry (1-2 seen here)
West Svealand,102,black mauler,1,46198,47726,0,24,no CapnBry sighting at this spot
West Svealand,102,black mauler,1,34537,6448,0,24,no CapnBry sighting at this spot
West Svealand,102,black mauler,2,26669,8169,0,24,no CapnBry sighting at this spot
West Svealand,102,black mauler,2,38804,42373,2,24,matches CapnBry (1-2 seen here)
West Svealand,102,black mauler,1,49929,53560,1,24,matches CapnBry (1-2 seen here)
West Svealand,102,black mauler,2,63073,47496,2,24,matches CapnBry (1-2 seen here)
West Svealand,102,black mauler,1,32150,41206,2,24,matches CapnBry (1-2 seen here)
West Svealand,102,black mauler,2,63325,9958,1,24,matches CapnBry (1-2 seen here)
West Svealand,102,black mauler,1,28166,51911,2,24,matches CapnBry (1-2 seen here)
West Svealand,102,black mauler,2,31263,9052,0,24,no CapnBry sighting at this spot
West Svealand,102,black mauler,1,34410,9002,0,24,no CapnBry sighting at this spot
West Svealand,102,black mauler,1,30020,40991,2,24,matches CapnBry (1-2 seen here)
West Svealand,102,black mauler,1,30360,51130,2,24,matches CapnBry (1-2 seen here)
West Svealand,102,black mauler,1,37272,41104,2,24,matches CapnBry (1-2 seen here)
West Svealand,102,black mauler,1,62108,34350,1,24,matches CapnBry (1-2 seen here)
West Svealand,102,black mauler,1,31992,42723,2,24,matches CapnBry (1-2 seen here)
West Svealand,102,black mauler,1,62089,50274,2,24,matches CapnBry (1-2 seen here)
West Svealand,102,black mauler,1,29757,54060,2,24,matches CapnBry (1-2 seen here)
West Svealand,102,blodfelag dreng,2,24021,29161,2,12,matches CapnBry (1-2 seen here)
West Svealand,102,blodfelag dreng,1,7171,23596,1,12,matches CapnBry (1-2 seen here)
West Svealand,102,blodfelag dreng,2,35691,33377,2,12,matches CapnBry (1-2 seen here)
West Svealand,102,blodfelag dreng,1,24012,15676,1,12,matches CapnBry (1-2 seen here)
West Svealand,102,blodfelag dreng,2,6553,37549,2,12,matches CapnBry (1-2 seen here)
West Svealand,102,blodfelag dreng,1,32605,40176,1,12,matches CapnBry (1-2 seen here)
West Svealand,102,blodfelag dreng,1,22983,30895,2,12,matches CapnBry (1-2 seen here)
West Svealand,102,blodfelag dreng,2,13832,44453,2,12,matches CapnBry (1-2 seen here)
West Svealand,102,mindless thrall,1,50947,53574,1,7,matches CapnBry (1-2 seen here)
West Svealand,102,mindless thrall,1,63839,45475,1,7,matches CapnBry (1-2 seen here)
West Svealand,102,mindless thrall,1,62797,9997,1,7,matches CapnBry (1-2 seen here)
West Svealand,102,mindless thrall,1,45354,47278,1,7,matches CapnBry (1-2 seen here)
West Svealand,102,mindless thrall,1,64108,48459,1,7,matches CapnBry (1-2 seen here)
West Svealand,102,mindless thrall,1,54899,12321,1,7,matches CapnBry (1-2 seen here)
West Svealand,102,mindless thrall,1,61066,34778,1,7,matches CapnBry (1-2 seen here)
West Svealand,102,sanguinite ghoul,1,62319,26341,0,3,no CapnBry sighting at this spot
West Svealand,102,sanguinite ghoul,1,60079,25321,0,3,no CapnBry sighting at this spot
West Svealand,102,sanguinite ghoul,1,51438,17626,0,3,no CapnBry sighting at this spot
West Svealand,102,svartalf chanter,1,39699,56905,6,7,likely short: CapnBry saw 6 here
West Svealand,102,blodfelag svard,1,17444,22235,1,14,matches CapnBry (1-2 seen here)
West Svealand,102,blodfelag svard,1,23661,32422,1,14,matches CapnBry (1-2 seen here)
West Svealand,102,blodfelag svard,2,16392,9608,2,14,matches CapnBry (1-2 seen here)
West Svealand,102,blodfelag svard,1,7251,23493,1,14,matches CapnBry (1-2 seen here)
West Svealand,102,blodfelag svard,1,18656,18605,1,14,matches CapnBry (1-2 seen here)
West Svealand,102,smiera-gatto,2,64769,24719,0,3,no CapnBry sighting at this spot
West Svealand,102,smiera-gatto,1,65355,50094,1,3,matches CapnBry (1-2 seen here)
West Svealand,102,drifting spirit,1,59229,13994,1,5,matches CapnBry (1-2 seen here)
West Svealand,102,drifting spirit,1,51581,17375,2,5,matches CapnBry (1-2 seen here)
West Svealand,102,drifting spirit,1,52098,14547,2,5,matches CapnBry (1-2 seen here)
West Svealand,102,drifting spirit,1,59279,12359,1,5,matches CapnBry (1-2 seen here)
West Svealand,102,drifting spirit,1,54113,15954,2,5,matches CapnBry (1-2 seen here)
West Svealand,102,sveawolf,1,65388,12949,1,2,matches CapnBry (1-2 seen here)
West Svealand,102,sveawolf,1,32561,24172,0,2,rare/named species (1-2 in whole zone)
West Svealand,102,ugnof toestubber,1,64468,43807,0,1,rare/named species (1-2 in whole zone)
West Svealand,102,blodfelag haxa,1,23065,13286,0,6,no CapnBry sighting at this spot
West Svealand,102,blodfelag haxa,1,22875,19764,1,6,matches CapnBry (1-2 seen here)
West Svealand,102,blodfelag haxa,2,5493,8375,0,6,no CapnBry sighting at this spot
West Svealand,102,blodfelag haxa,1,17551,14272,1,6,matches CapnBry (1-2 seen here)
West Svealand,102,blodfelag haxa,1,2145,18014,0,6,no CapnBry sighting at this spot
West Svealand,102,helda,1,53954,35546,0,1,rare/named species (1-2 in whole zone)
West Svealand,102,elder sveawolf,1,61335,55648,1,1,matches CapnBry (1-2 seen here)
West Svealand,102,grizzled sveawolf,1,31715,38052,1,8,matches CapnBry (1-2 seen here)
West Svealand,102,grizzled sveawolf,1,35570,24837,1,8,matches CapnBry (1-2 seen here)
West Svealand,102,grizzled sveawolf,1,31638,4442,0,8,no CapnBry sighting at this spot
West Svealand,102,grizzled sveawolf,1,31663,46896,1,8,matches CapnBry (1-2 seen here)
West Svealand,102,grizzled sveawolf,1,27848,51808,1,8,matches CapnBry (1-2 seen here)
West Svealand,102,grizzled sveawolf,1,33886,31106,0,8,no CapnBry sighting at this spot
West Svealand,102,grizzled sveawolf,1,31627,26201,0,8,no CapnBry sighting at this spot
West Svealand,102,grizzled sveawolf,1,56490,16283,1,8,matches CapnBry (1-2 seen here)
West Svealand,102,rabid sveawolf,2,23790,16009,2,9,matches CapnBry (1-2 seen here)
West Svealand,102,rabid sveawolf,1,20366,49865,1,9,matches CapnBry (1-2 seen here)
West Svealand,102,rabid sveawolf,1,20054,34123,2,9,matches CapnBry (1-2 seen here)
West Svealand,102,rabid sveawolf,2,26399,46952,2,9,matches CapnBry (1-2 seen here)
West Svealand,102,rabid sveawolf,1,27194,38697,1,9,matches CapnBry (1-2 seen here)
West Svealand,102,rabid sveawolf,1,22648,47898,2,9,matches CapnBry (1-2 seen here)
West Svealand,102,rabid sveawolf,1,20018,37401,2,9,matches CapnBry (1-2 seen here)
West Svealand,102,nordic dirge,2,63134,10227,1,2,matches CapnBry (1-2 seen here)
West Svealand,102,skalheng,1,60388,13507,0,1,rare/named species (1-2 in whole zone)
West Svealand,102,modervarg,1,54736,14805,0,1,rare/named species (1-2 in whole zone)
West Svealand,102,fragile skeleton,1,63132,9210,1,2,matches CapnBry (1-2 seen here)
West Svealand,102,fragile skeleton,1,64848,13371,1,2,matches CapnBry (1-2 seen here)
West Svealand,102,chaes,1,40962,55429,0,1,rare/named species (1-2 in whole zone)
West Svealand,102,blodfelag captive,2,53602,35543,2,2,matches CapnBry (1-2 seen here)
West Svealand,102,black mauler juvenile,1,64024,26014,0,2,rare/named species (1-2 in whole zone)
West Svealand,102,black mauler juvenile,1,65405,16118,1,2,matches CapnBry (1-2 seen here)
West Svealand,102,snow imp,1,13621,60433,0,2,rare/named species (1-2 in whole zone)
West Svealand,102,snow imp,1,12651,58742,0,2,rare/named species (1-2 in whole zone)
West Svealand,102,lone weeping willow,1,44633,17960,0,1,rare/named species (1-2 in whole zone)
West Svealand,102,kelda,1,41272,55271,0,1,rare/named species (1-2 in whole zone)
West Svealand,102,wiley,1,61328,44319,0,1,rare/named species (1-2 in whole zone)
West Svealand,102,chiseler,1,17146,60804,0,4,no CapnBry sighting at this spot
West Svealand,102,chiseler,1,10260,58913,0,4,no CapnBry sighting at this spot
West Svealand,102,chiseler,1,14277,58850,0,4,no CapnBry sighting at this spot
West Svealand,102,chiseler,1,10695,60701,0,4,no CapnBry sighting at this spot
West Svealand,102,henrek,1,60206,13508,0,1,rare/named species (1-2 in whole zone)
West Svealand,102,thorsgir,1,60306,13506,0,1,rare/named species (1-2 in whole zone)
West Svealand,102,rugged dwarven pony,1,65203,25450,0,2,rare/named species (1-2 in whole zone)
West Svealand,102,rugged dwarven pony,1,64780,13012,0,2,rare/named species (1-2 in whole zone)
West Svealand,102,fridgeir gestsson,1,23125,13679,0,1,rare/named species (1-2 in whole zone)
West Svealand,102,swift,1,55282,7065,0,1,rare/named species (1-2 in whole zone)
West Svealand,102,sveawolf packleader,1,32395,24104,0,1,rare/named species (1-2 in whole zone)
West Svealand,102,roaming dirge,1,65255,8991,2,2,matches CapnBry (1-2 seen here)
West Svealand,102,roaming dirge,1,65399,10600,2,2,matches CapnBry (1-2 seen here)
West Svealand,102,giant lemer,1,41868,42937,0,1,rare/named species (1-2 in whole zone)
West Svealand,102,blodfelag soothsayer,1,35450,33337,1,1,matches CapnBry (1-2 seen here)
West Svealand,102,green serpent,1,63446,8637,0,1,rare/named species (1-2 in whole zone)
West Svealand,102,pawper,1,15642,3645,0,1,rare/named species (1-2 in whole zone)
West Svealand,102,follower of loki,1,53341,30744,0,1,rare/named species (1-2 in whole zone)
West Svealand,102,old smoke,1,24930,25817,0,1,rare/named species (1-2 in whole zone)
West Svealand,102,ulga,1,34754,23101,0,1,rare/named species (1-2 in whole zone)
Gotar,103,wolf nipper,1,33767,20600,0,50,no CapnBry sighting at this spot
Gotar,103,wolf nipper,1,22825,22398,0,50,no CapnBry sighting at this spot
Gotar,103,wolf nipper,1,23326,24474,0,50,no CapnBry sighting at this spot
Gotar,103,wolf nipper,2,33305,18208,0,50,no CapnBry sighting at this spot
Gotar,103,wolf nipper,1,20484,27966,0,50,no CapnBry sighting at this spot
Gotar,103,wolf nipper,1,28648,27537,0,50,no CapnBry sighting at this spot
Gotar,103,svartalf outcast,1,34356,45085,1,6,matches CapnBry (1-2 seen here)
Gotar,103,perfidious pook,1,59461,42507,0,14,no CapnBry sighting at this spot
Gotar,103,water snake,2,30581,20611,0,17,no CapnBry sighting at this spot
Gotar,103,water snake,1,23343,19792,0,17,no CapnBry sighting at this spot
Gotar,103,water snake,1,28143,7217,0,17,no CapnBry sighting at this spot
Gotar,103,water snake,1,22837,28336,0,17,no CapnBry sighting at this spot
Gotar,103,water snake,1,18470,14993,0,17,no CapnBry sighting at this spot
Gotar,103,water snake,2,18386,19514,0,17,no CapnBry sighting at this spot
Gotar,103,water snake,1,33131,19118,0,17,no CapnBry sighting at this spot
Gotar,103,water snake,1,22116,26264,0,17,no CapnBry sighting at this spot
Gotar,103,host of the wind,1,14718,61387,3,28,likely short: CapnBry saw 3 here
Gotar,103,host of the wind,2,17211,47109,2,28,matches CapnBry (1-2 seen here)
Gotar,103,host of the wind,1,17353,59524,3,28,likely short: CapnBry saw 3 here
Gotar,103,host of the wind,2,37035,46811,2,28,matches CapnBry (1-2 seen here)
Gotar,103,host of the wind,1,23001,61903,1,28,matches CapnBry (1-2 seen here)
Gotar,103,host of the wind,1,16753,50687,2,28,matches CapnBry (1-2 seen here)
Gotar,103,host of the wind,1,22600,64121,1,28,matches CapnBry (1-2 seen here)
Gotar,103,host of the wind,2,14997,58069,3,28,likely short: CapnBry saw 3 here
Gotar,103,host of the wind,2,14501,50432,2,28,matches CapnBry (1-2 seen here)
Gotar,103,host of the wind,1,6664,60445,1,28,matches CapnBry (1-2 seen here)
Gotar,103,host of the wind,1,19232,45887,2,28,matches CapnBry (1-2 seen here)
Gotar,103,host of the wind,1,15626,54896,3,28,likely short: CapnBry saw 3 here
Gotar,103,host of the wind,1,16559,61730,2,28,matches CapnBry (1-2 seen here)
Gotar,103,host of the wind,1,19326,61772,1,28,matches CapnBry (1-2 seen here)
Gotar,103,host of the wind,1,35577,44664,2,28,matches CapnBry (1-2 seen here)
Gotar,103,host of the wind,1,18574,58462,3,28,likely short: CapnBry saw 3 here
Gotar,103,host of the wind,1,24202,56303,1,28,matches CapnBry (1-2 seen here)
Gotar,103,host of the wind,1,14937,48178,2,28,matches CapnBry (1-2 seen here)
Gotar,103,sapherd,1,2148,11363,0,22,no CapnBry sighting at this spot
Gotar,103,sapherd,1,19260,12023,0,22,no CapnBry sighting at this spot
Gotar,103,sapherd,1,10112,4916,3,22,likely short: CapnBry saw 3 here
Gotar,103,sapherd,1,17821,9236,0,22,no CapnBry sighting at this spot
Gotar,103,sapherd,1,12158,11037,0,22,no CapnBry sighting at this spot
Gotar,103,sapherd,1,5251,12748,0,22,no CapnBry sighting at this spot
Gotar,103,sapherd,1,15912,12676,0,22,no CapnBry sighting at this spot
Gotar,103,sapherd,1,18121,7574,0,22,no CapnBry sighting at this spot
Gotar,103,sapherd,1,12106,8756,3,22,likely short: CapnBry saw 3 here
Gotar,103,pine imp,1,5851,31776,2,27,matches CapnBry (1-2 seen here)
Gotar,103,pine imp,1,13689,38035,8,27,likely short: CapnBry saw 8 here
Gotar,103,pine imp,1,3410,23341,1,27,matches CapnBry (1-2 seen here)
Gotar,103,pine imp,1,8742,23874,0,27,no CapnBry sighting at this spot
Gotar,103,pine imp,1,9051,44954,8,27,likely short: CapnBry saw 8 here
Gotar,103,pine imp,1,4626,37328,2,27,matches CapnBry (1-2 seen here)
Gotar,103,pine imp,2,5336,26369,2,27,matches CapnBry (1-2 seen here)
Gotar,103,pine imp,1,6714,34496,2,27,matches CapnBry (1-2 seen here)
Gotar,103,undead explorer,1,32612,44810,3,9,likely short: CapnBry saw 3 here
Gotar,103,undead explorer,2,32189,43261,3,9,likely short: CapnBry saw 3 here
Gotar,103,undead explorer,1,32230,41169,3,9,likely short: CapnBry saw 3 here
Gotar,103,undead explorer,1,33227,39562,2,9,matches CapnBry (1-2 seen here)
Gotar,103,undead explorer,1,20203,37923,1,9,matches CapnBry (1-2 seen here)
Gotar,103,tawny lynx,2,35575,44447,2,23,matches CapnBry (1-2 seen here)
Gotar,103,tawny lynx,2,40340,26935,3,23,likely short: CapnBry saw 3 here
Gotar,103,tawny lynx,1,43605,28392,3,23,likely short: CapnBry saw 3 here
Gotar,103,tawny lynx,1,43947,39962,4,23,likely short: CapnBry saw 4 here
Gotar,103,tawny lynx,1,47007,32239,1,23,matches CapnBry (1-2 seen here)
Gotar,103,wild hog,2,26856,27084,3,23,likely short: CapnBry saw 3 here
Gotar,103,wild hog,1,22670,24810,1,23,matches CapnBry (1-2 seen here)
Gotar,103,wild hog,1,28208,29133,3,23,likely short: CapnBry saw 3 here
Gotar,103,wild hog,1,23250,11085,1,23,matches CapnBry (1-2 seen here)
Gotar,103,wild hog,1,19872,33875,1,23,matches CapnBry (1-2 seen here)
Gotar,103,wild hog,1,28979,7456,4,23,likely short: CapnBry saw 4 here
Gotar,103,wild hog,1,18410,30665,1,23,matches CapnBry (1-2 seen here)
Gotar,103,wild hog,1,20610,27058,1,23,matches CapnBry (1-2 seen here)
Gotar,103,wild hog,1,20913,10271,1,23,matches CapnBry (1-2 seen here)
Gotar,103,coastal wolf,1,16143,32277,2,5,matches CapnBry (1-2 seen here)
Gotar,103,coastal wolf,1,15548,14306,1,5,matches CapnBry (1-2 seen here)
Gotar,103,coastal wolf,1,12299,19142,0,5,no CapnBry sighting at this spot
Gotar,103,coastal wolf,2,19133,31875,2,5,matches CapnBry (1-2 seen here)
Gotar,103,hobgoblin snagger,2,19454,25141,1,17,matches CapnBry (1-2 seen here)
Gotar,103,hobgoblin snagger,1,19044,1170,1,17,matches CapnBry (1-2 seen here)
Gotar,103,carrion lizard,1,13254,26228,0,8,no CapnBry sighting at this spot
Gotar,103,carrion lizard,1,14783,29996,0,8,no CapnBry sighting at this spot
Gotar,103,carrion lizard,1,11885,27672,0,8,no CapnBry sighting at this spot
Gotar,103,wee wolf,1,2435,26804,2,11,matches CapnBry (1-2 seen here)
Gotar,103,wee wolf,1,8839,27000,1,11,matches CapnBry (1-2 seen here)
Gotar,103,wee wolf,2,4176,28297,2,11,matches CapnBry (1-2 seen here)
Gotar,103,wee wolf,1,14206,17813,0,11,no CapnBry sighting at this spot
Gotar,103,dryad sprout,1,15061,5490,2,26,matches CapnBry (1-2 seen here)
Gotar,103,dryad sprout,1,13583,8776,2,26,matches CapnBry (1-2 seen here)
Gotar,103,dryad sprout,2,3275,6215,0,26,no CapnBry sighting at this spot
Gotar,103,dryad sprout,1,2645,11301,0,26,no CapnBry sighting at this spot
Gotar,103,dryad sprout,1,9178,7146,2,26,matches CapnBry (1-2 seen here)
Gotar,103,dryad sprout,1,12138,10427,1,26,matches CapnBry (1-2 seen here)
Gotar,103,dryad sprout,1,18627,8728,4,26,likely short: CapnBry saw 4 here
Gotar,103,seithkona,1,3713,57243,0,2,rare/named species (1-2 in whole zone)
Gotar,103,seithkona,1,4211,54038,0,2,rare/named species (1-2 in whole zone)
Gotar,103,wind wisp,1,14001,57394,1,36,matches CapnBry (1-2 seen here)
Gotar,103,wind wisp,2,4890,42853,2,36,matches CapnBry (1-2 seen here)
Gotar,103,wind wisp,2,23445,61939,2,36,matches CapnBry (1-2 seen here)
Gotar,103,wind wisp,1,28407,60928,2,36,matches CapnBry (1-2 seen here)
Gotar,103,wind wisp,1,10138,55416,1,36,matches CapnBry (1-2 seen here)
Gotar,103,wind wisp,1,15492,46956,1,36,matches CapnBry (1-2 seen here)
Gotar,103,wind wisp,1,3763,55976,1,36,matches CapnBry (1-2 seen here)
Gotar,103,wind wisp,1,2495,54565,0,36,no CapnBry sighting at this spot
Gotar,103,vein spiderling,1,32618,22460,0,3,no CapnBry sighting at this spot
Gotar,103,vein spiderling,1,19939,17490,0,3,no CapnBry sighting at this spot
Gotar,103,vein spiderling,1,26094,21060,0,3,no CapnBry sighting at this spot
Gotar,103,vidalf,1,11058,38725,0,1,rare/named species (1-2 in whole zone)
Gotar,103,sharktooth whelp,1,29338,27488,1,9,matches CapnBry (1-2 seen here)
Gotar,103,sharktooth whelp,1,24560,28398,1,9,matches CapnBry (1-2 seen here)
Gotar,103,sharktooth whelp,1,23649,24209,1,9,matches CapnBry (1-2 seen here)
Gotar,103,sharktooth whelp,1,19795,23751,1,9,matches CapnBry (1-2 seen here)
Gotar,103,sharktooth whelp,1,22420,10160,2,9,matches CapnBry (1-2 seen here)
Gotar,103,sharktooth whelp,1,23756,11643,2,9,matches CapnBry (1-2 seen here)
Gotar,103,sharktooth whelp,1,20771,26164,1,9,matches CapnBry (1-2 seen here)
Gotar,103,sharktooth whelp,1,19795,13809,1,9,matches CapnBry (1-2 seen here)
Gotar,103,sharktooth whelp,1,28112,5378,1,9,matches CapnBry (1-2 seen here)
Gotar,103,fragile skeleton,2,22054,41444,4,9,likely short: CapnBry saw 4 here
Gotar,103,fragile skeleton,1,30501,45248,1,9,matches CapnBry (1-2 seen here)
Gotar,103,fragile skeleton,1,31270,41624,1,9,matches CapnBry (1-2 seen here)
Gotar,103,fragile skeleton,1,32434,46587,1,9,matches CapnBry (1-2 seen here)
Gotar,103,host of the earth,1,7500,37531,3,27,likely short: CapnBry saw 3 here
Gotar,103,host of the earth,2,20613,54027,4,27,likely short: CapnBry saw 4 here
Gotar,103,host of the earth,1,19055,43590,4,27,likely short: CapnBry saw 4 here
Gotar,103,host of the earth,2,17996,40953,4,27,likely short: CapnBry saw 4 here
Gotar,103,host of the earth,1,10617,38104,3,27,likely short: CapnBry saw 3 here
Gotar,103,salix,1,4625,7207,0,1,rare/named species (1-2 in whole zone)
Gotar,103,huldu stalker,1,39365,19170,0,3,no CapnBry sighting at this spot
Gotar,103,huldu stalker,1,43051,16839,0,3,no CapnBry sighting at this spot
Gotar,103,huldu stalker,1,41121,19338,0,3,no CapnBry sighting at this spot
Gotar,103,huldu hunter,1,43866,17543,0,1,rare/named species (1-2 in whole zone)
Gotar,103,hobgoblin prowler,2,27853,55886,5,30,likely short: CapnBry saw 5 here
Gotar,103,hobgoblin prowler,2,40193,39097,0,30,no CapnBry sighting at this spot
Gotar,103,hobgoblin prowler,1,40610,40795,0,30,no CapnBry sighting at this spot
Gotar,103,dryad sprig,2,5842,8021,0,14,no CapnBry sighting at this spot
Gotar,103,dryad sprig,1,18420,9909,3,14,likely short: CapnBry saw 3 here
Gotar,103,dryad sprig,2,5684,3902,0,14,no CapnBry sighting at this spot
Gotar,103,dryad sprig,1,11787,5686,3,14,likely short: CapnBry saw 3 here
Gotar,103,dryad sprig,1,17025,5221,1,14,matches CapnBry (1-2 seen here)
Gotar,103,dryad sprig,1,12300,10740,3,14,likely short: CapnBry saw 3 here
Gotar,103,dryad sprig,1,3938,10144,0,14,no CapnBry sighting at this spot
Gotar,103,dryad sprig,1,10314,5140,3,14,likely short: CapnBry saw 3 here
Gotar,103,dryad sprig,1,9182,8135,3,14,likely short: CapnBry saw 3 here
Gotar,103,huldu lurker,1,18817,14741,1,13,matches CapnBry (1-2 seen here)
Gotar,103,huldu lurker,1,25012,28038,1,13,matches CapnBry (1-2 seen here)
Gotar,103,huldu lurker,2,28237,25284,1,13,matches CapnBry (1-2 seen here)
Gotar,103,huldu lurker,1,19497,16974,1,13,matches CapnBry (1-2 seen here)
Gotar,103,black rixtas,1,18902,59135,0,1,rare/named species (1-2 in whole zone)
Gotar,103,phantom hound,1,28980,42266,2,3,matches CapnBry (1-2 seen here)
Gotar,103,phantom hound,1,30563,43169,2,3,matches CapnBry (1-2 seen here)
Gotar,103,phantom hound,1,32824,45951,2,3,matches CapnBry (1-2 seen here)
Gotar,103,carrion crawler,2,54438,49076,5,33,likely short: CapnBry saw 5 here
Gotar,103,carrion crawler,2,58663,55061,5,33,likely short: CapnBry saw 5 here
Gotar,103,carrion crawler,2,54647,52209,5,33,likely short: CapnBry saw 5 here
Gotar,103,carrion crawler,1,56455,50793,5,33,likely short: CapnBry saw 5 here
Gotar,103,carrion crawler,1,57636,52668,5,33,likely short: CapnBry saw 5 here
Gotar,103,hobgoblin fish-catcher,1,26753,25956,0,8,no CapnBry sighting at this spot
Gotar,103,hobgoblin fish-catcher,1,20780,11869,0,8,no CapnBry sighting at this spot
Gotar,103,green serpent,2,19324,4624,2,9,matches CapnBry (1-2 seen here)
Gotar,103,green serpent,2,23387,10468,2,9,matches CapnBry (1-2 seen here)
Gotar,103,green serpent,2,20595,10874,2,9,matches CapnBry (1-2 seen here)
Gotar,103,green serpent,2,27736,26409,2,9,matches CapnBry (1-2 seen here)
Gotar,103,green serpent,1,20875,2335,2,9,matches CapnBry (1-2 seen here)
Gotar,103,skeletal seafarer,1,41278,19102,2,6,matches CapnBry (1-2 seen here)
Gotar,103,skeletal seafarer,2,42521,16769,2,6,matches CapnBry (1-2 seen here)
Gotar,103,skeletal seafarer,2,39772,20267,2,6,matches CapnBry (1-2 seen here)
Gotar,103,skeletal seafarer,1,42422,20539,2,6,matches CapnBry (1-2 seen here)
Gotar,103,huldu outcast,1,26375,5479,1,3,matches CapnBry (1-2 seen here)
Gotar,103,huldu outcast,1,25958,21021,1,3,matches CapnBry (1-2 seen here)
Gotar,103,huldu outcast,1,27246,25833,1,3,matches CapnBry (1-2 seen here)
Gotar,103,drowned soul,2,37900,15573,0,15,no CapnBry sighting at this spot
Gotar,103,smiera-gatto,1,18892,15221,2,15,matches CapnBry (1-2 seen here)
Gotar,103,smiera-gatto,1,11981,28976,0,15,no CapnBry sighting at this spot
Gotar,103,smiera-gatto,1,16752,31907,1,15,matches CapnBry (1-2 seen here)
Gotar,103,smiera-gatto,2,16438,15115,2,15,matches CapnBry (1-2 seen here)
Gotar,103,scavenger,1,25875,23913,1,9,matches CapnBry (1-2 seen here)
Gotar,103,scavenger,1,20326,24852,3,9,likely short: CapnBry saw 3 here
Gotar,103,scavenger,1,22672,9611,2,9,matches CapnBry (1-2 seen here)
Gotar,103,scavenger,1,20288,21086,3,9,likely short: CapnBry saw 3 here
Gotar,103,scavenger,1,20067,17700,1,9,matches CapnBry (1-2 seen here)
Gotar,103,scavenger,1,25423,25804,1,9,matches CapnBry (1-2 seen here)
Gotar,103,scavenger,1,27185,6553,1,9,matches CapnBry (1-2 seen here)
Gotar,103,scavenger,1,22277,11438,2,9,matches CapnBry (1-2 seen here)
Gotar,103,scavenger,1,20367,22940,3,9,likely short: CapnBry saw 3 here
Gotar,103,nacken,1,37588,44476,1,1,matches CapnBry (1-2 seen here)
Gotar,103,little water goblin,1,20385,25977,2,5,matches CapnBry (1-2 seen here)
Gotar,103,little water goblin,1,19063,24902,2,5,matches CapnBry (1-2 seen here)
Gotar,103,little water goblin,1,19077,21932,2,5,matches CapnBry (1-2 seen here)
Gotar,103,little water goblin,1,20156,4124,1,5,matches CapnBry (1-2 seen here)
Gotar,103,little water goblin,1,21782,9556,1,5,matches CapnBry (1-2 seen here)
Gotar,103,envy drakeling,2,34965,64519,0,8,no CapnBry sighting at this spot
Gotar,103,escaped thrall,1,16427,34659,1,2,matches CapnBry (1-2 seen here)
Gotar,103,escaped thrall,1,17432,32504,1,2,matches CapnBry (1-2 seen here)
Gotar,103,wood imp,1,4287,25677,1,8,matches CapnBry (1-2 seen here)
Gotar,103,wood imp,1,7938,29715,0,8,no CapnBry sighting at this spot
Gotar,103,wood imp,1,5283,37273,2,8,matches CapnBry (1-2 seen here)
Gotar,103,wood imp,2,4198,34770,2,8,matches CapnBry (1-2 seen here)
Gotar,103,wood imp,1,5396,27923,1,8,matches CapnBry (1-2 seen here)
Gotar,103,wood imp,1,3882,30212,1,8,matches CapnBry (1-2 seen here)
Gotar,103,wood imp,1,6690,23617,1,8,matches CapnBry (1-2 seen here)
Gotar,103,gotawitch,1,40825,56371,3,3,likely short: CapnBry saw 3 here
Gotar,103,gotawitch,2,39364,57341,3,3,likely short: CapnBry saw 3 here
Gotar,103,meandering spirit,2,28867,35449,7,18,likely short: CapnBry saw 7 here
Gotar,103,meandering spirit,2,23946,31803,3,18,likely short: CapnBry saw 3 here
Gotar,103,meandering spirit,2,26588,31659,3,18,likely short: CapnBry saw 3 here
Gotar,103,meandering spirit,2,31444,32246,2,18,matches CapnBry (1-2 seen here)
Gotar,103,meandering spirit,1,30514,33853,7,18,likely short: CapnBry saw 7 here
Gotar,103,tweedle,1,13223,41655,0,1,rare/named species (1-2 in whole zone)
Gotar,103,water strider,1,6918,35118,0,6,no CapnBry sighting at this spot
Gotar,103,water strider,1,4638,25467,0,6,no CapnBry sighting at this spot
Gotar,103,water strider,1,5006,32193,0,6,no CapnBry sighting at this spot
Gotar,103,water strider,1,5788,24307,0,6,no CapnBry sighting at this spot
Gotar,103,water strider,1,38344,27408,1,6,matches CapnBry (1-2 seen here)
Gotar,103,water strider,1,34756,16566,1,6,matches CapnBry (1-2 seen here)
Gotar,103,hobgoblin prankster,2,33515,30226,0,17,no CapnBry sighting at this spot
Gotar,103,hobgoblin prankster,1,37040,40046,4,17,likely short: CapnBry saw 4 here
Gotar,103,hobgoblin prankster,2,20144,39420,1,17,matches CapnBry (1-2 seen here)
Gotar,103,hobgoblin prankster,2,42759,44227,3,17,likely short: CapnBry saw 3 here
Gotar,103,hobgoblin prankster,1,42064,45889,3,17,likely short: CapnBry saw 3 here
Gotar,103,hobgoblin prankster,1,37889,38577,4,17,likely short: CapnBry saw 4 here
Gotar,103,hobgoblin prankster,1,30472,42348,1,17,matches CapnBry (1-2 seen here)
Gotar,103,hobgoblin prankster,1,22127,41317,1,17,matches CapnBry (1-2 seen here)
Gotar,103,hobgoblin prankster,1,26662,43958,1,17,matches CapnBry (1-2 seen here)
Gotar,103,hobgoblin prankster,1,33255,19722,0,17,no CapnBry sighting at this spot
Gotar,103,hobgoblin prankster,1,34568,28078,0,17,no CapnBry sighting at this spot
Gotar,103,wildling,1,25138,20522,0,9,no CapnBry sighting at this spot
Gotar,103,wildling,1,22222,18836,0,9,no CapnBry sighting at this spot
Gotar,103,wildling,1,31240,20358,0,9,no CapnBry sighting at this spot
Gotar,103,wildling,1,21005,16685,0,9,no CapnBry sighting at this spot
Gotar,103,twitchclaw,1,51525,58088,0,1,rare/named species (1-2 in whole zone)
Gotar,103,ghost light,1,38653,48016,1,2,matches CapnBry (1-2 seen here)
Gotar,103,ghost light,1,36357,47463,1,2,matches CapnBry (1-2 seen here)
Gotar,103,skeletal oarsman,1,41419,15991,0,14,no CapnBry sighting at this spot
Gotar,103,rock crab,1,7815,335,1,1,matches CapnBry (1-2 seen here)
Gotar,103,hobgoblin pincher,1,32144,27284,0,6,no CapnBry sighting at this spot
Gotar,103,hobgoblin pincher,2,34960,20258,0,6,no CapnBry sighting at this spot
Gotar,103,hobgoblin pincher,1,36448,39816,1,6,matches CapnBry (1-2 seen here)
Gotar,103,hobgoblin pincher,2,34414,30800,0,6,no CapnBry sighting at this spot
Gotar,103,spook,1,7565,27156,2,5,matches CapnBry (1-2 seen here)
Gotar,103,spook,1,3936,34611,1,5,matches CapnBry (1-2 seen here)
Gotar,103,spook,1,6234,38081,1,5,matches CapnBry (1-2 seen here)
Gotar,103,spook,2,4538,24060,2,5,matches CapnBry (1-2 seen here)
Gotar,103,hobgoblin snake-finder,1,33124,29006,0,3,no CapnBry sighting at this spot
Gotar,103,hobgoblin snake-finder,1,34261,21546,1,3,matches CapnBry (1-2 seen here)
Gotar,103,hobgoblin snake-finder,1,33815,19949,1,3,matches CapnBry (1-2 seen here)
Gotar,103,black mauler juvenile,1,9360,1644,0,1,rare/named species (1-2 in whole zone)
Gotar,103,vefyn,1,23337,58691,0,1,rare/named species (1-2 in whole zone)
Gotar,103,svartalf guard,1,20219,27684,1,2,matches CapnBry (1-2 seen here)
Gotar,103,svartalf guard,1,24084,42782,1,2,matches CapnBry (1-2 seen here)
Gotar,103,army ant worker,1,7646,410,1,1,matches CapnBry (1-2 seen here)
Gotar,103,jordande,1,22114,55141,0,1,rare/named species (1-2 in whole zone)
Gotar,103,rugged dwarven pony,1,20558,42148,1,8,matches CapnBry (1-2 seen here)
Gotar,103,rugged dwarven pony,1,19311,31609,1,8,matches CapnBry (1-2 seen here)
Gotar,103,rugged dwarven pony,1,19454,39942,1,8,matches CapnBry (1-2 seen here)
Gotar,103,rugged dwarven pony,1,28994,44099,2,8,matches CapnBry (1-2 seen here)
Gotar,103,rugged dwarven pony,1,22228,40882,1,8,matches CapnBry (1-2 seen here)
Gotar,103,rugged dwarven pony,1,28313,42367,2,8,matches CapnBry (1-2 seen here)
Gotar,103,rugged dwarven pony,2,32049,43050,2,8,matches CapnBry (1-2 seen here)
Gotar,103,davnis,1,21565,45823,0,1,rare/named species (1-2 in whole zone)
Gotar,103,thraxia,1,49523,51359,0,1,rare/named species (1-2 in whole zone)
Gotar,103,willen,1,7483,8188,0,1,rare/named species (1-2 in whole zone)
Gotar,103,styrimathr ygna,1,42041,17337,0,1,rare/named species (1-2 in whole zone)
Gotar,103,roaming thrall,1,8476,8,0,1,rare/named species (1-2 in whole zone)
Gotar,103,scout argyle,1,52695,60668,0,1,rare/named species (1-2 in whole zone)
Gotar,103,haunt,1,38878,44576,1,1,matches CapnBry (1-2 seen here)
Gotar,103,barkley,1,5635,17883,0,1,rare/named species (1-2 in whole zone)
Muspelheim,104,flaming raukomaz,2,42443,39691,0,47,no CapnBry sighting at this spot
Muspelheim,104,flaming raukomaz,1,44617,55247,1,47,matches CapnBry (1-2 seen here)
Muspelheim,104,flaming raukomaz,1,46345,23534,4,47,likely short: CapnBry saw 4 here
Muspelheim,104,flaming raukomaz,1,51175,50981,0,47,no CapnBry sighting at this spot
Muspelheim,104,sinyr,1,21847,54012,0,1,rare/named species (1-2 in whole zone)
Muspelheim,104,cinder drake,1,39299,9804,2,12,matches CapnBry (1-2 seen here)
Muspelheim,104,seared skeleton,1,14355,44517,1,32,matches CapnBry (1-2 seen here)
Muspelheim,104,seared skeleton,2,20233,44560,2,32,matches CapnBry (1-2 seen here)
Muspelheim,104,soot harvester,1,13256,49697,0,25,no CapnBry sighting at this spot
Muspelheim,104,burnt skeletal sentry,1,23796,22392,0,18,no CapnBry sighting at this spot
Muspelheim,104,burnt skeletal sentry,1,34183,34468,0,18,no CapnBry sighting at this spot
Muspelheim,104,burnt skeletal sentry,1,39844,44167,3,18,likely short: CapnBry saw 3 here
Muspelheim,104,burnt skeletal sentry,2,25240,32244,1,18,matches CapnBry (1-2 seen here)
Muspelheim,104,burnt skeletal sentry,2,25580,38492,2,18,matches CapnBry (1-2 seen here)
Muspelheim,104,burnt skeletal sentry,1,24319,40990,2,18,matches CapnBry (1-2 seen here)
Muspelheim,104,burnt skeletal sentry,1,30656,38912,1,18,matches CapnBry (1-2 seen here)
Muspelheim,104,dverge sparker,1,22251,56627,1,6,matches CapnBry (1-2 seen here)
Muspelheim,104,dverge sparker,1,25022,62639,0,6,no CapnBry sighting at this spot
Muspelheim,104,ashmonger,1,12224,59555,6,38,likely short: CapnBry saw 6 here
Muspelheim,104,ashmonger,2,33231,40067,6,38,likely short: CapnBry saw 6 here
Muspelheim,104,ashmonger,1,13718,57934,6,38,likely short: CapnBry saw 6 here
Muspelheim,104,ashmonger,1,28441,41211,5,38,likely short: CapnBry saw 5 here
Muspelheim,104,ashmonger,1,15795,58014,6,38,likely short: CapnBry saw 6 here
Muspelheim,104,charred skeletal warrior,1,26267,32655,0,29,no CapnBry sighting at this spot
Muspelheim,104,charred skeletal warrior,1,17030,36528,1,29,matches CapnBry (1-2 seen here)
Muspelheim,104,charred skeletal warrior,2,19976,18971,4,29,likely short: CapnBry saw 4 here
Muspelheim,104,charred skeletal warrior,1,16255,49023,1,29,matches CapnBry (1-2 seen here)
Muspelheim,104,fire phantom,1,41214,42231,1,3,matches CapnBry (1-2 seen here)
Muspelheim,104,fire phantom,1,32339,34317,1,3,matches CapnBry (1-2 seen here)
Muspelheim,104,fire phantom,1,47297,38701,1,3,matches CapnBry (1-2 seen here)
Muspelheim,104,fire ant worker,2,11749,21905,0,6,no CapnBry sighting at this spot
Muspelheim,104,fire ant worker,1,13286,23213,1,6,matches CapnBry (1-2 seen here)
Muspelheim,104,fire ant worker,1,17535,23528,2,6,matches CapnBry (1-2 seen here)
Muspelheim,104,fire ant worker,1,13078,25370,1,6,matches CapnBry (1-2 seen here)
Muspelheim,104,fire ant worker,1,18880,21524,2,6,matches CapnBry (1-2 seen here)
Muspelheim,104,sulphine,1,9638,16826,0,1,rare/named species (1-2 in whole zone)
Muspelheim,104,fire flower,2,13706,49756,3,23,likely short: CapnBry saw 3 here
Muspelheim,104,fire flower,2,11647,47199,0,23,no CapnBry sighting at this spot
Muspelheim,104,fire flower,1,10793,51231,3,23,likely short: CapnBry saw 3 here
Muspelheim,104,ashen spirit,2,10528,49074,2,13,matches CapnBry (1-2 seen here)
Muspelheim,104,ashen spirit,2,6062,17042,0,13,no CapnBry sighting at this spot
Muspelheim,104,ashen spirit,1,9298,19453,0,13,no CapnBry sighting at this spot
Muspelheim,104,ashen spirit,1,10945,54608,2,13,matches CapnBry (1-2 seen here)
Muspelheim,104,ashen spirit,1,12757,55326,2,13,matches CapnBry (1-2 seen here)
Muspelheim,104,ashen spirit,2,10228,51964,2,13,matches CapnBry (1-2 seen here)
Muspelheim,104,noxious hound,1,32397,61581,4,26,likely short: CapnBry saw 4 here
Muspelheim,104,noxious hound,1,31300,59260,2,26,matches CapnBry (1-2 seen here)
Muspelheim,104,noxious hound,1,34159,58943,4,26,likely short: CapnBry saw 4 here
Muspelheim,104,noxious hound,1,39679,54325,4,26,likely short: CapnBry saw 4 here
Muspelheim,104,noxious hound,1,41298,55287,4,26,likely short: CapnBry saw 4 here
Muspelheim,104,young fire wyrm,1,11101,10658,3,13,likely short: CapnBry saw 3 here
Muspelheim,104,young fire wyrm,1,49770,16927,3,13,likely short: CapnBry saw 3 here
Muspelheim,104,young fire wyrm,2,9963,9572,3,13,likely short: CapnBry saw 3 here
Muspelheim,104,young fire wyrm,1,16748,8331,6,13,likely short: CapnBry saw 6 here
Muspelheim,104,young fire wyrm,1,12862,9834,6,13,likely short: CapnBry saw 6 here
Muspelheim,104,young fire wyrm,1,12698,6692,6,13,likely short: CapnBry saw 6 here
Muspelheim,104,young fire wyrm,2,48568,19389,3,13,likely short: CapnBry saw 3 here
Muspelheim,104,fire ant scavenger,1,6340,31913,1,2,matches CapnBry (1-2 seen here)
Muspelheim,104,fire ant scavenger,1,11692,27528,1,2,matches CapnBry (1-2 seen here)
Muspelheim,104,lava lizard,1,59972,38594,0,14,no CapnBry sighting at this spot
Muspelheim,104,lava lizard,1,36404,58393,1,14,matches CapnBry (1-2 seen here)
Muspelheim,104,lava lizard,1,28839,60649,2,14,matches CapnBry (1-2 seen here)
Muspelheim,104,lava lizard,1,58090,25001,1,14,matches CapnBry (1-2 seen here)
Muspelheim,104,lava lizard,2,6173,19267,2,14,matches CapnBry (1-2 seen here)
Muspelheim,104,lava lizard,1,29346,50924,1,14,matches CapnBry (1-2 seen here)
Muspelheim,104,lava lizard,1,12090,53443,1,14,matches CapnBry (1-2 seen here)
Muspelheim,104,lava lizard,2,13913,7344,2,14,matches CapnBry (1-2 seen here)
Muspelheim,104,eld,1,26584,29605,0,1,rare/named species (1-2 in whole zone)
Muspelheim,104,sulphur crab,1,12292,22110,4,12,likely short: CapnBry saw 4 here
Muspelheim,104,sulphur crab,2,16601,24629,0,12,no CapnBry sighting at this spot
Muspelheim,104,sulphur crab,2,18581,23368,0,12,no CapnBry sighting at this spot
Muspelheim,104,sulphur crab,2,9225,16796,1,12,matches CapnBry (1-2 seen here)
Muspelheim,104,sulphur crab,1,10391,29426,1,12,matches CapnBry (1-2 seen here)
Muspelheim,104,sulphur crab,1,9044,12457,1,12,matches CapnBry (1-2 seen here)
Muspelheim,104,fire toad,1,8171,8006,0,7,no CapnBry sighting at this spot
Muspelheim,104,fire toad,2,30343,60106,2,7,matches CapnBry (1-2 seen here)
Muspelheim,104,fire toad,1,28206,50355,0,7,no CapnBry sighting at this spot
Muspelheim,104,fire toad,1,7570,59687,0,7,no CapnBry sighting at this spot
Muspelheim,104,fire toad,1,35087,60602,2,7,matches CapnBry (1-2 seen here)
Muspelheim,104,fire toad,1,39691,53637,0,7,no CapnBry sighting at this spot
Muspelheim,104,fire giant lookout,2,54927,16204,3,12,likely short: CapnBry saw 3 here
Muspelheim,104,fire giant lookout,1,50760,40658,0,12,no CapnBry sighting at this spot
Muspelheim,104,fire giant lookout,1,54043,27310,2,12,matches CapnBry (1-2 seen here)
Muspelheim,104,fire giant lookout,1,51573,26749,2,12,matches CapnBry (1-2 seen here)
Muspelheim,104,fire giant lookout,1,25801,28026,1,12,matches CapnBry (1-2 seen here)
Muspelheim,104,fire giant lookout,1,56636,35966,1,12,matches CapnBry (1-2 seen here)
Muspelheim,104,fire giant lookout,1,57395,11951,2,12,matches CapnBry (1-2 seen here)
Muspelheim,104,fire giant lookout,2,55683,19194,3,12,likely short: CapnBry saw 3 here
Muspelheim,104,fire giant lookout,1,58408,13577,2,12,matches CapnBry (1-2 seen here)
Muspelheim,104,fire giant lookout,1,59721,17084,2,12,matches CapnBry (1-2 seen here)
Muspelheim,104,firecat,1,11254,49286,1,14,matches CapnBry (1-2 seen here)
Muspelheim,104,firecat,1,31607,58123,1,14,matches CapnBry (1-2 seen here)
Muspelheim,104,firecat,1,37055,29019,0,14,no CapnBry sighting at this spot
Muspelheim,104,firecat,1,23943,10227,0,14,no CapnBry sighting at this spot
Muspelheim,104,firecat,1,36009,58384,1,14,matches CapnBry (1-2 seen here)
Muspelheim,104,firecat,1,14793,22300,1,14,matches CapnBry (1-2 seen here)
Muspelheim,104,firecat,1,29033,50908,0,14,no CapnBry sighting at this spot
Muspelheim,104,firecat,1,32824,24823,1,14,matches CapnBry (1-2 seen here)
Muspelheim,104,firecat,1,12749,57261,1,14,matches CapnBry (1-2 seen here)
Muspelheim,104,firecat,1,11740,9310,0,14,no CapnBry sighting at this spot
Muspelheim,104,firecat,1,34163,22399,1,14,matches CapnBry (1-2 seen here)
Muspelheim,104,fire giant watchman,1,55059,48660,1,4,matches CapnBry (1-2 seen here)
Muspelheim,104,fire giant watchman,2,61976,31676,2,4,matches CapnBry (1-2 seen here)
Muspelheim,104,fire giant watchman,1,54033,40379,1,4,matches CapnBry (1-2 seen here)
Muspelheim,104,mephitic ghoul,2,23039,31993,2,23,matches CapnBry (1-2 seen here)
Muspelheim,104,mephitic ghoul,1,14626,44955,1,23,matches CapnBry (1-2 seen here)
Muspelheim,104,mephitic ghoul,2,35137,29389,1,23,matches CapnBry (1-2 seen here)
Muspelheim,104,mephitic ghoul,2,29011,29153,1,23,matches CapnBry (1-2 seen here)
Muspelheim,104,pyrophantom,1,47144,39426,0,1,rare/named species (1-2 in whole zone)
Muspelheim,104,sulphuric ghoul,1,11349,54165,0,1,rare/named species (1-2 in whole zone)
Muspelheim,104,fire giant scout,1,54843,48004,1,3,matches CapnBry (1-2 seen here)
Muspelheim,104,fire giant scout,1,29772,51836,0,3,no CapnBry sighting at this spot
Muspelheim,104,fire giant scout,1,57022,35489,0,3,no CapnBry sighting at this spot
Muspelheim,104,flame thrower,1,7602,21901,1,9,matches CapnBry (1-2 seen here)
Muspelheim,104,flame thrower,1,11710,48079,3,9,likely short: CapnBry saw 3 here
Muspelheim,104,flame thrower,2,11864,49844,3,9,likely short: CapnBry saw 3 here
Muspelheim,104,flame thrower,2,13761,48604,3,9,likely short: CapnBry saw 3 here
Muspelheim,104,konung botolf redhands,1,28564,12708,0,1,rare/named species (1-2 in whole zone)
Muspelheim,104,magmatasm,1,47518,24121,1,2,matches CapnBry (1-2 seen here)
Muspelheim,104,magmatasm,1,12298,5363,1,2,matches CapnBry (1-2 seen here)
Muspelheim,104,plasmatasm,1,6673,19861,0,1,rare/named species (1-2 in whole zone)
Muspelheim,104,dverge crackler,1,21123,63090,0,2,rare/named species (1-2 in whole zone)
Muspelheim,104,dverge crackler,1,25022,62604,0,2,rare/named species (1-2 in whole zone)
Muspelheim,104,coal,1,32455,4702,0,1,rare/named species (1-2 in whole zone)
Muspelheim,104,flame spout,1,10099,8003,1,1,matches CapnBry (1-2 seen here)
Muspelheim,104,brimstone,1,14053,57483,0,1,rare/named species (1-2 in whole zone)
Muspelheim,104,fire ant gatherer,2,17727,23307,3,6,likely short: CapnBry saw 3 here
Muspelheim,104,fire ant gatherer,1,10757,22731,1,6,matches CapnBry (1-2 seen here)
Muspelheim,104,fire ant gatherer,2,13173,23109,3,6,likely short: CapnBry saw 3 here
Muspelheim,104,fire ant gatherer,1,14266,24927,3,6,likely short: CapnBry saw 3 here
Muspelheim,104,charred skeletal commander,1,24144,26286,0,1,rare/named species (1-2 in whole zone)
Muspelheim,104,young wyrm lord,1,54563,12863,0,1,rare/named species (1-2 in whole zone)
Muspelheim,104,fire giant guard,1,53954,48439,1,2,matches CapnBry (1-2 seen here)
Muspelheim,104,fire giant guard,1,55145,49782,1,2,matches CapnBry (1-2 seen here)
Muspelheim,104,spirit of flames,1,41954,21984,0,1,rare/named species (1-2 in whole zone)
Muspelheim,104,gokstorm,1,7315,39164,0,1,rare/named species (1-2 in whole zone)
Muspelheim,104,maghemoth,1,42539,28448,0,1,rare/named species (1-2 in whole zone)
Muspelheim,104,bjame,1,18679,12525,0,1,rare/named species (1-2 in whole zone)
Muspelheim,104,dverge igniter,2,21688,63078,0,2,rare/named species (1-2 in whole zone)
Muspelheim,104,dverge fire-eater,1,20721,62058,0,1,rare/named species (1-2 in whole zone)
Muspelheim,104,grogak,1,13157,39047,0,1,rare/named species (1-2 in whole zone)
Myrkwood Forest,105,myrk shadow,1,33061,38908,0,15,no CapnBry sighting at this spot
Myrkwood Forest,105,myrk shadow,1,29430,34593,0,15,no CapnBry sighting at this spot
Myrkwood Forest,105,myrk shadow,1,35965,45238,0,15,no CapnBry sighting at this spot
Myrkwood Forest,105,myrk shadow,2,55789,48243,0,15,no CapnBry sighting at this spot
Myrkwood Forest,105,myrk shadow,1,63139,55234,0,15,no CapnBry sighting at this spot
Myrkwood Forest,105,myrk shadow,1,33582,42727,0,15,no CapnBry sighting at this spot
Myrkwood Forest,105,myrk shadow,1,59121,52552,0,15,no CapnBry sighting at this spot
Myrkwood Forest,105,undead explorer,1,54075,21992,1,9,matches CapnBry (1-2 seen here)
Myrkwood Forest,105,undead explorer,1,44849,14628,3,9,likely short: CapnBry saw 3 here
Myrkwood Forest,105,undead explorer,1,38749,12288,1,9,matches CapnBry (1-2 seen here)
Myrkwood Forest,105,undead explorer,2,42655,13091,3,9,likely short: CapnBry saw 3 here
Myrkwood Forest,105,undead explorer,1,56352,24683,0,9,no CapnBry sighting at this spot
Myrkwood Forest,105,undead explorer,1,58203,16662,0,9,no CapnBry sighting at this spot
Myrkwood Forest,105,undead explorer,1,48151,14344,3,9,likely short: CapnBry saw 3 here
Myrkwood Forest,105,undead explorer,1,57941,21529,0,9,no CapnBry sighting at this spot
Myrkwood Forest,105,ridgeback worg,1,23916,36005,0,10,no CapnBry sighting at this spot
Myrkwood Forest,105,ridgeback worg,1,31092,46206,0,10,no CapnBry sighting at this spot
Myrkwood Forest,105,undead woodcarver,1,62522,17885,0,14,no CapnBry sighting at this spot
Myrkwood Forest,105,undead woodcarver,2,47213,11460,2,14,matches CapnBry (1-2 seen here)
Myrkwood Forest,105,undead woodcarver,1,53953,17651,1,14,matches CapnBry (1-2 seen here)
Myrkwood Forest,105,undead woodcarver,1,49314,13198,2,14,matches CapnBry (1-2 seen here)
Myrkwood Forest,105,undead woodcarver,1,61471,15500,0,14,no CapnBry sighting at this spot
Myrkwood Forest,105,undead woodcarver,1,61173,26973,2,14,matches CapnBry (1-2 seen here)
Myrkwood Forest,105,undead woodcarver,2,56800,17224,1,14,matches CapnBry (1-2 seen here)
Myrkwood Forest,105,undead woodcarver,2,38710,13444,2,14,matches CapnBry (1-2 seen here)
Myrkwood Forest,105,undead woodcarver,1,59439,9512,0,14,no CapnBry sighting at this spot
Myrkwood Forest,105,undead woodcarver,1,62250,25238,2,14,matches CapnBry (1-2 seen here)
Myrkwood Forest,105,undead woodcarver,1,41859,12213,2,14,matches CapnBry (1-2 seen here)
Myrkwood Forest,105,hobgoblin pincher,1,61039,20852,0,15,no CapnBry sighting at this spot
Myrkwood Forest,105,hobgoblin pincher,1,38792,14731,2,15,matches CapnBry (1-2 seen here)
Myrkwood Forest,105,hobgoblin pincher,1,41352,13810,2,15,matches CapnBry (1-2 seen here)
Myrkwood Forest,105,hobgoblin pincher,1,57738,12518,1,15,matches CapnBry (1-2 seen here)
Myrkwood Forest,105,hobgoblin pincher,1,61799,18472,0,15,no CapnBry sighting at this spot
Myrkwood Forest,105,hobgoblin pincher,1,61958,25958,0,15,no CapnBry sighting at this spot
Myrkwood Forest,105,hobgoblin pincher,1,54950,21440,0,15,no CapnBry sighting at this spot
Myrkwood Forest,105,hobgoblin pincher,1,49172,11926,1,15,matches CapnBry (1-2 seen here)
Myrkwood Forest,105,venomspitter,1,28583,37498,0,9,no CapnBry sighting at this spot
Myrkwood Forest,105,venomspitter,1,33792,32760,0,9,no CapnBry sighting at this spot
Myrkwood Forest,105,venomspitter,2,61681,53690,0,9,no CapnBry sighting at this spot
Myrkwood Forest,105,venomspitter,1,35015,34145,0,9,no CapnBry sighting at this spot
Myrkwood Forest,105,venomspitter,1,26195,34457,0,9,no CapnBry sighting at this spot
Myrkwood Forest,105,wind wisp,1,6729,6913,7,29,likely short: CapnBry saw 7 here
Myrkwood Forest,105,ghost light,1,34064,5470,1,11,matches CapnBry (1-2 seen here)
Myrkwood Forest,105,ghost light,1,17262,3026,2,11,matches CapnBry (1-2 seen here)
Myrkwood Forest,105,ghost light,1,18949,7238,2,11,matches CapnBry (1-2 seen here)
Myrkwood Forest,105,ghost light,1,22304,3551,3,11,likely short: CapnBry saw 3 here
Myrkwood Forest,105,ghost light,2,13816,2265,2,11,matches CapnBry (1-2 seen here)
Myrkwood Forest,105,ghost light,1,25045,8288,2,11,matches CapnBry (1-2 seen here)
Myrkwood Forest,105,ghost light,1,21761,5397,3,11,likely short: CapnBry saw 3 here
Myrkwood Forest,105,corpse eater,1,31132,44895,0,9,no CapnBry sighting at this spot
Myrkwood Forest,105,corpse eater,1,30332,35421,0,9,no CapnBry sighting at this spot
Myrkwood Forest,105,corpse eater,1,29158,37289,0,9,no CapnBry sighting at this spot
Myrkwood Forest,105,corpse eater,1,58434,52350,0,9,no CapnBry sighting at this spot
Myrkwood Forest,105,corpse eater,1,26046,36324,0,9,no CapnBry sighting at this spot
Myrkwood Forest,105,corpse eater,2,60930,53636,0,9,no CapnBry sighting at this spot
Myrkwood Forest,105,corpse eater,1,60510,50844,0,9,no CapnBry sighting at this spot
Myrkwood Forest,105,corpse eater,1,26942,34269,0,9,no CapnBry sighting at this spot
Myrkwood Forest,105,soul sinker,1,47817,56583,3,5,likely short: CapnBry saw 3 here
Myrkwood Forest,105,soul sinker,2,49416,58182,3,5,likely short: CapnBry saw 3 here
Myrkwood Forest,105,soul sinker,1,27997,61373,1,5,matches CapnBry (1-2 seen here)
Myrkwood Forest,105,soul sinker,1,28517,57847,1,5,matches CapnBry (1-2 seen here)
Myrkwood Forest,105,mora rider,2,43890,56625,3,21,likely short: CapnBry saw 3 here
Myrkwood Forest,105,arachite shadowslinker,2,3536,18429,3,17,likely short: CapnBry saw 3 here
Myrkwood Forest,105,arachite shadowslinker,2,7623,19075,4,17,likely short: CapnBry saw 4 here
Myrkwood Forest,105,arachite shadowslinker,1,3827,24685,3,17,likely short: CapnBry saw 3 here
Myrkwood Forest,105,arachite shadowslinker,1,11565,25333,1,17,matches CapnBry (1-2 seen here)
Myrkwood Forest,105,arachite shadowslinker,1,5385,18282,3,17,likely short: CapnBry saw 3 here
Myrkwood Forest,105,carrion eater,1,36917,3880,0,12,no CapnBry sighting at this spot
Myrkwood Forest,105,carrion eater,1,51952,7242,0,12,no CapnBry sighting at this spot
Myrkwood Forest,105,carrion eater,1,59913,41902,8,12,likely short: CapnBry saw 8 here
Myrkwood Forest,105,carrion eater,2,54776,38135,0,12,no CapnBry sighting at this spot
Myrkwood Forest,105,mora dancer,1,38048,53311,8,39,likely short: CapnBry saw 8 here
Myrkwood Forest,105,mora dancer,1,31646,54129,8,39,likely short: CapnBry saw 8 here
Myrkwood Forest,105,mora dancer,1,45380,55198,0,39,no CapnBry sighting at this spot
Myrkwood Forest,105,mora dancer,1,32064,47629,2,39,matches CapnBry (1-2 seen here)
Myrkwood Forest,105,mora dancer,1,27489,54327,5,39,likely short: CapnBry saw 5 here
Myrkwood Forest,105,mora dancer,1,48389,53067,0,39,no CapnBry sighting at this spot
Myrkwood Forest,105,mora dancer,1,34176,56405,8,39,likely short: CapnBry saw 8 here
Myrkwood Forest,105,mora dancer,1,30347,60354,4,39,likely short: CapnBry saw 4 here
Myrkwood Forest,105,mora dancer,1,50340,57395,1,39,matches CapnBry (1-2 seen here)
Myrkwood Forest,105,giant bull frog,1,47503,24865,0,6,no CapnBry sighting at this spot
Myrkwood Forest,105,giant bull frog,1,45980,26732,4,6,likely short: CapnBry saw 4 here
Myrkwood Forest,105,giant bull frog,1,38810,26458,4,6,likely short: CapnBry saw 4 here
Myrkwood Forest,105,decaying troll,2,56714,49698,2,8,matches CapnBry (1-2 seen here)
Myrkwood Forest,105,decaying troll,2,55851,52530,2,8,matches CapnBry (1-2 seen here)
Myrkwood Forest,105,decaying troll,1,48488,55581,0,8,no CapnBry sighting at this spot
Myrkwood Forest,105,decaying troll,1,33297,40145,1,8,matches CapnBry (1-2 seen here)
Myrkwood Forest,105,decaying troll,1,59472,48318,2,8,matches CapnBry (1-2 seen here)
Myrkwood Forest,105,decaying troll,1,60508,53341,1,8,matches CapnBry (1-2 seen here)
Myrkwood Forest,105,arachite greensilk,2,51834,5440,8,32,likely short: CapnBry saw 8 here
Myrkwood Forest,105,arachite greensilk,1,42779,7380,1,32,matches CapnBry (1-2 seen here)
Myrkwood Forest,105,arachite greensilk,1,51322,7110,8,32,likely short: CapnBry saw 8 here
Myrkwood Forest,105,arachite greensilk,2,57621,11069,3,32,likely short: CapnBry saw 3 here
Myrkwood Forest,105,arachite greensilk,1,59433,6843,8,32,likely short: CapnBry saw 8 here
Myrkwood Forest,105,sapherd,2,51977,6556,3,10,likely short: CapnBry saw 3 here
Myrkwood Forest,105,sapherd,1,33283,5216,1,10,matches CapnBry (1-2 seen here)
Myrkwood Forest,105,sapherd,1,41132,6083,2,10,matches CapnBry (1-2 seen here)
Myrkwood Forest,105,sapherd,1,42665,7964,2,10,matches CapnBry (1-2 seen here)
Myrkwood Forest,105,sapherd,1,35146,6143,1,10,matches CapnBry (1-2 seen here)
Myrkwood Forest,105,gray worg,2,34982,42410,0,15,no CapnBry sighting at this spot
Myrkwood Forest,105,gray worg,2,29253,44195,0,15,no CapnBry sighting at this spot
Myrkwood Forest,105,dark hound,1,28146,56804,2,7,matches CapnBry (1-2 seen here)
Myrkwood Forest,105,dark hound,1,29487,59670,2,7,matches CapnBry (1-2 seen here)
Myrkwood Forest,105,dark hound,1,30205,54749,2,7,matches CapnBry (1-2 seen here)
Myrkwood Forest,105,dark hound,1,33991,57591,2,7,matches CapnBry (1-2 seen here)
Myrkwood Forest,105,arachite hatchling,1,31465,7338,0,6,no CapnBry sighting at this spot
Myrkwood Forest,105,arachite hatchling,1,55906,5446,1,6,matches CapnBry (1-2 seen here)
Myrkwood Forest,105,arachite hatchling,1,57130,11408,1,6,matches CapnBry (1-2 seen here)
Myrkwood Forest,105,arachite hatchling,1,22493,6914,0,6,no CapnBry sighting at this spot
Myrkwood Forest,105,arachite hatchling,1,41215,20551,1,6,matches CapnBry (1-2 seen here)
Myrkwood Forest,105,arachite hatchling,1,43374,22017,1,6,matches CapnBry (1-2 seen here)
Myrkwood Forest,105,svartskogsfru,1,24127,47522,0,2,rare/named species (1-2 in whole zone)
Myrkwood Forest,105,svartskogsfru,1,24710,45778,0,2,rare/named species (1-2 in whole zone)
Myrkwood Forest,105,werewolf,1,13877,43334,0,13,no CapnBry sighting at this spot
Myrkwood Forest,105,werewolf,1,20525,45935,0,13,no CapnBry sighting at this spot
Myrkwood Forest,105,werewolf,2,9850,43545,0,13,no CapnBry sighting at this spot
Myrkwood Forest,105,werewolf,2,15543,45353,0,13,no CapnBry sighting at this spot
Myrkwood Forest,105,werewolf,1,16416,40344,0,13,no CapnBry sighting at this spot
Myrkwood Forest,105,werewolf,1,22375,44983,0,13,no CapnBry sighting at this spot
Myrkwood Forest,105,werewolf,1,18429,41501,0,13,no CapnBry sighting at this spot
Myrkwood Forest,105,werewolf,1,8203,43984,0,13,no CapnBry sighting at this spot
Myrkwood Forest,105,haunt,1,59703,30030,0,7,no CapnBry sighting at this spot
Myrkwood Forest,105,haunt,1,46092,7471,0,7,no CapnBry sighting at this spot
Myrkwood Forest,105,haunt,2,62367,39707,4,7,likely short: CapnBry saw 4 here
Myrkwood Forest,105,haunt,2,59859,41715,4,7,likely short: CapnBry saw 4 here
Myrkwood Forest,105,haunt,1,53215,36871,0,7,no CapnBry sighting at this spot
Myrkwood Forest,105,hog-nose slither,2,39123,21736,0,19,no CapnBry sighting at this spot
Myrkwood Forest,105,hog-nose slither,1,52124,20637,0,19,no CapnBry sighting at this spot
Myrkwood Forest,105,hog-nose slither,1,46925,26165,0,19,no CapnBry sighting at this spot
Myrkwood Forest,105,hog-nose slither,1,39897,24024,0,19,no CapnBry sighting at this spot
Myrkwood Forest,105,hog-nose slither,2,54295,22213,0,19,no CapnBry sighting at this spot
Myrkwood Forest,105,hog-nose slither,1,41292,20480,0,19,no CapnBry sighting at this spot
Myrkwood Forest,105,brittle skeleton,1,58259,15581,0,10,no CapnBry sighting at this spot
Myrkwood Forest,105,brittle skeleton,1,40063,16805,0,10,no CapnBry sighting at this spot
Myrkwood Forest,105,brittle skeleton,2,47092,13412,0,10,no CapnBry sighting at this spot
Myrkwood Forest,105,brittle skeleton,1,52122,19391,0,10,no CapnBry sighting at this spot
Myrkwood Forest,105,brittle skeleton,1,40651,20886,0,10,no CapnBry sighting at this spot
Myrkwood Forest,105,brittle skeleton,1,55254,16561,0,10,no CapnBry sighting at this spot
Myrkwood Forest,105,spook,1,16691,3601,2,8,matches CapnBry (1-2 seen here)
Myrkwood Forest,105,spook,1,26314,6387,3,8,likely short: CapnBry saw 3 here
Myrkwood Forest,105,spook,1,32734,7165,1,8,matches CapnBry (1-2 seen here)
Myrkwood Forest,105,spook,2,25612,8151,3,8,likely short: CapnBry saw 3 here
Myrkwood Forest,105,spook,1,13618,1552,2,8,matches CapnBry (1-2 seen here)
Myrkwood Forest,105,spook,1,23908,6143,3,8,likely short: CapnBry saw 3 here
Myrkwood Forest,105,spook,1,34581,7611,1,8,matches CapnBry (1-2 seen here)
Myrkwood Forest,105,myrkcat,2,38854,13401,1,9,matches CapnBry (1-2 seen here)
Myrkwood Forest,105,myrkcat,1,48110,12873,2,9,matches CapnBry (1-2 seen here)
Myrkwood Forest,105,myrkcat,1,54533,16674,1,9,matches CapnBry (1-2 seen here)
Myrkwood Forest,105,myrkcat,1,56039,25361,0,9,no CapnBry sighting at this spot
Myrkwood Forest,105,myrkcat,2,44717,14582,2,9,matches CapnBry (1-2 seen here)
Myrkwood Forest,105,myrkcat,1,40757,12128,2,9,matches CapnBry (1-2 seen here)
Myrkwood Forest,105,myrkcat,1,58835,19225,0,9,no CapnBry sighting at this spot
Myrkwood Forest,105,arachite priest,2,12801,23619,1,13,matches CapnBry (1-2 seen here)
Myrkwood Forest,105,arachite priest,1,11339,25811,1,13,matches CapnBry (1-2 seen here)
Myrkwood Forest,105,haglion's minion,1,29437,48514,0,7,no CapnBry sighting at this spot
Myrkwood Forest,105,haglion's minion,1,32975,53414,0,7,no CapnBry sighting at this spot
Myrkwood Forest,105,haglion's minion,1,29917,50767,0,7,no CapnBry sighting at this spot
Myrkwood Forest,105,haglion's minion,1,31064,53972,0,7,no CapnBry sighting at this spot
Myrkwood Forest,105,haglion's minion,1,33629,50635,0,7,no CapnBry sighting at this spot
Myrkwood Forest,105,haglion's minion,1,31805,57067,0,7,no CapnBry sighting at this spot
Myrkwood Forest,105,haglion's minion,1,26834,51469,0,7,no CapnBry sighting at this spot
Myrkwood Forest,105,carrion crawler,1,21302,7303,3,19,likely short: CapnBry saw 3 here
Myrkwood Forest,105,carrion crawler,1,14836,5209,2,19,matches CapnBry (1-2 seen here)
Myrkwood Forest,105,carrion crawler,1,35323,5862,2,19,matches CapnBry (1-2 seen here)
Myrkwood Forest,105,carrion crawler,2,14850,2239,2,19,matches CapnBry (1-2 seen here)
Myrkwood Forest,105,carrion crawler,2,33207,5572,2,19,matches CapnBry (1-2 seen here)
Myrkwood Forest,105,carrion crawler,1,23126,1957,4,19,likely short: CapnBry saw 4 here
Myrkwood Forest,105,carrion crawler,1,23437,7664,3,19,likely short: CapnBry saw 3 here
Myrkwood Forest,105,carrion crawler,1,25276,2221,4,19,likely short: CapnBry saw 4 here
Myrkwood Forest,105,carrion crawler,1,27197,4142,4,19,likely short: CapnBry saw 4 here
Myrkwood Forest,105,carrion crawler,1,37299,7881,2,19,matches CapnBry (1-2 seen here)
Myrkwood Forest,105,arachite weblasher,2,8441,24423,2,13,matches CapnBry (1-2 seen here)
Myrkwood Forest,105,arachite weblasher,2,5471,25331,2,13,matches CapnBry (1-2 seen here)
Myrkwood Forest,105,arachite weblasher,1,6996,17877,3,13,likely short: CapnBry saw 3 here
Myrkwood Forest,105,arachite weblasher,2,16719,26309,1,13,matches CapnBry (1-2 seen here)
Myrkwood Forest,105,arachite weblasher,1,13428,22887,2,13,matches CapnBry (1-2 seen here)
Myrkwood Forest,105,arachite weblasher,2,9474,18941,3,13,likely short: CapnBry saw 3 here
Myrkwood Forest,105,arachite weblasher,2,4816,18286,3,13,likely short: CapnBry saw 3 here
Myrkwood Forest,105,arachite weblasher,1,10262,23305,2,13,matches CapnBry (1-2 seen here)
Myrkwood Forest,105,great tingler,2,3396,31205,0,17,no CapnBry sighting at this spot
Myrkwood Forest,105,great tingler,1,17245,28184,0,17,no CapnBry sighting at this spot
Myrkwood Forest,105,great tingler,1,3326,27844,0,17,no CapnBry sighting at this spot
Myrkwood Forest,105,great tingler,2,3546,34868,0,17,no CapnBry sighting at this spot
Myrkwood Forest,105,great tingler,1,15620,27095,0,17,no CapnBry sighting at this spot
Myrkwood Forest,105,svartalf watcher,1,37588,51089,2,10,matches CapnBry (1-2 seen here)
Myrkwood Forest,105,svartalf watcher,1,39087,52680,2,10,matches CapnBry (1-2 seen here)
Myrkwood Forest,105,sorrow,1,14449,3106,0,1,rare/named species (1-2 in whole zone)
Myrkwood Forest,105,decaying norseman,2,55898,53418,0,4,no CapnBry sighting at this spot
Myrkwood Forest,105,decaying norseman,1,54995,51593,0,4,no CapnBry sighting at this spot
Myrkwood Forest,105,decaying norseman,1,29992,35683,0,4,no CapnBry sighting at this spot
Myrkwood Forest,105,hobgoblin snagger,1,42118,19074,1,3,matches CapnBry (1-2 seen here)
Myrkwood Forest,105,hobgoblin snagger,1,57145,23859,1,3,matches CapnBry (1-2 seen here)
Myrkwood Forest,105,hobgoblin snagger,1,54647,26100,1,3,matches CapnBry (1-2 seen here)
Myrkwood Forest,105,svartalf predator,1,60154,55941,0,2,rare/named species (1-2 in whole zone)
Myrkwood Forest,105,svartalf predator,1,26210,56171,1,2,matches CapnBry (1-2 seen here)
Myrkwood Forest,105,death spider,2,19534,32720,0,5,no CapnBry sighting at this spot
Myrkwood Forest,105,death spider,2,15255,28759,0,5,no CapnBry sighting at this spot
Myrkwood Forest,105,death spider,1,6495,32304,0,5,no CapnBry sighting at this spot
Myrkwood Forest,105,njessi,1,34221,17658,0,1,rare/named species (1-2 in whole zone)
Myrkwood Forest,105,entrancing dirge,1,8592,46360,1,3,matches CapnBry (1-2 seen here)
Myrkwood Forest,105,entrancing dirge,2,24779,61535,2,3,matches CapnBry (1-2 seen here)
Myrkwood Forest,105,tingler webmother,1,3164,31066,0,1,rare/named species (1-2 in whole zone)
Myrkwood Forest,105,niswen,1,35698,13373,0,1,rare/named species (1-2 in whole zone)
Myrkwood Forest,105,envy drakeling,1,5304,158,0,1,rare/named species (1-2 in whole zone)
Myrkwood Forest,105,ove alfevson,1,17017,42391,0,1,rare/named species (1-2 in whole zone)
Myrkwood Forest,105,svartalf sorcerer,2,61450,56033,2,2,matches CapnBry (1-2 seen here)
Myrkwood Forest,105,great worg,1,29422,44153,0,1,rare/named species (1-2 in whole zone)
Myrkwood Forest,105,priestess araxia,1,3431,11261,0,1,rare/named species (1-2 in whole zone)
Myrkwood Forest,105,priest thaxtix,1,9744,30288,0,1,rare/named species (1-2 in whole zone)
Myrkwood Forest,105,baron falwur,1,14827,44268,0,1,rare/named species (1-2 in whole zone)
Myrkwood Forest,105,anakol,1,13325,44088,0,1,rare/named species (1-2 in whole zone)
Myrkwood Forest,105,bjorn,1,50308,7889,0,1,rare/named species (1-2 in whole zone)
Myrkwood Forest,105,spectral bayer,1,28882,45162,0,1,rare/named species (1-2 in whole zone)
Skona Ravine,106,fjalar,1,6030,18079,0,1,rare/named species (1-2 in whole zone)
Skona Ravine,106,whispering willow,2,2557,54139,3,15,likely short: CapnBry saw 3 here
Skona Ravine,106,whispering willow,2,3195,62366,4,15,likely short: CapnBry saw 4 here
Skona Ravine,106,whispering willow,1,7402,63573,1,15,matches CapnBry (1-2 seen here)
Skona Ravine,106,whispering willow,2,1823,60038,4,15,likely short: CapnBry saw 4 here
Skona Ravine,106,whispering willow,1,4181,52397,3,15,likely short: CapnBry saw 3 here
Skona Ravine,106,whispering willow,2,3416,56195,3,15,likely short: CapnBry saw 3 here
Skona Ravine,106,whispering willow,1,4533,60815,4,15,likely short: CapnBry saw 4 here
Skona Ravine,106,wind spirit,1,51937,33076,0,19,no CapnBry sighting at this spot
Skona Ravine,106,wind spirit,1,33938,11208,0,19,no CapnBry sighting at this spot
Skona Ravine,106,wind spirit,1,44649,37151,0,19,no CapnBry sighting at this spot
Skona Ravine,106,wind spirit,1,35747,12133,0,19,no CapnBry sighting at this spot
Skona Ravine,106,wind spirit,1,51632,37467,0,19,no CapnBry sighting at this spot
Skona Ravine,106,wind spirit,2,55122,33414,0,19,no CapnBry sighting at this spot
Skona Ravine,106,wind spirit,2,45127,47197,0,19,no CapnBry sighting at this spot
Skona Ravine,106,wind spirit,1,46979,17177,0,19,no CapnBry sighting at this spot
Skona Ravine,106,wind spirit,2,49301,17541,0,19,no CapnBry sighting at this spot
Skona Ravine,106,wind spirit,1,38547,14646,0,19,no CapnBry sighting at this spot
Skona Ravine,106,wind spirit,1,54702,30998,0,19,no CapnBry sighting at this spot
Skona Ravine,106,wind spirit,1,44385,34439,0,19,no CapnBry sighting at this spot
Skona Ravine,106,wind spirit,1,34661,51741,0,19,no CapnBry sighting at this spot
Skona Ravine,106,werewolf warder,2,36129,44952,0,24,no CapnBry sighting at this spot
Skona Ravine,106,werewolf warder,1,52111,35973,0,24,no CapnBry sighting at this spot
Skona Ravine,106,werewolf warder,2,27211,41993,0,24,no CapnBry sighting at this spot
Skona Ravine,106,werewolf warder,1,28261,46475,0,24,no CapnBry sighting at this spot
Skona Ravine,106,werewolf warder,2,55176,34414,0,24,no CapnBry sighting at this spot
Skona Ravine,106,werewolf warder,1,21983,48236,0,24,no CapnBry sighting at this spot
Skona Ravine,106,werewolf warder,1,28974,48565,0,24,no CapnBry sighting at this spot
Skona Ravine,106,werewolf warder,1,42963,39705,0,24,no CapnBry sighting at this spot
Skona Ravine,106,werewolf warder,1,49157,33386,0,24,no CapnBry sighting at this spot
Skona Ravine,106,werewolf warder,1,36043,42718,0,24,no CapnBry sighting at this spot
Skona Ravine,106,werewolf warder,1,44228,37588,0,24,no CapnBry sighting at this spot
Skona Ravine,106,werewolf warder,1,25990,49437,0,24,no CapnBry sighting at this spot
Skona Ravine,106,werewolf warder,1,54376,35786,0,24,no CapnBry sighting at this spot
Skona Ravine,106,werewolf warder,1,26576,44882,0,24,no CapnBry sighting at this spot
Skona Ravine,106,werewolf warder,1,48613,35581,0,24,no CapnBry sighting at this spot
Skona Ravine,106,moss maiden,1,23301,54683,0,5,no CapnBry sighting at this spot
Skona Ravine,106,moss maiden,1,20972,4754,1,5,matches CapnBry (1-2 seen here)
Skona Ravine,106,moss maiden,1,26678,55876,1,5,matches CapnBry (1-2 seen here)
Skona Ravine,106,moss maiden,1,21259,9213,1,5,matches CapnBry (1-2 seen here)
Skona Ravine,106,moss maiden,1,42881,55553,0,5,no CapnBry sighting at this spot
Skona Ravine,106,sidhe gaoite,1,7590,33337,1,10,matches CapnBry (1-2 seen here)
Skona Ravine,106,sidhe gaoite,1,7858,37578,3,10,likely short: CapnBry saw 3 here
Skona Ravine,106,sidhe gaoite,1,10466,55846,1,10,matches CapnBry (1-2 seen here)
Skona Ravine,106,sidhe gaoite,1,6177,41943,3,10,likely short: CapnBry saw 3 here
Skona Ravine,106,wolfaur headsman,1,27330,34255,0,19,no CapnBry sighting at this spot
Skona Ravine,106,wolfaur headsman,1,35863,61656,0,19,no CapnBry sighting at this spot
Skona Ravine,106,wolfaur headsman,1,35112,30697,0,19,no CapnBry sighting at this spot
Skona Ravine,106,wolfaur headsman,2,39454,26278,0,19,no CapnBry sighting at this spot
Skona Ravine,106,wolfaur headsman,1,45271,27358,0,19,no CapnBry sighting at this spot
Skona Ravine,106,wolfaur headsman,1,41323,30081,0,19,no CapnBry sighting at this spot
Skona Ravine,106,wolfaur headsman,2,26215,32433,0,19,no CapnBry sighting at this spot
Skona Ravine,106,wolfaur headsman,1,43412,27856,0,19,no CapnBry sighting at this spot
Skona Ravine,106,wolfaur headsman,1,41339,27837,0,19,no CapnBry sighting at this spot
Skona Ravine,106,giant tree frog,1,58413,38907,0,20,no CapnBry sighting at this spot
Skona Ravine,106,giant tree frog,2,59224,43320,0,20,no CapnBry sighting at this spot
Skona Ravine,106,giant tree frog,1,61277,25188,0,20,no CapnBry sighting at this spot
Skona Ravine,106,giant tree frog,1,58992,9746,0,20,no CapnBry sighting at this spot
Skona Ravine,106,giant tree frog,1,48904,3871,0,20,no CapnBry sighting at this spot
Skona Ravine,106,giant tree frog,1,57452,25274,0,20,no CapnBry sighting at this spot
Skona Ravine,106,giant tree frog,1,47190,3561,0,20,no CapnBry sighting at this spot
Skona Ravine,106,giant tree frog,1,51613,20642,0,20,no CapnBry sighting at this spot
Skona Ravine,106,giant tree frog,1,49082,6066,0,20,no CapnBry sighting at this spot
Skona Ravine,106,giant tree frog,1,46841,6946,0,20,no CapnBry sighting at this spot
Skona Ravine,106,giant tree frog,1,46125,9366,0,20,no CapnBry sighting at this spot
Skona Ravine,106,giant tree frog,1,61292,42025,0,20,no CapnBry sighting at this spot
Skona Ravine,106,giant tree frog,1,37263,4782,0,20,no CapnBry sighting at this spot
Skona Ravine,106,young wolverine,1,16247,18460,0,19,no CapnBry sighting at this spot
Skona Ravine,106,young wolverine,2,47712,15659,0,19,no CapnBry sighting at this spot
Skona Ravine,106,young wolverine,1,45850,49374,0,19,no CapnBry sighting at this spot
Skona Ravine,106,young wolverine,1,38659,10215,0,19,no CapnBry sighting at this spot
Skona Ravine,106,young wolverine,1,44591,35545,0,19,no CapnBry sighting at this spot
Skona Ravine,106,young wolverine,1,49498,18761,0,19,no CapnBry sighting at this spot
Skona Ravine,106,young wolverine,2,39928,35293,0,19,no CapnBry sighting at this spot
Skona Ravine,106,young wolverine,1,14744,25248,0,19,no CapnBry sighting at this spot
Skona Ravine,106,young wolverine,1,51876,33601,0,19,no CapnBry sighting at this spot
Skona Ravine,106,young wolverine,1,45349,18328,0,19,no CapnBry sighting at this spot
Skona Ravine,106,young wolverine,2,33309,19979,0,19,no CapnBry sighting at this spot
Skona Ravine,106,young wolverine,1,44952,37395,0,19,no CapnBry sighting at this spot
Skona Ravine,106,young wolverine,1,38604,13651,0,19,no CapnBry sighting at this spot
Skona Ravine,106,young wolverine,1,14480,20171,0,19,no CapnBry sighting at this spot
Skona Ravine,106,young wolverine,1,43836,20911,0,19,no CapnBry sighting at this spot
Skona Ravine,106,young wolverine,1,48884,34918,0,19,no CapnBry sighting at this spot
Skona Ravine,106,dryad blossom,1,62975,41685,1,14,matches CapnBry (1-2 seen here)
Skona Ravine,106,dryad blossom,1,58943,56944,2,14,matches CapnBry (1-2 seen here)
Skona Ravine,106,timberland badger,1,20175,35817,0,26,no CapnBry sighting at this spot
Skona Ravine,106,timberland badger,1,20394,60293,0,26,no CapnBry sighting at this spot
Skona Ravine,106,timberland badger,2,24155,59446,0,26,no CapnBry sighting at this spot
Skona Ravine,106,timberland badger,2,12298,40639,0,26,no CapnBry sighting at this spot
Skona Ravine,106,timberland badger,1,20163,47223,0,26,no CapnBry sighting at this spot
Skona Ravine,106,timberland badger,1,23419,56891,0,26,no CapnBry sighting at this spot
Skona Ravine,106,timberland badger,1,14948,39839,0,26,no CapnBry sighting at this spot
Skona Ravine,106,timberland badger,1,24928,56312,0,26,no CapnBry sighting at this spot
Skona Ravine,106,timberland badger,1,20446,43656,0,26,no CapnBry sighting at this spot
Skona Ravine,106,timberland badger,1,16464,45426,0,26,no CapnBry sighting at this spot
Skona Ravine,106,timberland badger,1,20007,57247,0,26,no CapnBry sighting at this spot
Skona Ravine,106,timber cat,1,21552,61145,0,29,no CapnBry sighting at this spot
Skona Ravine,106,timber cat,2,7871,35937,0,29,no CapnBry sighting at this spot
Skona Ravine,106,timber cat,1,23518,54165,0,29,no CapnBry sighting at this spot
Skona Ravine,106,timber cat,1,14458,26567,0,29,no CapnBry sighting at this spot
Skona Ravine,106,timber cat,1,18708,41799,0,29,no CapnBry sighting at this spot
Skona Ravine,106,timber cat,1,7940,59953,0,29,no CapnBry sighting at this spot
Skona Ravine,106,timber cat,2,14550,28682,0,29,no CapnBry sighting at this spot
Skona Ravine,106,timber cat,1,28019,57433,0,29,no CapnBry sighting at this spot
Skona Ravine,106,timber cat,1,12605,18579,0,29,no CapnBry sighting at this spot
Skona Ravine,106,timber cat,1,12698,39343,0,29,no CapnBry sighting at this spot
Skona Ravine,106,timber cat,1,17275,14472,0,29,no CapnBry sighting at this spot
Skona Ravine,106,timber cat,2,24764,57235,0,29,no CapnBry sighting at this spot
Skona Ravine,106,timber cat,2,9352,33397,0,29,no CapnBry sighting at this spot
Skona Ravine,106,timber cat,1,10761,59982,0,29,no CapnBry sighting at this spot
Skona Ravine,106,timber cat,2,16265,16466,0,29,no CapnBry sighting at this spot
Skona Ravine,106,timber cat,1,23154,58656,0,29,no CapnBry sighting at this spot
Skona Ravine,106,timber cat,1,3730,37523,0,29,no CapnBry sighting at this spot
Skona Ravine,106,timber cat,1,20810,58060,0,29,no CapnBry sighting at this spot
Skona Ravine,106,timber cat,2,14132,18625,0,29,no CapnBry sighting at this spot
Skona Ravine,106,timber cat,1,19056,39806,0,29,no CapnBry sighting at this spot
Skona Ravine,106,timber cat,1,19075,17564,0,29,no CapnBry sighting at this spot
Skona Ravine,106,timber cat,1,15394,39125,0,29,no CapnBry sighting at this spot
Skona Ravine,106,timber cat,1,8001,31288,0,29,no CapnBry sighting at this spot
Skona Ravine,106,dryad greenthumb,1,62015,61313,3,8,likely short: CapnBry saw 3 here
Skona Ravine,106,dryad greenthumb,1,52700,61121,1,8,matches CapnBry (1-2 seen here)
Skona Ravine,106,werewolf guard,2,24355,34798,0,35,no CapnBry sighting at this spot
Skona Ravine,106,werewolf guard,2,39314,30283,0,35,no CapnBry sighting at this spot
Skona Ravine,106,werewolf guard,2,24155,33188,0,35,no CapnBry sighting at this spot
Skona Ravine,106,werewolf guard,2,27158,36408,0,35,no CapnBry sighting at this spot
Skona Ravine,106,werewolf guard,2,38238,27460,0,35,no CapnBry sighting at this spot
Skona Ravine,106,werewolf guard,2,45445,28816,0,35,no CapnBry sighting at this spot
Skona Ravine,106,werewolf guard,1,43240,29147,0,35,no CapnBry sighting at this spot
Skona Ravine,106,werewolf guard,1,39211,33423,0,35,no CapnBry sighting at this spot
Skona Ravine,106,werewolf guard,1,35590,33202,0,35,no CapnBry sighting at this spot
Skona Ravine,106,werewolf guard,1,39286,24325,0,35,no CapnBry sighting at this spot
Skona Ravine,106,werewolf guard,1,31790,34213,0,35,no CapnBry sighting at this spot
Skona Ravine,106,werewolf guard,1,36196,25092,0,35,no CapnBry sighting at this spot
Skona Ravine,106,werewolf guard,2,22894,29703,0,35,no CapnBry sighting at this spot
Skona Ravine,106,werewolf guard,1,42019,32387,0,35,no CapnBry sighting at this spot
Skona Ravine,106,ra of pine,1,35840,42496,0,13,no CapnBry sighting at this spot
Skona Ravine,106,ra of pine,1,33024,39936,0,13,no CapnBry sighting at this spot
Skona Ravine,106,ra of pine,1,26624,16896,0,13,no CapnBry sighting at this spot
Skona Ravine,106,ra of pine,2,24576,17408,0,13,no CapnBry sighting at this spot
Skona Ravine,106,ra of pine,1,26624,15104,0,13,no CapnBry sighting at this spot
Skona Ravine,106,ra of pine,1,26880,22272,0,13,no CapnBry sighting at this spot
Skona Ravine,106,ra of pine,1,30720,40960,0,13,no CapnBry sighting at this spot
Skona Ravine,106,ra of pine,1,29952,44800,0,13,no CapnBry sighting at this spot
Skona Ravine,106,ra of pine,1,29184,46336,0,13,no CapnBry sighting at this spot
Skona Ravine,106,ra of pine,1,32000,25600,0,13,no CapnBry sighting at this spot
Skona Ravine,106,ra of pine,1,28672,20736,0,13,no CapnBry sighting at this spot
Skona Ravine,106,ra of pine,1,33280,42496,0,13,no CapnBry sighting at this spot
Skona Ravine,106,woodland badger,1,60435,41286,0,21,no CapnBry sighting at this spot
Skona Ravine,106,woodland badger,2,50765,60268,0,21,no CapnBry sighting at this spot
Skona Ravine,106,woodland badger,1,40182,55924,0,21,no CapnBry sighting at this spot
Skona Ravine,106,woodland badger,1,44478,61164,0,21,no CapnBry sighting at this spot
Skona Ravine,106,woodland badger,1,27775,3737,0,21,no CapnBry sighting at this spot
Skona Ravine,106,woodland badger,1,59232,12274,0,21,no CapnBry sighting at this spot
Skona Ravine,106,woodland badger,1,61770,25966,0,21,no CapnBry sighting at this spot
Skona Ravine,106,great tingler,1,46737,36461,0,10,no CapnBry sighting at this spot
Skona Ravine,106,great tingler,1,53289,31165,0,10,no CapnBry sighting at this spot
Skona Ravine,106,great tingler,1,57729,38583,0,10,no CapnBry sighting at this spot
Skona Ravine,106,great tingler,1,42850,8764,0,10,no CapnBry sighting at this spot
Skona Ravine,106,great tingler,1,38156,22664,0,10,no CapnBry sighting at this spot
Skona Ravine,106,great tingler,2,57829,18697,0,10,no CapnBry sighting at this spot
Skona Ravine,106,great tingler,1,44415,4417,0,10,no CapnBry sighting at this spot
Skona Ravine,106,great tingler,2,38830,20046,0,10,no CapnBry sighting at this spot
Skona Ravine,106,werewolf skulker,1,28069,3992,3,8,likely short: CapnBry saw 3 here
Skona Ravine,106,werewolf skulker,1,28824,6101,3,8,likely short: CapnBry saw 3 here
Skona Ravine,106,werewolf skulker,1,35335,61074,1,8,matches CapnBry (1-2 seen here)
Skona Ravine,106,werewolf skulker,1,32006,5544,3,8,likely short: CapnBry saw 3 here
Skona Ravine,106,werewolf skulker,1,38762,12842,1,8,matches CapnBry (1-2 seen here)
Skona Ravine,106,mud frog,1,957,29435,1,1,matches CapnBry (1-2 seen here)
Skona Ravine,106,battle-scarred mauler,1,14526,39714,1,3,matches CapnBry (1-2 seen here)
Skona Ravine,106,battle-scarred mauler,1,16003,18738,1,3,matches CapnBry (1-2 seen here)
Skona Ravine,106,battle-scarred mauler,1,12070,38089,1,3,matches CapnBry (1-2 seen here)
Skona Ravine,106,callow wolverine,2,32632,20066,0,8,no CapnBry sighting at this spot
Skona Ravine,106,callow wolverine,2,33797,37727,0,8,no CapnBry sighting at this spot
Skona Ravine,106,callow wolverine,2,36116,41277,0,8,no CapnBry sighting at this spot
Skona Ravine,106,callow wolverine,1,40720,20662,0,8,no CapnBry sighting at this spot
Skona Ravine,106,callow wolverine,1,37285,18205,0,8,no CapnBry sighting at this spot
Skona Ravine,106,elder skogsfru,1,7111,57486,4,10,likely short: CapnBry saw 4 here
Skona Ravine,106,elder skogsfru,1,25018,54492,1,10,matches CapnBry (1-2 seen here)
Skona Ravine,106,elder skogsfru,1,3928,56669,4,10,likely short: CapnBry saw 4 here
Skona Ravine,106,elder skogsfru,2,20492,56845,1,10,matches CapnBry (1-2 seen here)
Skona Ravine,106,elder skogsfru,1,5268,58226,4,10,likely short: CapnBry saw 4 here
Skona Ravine,106,brush cat,1,36410,15965,0,32,no CapnBry sighting at this spot
Skona Ravine,106,brush cat,1,45963,59642,0,32,no CapnBry sighting at this spot
Skona Ravine,106,brush cat,2,35329,14208,0,32,no CapnBry sighting at this spot
Skona Ravine,106,brush cat,1,61906,27180,0,32,no CapnBry sighting at this spot
Skona Ravine,106,brush cat,1,48978,37663,0,32,no CapnBry sighting at this spot
Skona Ravine,106,brush cat,1,33042,60164,0,32,no CapnBry sighting at this spot
Skona Ravine,106,brush cat,1,43697,56182,0,32,no CapnBry sighting at this spot
Skona Ravine,106,brush cat,1,39000,22144,0,32,no CapnBry sighting at this spot
Skona Ravine,106,brush cat,2,20274,6748,0,32,no CapnBry sighting at this spot
Skona Ravine,106,brush cat,1,40953,51583,0,32,no CapnBry sighting at this spot
Skona Ravine,106,brush cat,2,51361,35331,0,32,no CapnBry sighting at this spot
Skona Ravine,106,brush cat,1,59268,11553,0,32,no CapnBry sighting at this spot
Skona Ravine,106,brush cat,1,45768,17356,0,32,no CapnBry sighting at this spot
Skona Ravine,106,brush cat,1,52428,33594,0,32,no CapnBry sighting at this spot
Skona Ravine,106,brush cat,1,37127,3642,0,32,no CapnBry sighting at this spot
Skona Ravine,106,brush cat,1,38231,11383,0,32,no CapnBry sighting at this spot
Skona Ravine,106,brush cat,1,45013,49053,0,32,no CapnBry sighting at this spot
Skona Ravine,106,brush cat,1,28368,4524,0,32,no CapnBry sighting at this spot
Skona Ravine,106,brush cat,1,36787,13497,0,32,no CapnBry sighting at this spot
Skona Ravine,106,brush cat,1,35465,59493,0,32,no CapnBry sighting at this spot
Skona Ravine,106,brush cat,1,40419,56092,0,32,no CapnBry sighting at this spot
Skona Ravine,106,brush cat,1,35265,19283,0,32,no CapnBry sighting at this spot
Skona Ravine,106,brush cat,1,58091,42696,0,32,no CapnBry sighting at this spot
Skona Ravine,106,ra of oak,1,34304,40960,0,5,no CapnBry sighting at this spot
Skona Ravine,106,ra of oak,1,28160,25856,0,5,no CapnBry sighting at this spot
Skona Ravine,106,ra of oak,1,26880,19712,0,5,no CapnBry sighting at this spot
Skona Ravine,106,ra of oak,1,29696,17920,0,5,no CapnBry sighting at this spot
Skona Ravine,106,ra of oak,1,31488,45568,0,5,no CapnBry sighting at this spot
Skona Ravine,106,vindvasen,1,51441,34071,0,1,rare/named species (1-2 in whole zone)
Skona Ravine,106,treekeep,2,62035,60823,1,7,matches CapnBry (1-2 seen here)
Skona Ravine,106,treekeep,1,52605,59880,2,7,matches CapnBry (1-2 seen here)
Skona Ravine,106,treekeep,1,51795,62235,2,7,matches CapnBry (1-2 seen here)
Skona Ravine,106,wolverine,1,25855,11862,1,2,matches CapnBry (1-2 seen here)
Skona Ravine,106,wolverine,1,30000,9400,1,2,matches CapnBry (1-2 seen here)
Skona Ravine,106,wolfaur gladiator,1,29184,32384,0,1,rare/named species (1-2 in whole zone)
Skona Ravine,106,werewolf,1,65465,17626,0,17,no CapnBry sighting at this spot
Skona Ravine,106,werewolf,1,61977,15451,0,17,no CapnBry sighting at this spot
Skona Ravine,106,werewolf,1,61162,27018,0,17,no CapnBry sighting at this spot
Skona Ravine,106,werewolf,1,63440,14654,0,17,no CapnBry sighting at this spot
Skona Ravine,106,werewolf,1,64568,16401,0,17,no CapnBry sighting at this spot
Skona Ravine,106,werewolf courier,1,37063,27208,0,1,rare/named species (1-2 in whole zone)
Skona Ravine,106,tree spirit,1,53717,31662,0,12,no CapnBry sighting at this spot
Skona Ravine,106,tree spirit,2,44651,32476,0,12,no CapnBry sighting at this spot
Skona Ravine,106,tree spirit,2,46384,59069,0,12,no CapnBry sighting at this spot
Skona Ravine,106,tree spirit,2,36604,58873,0,12,no CapnBry sighting at this spot
Skona Ravine,106,tree spirit,2,40198,20360,0,12,no CapnBry sighting at this spot
Skona Ravine,106,werewolf captain,1,37920,26916,0,1,rare/named species (1-2 in whole zone)
Skona Ravine,106,young silverscale drake,1,59545,49383,2,2,matches CapnBry (1-2 seen here)
Skona Ravine,106,young silverscale drake,1,60780,47679,2,2,matches CapnBry (1-2 seen here)
Skona Ravine,106,ra of willow,2,19046,23678,2,3,matches CapnBry (1-2 seen here)
Skona Ravine,106,ra of willow,1,27932,53229,1,3,matches CapnBry (1-2 seen here)
Skona Ravine,106,nagoltooth,1,15684,13169,0,1,rare/named species (1-2 in whole zone)
Skona Ravine,106,wood rat,1,40893,58227,1,4,matches CapnBry (1-2 seen here)
Skona Ravine,106,wood rat,1,36661,3250,1,4,matches CapnBry (1-2 seen here)
Skona Ravine,106,wood rat,1,35173,5763,1,4,matches CapnBry (1-2 seen here)
Skona Ravine,106,wood rat,1,28406,5297,1,4,matches CapnBry (1-2 seen here)
Skona Ravine,106,pine mephit,1,37061,9912,0,1,rare/named species (1-2 in whole zone)
Skona Ravine,106,mokerkialfi,1,55237,40910,0,1,rare/named species (1-2 in whole zone)
Skona Ravine,106,sidhe draoi,1,7341,47333,1,1,matches CapnBry (1-2 seen here)
Skona Ravine,106,captain gruff,1,37643,26982,0,1,rare/named species (1-2 in whole zone)
Skona Ravine,106,green orm,1,6010,19263,1,3,matches CapnBry (1-2 seen here)
Skona Ravine,106,green orm,1,6240,12114,0,3,no CapnBry sighting at this spot
Skona Ravine,106,green orm,1,9197,18695,1,3,matches CapnBry (1-2 seen here)
Skona Ravine,106,cargila,1,17919,23997,0,1,rare/named species (1-2 in whole zone)
Skona Ravine,106,furf,1,53212,37063,0,1,rare/named species (1-2 in whole zone)
Skona Ravine,106,korban,1,54568,10294,0,1,rare/named species (1-2 in whole zone)
Skona Ravine,106,krrrck,1,53923,17566,0,1,rare/named species (1-2 in whole zone)
Skona Ravine,106,thasior,1,35974,45214,0,1,rare/named species (1-2 in whole zone)
Skona Ravine,106,zrit-zrit,1,14212,44097,0,1,rare/named species (1-2 in whole zone)
Skona Ravine,106,stripe,1,43537,58212,0,1,rare/named species (1-2 in whole zone)
Skona Ravine,106,priestess of gashir,1,11897,5172,0,1,rare/named species (1-2 in whole zone)
Skona Ravine,106,galar,1,6236,18167,0,1,rare/named species (1-2 in whole zone)
Skona Ravine,106,askafroa,1,6005,60233,0,1,rare/named species (1-2 in whole zone)
Skona Ravine,106,lasaer,1,53981,57055,0,1,rare/named species (1-2 in whole zone)
Skona Ravine,106,werewolf lieutenant,1,35622,33258,0,1,rare/named species (1-2 in whole zone)
Vanern Swamp,107,small black orm,2,58938,13791,1,18,matches CapnBry (1-2 seen here)
Vanern Swamp,107,small black orm,1,48044,16816,1,18,matches CapnBry (1-2 seen here)
Vanern Swamp,107,small black orm,1,42575,42233,1,18,matches CapnBry (1-2 seen here)
Vanern Swamp,107,small black orm,1,58410,30708,1,18,matches CapnBry (1-2 seen here)
Vanern Swamp,107,mud frog,1,18592,40013,1,77,matches CapnBry (1-2 seen here)
Vanern Swamp,107,mud frog,1,33289,59992,1,77,matches CapnBry (1-2 seen here)
Vanern Swamp,107,mud frog,1,54742,60557,4,77,likely short: CapnBry saw 4 here
Vanern Swamp,107,mud frog,1,60016,34887,3,77,likely short: CapnBry saw 3 here
Vanern Swamp,107,mud frog,1,11463,50678,1,77,matches CapnBry (1-2 seen here)
Vanern Swamp,107,mud frog,1,64073,45623,2,77,matches CapnBry (1-2 seen here)
Vanern Swamp,107,mud frog,1,16211,38867,4,77,likely short: CapnBry saw 4 here
Vanern Swamp,107,mud frog,2,54725,55626,4,77,likely short: CapnBry saw 4 here
Vanern Swamp,107,mud frog,1,62986,39163,1,77,matches CapnBry (1-2 seen here)
Vanern Swamp,107,mud frog,1,32393,17725,0,77,no CapnBry sighting at this spot
Vanern Swamp,107,mud frog,1,48632,31183,1,77,matches CapnBry (1-2 seen here)
Vanern Swamp,107,mud frog,1,43918,42044,3,77,likely short: CapnBry saw 3 here
Vanern Swamp,107,mud frog,1,36264,35465,2,77,matches CapnBry (1-2 seen here)
Vanern Swamp,107,mud frog,1,42836,60384,2,77,matches CapnBry (1-2 seen here)
Vanern Swamp,107,mud frog,2,41606,17735,1,77,matches CapnBry (1-2 seen here)
Vanern Swamp,107,mud frog,1,57982,39896,1,77,matches CapnBry (1-2 seen here)
Vanern Swamp,107,mud frog,1,60687,29826,1,77,matches CapnBry (1-2 seen here)
Vanern Swamp,107,mud frog,2,47934,45924,1,77,matches CapnBry (1-2 seen here)
Vanern Swamp,107,mud frog,2,36850,39805,2,77,matches CapnBry (1-2 seen here)
Vanern Swamp,107,mud frog,1,22134,55827,1,77,matches CapnBry (1-2 seen here)
Vanern Swamp,107,mud frog,2,48816,53624,2,77,matches CapnBry (1-2 seen here)
Vanern Swamp,107,mud frog,1,50895,51442,3,77,likely short: CapnBry saw 3 here
Vanern Swamp,107,mud frog,1,20415,55163,1,77,matches CapnBry (1-2 seen here)
Vanern Swamp,107,mud frog,1,59068,37515,3,77,likely short: CapnBry saw 3 here
Vanern Swamp,107,mud frog,1,61752,58151,3,77,likely short: CapnBry saw 3 here
Vanern Swamp,107,mud frog,1,57363,31803,3,77,likely short: CapnBry saw 3 here
Vanern Swamp,107,mud frog,2,62136,53810,7,77,likely short: CapnBry saw 7 here
Vanern Swamp,107,mud frog,2,39958,56873,2,77,matches CapnBry (1-2 seen here)
Vanern Swamp,107,mud frog,1,17191,36831,4,77,likely short: CapnBry saw 4 here
Vanern Swamp,107,mud frog,1,64187,43913,2,77,matches CapnBry (1-2 seen here)
Vanern Swamp,107,mud frog,1,56974,29438,2,77,matches CapnBry (1-2 seen here)
Vanern Swamp,107,mud frog,1,61540,47114,2,77,matches CapnBry (1-2 seen here)
Vanern Swamp,107,mud frog,2,19564,50549,1,77,matches CapnBry (1-2 seen here)
Vanern Swamp,107,mud frog,1,41433,14314,1,77,matches CapnBry (1-2 seen here)
Vanern Swamp,107,mud frog,1,10486,42779,0,77,no CapnBry sighting at this spot
Vanern Swamp,107,mud frog,1,51157,48203,3,77,likely short: CapnBry saw 3 here
Vanern Swamp,107,mud frog,1,51870,59418,2,77,matches CapnBry (1-2 seen here)
Vanern Swamp,107,mud frog,1,53262,58839,4,77,likely short: CapnBry saw 4 here
Vanern Swamp,107,mud frog,1,50096,35317,1,77,matches CapnBry (1-2 seen here)
Vanern Swamp,107,mud frog,1,63144,36015,3,77,likely short: CapnBry saw 3 here
Vanern Swamp,107,mud frog,1,18506,44124,1,77,matches CapnBry (1-2 seen here)
Vanern Swamp,107,mud frog,1,51301,31304,0,77,no CapnBry sighting at this spot
Vanern Swamp,107,mud frog,2,54247,47096,3,77,likely short: CapnBry saw 3 here
Vanern Swamp,107,mud frog,1,55183,49799,3,77,likely short: CapnBry saw 3 here
Vanern Swamp,107,mud frog,1,19230,13391,0,77,no CapnBry sighting at this spot
Vanern Swamp,107,mud frog,1,62547,37685,3,77,likely short: CapnBry saw 3 here
Vanern Swamp,107,forest viper,1,63297,34202,1,43,matches CapnBry (1-2 seen here)
Vanern Swamp,107,forest viper,2,10500,58671,4,43,likely short: CapnBry saw 4 here
Vanern Swamp,107,forest viper,1,6826,57857,4,43,likely short: CapnBry saw 4 here
Vanern Swamp,107,forest viper,1,60625,44264,1,43,matches CapnBry (1-2 seen here)
Vanern Swamp,107,forest viper,1,62072,47324,1,43,matches CapnBry (1-2 seen here)
Vanern Swamp,107,forest viper,1,37521,56301,5,43,likely short: CapnBry saw 5 here
Vanern Swamp,107,forest viper,1,37346,37964,2,43,matches CapnBry (1-2 seen here)
Vanern Swamp,107,forest viper,1,40609,61518,0,43,no CapnBry sighting at this spot
Vanern Swamp,107,forest viper,1,45085,40651,1,43,matches CapnBry (1-2 seen here)
Vanern Swamp,107,forest viper,1,61105,37886,1,43,matches CapnBry (1-2 seen here)
Vanern Swamp,107,forest viper,1,56063,28368,1,43,matches CapnBry (1-2 seen here)
Vanern Swamp,107,forest viper,1,36849,40838,2,43,matches CapnBry (1-2 seen here)
Vanern Swamp,107,forest viper,2,53956,49030,2,43,matches CapnBry (1-2 seen here)
Vanern Swamp,107,forest viper,1,52634,58158,1,43,matches CapnBry (1-2 seen here)
Vanern Swamp,107,forest viper,1,56971,30011,1,43,matches CapnBry (1-2 seen here)
Vanern Swamp,107,forest viper,1,33807,55410,5,43,likely short: CapnBry saw 5 here
Vanern Swamp,107,hagbui guard,2,11143,8003,1,4,matches CapnBry (1-2 seen here)
Vanern Swamp,107,hagbui guard,1,8726,3614,1,4,matches CapnBry (1-2 seen here)
Vanern Swamp,107,hagbui guard,1,12967,8885,1,4,matches CapnBry (1-2 seen here)
Vanern Swamp,107,black orm,1,44496,14548,2,12,matches CapnBry (1-2 seen here)
Vanern Swamp,107,black orm,2,48836,16377,2,12,matches CapnBry (1-2 seen here)
Vanern Swamp,107,black orm,1,59203,10022,0,12,no CapnBry sighting at this spot
Vanern Swamp,107,black orm,1,34544,4010,6,12,likely short: CapnBry saw 6 here
Vanern Swamp,107,reincarnate orm,2,10602,21135,0,15,no CapnBry sighting at this spot
Vanern Swamp,107,reincarnate orm,1,8762,20681,0,15,no CapnBry sighting at this spot
Vanern Swamp,107,reincarnate orm,1,1261,16855,2,15,matches CapnBry (1-2 seen here)
Vanern Swamp,107,reincarnate orm,2,3052,15861,2,15,matches CapnBry (1-2 seen here)
Vanern Swamp,107,reincarnate orm,1,16929,7937,1,15,matches CapnBry (1-2 seen here)
Vanern Swamp,107,jotun outcast,1,32478,13065,0,8,no CapnBry sighting at this spot
Vanern Swamp,107,jotun outcast,1,22180,3951,0,8,no CapnBry sighting at this spot
Vanern Swamp,107,jotun overlord,1,26193,6798,0,1,rare/named species (1-2 in whole zone)
Vanern Swamp,107,jango,1,1269,58828,0,1,rare/named species (1-2 in whole zone)
Vanern Swamp,107,ulfketill,1,7402,29602,0,1,rare/named species (1-2 in whole zone)
Vanern Swamp,107,hagbui shaman,1,10871,6238,1,1,matches CapnBry (1-2 seen here)
Vanern Swamp,107,rottild the traitor,1,31307,29886,0,1,rare/named species (1-2 in whole zone)
Vanern Swamp,107,crippled jotun,1,11666,26173,2,5,matches CapnBry (1-2 seen here)
Vanern Swamp,107,crippled jotun,1,10139,25583,2,5,matches CapnBry (1-2 seen here)
Vanern Swamp,107,forest spider,2,37541,6595,0,41,no CapnBry sighting at this spot
Vanern Swamp,107,forest spider,1,58112,23502,0,41,no CapnBry sighting at this spot
Vanern Swamp,107,forest spider,1,41165,6149,0,41,no CapnBry sighting at this spot
Vanern Swamp,107,forest spider,1,39538,7050,0,41,no CapnBry sighting at this spot
Vanern Swamp,107,forest spider,1,63512,7018,0,41,no CapnBry sighting at this spot
Vanern Swamp,107,forest spider,1,59562,18144,7,41,likely short: CapnBry saw 7 here
Vanern Swamp,107,forest spider,1,61045,8442,0,41,no CapnBry sighting at this spot
Vanern Swamp,107,forest spider,1,64618,15188,0,41,no CapnBry sighting at this spot
Vanern Swamp,107,forest spider,1,35557,4869,0,41,no CapnBry sighting at this spot
Vanern Swamp,107,forest spider queen,2,59110,6677,0,2,rare/named species (1-2 in whole zone)
Vanern Swamp,107,mud crab,1,57757,55605,5,11,likely short: CapnBry saw 5 here
Vanern Swamp,107,mud crab,1,59290,56477,1,11,matches CapnBry (1-2 seen here)
Vanern Swamp,107,mud crab,1,46979,45431,1,11,matches CapnBry (1-2 seen here)
Vanern Swamp,107,mud crab,2,59035,42216,1,11,matches CapnBry (1-2 seen here)
Vanern Swamp,107,mud crab,1,60097,31510,0,11,no CapnBry sighting at this spot
Vanern Swamp,107,hagbui thane,1,29820,16098,0,4,no CapnBry sighting at this spot
Vanern Swamp,107,hagbui thane,1,8074,43319,0,4,no CapnBry sighting at this spot
Vanern Swamp,107,hagbui thane,1,8454,3749,0,4,no CapnBry sighting at this spot
Vanern Swamp,107,hagbui thane,1,6746,4645,0,4,no CapnBry sighting at this spot
Vanern Swamp,107,mud crab warrior,1,55748,32177,1,3,matches CapnBry (1-2 seen here)
Vanern Swamp,107,mud crab warrior,1,57231,44763,1,3,matches CapnBry (1-2 seen here)
Vanern Swamp,107,mud crab warrior,1,50837,45514,1,3,matches CapnBry (1-2 seen here)
Vanern Swamp,107,broken jotun,2,55307,19926,0,7,no CapnBry sighting at this spot
Vanern Swamp,107,broken jotun,1,6498,24974,0,7,no CapnBry sighting at this spot
Vanern Swamp,107,broken jotun,2,3588,41797,0,7,no CapnBry sighting at this spot
Vanern Swamp,107,broken jotun,1,49212,7676,0,7,no CapnBry sighting at this spot
Vanern Swamp,107,broken jotun,1,5433,22137,0,7,no CapnBry sighting at this spot
Vanern Swamp,107,hagbui berserker,1,41090,9817,0,10,no CapnBry sighting at this spot
Vanern Swamp,107,hagbui berserker,1,15131,5240,1,10,matches CapnBry (1-2 seen here)
Vanern Swamp,107,hagbui berserker,1,9445,3716,1,10,matches CapnBry (1-2 seen here)
Vanern Swamp,107,hagbui berserker,2,30102,15652,0,10,no CapnBry sighting at this spot
Vanern Swamp,107,hagbui berserker,1,8056,5094,1,10,matches CapnBry (1-2 seen here)
Vanern Swamp,107,large enslaved orm runner,1,27375,2967,1,4,matches CapnBry (1-2 seen here)
Vanern Swamp,107,large enslaved orm runner,1,29207,11780,1,4,matches CapnBry (1-2 seen here)
Vanern Swamp,107,large enslaved orm runner,1,32671,9236,1,4,matches CapnBry (1-2 seen here)
Vanern Swamp,107,large enslaved orm runner,1,30403,7041,1,4,matches CapnBry (1-2 seen here)
Vanern Swamp,107,noma rindasdottir,1,52826,43884,0,1,rare/named species (1-2 in whole zone)
Vanern Swamp,107,hagbui runemaster,1,14949,8063,2,3,matches CapnBry (1-2 seen here)
Vanern Swamp,107,hagbui runemaster,1,14615,6515,2,3,matches CapnBry (1-2 seen here)
Vanern Swamp,107,hagbui runemaster,1,7424,3213,1,3,matches CapnBry (1-2 seen here)
Vanern Swamp,107,large enslaved orm,2,4285,46520,1,3,matches CapnBry (1-2 seen here)
Vanern Swamp,107,large enslaved orm,1,53418,15341,1,3,matches CapnBry (1-2 seen here)
Vanern Swamp,107,hagbui spiritmaster,1,8129,3701,1,3,matches CapnBry (1-2 seen here)
Vanern Swamp,107,hagbui spiritmaster,1,8477,44656,0,3,no CapnBry sighting at this spot
Vanern Swamp,107,hagbui spiritmaster,1,7671,6062,1,3,matches CapnBry (1-2 seen here)
Vanern Swamp,107,clay jotun,1,22837,40409,5,6,likely short: CapnBry saw 5 here
Vanern Swamp,107,clay jotun,1,23329,45936,5,6,likely short: CapnBry saw 5 here
Vanern Swamp,107,freyana,1,33748,58641,0,1,rare/named species (1-2 in whole zone)
Vanern Swamp,107,clay jotun guard,1,26176,44167,1,2,matches CapnBry (1-2 seen here)
Vanern Swamp,107,clay jotun guard,1,27580,38787,1,2,matches CapnBry (1-2 seen here)
Raumarik,108,savage winterwolf,2,24894,56244,0,34,no CapnBry sighting at this spot
Raumarik,108,savage winterwolf,1,27680,46095,0,34,no CapnBry sighting at this spot
Raumarik,108,savage winterwolf,1,24938,52275,0,34,no CapnBry sighting at this spot
Raumarik,108,savage winterwolf,1,24985,45971,0,34,no CapnBry sighting at this spot
Raumarik,108,savage winterwolf,1,22334,50141,0,34,no CapnBry sighting at this spot
Raumarik,108,savage winterwolf,1,29858,45421,0,34,no CapnBry sighting at this spot
Raumarik,108,frore lich,1,34871,33171,0,9,no CapnBry sighting at this spot
Raumarik,108,frore lich,1,41401,35455,0,9,no CapnBry sighting at this spot
Raumarik,108,frore lich,1,40600,37484,0,9,no CapnBry sighting at this spot
Raumarik,108,frore lich,1,40759,39445,0,9,no CapnBry sighting at this spot
Raumarik,108,icestrider frostweaver,2,58073,8042,4,21,likely short: CapnBry saw 4 here
Raumarik,108,icestrider frostweaver,1,49662,44489,1,21,matches CapnBry (1-2 seen here)
Raumarik,108,icestrider frostweaver,2,55932,9816,4,21,likely short: CapnBry saw 4 here
Raumarik,108,icestrider frostweaver,1,51133,32837,1,21,matches CapnBry (1-2 seen here)
Raumarik,108,icestrider frostweaver,2,56223,6740,4,21,likely short: CapnBry saw 4 here
Raumarik,108,icestrider frostweaver,2,53965,11020,4,21,likely short: CapnBry saw 4 here
Raumarik,108,icestrider frostweaver,1,58615,13834,4,21,likely short: CapnBry saw 4 here
Raumarik,108,icestrider frostweaver,1,56595,11440,4,21,likely short: CapnBry saw 4 here
Raumarik,108,icestrider frostweaver,1,45778,30656,2,21,matches CapnBry (1-2 seen here)
Raumarik,108,icestrider frostweaver,1,54553,8977,4,21,likely short: CapnBry saw 4 here
Raumarik,108,icestrider frostweaver,1,46537,29059,1,21,matches CapnBry (1-2 seen here)
Raumarik,108,icestrider frostweaver,1,59995,10367,4,21,likely short: CapnBry saw 4 here
Raumarik,108,icestrider frostweaver,1,60084,8319,4,21,likely short: CapnBry saw 4 here
Raumarik,108,icestrider frostweaver,1,48989,30324,1,21,matches CapnBry (1-2 seen here)
Raumarik,108,wretch of winter,1,27164,35267,0,9,no CapnBry sighting at this spot
Raumarik,108,wretch of winter,1,13966,10770,0,9,no CapnBry sighting at this spot
Raumarik,108,wretch of winter,1,38187,26859,0,9,no CapnBry sighting at this spot
Raumarik,108,wretch of winter,1,11910,17420,0,9,no CapnBry sighting at this spot
Raumarik,108,wretch of winter,1,13116,46327,0,9,no CapnBry sighting at this spot
Raumarik,108,wretch of winter,1,26292,28598,0,9,no CapnBry sighting at this spot
Raumarik,108,wretch of winter,1,19552,9924,0,9,no CapnBry sighting at this spot
Raumarik,108,wretch of winter,1,43225,43819,0,9,no CapnBry sighting at this spot
Raumarik,108,wretch of winter,1,44772,17211,0,9,no CapnBry sighting at this spot
Raumarik,108,windswept wraith,1,56563,57934,0,30,no CapnBry sighting at this spot
Raumarik,108,windswept wraith,1,38415,33928,0,30,no CapnBry sighting at this spot
Raumarik,108,windswept wraith,1,43836,25093,1,30,matches CapnBry (1-2 seen here)
Raumarik,108,windswept wraith,1,35853,38017,0,30,no CapnBry sighting at this spot
Raumarik,108,windswept wraith,1,57958,56908,0,30,no CapnBry sighting at this spot
Raumarik,108,windswept wraith,1,38025,37457,0,30,no CapnBry sighting at this spot
Raumarik,108,windswept wraith,1,42027,30671,1,30,matches CapnBry (1-2 seen here)
Raumarik,108,fenrir soldier,2,23381,33254,0,16,no CapnBry sighting at this spot
Raumarik,108,fenrir soldier,1,28392,17906,0,16,no CapnBry sighting at this spot
Raumarik,108,fenrir soldier,1,21601,35295,0,16,no CapnBry sighting at this spot
Raumarik,108,fenrir soldier,1,6500,40803,0,16,no CapnBry sighting at this spot
Raumarik,108,fenrir soldier,2,25140,37305,0,16,no CapnBry sighting at this spot
Raumarik,108,fenrir soldier,1,27135,20423,0,16,no CapnBry sighting at this spot
Raumarik,108,fenrir soldier,1,29998,16860,0,16,no CapnBry sighting at this spot
Raumarik,108,fenrir soldier,1,32394,17744,0,16,no CapnBry sighting at this spot
Raumarik,108,frost bound bear,2,41716,53346,16,61,likely short: CapnBry saw 16 here
Raumarik,108,frost bound bear,1,40743,16079,8,61,likely short: CapnBry saw 8 here
Raumarik,108,frost bound bear,1,42759,13377,0,61,no CapnBry sighting at this spot
Raumarik,108,frost bound bear,1,42279,49774,8,61,likely short: CapnBry saw 8 here
Raumarik,108,frost bound bear,1,38874,15444,8,61,likely short: CapnBry saw 8 here
Raumarik,108,frost bound bear,1,44311,49881,7,61,likely short: CapnBry saw 7 here
Raumarik,108,frost bound bear,1,38701,54037,8,61,likely short: CapnBry saw 8 here
Raumarik,108,icestrider chiller,2,65138,11215,0,34,no CapnBry sighting at this spot
Raumarik,108,icestrider chiller,2,56484,10352,8,34,likely short: CapnBry saw 8 here
Raumarik,108,icestrider chiller,1,60594,10206,3,34,likely short: CapnBry saw 3 here
Raumarik,108,icestrider chiller,1,60668,7795,8,34,likely short: CapnBry saw 8 here
Raumarik,108,icestrider chiller,2,58102,6881,8,34,likely short: CapnBry saw 8 here
Raumarik,108,icestrider chiller,1,47052,36409,2,34,matches CapnBry (1-2 seen here)
Raumarik,108,icestrider chiller,2,45127,35340,2,34,matches CapnBry (1-2 seen here)
Raumarik,108,icestrider chiller,2,64404,7855,0,34,no CapnBry sighting at this spot
Raumarik,108,icestrider chiller,1,54831,14711,3,34,likely short: CapnBry saw 3 here
Raumarik,108,icestrider chiller,1,57407,8453,8,34,likely short: CapnBry saw 8 here
Raumarik,108,icestrider chiller,1,59429,15213,3,34,likely short: CapnBry saw 3 here
Raumarik,108,icestrider chiller,1,53536,11074,3,34,likely short: CapnBry saw 3 here
Raumarik,108,icestrider chiller,1,48984,35155,3,34,likely short: CapnBry saw 3 here
Raumarik,108,icestrider chiller,2,57065,14147,3,34,likely short: CapnBry saw 3 here
Raumarik,108,icestrider chiller,1,45963,31916,3,34,likely short: CapnBry saw 3 here
Raumarik,108,chillsome wight,2,54036,54976,0,16,no CapnBry sighting at this spot
Raumarik,108,chillsome wight,1,36592,32406,0,16,no CapnBry sighting at this spot
Raumarik,108,chillsome wight,1,38144,37833,0,16,no CapnBry sighting at this spot
Raumarik,108,chillsome wight,1,39211,36315,0,16,no CapnBry sighting at this spot
Raumarik,108,chillsome wight,1,52426,54178,0,16,no CapnBry sighting at this spot
Raumarik,108,chillsome wight,1,40852,25208,0,16,no CapnBry sighting at this spot
Raumarik,108,chillsome wight,1,56264,57757,0,16,no CapnBry sighting at this spot
Raumarik,108,frost stallion,2,27092,9909,0,4,no CapnBry sighting at this spot
Raumarik,108,frost stallion,1,22487,56182,0,4,no CapnBry sighting at this spot
Raumarik,108,frost stallion,1,23833,57762,0,4,no CapnBry sighting at this spot
Raumarik,108,fenrir mystic,2,23396,34147,0,8,no CapnBry sighting at this spot
Raumarik,108,fenrir mystic,2,11508,37756,0,8,no CapnBry sighting at this spot
Raumarik,108,fenrir mystic,1,29342,15398,0,8,no CapnBry sighting at this spot
Raumarik,108,fenrir mystic,1,9497,41049,0,8,no CapnBry sighting at this spot
Raumarik,108,fenrir mystic,1,29819,18022,0,8,no CapnBry sighting at this spot
Raumarik,108,fenrir mystic,1,23631,36524,0,8,no CapnBry sighting at this spot
Raumarik,108,dire wolverine,1,10870,9743,0,6,no CapnBry sighting at this spot
Raumarik,108,dire wolverine,2,8785,6253,0,6,no CapnBry sighting at this spot
Raumarik,108,dire wolverine,1,34772,54619,0,6,no CapnBry sighting at this spot
Raumarik,108,dire wolverine,1,30096,57362,0,6,no CapnBry sighting at this spot
Raumarik,108,dire wolverine,1,30474,55198,0,6,no CapnBry sighting at this spot
Raumarik,108,frost cyclops,1,9216,53760,0,3,no CapnBry sighting at this spot
Raumarik,108,frost cyclops,1,8192,55040,0,3,no CapnBry sighting at this spot
Raumarik,108,frost cyclops,1,10496,55808,0,3,no CapnBry sighting at this spot
Raumarik,108,greater fenrir,1,8016,38966,0,3,no CapnBry sighting at this spot
Raumarik,108,greater fenrir,1,11870,40277,0,3,no CapnBry sighting at this spot
Raumarik,108,greater fenrir,1,7843,36253,0,3,no CapnBry sighting at this spot
Raumarik,108,raumarik revenant,1,11543,11145,0,1,rare/named species (1-2 in whole zone)
Raumarik,108,hugi,1,10262,54495,0,1,rare/named species (1-2 in whole zone)
Raumarik,108,hagall the red dagger,1,36238,45235,0,1,rare/named species (1-2 in whole zone)
Raumarik,108,oona,1,17409,49570,0,1,rare/named species (1-2 in whole zone)
Raumarik,108,bounty hunter leader,1,21290,25752,0,2,rare/named species (1-2 in whole zone)
Raumarik,108,bounty hunter leader,1,38138,55742,0,2,rare/named species (1-2 in whole zone)
Raumarik,108,red dagger,1,34972,43647,0,4,no CapnBry sighting at this spot
Raumarik,108,red dagger,2,38005,45287,0,4,no CapnBry sighting at this spot
Raumarik,108,red dagger,1,36596,43246,0,4,no CapnBry sighting at this spot
Raumarik,108,mature wyvern,1,33515,58096,0,7,no CapnBry sighting at this spot
Raumarik,108,mature wyvern,2,25712,8164,0,7,no CapnBry sighting at this spot
Raumarik,108,mature wyvern,1,8630,10561,0,7,no CapnBry sighting at this spot
Raumarik,108,mature wyvern,1,33751,55354,0,7,no CapnBry sighting at this spot
Raumarik,108,mature wyvern,1,5855,6997,0,7,no CapnBry sighting at this spot
Raumarik,108,mature wyvern,1,31340,59182,0,7,no CapnBry sighting at this spot
Raumarik,108,sleipneirsson,1,10630,6044,0,9,no CapnBry sighting at this spot
Raumarik,108,sleipneirsson,1,12459,31358,0,9,no CapnBry sighting at this spot
Raumarik,108,sleipneirsson,1,24429,7709,0,9,no CapnBry sighting at this spot
Raumarik,108,sleipneirsson,1,35027,58537,0,9,no CapnBry sighting at this spot
Raumarik,108,sleipneirsson,1,11611,28648,0,9,no CapnBry sighting at this spot
Raumarik,108,sleipneirsson,1,7362,10660,0,9,no CapnBry sighting at this spot
Raumarik,108,sleipneirsson,1,16530,27046,0,9,no CapnBry sighting at this spot
Raumarik,108,sleipneirsson,1,14103,27551,0,9,no CapnBry sighting at this spot
Raumarik,108,sleipneirsson,1,14722,30439,0,9,no CapnBry sighting at this spot
Raumarik,108,fylgja,1,50133,10357,2,4,matches CapnBry (1-2 seen here)
Raumarik,108,fylgja,2,46299,12536,2,4,matches CapnBry (1-2 seen here)
Raumarik,108,fylgja,1,45889,10531,2,4,matches CapnBry (1-2 seen here)
Raumarik,108,winter wolf,2,51384,23933,3,5,likely short: CapnBry saw 3 here
Raumarik,108,runemistress shayla,1,8795,12421,0,1,rare/named species (1-2 in whole zone)
Raumarik,108,bounty hunter,1,17112,15587,0,5,no CapnBry sighting at this spot
Raumarik,108,bounty hunter,1,11693,22728,0,5,no CapnBry sighting at this spot
Raumarik,108,bounty hunter,1,14348,16597,0,5,no CapnBry sighting at this spot
Raumarik,108,bounty hunter,1,42487,50274,0,5,no CapnBry sighting at this spot
Raumarik,108,bounty hunter,1,26039,49281,0,5,no CapnBry sighting at this spot
Raumarik,108,icestrider interceptor,2,46306,10342,1,5,matches CapnBry (1-2 seen here)
Raumarik,108,icestrider interceptor,1,50286,43780,2,5,matches CapnBry (1-2 seen here)
Raumarik,108,icestrider interceptor,2,51940,40616,2,5,matches CapnBry (1-2 seen here)
Raumarik,108,enhorning,1,45488,9324,1,2,matches CapnBry (1-2 seen here)
Raumarik,108,enhorning,1,46978,8114,1,2,matches CapnBry (1-2 seen here)
Raumarik,108,runil,1,53073,19790,0,1,rare/named species (1-2 in whole zone)
Raumarik,108,loken,1,46964,25155,0,2,rare/named species (1-2 in whole zone)
Raumarik,108,loken,1,49448,27431,0,2,rare/named species (1-2 in whole zone)
Raumarik,108,savage wyvern,1,63927,29055,1,1,matches CapnBry (1-2 seen here)
Uppland,111,shivering presence,2,24487,41743,0,27,no CapnBry sighting at this spot
Uppland,111,shivering presence,1,60039,47616,0,27,no CapnBry sighting at this spot
Uppland,111,shivering presence,1,59736,46044,0,27,no CapnBry sighting at this spot
Uppland,111,hitback dummy - right click to reset,2,46561,62995,0,2,rare/named species (1-2 in whole zone)
Uppland,111,great lynx,2,8913,61336,0,8,no CapnBry sighting at this spot
Uppland,111,gelid mass,2,30921,35478,0,3,no CapnBry sighting at this spot
Uppland,111,gelid mass,1,54741,55000,0,3,no CapnBry sighting at this spot
Uppland,111,chiseler,1,49328,48266,0,14,no CapnBry sighting at this spot
Uppland,111,wyvern,2,20371,62280,0,2,rare/named species (1-2 in whole zone)
Uppland,111,fallen troll,1,2303,50467,0,11,no CapnBry sighting at this spot
Uppland,111,fallen troll,2,3944,50402,0,11,no CapnBry sighting at this spot
Uppland,111,miserable zombie,1,26563,42204,0,1,rare/named species (1-2 in whole zone)
Uppland,111,fenrir snowscout,1,1617,20564,0,1,rare/named species (1-2 in whole zone)
Uppland,111,nordic yeti,2,42875,33496,0,5,no CapnBry sighting at this spot
Uppland,111,giant snowcrab,2,53113,56374,0,10,no CapnBry sighting at this spot
Uppland,111,giant snowcrab,1,31140,33743,0,10,no CapnBry sighting at this spot
Uppland,111,isalf forayer,2,5301,45555,0,2,rare/named species (1-2 in whole zone)
Yggdra Forest,112,bone-eater slayer,2,52190,15852,0,8,no CapnBry sighting at this spot
Yggdra Forest,112,fenrir tracker,1,9609,54283,0,4,no CapnBry sighting at this spot
Yggdra Forest,112,fenrir tracker,1,11022,56179,0,4,no CapnBry sighting at this spot
Yggdra Forest,112,fenrir tracker,1,7844,55758,0,4,no CapnBry sighting at this spot
Yggdra Forest,112,fenrir tracker,1,9439,56171,0,4,no CapnBry sighting at this spot
Yggdra Forest,112,giant snowcrab,1,51335,45106,0,3,no CapnBry sighting at this spot
Yggdra Forest,112,giant snowcrab,2,53067,46129,0,3,no CapnBry sighting at this spot
Yggdra Forest,112,gelid mass,2,46428,28754,0,4,no CapnBry sighting at this spot
Yggdra Forest,112,gelid mass,2,48019,28804,0,4,no CapnBry sighting at this spot
Yggdra Forest,112,wyvern,2,26596,21524,0,6,no CapnBry sighting at this spot
Jamtland Mountains,113,bone-eater eviscerater,1,56230,29225,0,12,no CapnBry sighting at this spot
Jamtland Mountains,113,bone-eater eviscerater,2,14448,9788,0,12,no CapnBry sighting at this spot
Jamtland Mountains,113,wintery dirge,2,17206,63666,0,7,no CapnBry sighting at this spot
Jamtland Mountains,113,great lynx,2,32712,32910,0,6,no CapnBry sighting at this spot
Jamtland Mountains,113,icestrider interceptor,1,49226,9311,0,2,rare/named species (1-2 in whole zone)
Jamtland Mountains,113,icestrider interceptor,1,57880,10309,0,2,rare/named species (1-2 in whole zone)
Jamtland Mountains,113,fenrir prophet,1,57956,33764,0,4,no CapnBry sighting at this spot
Jamtland Mountains,113,ghoulish warrior,1,38463,29864,0,2,rare/named species (1-2 in whole zone)
Jamtland Mountains,113,ghoulish warrior,1,39703,28769,0,2,rare/named species (1-2 in whole zone)
Odin's Gate,115,glacier giant,1,62148,53520,0,1,rare/named species (1-2 in whole zone)
Odin's Gate,115,fylgja,1,43210,5480,0,1,rare/named species (1-2 in whole zone)
Odin's Gate,115,bone-eater eviscerater,2,60971,34110,0,11,no CapnBry sighting at this spot
Malmohus,116,drakulv axehand,1,58015,53486,3,29,likely short: CapnBry saw 3 here
Malmohus,116,drakulv axehand,2,39540,61431,0,29,no CapnBry sighting at this spot
Malmohus,116,drakulv axehand,2,5416,28319,2,29,matches CapnBry (1-2 seen here)
Malmohus,116,drakulv axehand,2,5463,30708,2,29,matches CapnBry (1-2 seen here)
Malmohus,116,drakulv axehand,1,37980,50501,0,29,no CapnBry sighting at this spot
Malmohus,116,drakulv axehand,1,59929,48512,2,29,matches CapnBry (1-2 seen here)
Malmohus,116,drakulv axehand,2,59117,55164,3,29,likely short: CapnBry saw 3 here
Malmohus,116,drakulv axehand,1,56559,58625,3,29,likely short: CapnBry saw 3 here
Malmohus,116,drakulv axehand,1,59474,46405,2,29,matches CapnBry (1-2 seen here)
Malmohus,116,drakulv axehand,1,45824,60028,0,29,no CapnBry sighting at this spot
Malmohus,116,drakulv axehand,1,58771,51387,2,29,matches CapnBry (1-2 seen here)
Malmohus,116,drakulv axehand,1,50438,47273,0,29,no CapnBry sighting at this spot
Malmohus,116,drakulv axehand,1,48568,44441,0,29,no CapnBry sighting at this spot
Malmohus,116,drakulv axehand,1,45516,44712,0,29,no CapnBry sighting at this spot
Malmohus,116,drakulv axehand,1,31022,23908,5,29,likely short: CapnBry saw 5 here
Malmohus,116,drakulv axehand,1,59597,56949,3,29,likely short: CapnBry saw 3 here
Malmohus,116,drakulv axehand,1,59864,44851,2,29,matches CapnBry (1-2 seen here)
Malmohus,116,drakulv axehand,2,54844,57252,3,29,likely short: CapnBry saw 3 here
Malmohus,116,drakulv axehand,1,29716,25736,5,29,likely short: CapnBry saw 5 here
Malmohus,116,drakulv protector,2,28812,59298,0,34,no CapnBry sighting at this spot
Malmohus,116,drakulv protector,1,40833,47343,0,34,no CapnBry sighting at this spot
Malmohus,116,drakulv protector,1,11920,31910,0,34,no CapnBry sighting at this spot
Malmohus,116,drakulv protector,1,21820,41557,0,34,no CapnBry sighting at this spot
Malmohus,116,drakulv protector,2,13297,30824,0,34,no CapnBry sighting at this spot
Malmohus,116,drakulv protector,1,26969,47703,0,34,no CapnBry sighting at this spot
Malmohus,116,drakulv protector,2,11629,58183,0,34,no CapnBry sighting at this spot
Malmohus,116,drakulv protector,1,7925,46130,0,34,no CapnBry sighting at this spot
Malmohus,116,drakulv protector,2,35117,60638,0,34,no CapnBry sighting at this spot
Malmohus,116,drakulv protector,1,43343,61220,0,34,no CapnBry sighting at this spot
Malmohus,116,drakulv protector,1,36865,60579,0,34,no CapnBry sighting at this spot
Malmohus,116,drakulv protector,1,50833,46252,0,34,no CapnBry sighting at this spot
Malmohus,116,drakulv protector,2,7825,43312,0,34,no CapnBry sighting at this spot
Malmohus,116,drakulv protector,1,30639,49458,0,34,no CapnBry sighting at this spot
Malmohus,116,drakulv protector,1,4057,40465,0,34,no CapnBry sighting at this spot
Malmohus,116,drakulv protector,2,23227,40804,0,34,no CapnBry sighting at this spot
Malmohus,116,drakulv protector,1,50057,54407,0,34,no CapnBry sighting at this spot
Malmohus,116,kleng,1,47522,45025,0,2,rare/named species (1-2 in whole zone)
Malmohus,116,kleng,1,48632,57855,0,2,rare/named species (1-2 in whole zone)
Malmohus,116,svartalf infiltrator,1,57470,7757,2,23,matches CapnBry (1-2 seen here)
Malmohus,116,svartalf infiltrator,1,41863,12957,1,23,matches CapnBry (1-2 seen here)
Malmohus,116,svartalf infiltrator,1,54628,19123,3,23,likely short: CapnBry saw 3 here
Malmohus,116,svartalf infiltrator,2,49591,10445,2,23,matches CapnBry (1-2 seen here)
Malmohus,116,svartalf infiltrator,1,52401,22609,7,23,likely short: CapnBry saw 7 here
Malmohus,116,svartalf infiltrator,2,59038,4629,2,23,matches CapnBry (1-2 seen here)
Malmohus,116,svartalf infiltrator,1,52447,20720,7,23,likely short: CapnBry saw 7 here
Malmohus,116,svartalf infiltrator,1,47834,13315,4,23,likely short: CapnBry saw 4 here
Malmohus,116,backwoods marodor,1,6380,12133,1,16,matches CapnBry (1-2 seen here)
Malmohus,116,backwoods marodor,1,34873,14767,3,16,likely short: CapnBry saw 3 here
Malmohus,116,backwoods marodor,1,48178,11430,1,16,matches CapnBry (1-2 seen here)
Malmohus,116,backwoods marodor,2,13239,23017,3,16,likely short: CapnBry saw 3 here
Malmohus,116,backwoods marodor,1,24014,8191,1,16,matches CapnBry (1-2 seen here)
Malmohus,116,backwoods marodor,2,55768,27307,2,16,matches CapnBry (1-2 seen here)
Malmohus,116,backwoods marodor,2,35888,13004,3,16,likely short: CapnBry saw 3 here
Malmohus,116,drakulv armguard,2,17761,31172,9,72,likely short: CapnBry saw 9 here
Malmohus,116,drakulv armguard,1,21648,29465,4,72,likely short: CapnBry saw 4 here
Malmohus,116,drakulv armguard,1,33894,34628,4,72,likely short: CapnBry saw 4 here
Malmohus,116,drakulv armguard,2,5201,21946,6,72,likely short: CapnBry saw 6 here
Malmohus,116,drakulv armguard,1,14242,34350,9,72,likely short: CapnBry saw 9 here
Malmohus,116,drakulv armguard,1,15858,31588,9,72,likely short: CapnBry saw 9 here
Malmohus,116,drakulv armguard,1,9086,18516,6,72,likely short: CapnBry saw 6 here
Malmohus,116,drakulv armguard,1,42014,23928,7,72,likely short: CapnBry saw 7 here
Malmohus,116,drakulv armguard,1,4760,16491,6,72,likely short: CapnBry saw 6 here
Malmohus,116,drakulv armguard,1,15923,27916,1,72,matches CapnBry (1-2 seen here)
Malmohus,116,drakulv attendant,2,41402,59410,0,27,no CapnBry sighting at this spot
Malmohus,116,drakulv attendant,1,6659,34323,0,27,no CapnBry sighting at this spot
Malmohus,116,drakulv attendant,2,45778,58505,0,27,no CapnBry sighting at this spot
Malmohus,116,drakulv attendant,1,36912,47758,0,27,no CapnBry sighting at this spot
Malmohus,116,drakulv attendant,1,9636,32780,0,27,no CapnBry sighting at this spot
Malmohus,116,drakulv attendant,1,39247,46080,0,27,no CapnBry sighting at this spot
Malmohus,116,drakulv attendant,1,45585,60553,0,27,no CapnBry sighting at this spot
Malmohus,116,drakulv attendant,1,41541,61395,0,27,no CapnBry sighting at this spot
Malmohus,116,drakulv attendant,1,38769,61858,0,27,no CapnBry sighting at this spot
Malmohus,116,drakulv attendant,1,44112,59344,0,27,no CapnBry sighting at this spot
Malmohus,116,burr,1,41037,27805,0,2,rare/named species (1-2 in whole zone)
Malmohus,116,burr,1,4494,16412,0,2,rare/named species (1-2 in whole zone)
Malmohus,116,drakulv sacrificer,1,59094,55341,0,27,no CapnBry sighting at this spot
Malmohus,116,drakulv sacrificer,2,13399,24873,3,27,likely short: CapnBry saw 3 here
Malmohus,116,drakulv sacrificer,1,46571,31096,5,27,likely short: CapnBry saw 5 here
Malmohus,116,drakulv sacrificer,1,50689,56498,1,27,matches CapnBry (1-2 seen here)
Malmohus,116,drakulv sacrificer,1,58229,53964,0,27,no CapnBry sighting at this spot
Malmohus,116,drakulv sacrificer,1,4732,29715,2,27,matches CapnBry (1-2 seen here)
Malmohus,116,drakulv sacrificer,1,59427,41892,1,27,matches CapnBry (1-2 seen here)
Malmohus,116,drakulv sacrificer,1,59539,45653,1,27,matches CapnBry (1-2 seen here)
Malmohus,116,drakulv sacrificer,1,15287,25122,3,27,likely short: CapnBry saw 3 here
Malmohus,116,scaled varg snarler,2,47449,14141,2,13,matches CapnBry (1-2 seen here)
Malmohus,116,scaled varg snarler,2,19417,33469,2,13,matches CapnBry (1-2 seen here)
Malmohus,116,scaled varg snarler,2,5935,30193,1,13,matches CapnBry (1-2 seen here)
Malmohus,116,scaled varg snarler,1,51811,43429,1,13,matches CapnBry (1-2 seen here)
Malmohus,116,scaled varg snarler,1,13058,54863,1,13,matches CapnBry (1-2 seen here)
Malmohus,116,scaled varg snarler,1,4827,28258,1,13,matches CapnBry (1-2 seen here)
Malmohus,116,scaled varg snarler,1,48455,43310,1,13,matches CapnBry (1-2 seen here)
Malmohus,116,drakulv missionary,2,30105,8364,4,25,likely short: CapnBry saw 4 here
Malmohus,116,drakulv missionary,1,26543,11655,2,25,matches CapnBry (1-2 seen here)
Malmohus,116,drakulv missionary,2,30731,4431,4,25,likely short: CapnBry saw 4 here
Malmohus,116,drakulv missionary,1,26398,9045,2,25,matches CapnBry (1-2 seen here)
Malmohus,116,drakulv missionary,1,33143,18884,5,25,likely short: CapnBry saw 5 here
Malmohus,116,drakulv missionary,2,21729,8644,4,25,likely short: CapnBry saw 4 here
Malmohus,116,drakulv missionary,1,27837,8324,4,25,likely short: CapnBry saw 4 here
Malmohus,116,patrolling drakulv,2,6105,16021,5,56,likely short: CapnBry saw 5 here
Malmohus,116,patrolling drakulv,1,27757,17535,1,56,matches CapnBry (1-2 seen here)
Malmohus,116,patrolling drakulv,1,42989,30814,3,56,likely short: CapnBry saw 3 here
Malmohus,116,patrolling drakulv,1,11257,12190,6,56,likely short: CapnBry saw 6 here
Malmohus,116,patrolling drakulv,2,13268,13876,6,56,likely short: CapnBry saw 6 here
Malmohus,116,patrolling drakulv,2,45941,33784,3,56,likely short: CapnBry saw 3 here
Malmohus,116,patrolling drakulv,1,8306,18997,2,56,matches CapnBry (1-2 seen here)
Malmohus,116,patrolling drakulv,1,21632,24243,1,56,matches CapnBry (1-2 seen here)
Malmohus,116,patrolling drakulv,1,48272,35730,3,56,likely short: CapnBry saw 3 here
Malmohus,116,patrolling drakulv,2,16166,29396,3,56,likely short: CapnBry saw 3 here
Malmohus,116,patrolling drakulv,1,4608,20224,2,56,matches CapnBry (1-2 seen here)
Malmohus,116,patrolling drakulv,1,17918,29977,3,56,likely short: CapnBry saw 3 here
Malmohus,116,patrolling drakulv,1,34837,17413,1,56,matches CapnBry (1-2 seen here)
Malmohus,116,patrolling drakulv,1,20318,5678,1,56,matches CapnBry (1-2 seen here)
Malmohus,116,patrolling drakulv,1,44537,32319,3,56,likely short: CapnBry saw 3 here
Malmohus,116,patrolling drakulv,1,10302,14228,6,56,likely short: CapnBry saw 6 here
Malmohus,116,patrolling drakulv,1,6595,12619,5,56,likely short: CapnBry saw 5 here
Malmohus,116,patrolling drakulv,1,21252,26983,3,56,likely short: CapnBry saw 3 here
Malmohus,116,patrolling drakulv,1,50033,34641,3,56,likely short: CapnBry saw 3 here
Malmohus,116,swarm of flies,2,20405,38657,0,34,no CapnBry sighting at this spot
Malmohus,116,swarm of flies,2,58593,57635,0,34,no CapnBry sighting at this spot
Malmohus,116,swarm of flies,1,29805,30574,0,34,no CapnBry sighting at this spot
Malmohus,116,swarm of flies,1,29948,39379,0,34,no CapnBry sighting at this spot
Malmohus,116,swarm of flies,1,14515,45157,0,34,no CapnBry sighting at this spot
Malmohus,116,swarm of flies,2,20847,52275,0,34,no CapnBry sighting at this spot
Malmohus,116,swarm of flies,1,42387,33692,0,34,no CapnBry sighting at this spot
Malmohus,116,swarm of flies,2,24165,15659,0,34,no CapnBry sighting at this spot
Malmohus,116,swarm of flies,1,16528,46199,0,34,no CapnBry sighting at this spot
Malmohus,116,swarm of flies,1,19224,56486,0,34,no CapnBry sighting at this spot
Malmohus,116,swarm of flies,1,28524,23780,0,34,no CapnBry sighting at this spot
Malmohus,116,swarm of flies,1,42997,47143,0,34,no CapnBry sighting at this spot
Malmohus,116,swarm of flies,1,23243,54615,0,34,no CapnBry sighting at this spot
Malmohus,116,enraged mara,2,47588,42042,1,9,matches CapnBry (1-2 seen here)
Malmohus,116,enraged mara,1,54449,58211,1,9,matches CapnBry (1-2 seen here)
Malmohus,116,svartalf foister,1,51111,10051,3,25,likely short: CapnBry saw 3 here
Malmohus,116,svartalf foister,1,57842,25172,0,25,no CapnBry sighting at this spot
Malmohus,116,svartalf foister,1,58611,23238,0,25,no CapnBry sighting at this spot
Malmohus,116,svartalf foister,1,52588,24454,2,25,matches CapnBry (1-2 seen here)
Malmohus,116,svartalf foister,1,59630,6422,2,25,matches CapnBry (1-2 seen here)
Malmohus,116,svartalf foister,1,59811,27163,0,25,no CapnBry sighting at this spot
Malmohus,116,svartalf foister,2,58667,20550,1,25,matches CapnBry (1-2 seen here)
Malmohus,116,svartalf foister,1,53422,21431,2,25,matches CapnBry (1-2 seen here)
Malmohus,116,svartalf foister,1,53967,26174,2,25,matches CapnBry (1-2 seen here)
Malmohus,116,drakulv soultrapper,1,23764,54095,0,5,no CapnBry sighting at this spot
Malmohus,116,drakulv soultrapper,2,5855,56204,0,5,no CapnBry sighting at this spot
Malmohus,116,drakulv soultrapper,1,23633,56624,0,5,no CapnBry sighting at this spot
Malmohus,116,drakulv soultrapper,1,33742,52194,0,5,no CapnBry sighting at this spot
Malmohus,116,drakulv executioner,1,27702,60050,0,33,no CapnBry sighting at this spot
Malmohus,116,drakulv executioner,1,26843,57255,0,33,no CapnBry sighting at this spot
Malmohus,116,drakulv executioner,2,7612,51299,0,33,no CapnBry sighting at this spot
Malmohus,116,drakulv executioner,1,18048,52299,0,33,no CapnBry sighting at this spot
Malmohus,116,drakulv executioner,1,12080,51941,0,33,no CapnBry sighting at this spot
Malmohus,116,drakulv executioner,1,24550,56438,0,33,no CapnBry sighting at this spot
Malmohus,116,drakulv executioner,1,27476,44945,0,33,no CapnBry sighting at this spot
Malmohus,116,drakulv executioner,2,6834,55268,0,33,no CapnBry sighting at this spot
Malmohus,116,drakulv executioner,1,24531,44672,0,33,no CapnBry sighting at this spot
Malmohus,116,drakulv executioner,1,36164,48903,0,33,no CapnBry sighting at this spot
Malmohus,116,drakulv executioner,2,34617,52259,0,33,no CapnBry sighting at this spot
Malmohus,116,drakulv executioner,1,9942,51015,0,33,no CapnBry sighting at this spot
Malmohus,116,drakulv executioner,1,10220,53546,0,33,no CapnBry sighting at this spot
Malmohus,116,drakulv executioner,1,33491,49121,0,33,no CapnBry sighting at this spot
Malmohus,116,drakulv executioner,1,25698,59292,0,33,no CapnBry sighting at this spot
Malmohus,116,drakulv executioner,1,31179,49815,0,33,no CapnBry sighting at this spot
Malmohus,116,drakulv executioner,1,36498,50680,0,33,no CapnBry sighting at this spot
Malmohus,116,drakulv executioner,1,24505,42278,0,33,no CapnBry sighting at this spot
Malmohus,116,drakulv executioner,1,29849,48705,0,33,no CapnBry sighting at this spot
Malmohus,116,drakulv disciple,1,31727,47091,0,6,no CapnBry sighting at this spot
Malmohus,116,drakulv disciple,2,7608,46514,0,6,no CapnBry sighting at this spot
Malmohus,116,drakulv disciple,1,18193,54678,0,6,no CapnBry sighting at this spot
Malmohus,116,drakulv disciple,1,5975,57052,0,6,no CapnBry sighting at this spot
Malmohus,116,drakulv disciple,1,38559,44426,0,6,no CapnBry sighting at this spot
Malmohus,116,gjalpinulva,1,20683,54803,0,1,rare/named species (1-2 in whole zone)
Malmohus,116,svartalf bloodbinder,2,57918,26978,0,17,no CapnBry sighting at this spot
Malmohus,116,svartalf bloodbinder,2,56938,16110,0,17,no CapnBry sighting at this spot
Malmohus,116,svartalf bloodbinder,1,55649,14954,0,17,no CapnBry sighting at this spot
Malmohus,116,svartalf bloodbinder,2,57558,37478,0,17,no CapnBry sighting at this spot
Malmohus,116,svartalf bloodbinder,1,60285,25165,0,17,no CapnBry sighting at this spot
Malmohus,116,svartalf bloodbinder,1,60443,36539,0,17,no CapnBry sighting at this spot
Malmohus,116,svartalf bloodbinder,1,57743,23514,0,17,no CapnBry sighting at this spot
Malmohus,116,svartalf bloodbinder,2,58208,30912,0,17,no CapnBry sighting at this spot
Malmohus,116,svartalf bloodbinder,1,50379,14674,0,17,no CapnBry sighting at this spot
Malmohus,116,venomous tree crawler,1,5545,54097,0,3,no CapnBry sighting at this spot
Malmohus,116,venomous tree crawler,1,9641,55054,0,3,no CapnBry sighting at this spot
Malmohus,116,venomous tree crawler,1,5208,52263,0,3,no CapnBry sighting at this spot
Malmohus,116,steinolf,1,35881,36943,0,1,rare/named species (1-2 in whole zone)
Malmohus,116,scaled varg yearling,1,31836,13049,5,14,likely short: CapnBry saw 5 here
Malmohus,116,arnulv,1,16075,34271,0,2,rare/named species (1-2 in whole zone)
Malmohus,116,arnulv,1,50694,43136,0,2,rare/named species (1-2 in whole zone)
Malmohus,116,hunter's pet,1,46901,44207,0,2,rare/named species (1-2 in whole zone)
Malmohus,116,hunter's pet,1,37912,41255,0,2,rare/named species (1-2 in whole zone)
Malmohus,116,gunnolf,1,5192,26309,0,2,rare/named species (1-2 in whole zone)
Malmohus,116,gunnolf,1,49923,41801,0,2,rare/named species (1-2 in whole zone)
Malmohus,116,hrolleif,1,34306,61543,0,1,rare/named species (1-2 in whole zone)
Malmohus,116,kariig,1,60651,33900,0,2,rare/named species (1-2 in whole zone)
Malmohus,116,kariig,1,58811,32597,0,2,rare/named species (1-2 in whole zone)
Malmohus,116,ulf,1,48483,58909,0,1,rare/named species (1-2 in whole zone)
Malmohus,116,eiorharn,1,40798,30685,0,1,rare/named species (1-2 in whole zone)
Malmohus,116,geirolf,1,17745,34452,0,1,rare/named species (1-2 in whole zone)
Malmohus,116,yar,1,7225,56119,0,1,rare/named species (1-2 in whole zone)
Malmohus,116,bjornvarg,1,36212,49446,0,2,rare/named species (1-2 in whole zone)
Malmohus,116,bjornvarg,1,34986,60751,0,2,rare/named species (1-2 in whole zone)
Malmohus,116,eildird,1,41332,41922,0,1,rare/named species (1-2 in whole zone)
Malmohus,116,ingardild,1,18509,31940,0,1,rare/named species (1-2 in whole zone)
Malmohus,116,ljornrn,1,5254,28507,0,1,rare/named species (1-2 in whole zone)
Malmohus,116,desukva,1,56080,30230,0,1,rare/named species (1-2 in whole zone)
Malmohus,116,rana,1,51784,22188,0,1,rare/named species (1-2 in whole zone)
Malmohus,116,wyulv,1,42349,50112,0,1,rare/named species (1-2 in whole zone)
Malmohus,116,esulv,1,5026,24792,0,1,rare/named species (1-2 in whole zone)
Spindelhalla,125,arachite vakt,2,21669,21405,6,10,likely short: CapnBry saw 6 here
Spindelhalla,125,djupt odjur,2,22811,23891,2,3,matches CapnBry (1-2 seen here)
Spindelhalla,125,djupt odjur,1,22590,25418,2,3,matches CapnBry (1-2 seen here)
Spindelhalla,125,undead troll warrior,2,21347,24749,4,9,likely short: CapnBry saw 4 here
Spindelhalla,125,undead troll warrior,1,23186,23179,5,9,likely short: CapnBry saw 5 here
Spindelhalla,125,ekyps scavenger,1,23737,24767,8,21,likely short: CapnBry saw 8 here
Spindelhalla,125,ekyps scavenger,1,19528,22565,6,21,likely short: CapnBry saw 6 here
Spindelhalla,125,te'bui,1,24076,23000,0,1,rare/named species (1-2 in whole zone)
Spindelhalla,125,danin,1,19948,24185,0,1,rare/named species (1-2 in whole zone)
Spindelhalla,125,arachite krigare,2,23849,24609,5,11,likely short: CapnBry saw 5 here
Spindelhalla,125,arachite prelate,1,23893,24884,5,6,likely short: CapnBry saw 5 here
Spindelhalla,125,igo,1,24152,19826,0,1,rare/named species (1-2 in whole zone)
Spindelhalla,125,svartalf thrall,2,27643,22394,13,17,likely short: CapnBry saw 13 here
Spindelhalla,125,cursed thulian,2,23201,20997,4,5,likely short: CapnBry saw 4 here
Spindelhalla,125,fas,1,20342,25126,0,1,rare/named species (1-2 in whole zone)
Spindelhalla,125,svartalf foreman,1,23911,23019,1,1,matches CapnBry (1-2 seen here)
Spindelhalla,125,duegar tjuv,1,19855,23639,1,1,matches CapnBry (1-2 seen here)
Spindelhalla,125,smarta,1,23848,22647,0,1,rare/named species (1-2 in whole zone)
Spindelhalla,125,ond,1,25863,20712,0,1,rare/named species (1-2 in whole zone)
Spindelhalla,125,kalf,1,23754,20333,0,1,rare/named species (1-2 in whole zone)
Spindelhalla,125,scavenger argo,1,24794,22408,0,1,rare/named species (1-2 in whole zone)
Spindelhalla,125,vixitr,1,22942,26857,0,1,rare/named species (1-2 in whole zone)
Spindelhalla,125,yleg,1,22447,22890,0,1,rare/named species (1-2 in whole zone)
Spindelhalla,125,kalph,1,23486,20292,0,1,rare/named species (1-2 in whole zone)
Spindelhalla,125,spindel layer,1,23368,20041,1,1,matches CapnBry (1-2 seen here)
Vendo Caverns,126,vendo yowler,2,20989,27119,1,2,matches CapnBry (1-2 seen here)
Vendo Caverns,126,goblin advisor,1,21624,25656,1,1,matches CapnBry (1-2 seen here)
Vendo Caverns,126,grjotgard,1,23974,22143,0,1,rare/named species (1-2 in whole zone)
Vendo Caverns,126,vendo savager,1,20992,27126,1,1,matches CapnBry (1-2 seen here)
Vendo Caverns,126,vendo snake charmer,1,23637,21080,1,1,matches CapnBry (1-2 seen here)
Varulvhamn,127,frenetic wolfspider,1,22947,24376,0,9,no CapnBry sighting at this spot
Varulvhamn,127,faz,1,24720,21341,0,1,rare/named species (1-2 in whole zone)
Varulvhamn,127,werewolf royal guard,2,18512,17319,2,65,matches CapnBry (1-2 seen here)
Varulvhamn,127,frukta warg,1,21208,19572,14,93,likely short: CapnBry saw 14 here
Varulvhamn,127,crazed lycantic,2,24716,21520,0,7,no CapnBry sighting at this spot
Varulvhamn,127,lord ungar,1,23555,27461,0,1,rare/named species (1-2 in whole zone)
Varulvhamn,127,hresvelgr,1,7812,16495,0,1,rare/named species (1-2 in whole zone)
Varulvhamn,127,large wolfspider,1,23942,22540,1,1,matches CapnBry (1-2 seen here)
Varulvhamn,127,lord huggtand,1,23287,27525,0,1,rare/named species (1-2 in whole zone)
Varulvhamn,127,forodande warg,2,18071,17301,5,12,likely short: CapnBry saw 5 here
Varulvhamn,127,forodande warg,2,15231,18038,3,12,likely short: CapnBry saw 3 here
Varulvhamn,127,forodande warg,2,21845,22388,5,12,likely short: CapnBry saw 5 here
Varulvhamn,127,manstrale,1,19659,24573,0,1,rare/named species (1-2 in whole zone)
Varulvhamn,127,thelod,1,23491,24274,0,1,rare/named species (1-2 in whole zone)
Varulvhamn,127,ritter,1,22734,23933,0,1,rare/named species (1-2 in whole zone)
Varulvhamn,127,lord vild,1,23406,27203,0,1,rare/named species (1-2 in whole zone)
Varulvhamn,127,high lord modolfr,1,17855,24554,0,1,rare/named species (1-2 in whole zone)
Varulvhamn,127,king hresvelgr,1,7860,16513,0,1,rare/named species (1-2 in whole zone)
Varulvhamn,127,lord brumma,1,23537,27180,0,1,rare/named species (1-2 in whole zone)
Varulvhamn,127,lord grym,1,23653,27264,0,1,rare/named species (1-2 in whole zone)
Varulvhamn,127,high lord athulf,1,24154,19192,0,1,rare/named species (1-2 in whole zone)
Varulvhamn,127,hresveigr,1,7740,16351,0,1,rare/named species (1-2 in whole zone)
Varulvhamn,127,lord gifttand,1,23317,27273,0,1,rare/named species (1-2 in whole zone)
Varulvhamn,127,high lord tarnkappe,1,17915,14762,0,1,rare/named species (1-2 in whole zone)
Varulvhamn,127,lord bete,1,23273,27383,0,1,rare/named species (1-2 in whole zone)
Cursed Tomb,128,trapped thrall,1,23124,22637,10,10,likely short: CapnBry saw 10 here
Cursed Tomb,128,tomb sentry,2,27517,25012,11,17,likely short: CapnBry saw 11 here
Cursed Tomb,128,roaming corpse,1,24496,21303,8,14,likely short: CapnBry saw 8 here
Cursed Tomb,128,vengeful ghoul,1,25095,24831,3,5,likely short: CapnBry saw 3 here
Cursed Tomb,128,way keeper,1,27173,23000,0,1,rare/named species (1-2 in whole zone)
Cursed Tomb,128,cursed mora weeper,2,29256,26139,1,2,matches CapnBry (1-2 seen here)
Cursed Tomb,128,cursed mora dancer,2,29073,26363,2,2,matches CapnBry (1-2 seen here)
Cursed Tomb,128,troika,1,29388,26100,0,1,rare/named species (1-2 in whole zone)
Cursed Tomb,128,draugr commander,1,27515,25735,0,1,rare/named species (1-2 in whole zone)
Cursed Tomb,128,haggert,1,28978,25665,0,1,rare/named species (1-2 in whole zone)
Cursed Tomb,128,dread lichess,1,29167,26355,0,1,rare/named species (1-2 in whole zone)
Cursed Tomb,128,cave spider,2,26381,24925,0,2,rare/named species (1-2 in whole zone)
Cursed Tomb,128,tomb priestess,1,25363,23211,0,1,rare/named species (1-2 in whole zone)
Cursed Tomb,128,rotting corpse,1,29067,26688,0,1,rare/named species (1-2 in whole zone)
Cursed Tomb,128,bevard,1,24480,23581,0,1,rare/named species (1-2 in whole zone)
Nisse's Lair,129,tomte lookout,1,25207,29735,1,9,matches CapnBry (1-2 seen here)
Nisse's Lair,129,tomte witch doctor,2,26104,32187,2,2,matches CapnBry (1-2 seen here)
Nisse's Lair,129,callilepis nocturna,1,17458,24721,0,1,rare/named species (1-2 in whole zone)
Nisse's Lair,129,skirr,1,20861,30011,0,1,rare/named species (1-2 in whole zone)
Nisse's Lair,129,executioner,1,24537,21285,0,1,rare/named species (1-2 in whole zone)
Nisse's Lair,129,tomte shaman,2,24318,23942,2,2,matches CapnBry (1-2 seen here)
Nisse's Lair,129,tomte runner,1,21760,21897,1,1,matches CapnBry (1-2 seen here)
Nisse's Lair,129,prisoner,2,24707,21157,0,2,rare/named species (1-2 in whole zone)
Nisse's Lair,129,rygnol,1,23934,22203,0,1,rare/named species (1-2 in whole zone)
Nisse's Lair,129,lair patrol,1,24439,22633,1,1,matches CapnBry (1-2 seen here)
Nisse's Lair,129,hnaki,1,26110,32191,0,1,rare/named species (1-2 in whole zone)
Nisse's Lair,129,ripp,1,28827,30610,0,1,rare/named species (1-2 in whole zone)
Nisse's Lair,129,nioll,1,26308,23955,0,1,rare/named species (1-2 in whole zone)
Trollheim,150,morvalt larling,2,27747,38188,5,157,likely short: CapnBry saw 5 here
Trollheim,150,morvalt larling,2,19069,37305,7,157,likely short: CapnBry saw 7 here
Trollheim,150,morvalt larling,2,30846,29998,24,157,likely short: CapnBry saw 24 here
Trollheim,150,morvalt larling,2,17795,42892,15,157,likely short: CapnBry saw 15 here
Trollheim,150,erfaren soldat,2,29836,37060,5,79,likely short: CapnBry saw 5 here
Trollheim,150,erfaren soldat,2,19063,37301,0,79,no CapnBry sighting at this spot
Trollheim,150,erfaren soldat,1,17667,42890,0,79,no CapnBry sighting at this spot
Trollheim,150,morvalt larjunge,2,30380,29636,0,73,no CapnBry sighting at this spot
Trollheim,150,morvalt larjunge,1,26967,30009,0,73,no CapnBry sighting at this spot
Trollheim,150,captured bergklan,2,29375,30665,1,2,matches CapnBry (1-2 seen here)
Trollheim,150,kaos krigsman,1,26341,25720,0,77,no CapnBry sighting at this spot
Trollheim,150,sallours,1,13976,15260,0,1,rare/named species (1-2 in whole zone)
Trollheim,150,veteran gruppchef,1,22123,24981,0,21,no CapnBry sighting at this spot
Trollheim,150,veteran gruppchef,1,18996,27740,0,21,no CapnBry sighting at this spot
Trollheim,150,veteran gruppchef,2,21266,27968,0,21,no CapnBry sighting at this spot
Trollheim,150,veteran gruppchef,1,26124,25607,0,21,no CapnBry sighting at this spot
Trollheim,150,gruppchef,1,26713,35687,0,14,no CapnBry sighting at this spot
Trollheim,150,gruppchef,2,24861,29090,0,14,no CapnBry sighting at this spot
Trollheim,150,gruppchef,1,29872,37413,0,14,no CapnBry sighting at this spot
Trollheim,150,gruppchef,1,21858,31422,0,14,no CapnBry sighting at this spot
Trollheim,150,gruppchef,1,21106,35215,0,14,no CapnBry sighting at this spot
Trollheim,150,gruppchef,1,18495,39634,0,14,no CapnBry sighting at this spot
Trollheim,150,gruppchef,1,23847,35358,0,14,no CapnBry sighting at this spot
Trollheim,150,gruppchef,1,27739,38187,0,14,no CapnBry sighting at this spot
Trollheim,150,gruppchef,1,25832,37041,0,14,no CapnBry sighting at this spot
Trollheim,150,gruppchef,1,17802,42900,0,14,no CapnBry sighting at this spot
Trollheim,150,uppat gungledar,1,34375,26556,0,1,rare/named species (1-2 in whole zone)
Trollheim,150,morvalt bagskytt,2,25498,32454,1,10,matches CapnBry (1-2 seen here)
Trollheim,150,morvalt bagskytt,1,30541,30851,1,10,matches CapnBry (1-2 seen here)
Trollheim,150,morvalt yxa master,1,24407,24647,0,1,rare/named species (1-2 in whole zone)
Trollheim,150,bagskytt hem'varn,1,26122,11763,0,12,no CapnBry sighting at this spot
Trollheim,150,anpassa foranst,1,26723,35551,4,46,likely short: CapnBry saw 4 here
Trollheim,150,morvalt slaktare,2,27038,30279,2,26,matches CapnBry (1-2 seen here)
Trollheim,150,captain hem'varn,2,22818,12018,0,2,rare/named species (1-2 in whole zone)
Trollheim,150,olen den bartender,1,28428,34821,0,1,rare/named species (1-2 in whole zone)
Trollheim,150,storrow,1,18698,27729,0,1,rare/named species (1-2 in whole zone)
Trollheim,150,morvalt soldat,2,23810,34822,1,15,matches CapnBry (1-2 seen here)
Trollheim,150,morvalt soldat,1,21356,35710,0,15,no CapnBry sighting at this spot
Trollheim,150,morvalt soldat,1,28685,30723,4,15,likely short: CapnBry saw 4 here
Trollheim,150,morvalt soldat,1,23559,33327,4,15,likely short: CapnBry saw 4 here
Trollheim,150,soldat hem'varn,1,25676,13004,0,13,no CapnBry sighting at this spot
Trollheim,150,nedat gungledar,1,32785,24148,0,1,rare/named species (1-2 in whole zone)
Trollheim,150,master smed,1,15132,38799,0,1,rare/named species (1-2 in whole zone)
Trollheim,150,dagar,1,23851,35667,0,1,rare/named species (1-2 in whole zone)
Trollheim,150,morvalt schamen,1,26365,25498,0,40,no CapnBry sighting at this spot
Trollheim,150,snemel den forsumlig,1,30250,35056,0,1,rare/named species (1-2 in whole zone)
Trollheim,150,trollkarl bonchar,1,24523,20449,0,2,rare/named species (1-2 in whole zone)
Trollheim,150,trollkarl bonchar,1,23800,11374,0,2,rare/named species (1-2 in whole zone)
Trollheim,150,rotodjur,1,38608,30911,0,1,rare/named species (1-2 in whole zone)
Trollheim,150,jarala den kvinnlig,1,28525,34653,0,1,rare/named species (1-2 in whole zone)
Trollheim,150,nosdoden,1,29346,4070,0,1,rare/named species (1-2 in whole zone)
Trollheim,150,fostra orm,1,23673,35141,0,1,rare/named species (1-2 in whole zone)
Trollheim,150,veteran krigare,2,29845,37061,0,34,no CapnBry sighting at this spot
Trollheim,150,veteran krigare,2,31081,35933,0,34,no CapnBry sighting at this spot
Trollheim,150,apologet nesnuir,1,18948,33351,0,1,rare/named species (1-2 in whole zone)
Trollheim,150,alchemist phorzbreg,1,29431,39553,0,1,rare/named species (1-2 in whole zone)
Trollheim,150,troloss,1,25036,32245,0,1,rare/named species (1-2 in whole zone)
Trollheim,150,grindvaktare,1,21897,37210,0,1,rare/named species (1-2 in whole zone)
Trollheim,150,magister kurgol,1,31042,30566,0,1,rare/named species (1-2 in whole zone)
Trollheim,150,overste callejo,1,29134,38192,0,1,rare/named species (1-2 in whole zone)
Aegir's Landing,151,sand jelly,1,42713,24614,0,71,no CapnBry sighting at this spot
Aegir's Landing,151,musslaklan digger,1,15161,16523,2,24,matches CapnBry (1-2 seen here)
Aegir's Landing,151,musslaklan digger,1,13217,53200,1,24,matches CapnBry (1-2 seen here)
Aegir's Landing,151,musslaklan digger,1,9885,14950,3,24,likely short: CapnBry saw 3 here
Aegir's Landing,151,musslaklan digger,1,12387,50805,2,24,matches CapnBry (1-2 seen here)
Aegir's Landing,151,musslaklan digger,1,12576,46670,2,24,matches CapnBry (1-2 seen here)
Aegir's Landing,151,musslaklan digger,1,10916,13321,4,24,likely short: CapnBry saw 4 here
Aegir's Landing,151,musslaklan digger,2,15093,50709,1,24,matches CapnBry (1-2 seen here)
Aegir's Landing,151,musslaklan digger,1,10882,50018,2,24,matches CapnBry (1-2 seen here)
Aegir's Landing,151,musslaklan digger,1,12412,45009,2,24,matches CapnBry (1-2 seen here)
Aegir's Landing,151,musslaklan digger,2,15189,18220,2,24,matches CapnBry (1-2 seen here)
Aegir's Landing,151,boobrie fledgeling,1,10698,30824,4,26,likely short: CapnBry saw 4 here
Aegir's Landing,151,boobrie fledgeling,2,11402,35787,0,26,no CapnBry sighting at this spot
Aegir's Landing,151,boobrie fledgeling,1,10972,22011,3,26,likely short: CapnBry saw 3 here
Aegir's Landing,151,boobrie fledgeling,1,11768,32015,2,26,matches CapnBry (1-2 seen here)
Aegir's Landing,151,boobrie fledgeling,2,44762,29055,2,26,matches CapnBry (1-2 seen here)
Aegir's Landing,151,boobrie fledgeling,1,47199,22878,2,26,matches CapnBry (1-2 seen here)
Aegir's Landing,151,morvalt krigsman,2,45892,10663,4,104,likely short: CapnBry saw 4 here
Aegir's Landing,151,morvalt fast-walker,1,57813,39990,5,22,likely short: CapnBry saw 5 here
Aegir's Landing,151,morvalt fast-walker,2,56820,30532,2,22,matches CapnBry (1-2 seen here)
Aegir's Landing,151,mygga,1,35703,34169,4,172,likely short: CapnBry saw 4 here
Aegir's Landing,151,mygga,1,25484,52920,7,172,likely short: CapnBry saw 7 here
Aegir's Landing,151,mygga,1,17658,47645,4,172,likely short: CapnBry saw 4 here
Aegir's Landing,151,mygga,1,60320,63505,8,172,likely short: CapnBry saw 8 here
Aegir's Landing,151,mygga,2,21321,48423,4,172,likely short: CapnBry saw 4 here
Aegir's Landing,151,mygga,1,17359,52821,4,172,likely short: CapnBry saw 4 here
Aegir's Landing,151,mygga,1,43616,34529,4,172,likely short: CapnBry saw 4 here
Aegir's Landing,151,mygga,1,20105,51179,4,172,likely short: CapnBry saw 4 here
Aegir's Landing,151,morvalt spotter,2,13471,3421,3,10,likely short: CapnBry saw 3 here
Aegir's Landing,151,morvalt spotter,1,56698,31078,1,10,matches CapnBry (1-2 seen here)
Aegir's Landing,151,morvalt spotter,1,15826,2380,3,10,likely short: CapnBry saw 3 here
Aegir's Landing,151,scimitar kit,2,18054,60012,2,24,matches CapnBry (1-2 seen here)
Aegir's Landing,151,scimitar kit,1,15652,61556,0,24,no CapnBry sighting at this spot
Aegir's Landing,151,scimitar kit,1,17000,55955,3,24,likely short: CapnBry saw 3 here
Aegir's Landing,151,mammoth calf,2,32246,34763,3,54,likely short: CapnBry saw 3 here
Aegir's Landing,151,mammoth calf,1,19895,13024,10,54,likely short: CapnBry saw 10 here
Aegir's Landing,151,mammoth calf,1,34283,25796,9,54,likely short: CapnBry saw 9 here
Aegir's Landing,151,mammoth calf,1,24084,8739,10,54,likely short: CapnBry saw 10 here
Aegir's Landing,151,mammoth calf,2,30569,30963,4,54,likely short: CapnBry saw 4 here
Aegir's Landing,151,mammoth calf,2,27687,28433,4,54,likely short: CapnBry saw 4 here
Aegir's Landing,151,mammoth calf,1,34404,31621,9,54,likely short: CapnBry saw 9 here
Aegir's Landing,151,mammoth calf,1,28695,35077,4,54,likely short: CapnBry saw 4 here
Aegir's Landing,151,mammoth calf,1,29691,33666,4,54,likely short: CapnBry saw 4 here
Aegir's Landing,151,mammoth calf,1,18874,36064,3,54,likely short: CapnBry saw 3 here
Aegir's Landing,151,young mammoth,2,22447,27903,3,40,likely short: CapnBry saw 3 here
Aegir's Landing,151,young mammoth,1,40743,6791,1,40,matches CapnBry (1-2 seen here)
Aegir's Landing,151,young mammoth,2,38495,17293,6,40,likely short: CapnBry saw 6 here
Aegir's Landing,151,young mammoth,1,41358,14586,2,40,matches CapnBry (1-2 seen here)
Aegir's Landing,151,young mammoth,1,19291,26904,3,40,likely short: CapnBry saw 3 here
Aegir's Landing,151,young mammoth,1,23326,12611,8,40,likely short: CapnBry saw 8 here
Aegir's Landing,151,young mammoth,1,41011,16405,6,40,likely short: CapnBry saw 6 here
Aegir's Landing,151,young mammoth,1,29473,19305,3,40,likely short: CapnBry saw 3 here
Aegir's Landing,151,young mammoth,1,24232,20618,8,40,likely short: CapnBry saw 8 here
Aegir's Landing,151,morvalt ungdom,1,54304,29021,0,29,no CapnBry sighting at this spot
Aegir's Landing,151,morvalt ungdom,1,51997,29955,2,29,matches CapnBry (1-2 seen here)
Aegir's Landing,151,morvalt ungdom,1,52365,35623,2,29,matches CapnBry (1-2 seen here)
Aegir's Landing,151,morvalt ungdom,1,52024,32194,2,29,matches CapnBry (1-2 seen here)
Aegir's Landing,151,scimitar cub,2,32709,45845,8,34,likely short: CapnBry saw 8 here
Aegir's Landing,151,boobrie hatchling,1,48478,54145,2,16,matches CapnBry (1-2 seen here)
Aegir's Landing,151,boobrie hatchling,1,42995,32269,1,16,matches CapnBry (1-2 seen here)
Aegir's Landing,151,boobrie hatchling,1,37212,33594,1,16,matches CapnBry (1-2 seen here)
Aegir's Landing,151,biting insect,2,58293,52490,2,43,matches CapnBry (1-2 seen here)
Aegir's Landing,151,biting insect,1,17106,7997,3,43,likely short: CapnBry saw 3 here
Aegir's Landing,151,biting insect,1,23181,37764,2,43,matches CapnBry (1-2 seen here)
Aegir's Landing,151,biting insect,2,61217,58569,2,43,matches CapnBry (1-2 seen here)
Aegir's Landing,151,biting insect,1,60634,60215,2,43,matches CapnBry (1-2 seen here)
Aegir's Landing,151,biting insect,1,19257,48268,1,43,matches CapnBry (1-2 seen here)
Aegir's Landing,151,biting insect,1,10211,57750,0,43,no CapnBry sighting at this spot
Aegir's Landing,151,biting insect,1,22427,34801,2,43,matches CapnBry (1-2 seen here)
Aegir's Landing,151,boobrie,2,41340,24186,2,17,matches CapnBry (1-2 seen here)
Aegir's Landing,151,musslaklan carver,2,11343,47596,2,4,matches CapnBry (1-2 seen here)
Aegir's Landing,151,musslaklan carver,1,12890,17015,1,4,matches CapnBry (1-2 seen here)
Aegir's Landing,151,musslaklan carver,1,11496,16444,1,4,matches CapnBry (1-2 seen here)
Aegir's Landing,151,morvalt jakthast,2,18195,4448,2,38,matches CapnBry (1-2 seen here)
Aegir's Landing,151,morvalt jakthast,1,57531,32317,3,38,likely short: CapnBry saw 3 here
Aegir's Landing,151,morvalt jakthast,1,16815,3605,2,38,matches CapnBry (1-2 seen here)
Aegir's Landing,151,morvalt jakthast,1,55036,31584,3,38,likely short: CapnBry saw 3 here
Aegir's Landing,151,morvalt jakthast,1,59037,33281,3,38,likely short: CapnBry saw 3 here
Aegir's Landing,151,marine fungus,2,48176,50720,5,16,likely short: CapnBry saw 5 here
Aegir's Landing,151,morvalt spjutman,1,58474,24904,4,16,likely short: CapnBry saw 4 here
Aegir's Landing,151,morvalt spjutman,1,18081,3647,2,16,matches CapnBry (1-2 seen here)
Aegir's Landing,151,morvalt spjutman,1,47635,20121,1,16,matches CapnBry (1-2 seen here)
Aegir's Landing,151,pysling,1,26656,58174,2,15,matches CapnBry (1-2 seen here)
Aegir's Landing,151,pysling,1,25895,40651,6,15,likely short: CapnBry saw 6 here
Aegir's Landing,151,pysling,1,25477,43936,0,15,no CapnBry sighting at this spot
Aegir's Landing,151,pysling,1,19120,46309,1,15,matches CapnBry (1-2 seen here)
Aegir's Landing,151,musslaklan sifter,1,14552,50269,4,15,likely short: CapnBry saw 4 here
Aegir's Landing,151,musslaklan sifter,1,10317,45512,4,15,likely short: CapnBry saw 4 here
Aegir's Landing,151,musslaklan sifter,1,9904,17824,4,15,likely short: CapnBry saw 4 here
Aegir's Landing,151,musslaklan crafter,1,11558,15205,2,3,matches CapnBry (1-2 seen here)
Aegir's Landing,151,musslaklan crafter,2,13981,15624,2,3,matches CapnBry (1-2 seen here)
Aegir's Landing,151,small skelett,2,38446,50562,2,14,matches CapnBry (1-2 seen here)
Aegir's Landing,151,small skelett,1,39037,52277,0,14,no CapnBry sighting at this spot
Aegir's Landing,151,small skelett,1,36664,43616,2,14,matches CapnBry (1-2 seen here)
Aegir's Landing,151,small skelett,1,48970,55168,0,14,no CapnBry sighting at this spot
Aegir's Landing,151,small skelett,2,35185,41430,2,14,matches CapnBry (1-2 seen here)
Aegir's Landing,151,small skelett,1,37982,47993,2,14,matches CapnBry (1-2 seen here)
Aegir's Landing,151,small skelett,1,48668,58078,0,14,no CapnBry sighting at this spot
Aegir's Landing,151,small skelett,1,49264,51040,0,14,no CapnBry sighting at this spot
Aegir's Landing,151,small skelett,1,50518,55623,0,14,no CapnBry sighting at this spot
Aegir's Landing,151,lost pysling,1,40884,41724,0,17,no CapnBry sighting at this spot
Aegir's Landing,151,lost pysling,1,54044,48508,1,17,matches CapnBry (1-2 seen here)
Aegir's Landing,151,lost pysling,2,50026,55744,0,17,no CapnBry sighting at this spot
Aegir's Landing,151,lost pysling,2,49712,51424,0,17,no CapnBry sighting at this spot
Aegir's Landing,151,lost pysling,1,49066,57376,0,17,no CapnBry sighting at this spot
Aegir's Landing,151,lost pysling,1,37415,47879,1,17,matches CapnBry (1-2 seen here)
Aegir's Landing,151,musslaklan sounder,1,14725,13457,3,10,likely short: CapnBry saw 3 here
Aegir's Landing,151,musslaklan sounder,1,14301,14995,3,10,likely short: CapnBry saw 3 here
Aegir's Landing,151,musslaklan sounder,1,12905,47112,1,10,matches CapnBry (1-2 seen here)
Aegir's Landing,151,musslaklan sounder,1,10698,18624,3,10,likely short: CapnBry saw 3 here
Aegir's Landing,151,musslaklan sounder,1,12280,13953,3,10,likely short: CapnBry saw 3 here
Aegir's Landing,151,large skelett,1,25874,40873,1,42,matches CapnBry (1-2 seen here)
Aegir's Landing,151,large skelett,1,20577,49243,14,42,likely short: CapnBry saw 14 here
Aegir's Landing,151,large skelett,1,22805,47179,14,42,likely short: CapnBry saw 14 here
Aegir's Landing,151,ixich,1,31423,46920,0,1,rare/named species (1-2 in whole zone)
Aegir's Landing,151,uger,1,12581,15864,0,1,rare/named species (1-2 in whole zone)
Aegir's Landing,151,talvor,1,9639,4776,0,1,rare/named species (1-2 in whole zone)
Aegir's Landing,151,tendril,1,27346,41582,7,7,likely short: CapnBry saw 7 here
Aegir's Landing,151,torlieva,1,13822,16300,0,1,rare/named species (1-2 in whole zone)
Aegir's Landing,151,morvalt jagare,1,56959,17101,2,8,matches CapnBry (1-2 seen here)
Aegir's Landing,151,enraged scimitar kit,1,15764,61565,0,1,rare/named species (1-2 in whole zone)
Aegir's Landing,151,shambling shade,1,28051,39205,0,1,rare/named species (1-2 in whole zone)
Aegir's Landing,151,musslaklan trader,1,11879,47690,0,1,rare/named species (1-2 in whole zone)
Aegir's Landing,151,krum,1,12287,47623,0,1,rare/named species (1-2 in whole zone)
Aegir's Landing,151,torg the hunter,1,12732,15502,0,1,rare/named species (1-2 in whole zone)
Aegir's Landing,151,durl,1,13017,47114,0,1,rare/named species (1-2 in whole zone)
Aegir's Landing,151,gohl,1,12845,48352,0,1,rare/named species (1-2 in whole zone)
Aegir's Landing,151,shreg,1,17727,4170,0,1,rare/named species (1-2 in whole zone)
Aegir's Landing,151,rith,1,13042,15316,0,1,rare/named species (1-2 in whole zone)
Aegir's Landing,151,soxulfr,1,36564,43160,0,1,rare/named species (1-2 in whole zone)
Aegir's Landing,151,ibicus,1,38002,37904,0,1,rare/named species (1-2 in whole zone)
Gripklosa Mountains,152,myling,1,46327,33757,0,83,no CapnBry sighting at this spot
Gripklosa Mountains,152,myling,1,39245,30107,0,83,no CapnBry sighting at this spot
Gripklosa Mountains,152,myling,1,40901,33399,0,83,no CapnBry sighting at this spot
Gripklosa Mountains,152,myling,2,35427,34919,0,83,no CapnBry sighting at this spot
Gripklosa Mountains,152,myling,1,44650,35296,0,83,no CapnBry sighting at this spot
Gripklosa Mountains,152,myling,1,39797,31525,0,83,no CapnBry sighting at this spot
Gripklosa Mountains,152,myling,2,45809,37905,0,83,no CapnBry sighting at this spot
Gripklosa Mountains,152,myling,1,41349,28531,0,83,no CapnBry sighting at this spot
Gripklosa Mountains,152,myling,2,41716,41336,0,83,no CapnBry sighting at this spot
Gripklosa Mountains,152,myling,1,35474,46273,0,83,no CapnBry sighting at this spot
Gripklosa Mountains,152,myling,2,32763,35774,0,83,no CapnBry sighting at this spot
Gripklosa Mountains,152,myling,1,38222,41879,0,83,no CapnBry sighting at this spot
Gripklosa Mountains,152,myling,1,44873,31167,0,83,no CapnBry sighting at this spot
Gripklosa Mountains,152,myling,1,31248,49269,0,83,no CapnBry sighting at this spot
Gripklosa Mountains,152,myling,1,43807,37797,0,83,no CapnBry sighting at this spot
Gripklosa Mountains,152,myling,2,34588,39594,0,83,no CapnBry sighting at this spot
Gripklosa Mountains,152,myling,1,18845,45272,0,83,no CapnBry sighting at this spot
Gripklosa Mountains,152,myling,2,35650,42443,0,83,no CapnBry sighting at this spot
Gripklosa Mountains,152,bergklan tribesman,1,35069,55906,0,1,rare/named species (1-2 in whole zone)
Gripklosa Mountains,152,griffon glider,2,62336,40395,4,59,likely short: CapnBry saw 4 here
Gripklosa Mountains,152,griffon glider,1,61177,38309,4,59,likely short: CapnBry saw 4 here
Gripklosa Mountains,152,griffon glider,1,57806,31800,1,59,matches CapnBry (1-2 seen here)
Gripklosa Mountains,152,griffon glider,1,61358,35196,1,59,matches CapnBry (1-2 seen here)
Gripklosa Mountains,152,griffon glider,2,46845,45002,7,59,likely short: CapnBry saw 7 here
Gripklosa Mountains,152,griffon glider,1,21708,23411,0,59,no CapnBry sighting at this spot
Gripklosa Mountains,152,griffon glider,1,17287,19752,0,59,no CapnBry sighting at this spot
Gripklosa Mountains,152,griffon glider,1,26844,22208,0,59,no CapnBry sighting at this spot
Gripklosa Mountains,152,griffon glider,1,20512,27111,0,59,no CapnBry sighting at this spot
Gripklosa Mountains,152,griffon glider,2,49789,43460,5,59,likely short: CapnBry saw 5 here
Gripklosa Mountains,152,griffon glider,2,52862,42331,5,59,likely short: CapnBry saw 5 here
Gripklosa Mountains,152,griffon glider,1,48292,44722,7,59,likely short: CapnBry saw 7 here
Gripklosa Mountains,152,griffon glider,1,48999,33286,3,59,likely short: CapnBry saw 3 here
Gripklosa Mountains,152,griffon glider,1,25132,22250,0,59,no CapnBry sighting at this spot
Gripklosa Mountains,152,griffon glider,1,50371,37792,5,59,likely short: CapnBry saw 5 here
Gripklosa Mountains,152,griffon glider,1,23112,20211,0,59,no CapnBry sighting at this spot
Gripklosa Mountains,152,griffon glider,1,19036,24609,0,59,no CapnBry sighting at this spot
Gripklosa Mountains,152,griffon glider,1,60398,41353,4,59,likely short: CapnBry saw 4 here
Gripklosa Mountains,152,griffon glider,1,55164,34970,12,59,likely short: CapnBry saw 12 here
Gripklosa Mountains,152,griffon glider,1,57883,41025,4,59,likely short: CapnBry saw 4 here
Gripklosa Mountains,152,griffon glider,2,25041,28181,1,59,matches CapnBry (1-2 seen here)
Gripklosa Mountains,152,griffon glider,1,51487,40564,5,59,likely short: CapnBry saw 5 here
Gripklosa Mountains,152,bergklan provider,2,12735,27517,0,31,no CapnBry sighting at this spot
Gripklosa Mountains,152,bergklan provider,1,11048,35777,2,31,matches CapnBry (1-2 seen here)
Gripklosa Mountains,152,bergklan provider,2,5778,43929,2,31,matches CapnBry (1-2 seen here)
Gripklosa Mountains,152,bergklan provider,1,7338,41869,2,31,matches CapnBry (1-2 seen here)
Gripklosa Mountains,152,bergklan provider,1,15535,53744,1,31,matches CapnBry (1-2 seen here)
Gripklosa Mountains,152,bergklan provider,1,29358,59252,0,31,no CapnBry sighting at this spot
Gripklosa Mountains,152,redcap lurker,1,59905,27645,0,30,no CapnBry sighting at this spot
Gripklosa Mountains,152,redcap lurker,1,47076,28856,9,30,likely short: CapnBry saw 9 here
Gripklosa Mountains,152,redcap lurker,1,57009,24321,0,30,no CapnBry sighting at this spot
Gripklosa Mountains,152,redcap lurker,1,35618,17062,0,30,no CapnBry sighting at this spot
Gripklosa Mountains,152,redcap lurker,2,43826,23307,9,30,likely short: CapnBry saw 9 here
Gripklosa Mountains,152,redcap lurker,1,58409,23567,0,30,no CapnBry sighting at this spot
Gripklosa Mountains,152,redcap lurker,1,40734,21358,2,30,matches CapnBry (1-2 seen here)
Gripklosa Mountains,152,redcap lurker,1,48428,21850,9,30,likely short: CapnBry saw 9 here
Gripklosa Mountains,152,redcap lurker,1,51429,16354,0,30,no CapnBry sighting at this spot
Gripklosa Mountains,152,redcap lurker,1,38244,19898,2,30,matches CapnBry (1-2 seen here)
Gripklosa Mountains,152,bergklan skinner,1,44875,54001,3,12,likely short: CapnBry saw 3 here
Gripklosa Mountains,152,bergklan skinner,2,33401,55278,4,12,likely short: CapnBry saw 4 here
Gripklosa Mountains,152,bergklan skinner,2,29996,58464,4,12,likely short: CapnBry saw 4 here
Gripklosa Mountains,152,griffon scout,2,64161,54361,2,22,matches CapnBry (1-2 seen here)
Gripklosa Mountains,152,griffon scout,1,55363,49400,2,22,matches CapnBry (1-2 seen here)
Gripklosa Mountains,152,griffon scout,2,60684,58840,4,22,likely short: CapnBry saw 4 here
Gripklosa Mountains,152,griffon scout,1,58627,48220,2,22,matches CapnBry (1-2 seen here)
Gripklosa Mountains,152,griffon scout,2,60599,53390,2,22,matches CapnBry (1-2 seen here)
Gripklosa Mountains,152,griffon scout,1,49703,49957,0,22,no CapnBry sighting at this spot
Gripklosa Mountains,152,griffon scout,1,59935,55941,4,22,likely short: CapnBry saw 4 here
Gripklosa Mountains,152,griffon scout,1,56397,61538,1,22,matches CapnBry (1-2 seen here)
Gripklosa Mountains,152,griffon scout,1,54696,57530,2,22,matches CapnBry (1-2 seen here)
Gripklosa Mountains,152,griffon scout,1,52832,53827,2,22,matches CapnBry (1-2 seen here)
Gripklosa Mountains,152,griffon scout,2,55417,53628,2,22,matches CapnBry (1-2 seen here)
Gripklosa Mountains,152,griffon scout,1,53804,59579,1,22,matches CapnBry (1-2 seen here)
Gripklosa Mountains,152,cave lion,1,51845,19476,0,27,no CapnBry sighting at this spot
Gripklosa Mountains,152,cave lion,1,51834,22819,0,27,no CapnBry sighting at this spot
Gripklosa Mountains,152,cave lion,2,57864,21849,0,27,no CapnBry sighting at this spot
Gripklosa Mountains,152,cave lion,1,38938,23860,0,27,no CapnBry sighting at this spot
Gripklosa Mountains,152,cave lion,1,64778,46782,0,27,no CapnBry sighting at this spot
Gripklosa Mountains,152,cave lion,1,64882,44427,0,27,no CapnBry sighting at this spot
Gripklosa Mountains,152,cave lion,1,62904,37775,0,27,no CapnBry sighting at this spot
Gripklosa Mountains,152,cave lion,1,53546,38023,0,27,no CapnBry sighting at this spot
Gripklosa Mountains,152,hostile myling,1,58008,26642,0,46,no CapnBry sighting at this spot
Gripklosa Mountains,152,hostile myling,1,61442,23240,0,46,no CapnBry sighting at this spot
Gripklosa Mountains,152,hostile myling,1,57490,16068,0,46,no CapnBry sighting at this spot
Gripklosa Mountains,152,hostile myling,2,24966,40273,0,46,no CapnBry sighting at this spot
Gripklosa Mountains,152,hostile myling,1,26809,44857,0,46,no CapnBry sighting at this spot
Gripklosa Mountains,152,hostile myling,2,46955,42494,0,46,no CapnBry sighting at this spot
Gripklosa Mountains,152,hostile myling,2,26318,47798,0,46,no CapnBry sighting at this spot
Gripklosa Mountains,152,hostile myling,1,58167,18933,0,46,no CapnBry sighting at this spot
Gripklosa Mountains,152,undead morvalt,1,19374,55533,1,15,matches CapnBry (1-2 seen here)
Gripklosa Mountains,152,undead morvalt,1,21972,55987,1,15,matches CapnBry (1-2 seen here)
Gripklosa Mountains,152,redcap legerdemainist,1,41683,5383,0,11,no CapnBry sighting at this spot
Gripklosa Mountains,152,redcap legerdemainist,1,35771,3039,0,11,no CapnBry sighting at this spot
Gripklosa Mountains,152,redcap legerdemainist,1,35040,1717,0,11,no CapnBry sighting at this spot
Gripklosa Mountains,152,redcap legerdemainist,1,33859,2748,0,11,no CapnBry sighting at this spot
Gripklosa Mountains,152,redcap legerdemainist,1,37353,1814,0,11,no CapnBry sighting at this spot
Gripklosa Mountains,152,morvalt slaktman,2,29568,33733,1,28,matches CapnBry (1-2 seen here)
Gripklosa Mountains,152,morvalt slaktman,2,35148,29545,4,28,likely short: CapnBry saw 4 here
Gripklosa Mountains,152,morvalt slaktman,1,38553,29567,4,28,likely short: CapnBry saw 4 here
Gripklosa Mountains,152,morvalt slaktman,1,34962,32564,4,28,likely short: CapnBry saw 4 here
Gripklosa Mountains,152,morvalt slaktman,1,34247,30958,4,28,likely short: CapnBry saw 4 here
Gripklosa Mountains,152,morvalt beskydda,1,31414,41176,3,95,likely short: CapnBry saw 3 here
Gripklosa Mountains,152,morvalt beskydda,1,10004,11201,0,95,no CapnBry sighting at this spot
Gripklosa Mountains,152,morvalt beskydda,2,32682,44395,2,95,matches CapnBry (1-2 seen here)
Gripklosa Mountains,152,morvalt beskydda,1,41336,31174,8,95,likely short: CapnBry saw 8 here
Gripklosa Mountains,152,morvalt beskydda,1,44765,31345,2,95,matches CapnBry (1-2 seen here)
Gripklosa Mountains,152,morvalt beskydda,2,43054,37111,8,95,likely short: CapnBry saw 8 here
Gripklosa Mountains,152,morvalt beskydda,1,35497,36368,3,95,likely short: CapnBry saw 3 here
Gripklosa Mountains,152,morvalt beskydda,1,30458,50515,0,95,no CapnBry sighting at this spot
Gripklosa Mountains,152,morvalt beskydda,2,37364,36805,3,95,likely short: CapnBry saw 3 here
Gripklosa Mountains,152,morvalt beskydda,1,40696,33094,8,95,likely short: CapnBry saw 8 here
Gripklosa Mountains,152,morvalt beskydda,1,30744,46340,2,95,matches CapnBry (1-2 seen here)
Gripklosa Mountains,152,morvalt beskydda,1,37973,40617,1,95,matches CapnBry (1-2 seen here)
Gripklosa Mountains,152,morvalt beskydda,1,32844,40296,1,95,matches CapnBry (1-2 seen here)
Gripklosa Mountains,152,morvalt beskydda,2,39288,34411,8,95,likely short: CapnBry saw 8 here
Gripklosa Mountains,152,morvalt beskydda,2,45287,37862,8,95,likely short: CapnBry saw 8 here
Gripklosa Mountains,152,morvalt beskydda,1,42142,41120,1,95,matches CapnBry (1-2 seen here)
Gripklosa Mountains,152,morvalt beskydda,1,33362,46731,2,95,matches CapnBry (1-2 seen here)
Gripklosa Mountains,152,morvalt beskydda,1,28664,47169,0,95,no CapnBry sighting at this spot
Gripklosa Mountains,152,morvalt beskydda,1,15054,7956,6,95,likely short: CapnBry saw 6 here
Gripklosa Mountains,152,morvalt beskydda,1,39874,37232,8,95,likely short: CapnBry saw 8 here
Gripklosa Mountains,152,morvalt beskydda,1,25343,38860,3,95,likely short: CapnBry saw 3 here
Gripklosa Mountains,152,morvalt beskydda,2,28695,36306,3,95,likely short: CapnBry saw 3 here
Gripklosa Mountains,152,redcap butcher,2,33203,5264,0,19,no CapnBry sighting at this spot
Gripklosa Mountains,152,bergklan hunter,1,55768,47622,3,57,likely short: CapnBry saw 3 here
Gripklosa Mountains,152,bergklan hunter,2,54115,48683,3,57,likely short: CapnBry saw 3 here
Gripklosa Mountains,152,bergklan hunter,1,49964,13090,1,57,matches CapnBry (1-2 seen here)
Gripklosa Mountains,152,bergklan hunter,1,62369,32772,0,57,no CapnBry sighting at this spot
Gripklosa Mountains,152,bergklan hunter,1,58458,44232,1,57,matches CapnBry (1-2 seen here)
Gripklosa Mountains,152,bergklan hunter,1,52890,32638,1,57,matches CapnBry (1-2 seen here)
Gripklosa Mountains,152,bergklan hunter,1,12199,17798,11,57,likely short: CapnBry saw 11 here
Gripklosa Mountains,152,bergklan hunter,1,58865,38950,3,57,likely short: CapnBry saw 3 here
Gripklosa Mountains,152,bergklan hunter,2,53962,47015,3,57,likely short: CapnBry saw 3 here
Gripklosa Mountains,152,bergklan hunter,1,55521,51534,3,57,likely short: CapnBry saw 3 here
Gripklosa Mountains,152,bergklan hunter,1,60801,43998,3,57,likely short: CapnBry saw 3 here
Gripklosa Mountains,152,bergklan hunter,1,57430,20797,1,57,matches CapnBry (1-2 seen here)
Gripklosa Mountains,152,megaloceros fawn,1,28641,47883,1,63,matches CapnBry (1-2 seen here)
Gripklosa Mountains,152,megaloceros fawn,1,32024,38121,0,63,no CapnBry sighting at this spot
Gripklosa Mountains,152,megaloceros fawn,1,10488,50960,3,63,likely short: CapnBry saw 3 here
Gripklosa Mountains,152,megaloceros fawn,2,40625,32716,2,63,matches CapnBry (1-2 seen here)
Gripklosa Mountains,152,megaloceros fawn,1,30392,37328,0,63,no CapnBry sighting at this spot
Gripklosa Mountains,152,megaloceros fawn,2,37329,35371,2,63,matches CapnBry (1-2 seen here)
Gripklosa Mountains,152,megaloceros fawn,1,33778,48400,2,63,matches CapnBry (1-2 seen here)
Gripklosa Mountains,152,megaloceros fawn,1,31147,45286,2,63,matches CapnBry (1-2 seen here)
Gripklosa Mountains,152,megaloceros fawn,2,35528,46806,2,63,matches CapnBry (1-2 seen here)
Gripklosa Mountains,152,megaloceros fawn,1,14144,44358,2,63,matches CapnBry (1-2 seen here)
Gripklosa Mountains,152,megaloceros fawn,1,18543,44090,6,63,likely short: CapnBry saw 6 here
Gripklosa Mountains,152,megaloceros fawn,1,44019,37903,1,63,matches CapnBry (1-2 seen here)
Gripklosa Mountains,152,megaloceros fawn,1,35408,43879,2,63,matches CapnBry (1-2 seen here)
Gripklosa Mountains,152,megaloceros fawn,1,44150,27319,0,63,no CapnBry sighting at this spot
Gripklosa Mountains,152,megaloceros fawn,1,42677,31288,2,63,matches CapnBry (1-2 seen here)
Gripklosa Mountains,152,megaloceros fawn,1,33158,35916,0,63,no CapnBry sighting at this spot
Gripklosa Mountains,152,megaloceros fawn,1,42524,37313,1,63,matches CapnBry (1-2 seen here)
Gripklosa Mountains,152,megaloceros fawn,1,46229,36594,0,63,no CapnBry sighting at this spot
Gripklosa Mountains,152,megaloceros fawn,1,31093,35908,0,63,no CapnBry sighting at this spot
Gripklosa Mountains,152,megaloceros fawn,2,7599,51472,3,63,likely short: CapnBry saw 3 here
Gripklosa Mountains,152,megaloceros fawn,1,17643,54166,9,63,likely short: CapnBry saw 9 here
Gripklosa Mountains,152,megaloceros fawn,1,6378,60472,2,63,matches CapnBry (1-2 seen here)
Gripklosa Mountains,152,megaloceros fawn,1,36006,40715,3,63,likely short: CapnBry saw 3 here
Gripklosa Mountains,152,megaloceros fawn,1,8146,59469,2,63,matches CapnBry (1-2 seen here)
Gripklosa Mountains,152,megaloceros fawn,1,6342,55284,3,63,likely short: CapnBry saw 3 here
Gripklosa Mountains,152,megaloceros fawn,1,17162,61584,1,63,matches CapnBry (1-2 seen here)
Gripklosa Mountains,152,megaloceros fawn,1,4878,54140,3,63,likely short: CapnBry saw 3 here
Gripklosa Mountains,152,frosty skelett,1,45533,21295,0,46,no CapnBry sighting at this spot
Gripklosa Mountains,152,frosty skelett,1,43659,16733,0,46,no CapnBry sighting at this spot
Gripklosa Mountains,152,frosty skelett,2,34236,16892,4,46,likely short: CapnBry saw 4 here
Gripklosa Mountains,152,frosty skelett,2,40909,13108,0,46,no CapnBry sighting at this spot
Gripklosa Mountains,152,frosty skelett,2,43302,19120,0,46,no CapnBry sighting at this spot
Gripklosa Mountains,152,frosty skelett,1,34787,19198,0,46,no CapnBry sighting at this spot
Gripklosa Mountains,152,frosty skelett,2,43793,14492,0,46,no CapnBry sighting at this spot
Gripklosa Mountains,152,frosty skelett,1,42060,14662,0,46,no CapnBry sighting at this spot
Gripklosa Mountains,152,frosty skelett,1,43183,22003,0,46,no CapnBry sighting at this spot
Gripklosa Mountains,152,frosty skelett,1,39301,15794,4,46,likely short: CapnBry saw 4 here
Gripklosa Mountains,152,frosty skelett,1,61880,34270,1,46,matches CapnBry (1-2 seen here)
Gripklosa Mountains,152,frosty skelett,1,55075,31792,7,46,likely short: CapnBry saw 7 here
Gripklosa Mountains,152,frosty skelett,1,44333,28243,1,46,matches CapnBry (1-2 seen here)
Gripklosa Mountains,152,woolly serpent,1,34528,13110,2,14,matches CapnBry (1-2 seen here)
Gripklosa Mountains,152,woolly serpent,1,33998,15642,2,14,matches CapnBry (1-2 seen here)
Gripklosa Mountains,152,woolly serpent,1,31529,12746,0,14,no CapnBry sighting at this spot
Gripklosa Mountains,152,woolly serpent,2,50662,31544,1,14,matches CapnBry (1-2 seen here)
Gripklosa Mountains,152,woolly serpent,1,48094,33505,1,14,matches CapnBry (1-2 seen here)
Gripklosa Mountains,152,woolly serpent,1,40006,19306,1,14,matches CapnBry (1-2 seen here)
Gripklosa Mountains,152,woolly serpent,1,43955,25371,1,14,matches CapnBry (1-2 seen here)
Gripklosa Mountains,152,woolly serpent,1,54507,39340,1,14,matches CapnBry (1-2 seen here)
Gripklosa Mountains,152,woolly serpent,1,38132,12351,2,14,matches CapnBry (1-2 seen here)
Gripklosa Mountains,152,woolly serpent,2,63388,37948,2,14,matches CapnBry (1-2 seen here)
Gripklosa Mountains,152,woolly serpent,1,62968,26188,0,14,no CapnBry sighting at this spot
Gripklosa Mountains,152,woolly serpent,1,57155,21073,0,14,no CapnBry sighting at this spot
Gripklosa Mountains,152,morvalt streber,1,32199,49360,8,59,likely short: CapnBry saw 8 here
Gripklosa Mountains,152,morvalt streber,1,41737,36810,0,59,no CapnBry sighting at this spot
Gripklosa Mountains,152,morvalt streber,1,41695,34927,0,59,no CapnBry sighting at this spot
Gripklosa Mountains,152,morvalt streber,2,32883,38046,0,59,no CapnBry sighting at this spot
Gripklosa Mountains,152,morvalt streber,1,42293,32940,0,59,no CapnBry sighting at this spot
Gripklosa Mountains,152,morvalt streber,1,43864,37937,0,59,no CapnBry sighting at this spot
Gripklosa Mountains,152,morvalt streber,2,36278,36121,0,59,no CapnBry sighting at this spot
Gripklosa Mountains,152,morvalt streber,1,5969,27899,9,59,likely short: CapnBry saw 9 here
Gripklosa Mountains,152,morvalt streber,1,30746,35706,0,59,no CapnBry sighting at this spot
Gripklosa Mountains,152,morvalt streber,1,29023,40061,0,59,no CapnBry sighting at this spot
Gripklosa Mountains,152,morvalt streber,1,28951,45243,0,59,no CapnBry sighting at this spot
Gripklosa Mountains,152,morvalt streber,1,44179,34877,0,59,no CapnBry sighting at this spot
Gripklosa Mountains,152,morvalt streber,1,34113,49620,8,59,likely short: CapnBry saw 8 here
Gripklosa Mountains,152,morvalt streber,1,5947,32926,6,59,likely short: CapnBry saw 6 here
Gripklosa Mountains,152,morvalt streber,1,6376,29781,9,59,likely short: CapnBry saw 9 here
Gripklosa Mountains,152,mammoth bull,1,54386,9195,5,10,likely short: CapnBry saw 5 here
Gripklosa Mountains,152,mammoth bull,1,55679,10539,0,10,no CapnBry sighting at this spot
Gripklosa Mountains,152,mammoth bull,1,53987,11800,5,10,likely short: CapnBry saw 5 here
Gripklosa Mountains,152,redcap spiker,1,47780,19449,1,11,matches CapnBry (1-2 seen here)
Gripklosa Mountains,152,redcap spiker,1,49530,21340,1,11,matches CapnBry (1-2 seen here)
Gripklosa Mountains,152,redcap spiker,1,48865,15745,1,11,matches CapnBry (1-2 seen here)
Gripklosa Mountains,152,woolly mammoth,1,56637,22835,0,10,no CapnBry sighting at this spot
Gripklosa Mountains,152,cave lioness,1,26377,10449,0,67,no CapnBry sighting at this spot
Gripklosa Mountains,152,cave lioness,2,48167,26550,3,67,likely short: CapnBry saw 3 here
Gripklosa Mountains,152,cave lioness,2,41216,25063,3,67,likely short: CapnBry saw 3 here
Gripklosa Mountains,152,cave lioness,1,55920,29352,2,67,matches CapnBry (1-2 seen here)
Gripklosa Mountains,152,cave lioness,1,25742,7144,0,67,no CapnBry sighting at this spot
Gripklosa Mountains,152,cave lioness,1,33098,14217,0,67,no CapnBry sighting at this spot
Gripklosa Mountains,152,cave lioness,1,55547,34835,2,67,matches CapnBry (1-2 seen here)
Gripklosa Mountains,152,cave lioness,1,53420,29513,2,67,matches CapnBry (1-2 seen here)
Gripklosa Mountains,152,cave lioness,1,38098,13350,0,67,no CapnBry sighting at this spot
Gripklosa Mountains,152,cave lioness,1,49889,30829,2,67,matches CapnBry (1-2 seen here)
Gripklosa Mountains,152,cave lioness,1,60617,38718,2,67,matches CapnBry (1-2 seen here)
Gripklosa Mountains,152,cave lioness,1,37046,15307,0,67,no CapnBry sighting at this spot
Gripklosa Mountains,152,cave lioness,1,62419,33458,0,67,no CapnBry sighting at this spot
Gripklosa Mountains,152,cave lioness,2,48540,32953,0,67,no CapnBry sighting at this spot
Gripklosa Mountains,152,cave lioness,2,35141,12300,0,67,no CapnBry sighting at this spot
Gripklosa Mountains,152,cave lioness,2,23861,12459,0,67,no CapnBry sighting at this spot
Gripklosa Mountains,152,cave lioness,2,43380,24203,3,67,likely short: CapnBry saw 3 here
Gripklosa Mountains,152,cave lioness,1,64011,21303,0,67,no CapnBry sighting at this spot
Gripklosa Mountains,152,cave lioness,1,28740,10816,0,67,no CapnBry sighting at this spot
Gripklosa Mountains,152,cave lioness,1,57788,33671,2,67,matches CapnBry (1-2 seen here)
Gripklosa Mountains,152,cave lioness,1,24890,14601,0,67,no CapnBry sighting at this spot
Gripklosa Mountains,152,cave lioness,1,60620,40530,2,67,matches CapnBry (1-2 seen here)
Gripklosa Mountains,152,cave lioness,1,49510,25361,1,67,matches CapnBry (1-2 seen here)
Gripklosa Mountains,152,cave lioness,1,58852,18402,0,67,no CapnBry sighting at this spot
Gripklosa Mountains,152,cave lioness,1,63962,36483,0,67,no CapnBry sighting at this spot
Gripklosa Mountains,152,cave lioness,1,56750,31683,2,67,matches CapnBry (1-2 seen here)
Gripklosa Mountains,152,cave lioness,1,53664,34273,2,67,matches CapnBry (1-2 seen here)
Gripklosa Mountains,152,cave lioness,1,24911,9908,0,67,no CapnBry sighting at this spot
Gripklosa Mountains,152,cave lioness,1,54223,18522,0,67,no CapnBry sighting at this spot
Gripklosa Mountains,152,cave lioness,1,45375,25089,3,67,likely short: CapnBry saw 3 here
Gripklosa Mountains,152,cave lioness,1,59688,26101,0,67,no CapnBry sighting at this spot
Gripklosa Mountains,152,cave lioness,1,56444,16914,0,67,no CapnBry sighting at this spot
Gripklosa Mountains,152,cave lioness,1,46943,23104,3,67,likely short: CapnBry saw 3 here
Gripklosa Mountains,152,cave lioness,1,59489,35744,2,67,matches CapnBry (1-2 seen here)
Gripklosa Mountains,152,cave lioness,1,59330,37294,2,67,matches CapnBry (1-2 seen here)
Gripklosa Mountains,152,cave lioness,2,35067,16235,0,67,no CapnBry sighting at this spot
Gripklosa Mountains,152,cave lioness,1,51433,30976,2,67,matches CapnBry (1-2 seen here)
Gripklosa Mountains,152,cave lioness,1,40140,21695,2,67,matches CapnBry (1-2 seen here)
Gripklosa Mountains,152,cave lioness,1,61932,37628,0,67,no CapnBry sighting at this spot
Gripklosa Mountains,152,cave lioness,1,55148,43465,0,67,no CapnBry sighting at this spot
Gripklosa Mountains,152,chilly skelett,1,5743,54683,4,32,likely short: CapnBry saw 4 here
Gripklosa Mountains,152,chilly skelett,1,5762,51318,4,32,likely short: CapnBry saw 4 here
Gripklosa Mountains,152,chilly skelett,1,6215,56134,2,32,matches CapnBry (1-2 seen here)
Gripklosa Mountains,152,chilly skelett,2,5833,59149,2,32,matches CapnBry (1-2 seen here)
Gripklosa Mountains,152,redcap herbalist,2,35575,4911,8,22,likely short: CapnBry saw 8 here
Gripklosa Mountains,152,redcap herbalist,1,47651,20035,0,22,no CapnBry sighting at this spot
Gripklosa Mountains,152,redcap herbalist,1,49177,11681,0,22,no CapnBry sighting at this spot
Gripklosa Mountains,152,morvalt mammut jagare,2,26330,31168,0,30,no CapnBry sighting at this spot
Gripklosa Mountains,152,morvalt mammut jagare,1,33070,32453,0,30,no CapnBry sighting at this spot
Gripklosa Mountains,152,morvalt mammut jagare,1,23947,35664,0,30,no CapnBry sighting at this spot
Gripklosa Mountains,152,morvalt mammut jagare,1,26801,34608,0,30,no CapnBry sighting at this spot
Gripklosa Mountains,152,morvalt mammut jagare,2,23643,33432,0,30,no CapnBry sighting at this spot
Gripklosa Mountains,152,morvalt mammut jagare,1,31973,35892,0,30,no CapnBry sighting at this spot
Gripklosa Mountains,152,morvalt mammut jagare,1,25223,33468,0,30,no CapnBry sighting at this spot
Gripklosa Mountains,152,morvalt mammut jagare,2,25652,36786,0,30,no CapnBry sighting at this spot
Gripklosa Mountains,152,morvalt mammut jagare,1,26962,29192,0,30,no CapnBry sighting at this spot
Gripklosa Mountains,152,venerable mammoth,1,58629,27321,2,29,matches CapnBry (1-2 seen here)
Gripklosa Mountains,152,venerable mammoth,1,65175,22641,0,29,no CapnBry sighting at this spot
Gripklosa Mountains,152,venerable mammoth,2,21512,20078,0,29,no CapnBry sighting at this spot
Gripklosa Mountains,152,venerable mammoth,1,60319,18485,0,29,no CapnBry sighting at this spot
Gripklosa Mountains,152,venerable mammoth,1,58821,23117,2,29,matches CapnBry (1-2 seen here)
Gripklosa Mountains,152,venerable mammoth,1,58838,25637,2,29,matches CapnBry (1-2 seen here)
Gripklosa Mountains,152,venerable mammoth,2,61221,22399,2,29,matches CapnBry (1-2 seen here)
Gripklosa Mountains,152,venerable mammoth,1,62910,23201,2,29,matches CapnBry (1-2 seen here)
Gripklosa Mountains,152,venerable mammoth,2,55719,23371,2,29,matches CapnBry (1-2 seen here)
Gripklosa Mountains,152,venerable mammoth,1,58725,19937,0,29,no CapnBry sighting at this spot
Gripklosa Mountains,152,venerable mammoth,2,60753,25334,2,29,matches CapnBry (1-2 seen here)
Gripklosa Mountains,152,venerable mammoth,1,54803,11134,0,29,no CapnBry sighting at this spot
Gripklosa Mountains,152,redcap dissecter,2,38124,5613,3,9,likely short: CapnBry saw 3 here
Gripklosa Mountains,152,redcap dissecter,2,35805,4823,3,9,likely short: CapnBry saw 3 here
Gripklosa Mountains,152,redcap dissecter,1,39918,4930,3,9,likely short: CapnBry saw 3 here
Gripklosa Mountains,152,redcap dissecter,1,35219,1603,2,9,matches CapnBry (1-2 seen here)
Gripklosa Mountains,152,morvalt landflyke,1,18051,53841,1,24,matches CapnBry (1-2 seen here)
Gripklosa Mountains,152,morvalt vandarare,2,19723,45879,7,15,likely short: CapnBry saw 7 here
Gripklosa Mountains,152,morvalt vandarare,1,22942,47625,0,15,no CapnBry sighting at this spot
Gripklosa Mountains,152,morvalt vandarare,1,20927,51010,0,15,no CapnBry sighting at this spot
Gripklosa Mountains,152,morvalt vandarare,1,17404,44297,7,15,likely short: CapnBry saw 7 here
Gripklosa Mountains,152,morvalt vandarare,2,15943,48965,7,15,likely short: CapnBry saw 7 here
Gripklosa Mountains,152,morvalt vandarare,1,16524,46280,7,15,likely short: CapnBry saw 7 here
Gripklosa Mountains,152,morvalt vandarare,1,18124,46378,7,15,likely short: CapnBry saw 7 here
Gripklosa Mountains,152,morvalt vandarare,1,20535,41828,0,15,no CapnBry sighting at this spot
Gripklosa Mountains,152,mammoth calf,2,58419,23552,0,12,no CapnBry sighting at this spot
Gripklosa Mountains,152,mammoth calf,1,59018,26882,0,12,no CapnBry sighting at this spot
Gripklosa Mountains,152,mammoth calf,1,61509,20164,0,12,no CapnBry sighting at this spot
Gripklosa Mountains,152,mammoth calf,1,56515,23309,0,12,no CapnBry sighting at this spot
Gripklosa Mountains,152,mammoth calf,2,57931,21266,0,12,no CapnBry sighting at this spot
Gripklosa Mountains,152,frost duster,1,41708,39046,10,50,likely short: CapnBry saw 10 here
Gripklosa Mountains,152,frost duster,1,33292,50704,2,50,matches CapnBry (1-2 seen here)
Gripklosa Mountains,152,frost duster,2,29435,40800,0,50,no CapnBry sighting at this spot
Gripklosa Mountains,152,frost duster,2,40360,30013,0,50,no CapnBry sighting at this spot
Gripklosa Mountains,152,frost duster,1,45246,36597,2,50,matches CapnBry (1-2 seen here)
Gripklosa Mountains,152,frost duster,1,44244,27409,0,50,no CapnBry sighting at this spot
Gripklosa Mountains,152,frost duster,1,43102,35160,5,50,likely short: CapnBry saw 5 here
Gripklosa Mountains,152,frost duster,1,32652,37403,0,50,no CapnBry sighting at this spot
Gripklosa Mountains,152,frost duster,2,45834,33359,2,50,matches CapnBry (1-2 seen here)
Gripklosa Mountains,152,frost duster,1,29421,38529,0,50,no CapnBry sighting at this spot
Gripklosa Mountains,152,frost duster,1,31234,44827,1,50,matches CapnBry (1-2 seen here)
Gripklosa Mountains,152,frost duster,1,38305,34280,5,50,likely short: CapnBry saw 5 here
Gripklosa Mountains,152,frost duster,1,33340,40934,7,50,likely short: CapnBry saw 7 here
Gripklosa Mountains,152,frost duster,2,42505,29623,0,50,no CapnBry sighting at this spot
Gripklosa Mountains,152,megaloceros,2,63943,41451,3,13,likely short: CapnBry saw 3 here
Gripklosa Mountains,152,megaloceros,2,64272,51300,4,13,likely short: CapnBry saw 4 here
Gripklosa Mountains,152,megaloceros,1,63232,45011,4,13,likely short: CapnBry saw 4 here
Gripklosa Mountains,152,megaloceros,1,61730,45759,4,13,likely short: CapnBry saw 4 here
Gripklosa Mountains,152,megaloceros,1,62368,43095,3,13,likely short: CapnBry saw 3 here
Gripklosa Mountains,152,megaloceros,2,64861,43257,3,13,likely short: CapnBry saw 3 here
Gripklosa Mountains,152,young mammoth,1,51368,9055,0,4,no CapnBry sighting at this spot
Gripklosa Mountains,152,young mammoth,1,52981,7549,1,4,matches CapnBry (1-2 seen here)
Gripklosa Mountains,152,young mammoth,1,54995,10253,1,4,matches CapnBry (1-2 seen here)
Gripklosa Mountains,152,young mammoth,1,62975,18157,0,4,no CapnBry sighting at this spot
Gripklosa Mountains,152,hypothermic morvalt,1,60592,36673,1,2,matches CapnBry (1-2 seen here)
Gripklosa Mountains,152,hypothermic morvalt,1,59489,39884,1,2,matches CapnBry (1-2 seen here)
Gripklosa Mountains,152,old matriarch,1,52149,6501,0,1,rare/named species (1-2 in whole zone)
Gripklosa Mountains,152,loden,1,21727,46533,0,1,rare/named species (1-2 in whole zone)
Gripklosa Mountains,152,bergklan slopewatcher,1,16087,13777,0,4,no CapnBry sighting at this spot
Gripklosa Mountains,152,bergklan slopewatcher,1,12649,15617,0,4,no CapnBry sighting at this spot
Gripklosa Mountains,152,bergklan slopewatcher,1,10260,15492,0,4,no CapnBry sighting at this spot
Gripklosa Mountains,152,bergklan slopewatcher,1,12316,18085,0,4,no CapnBry sighting at this spot
Gripklosa Mountains,152,idette,1,20152,46361,0,1,rare/named species (1-2 in whole zone)
Gripklosa Mountains,152,beskydda grundar,1,5069,6201,0,1,rare/named species (1-2 in whole zone)
Gripklosa Mountains,152,vaetild,1,32458,56190,0,1,rare/named species (1-2 in whole zone)
Gripklosa Mountains,152,pelterer blegkrak,1,29058,57348,0,1,rare/named species (1-2 in whole zone)
Gripklosa Mountains,152,kreg,1,46313,41138,0,1,rare/named species (1-2 in whole zone)
Gripklosa Mountains,152,mammoth matriarch,2,52098,8710,4,7,likely short: CapnBry saw 4 here
Gripklosa Mountains,152,mammoth matriarch,1,55342,9786,4,7,likely short: CapnBry saw 4 here
Gripklosa Mountains,152,mammoth matriarch,1,51719,7311,4,7,likely short: CapnBry saw 4 here
Gripklosa Mountains,152,mammoth matriarch,1,53627,10734,4,7,likely short: CapnBry saw 4 here
Gripklosa Mountains,152,mammoth matriarch,1,52841,6185,4,7,likely short: CapnBry saw 4 here
Gripklosa Mountains,152,mammoth matriarch,1,51830,10393,4,7,likely short: CapnBry saw 4 here
Gripklosa Mountains,152,sha-ra,1,54752,25264,0,1,rare/named species (1-2 in whole zone)
Gripklosa Mountains,152,morvalt avliden,2,28839,32673,0,26,no CapnBry sighting at this spot
Gripklosa Mountains,152,morvalt avliden,1,26382,30724,0,26,no CapnBry sighting at this spot
Gripklosa Mountains,152,morvalt avliden,2,24479,34229,0,26,no CapnBry sighting at this spot
Gripklosa Mountains,152,morvalt avliden,2,21851,33487,0,26,no CapnBry sighting at this spot
Gripklosa Mountains,152,morvalt avliden,1,28293,30390,0,26,no CapnBry sighting at this spot
Gripklosa Mountains,152,morvalt avliden,1,22356,35203,0,26,no CapnBry sighting at this spot
Gripklosa Mountains,152,morvalt avliden,2,26566,33153,0,26,no CapnBry sighting at this spot
Gripklosa Mountains,152,morvalt avliden,1,32480,32928,0,26,no CapnBry sighting at this spot
Gripklosa Mountains,152,morvalt avliden,1,33647,35271,0,26,no CapnBry sighting at this spot
Gripklosa Mountains,152,morvalt avliden,1,32758,30598,0,26,no CapnBry sighting at this spot
Gripklosa Mountains,152,morvalt avliden,1,28968,38423,0,26,no CapnBry sighting at this spot
Gripklosa Mountains,152,teetering block of ice,1,26459,6826,0,8,no CapnBry sighting at this spot
Gripklosa Mountains,152,teetering block of ice,1,20195,5241,4,8,likely short: CapnBry saw 4 here
Gripklosa Mountains,152,teetering block of ice,1,25281,8207,0,8,no CapnBry sighting at this spot
Gripklosa Mountains,152,teetering block of ice,1,22594,4487,4,8,likely short: CapnBry saw 4 here
Gripklosa Mountains,152,morvalt framkalla,1,24889,33326,0,26,no CapnBry sighting at this spot
Gripklosa Mountains,152,morvalt framkalla,1,33586,34395,0,26,no CapnBry sighting at this spot
Gripklosa Mountains,152,morvalt framkalla,1,33681,36151,0,26,no CapnBry sighting at this spot
Gripklosa Mountains,152,morvalt framkalla,1,24261,35165,0,26,no CapnBry sighting at this spot
Gripklosa Mountains,152,morvalt framkalla,1,24301,38086,0,26,no CapnBry sighting at this spot
Gripklosa Mountains,152,morvalt framkalla,1,30258,29414,0,26,no CapnBry sighting at this spot
Gripklosa Mountains,152,morvalt framkalla,1,26630,38189,0,26,no CapnBry sighting at this spot
Gripklosa Mountains,152,mammoth herdguard,1,62592,22793,7,27,likely short: CapnBry saw 7 here
Gripklosa Mountains,152,mammoth herdguard,1,63139,26187,7,27,likely short: CapnBry saw 7 here
Gripklosa Mountains,152,mammoth herdguard,1,65480,23746,0,27,no CapnBry sighting at this spot
Gripklosa Mountains,152,mammoth herdguard,1,57472,26971,5,27,likely short: CapnBry saw 5 here
Gripklosa Mountains,152,mammoth herdguard,1,63601,29044,0,27,no CapnBry sighting at this spot
Gripklosa Mountains,152,mammoth herdguard,1,58770,29949,0,27,no CapnBry sighting at this spot
Gripklosa Mountains,152,mammoth herdguard,1,62955,24301,7,27,likely short: CapnBry saw 7 here
Gripklosa Mountains,152,mammoth herdguard,1,60786,23465,7,27,likely short: CapnBry saw 7 here
Gripklosa Mountains,152,mammoth herdguard,1,62024,21277,7,27,likely short: CapnBry saw 7 here
Gripklosa Mountains,152,streber rengo,1,3518,35444,0,1,rare/named species (1-2 in whole zone)
Delling Crater,153,sulphur-stained skeleton,1,28144,41765,3,33,likely short: CapnBry saw 3 here
Delling Crater,153,sulphur-stained skeleton,1,28180,40194,3,33,likely short: CapnBry saw 3 here
Delling Crater,153,sulphur-stained skeleton,1,30056,40717,3,33,likely short: CapnBry saw 3 here
Delling Crater,153,sulphur-stained skeleton,2,29094,38798,3,33,likely short: CapnBry saw 3 here
Delling Crater,153,sulphur-stained skeleton,1,29598,42449,3,33,likely short: CapnBry saw 3 here
Delling Crater,153,sulphur-stained skeleton,2,21232,47596,2,33,matches CapnBry (1-2 seen here)
Delling Crater,153,sulphur-stained skeleton,1,19881,53505,4,33,likely short: CapnBry saw 4 here
Delling Crater,153,sulphur-stained skeleton,2,17322,52411,4,33,likely short: CapnBry saw 4 here
Delling Crater,153,sulphur-stained skeleton,1,16407,54391,4,33,likely short: CapnBry saw 4 here
Delling Crater,153,sulphur-stained skeleton,1,13802,54618,1,33,matches CapnBry (1-2 seen here)
Delling Crater,153,sulphur-stained skeleton,1,16002,45775,2,33,matches CapnBry (1-2 seen here)
Delling Crater,153,sulphur-stained skeleton,1,12058,46215,1,33,matches CapnBry (1-2 seen here)
Delling Crater,153,sulphur-stained skeleton,1,19197,45775,2,33,matches CapnBry (1-2 seen here)
Delling Crater,153,sulphur-stained skeleton,1,20613,45259,2,33,matches CapnBry (1-2 seen here)
Delling Crater,153,sulphur-stained skeleton,1,19857,50408,4,33,likely short: CapnBry saw 4 here
Delling Crater,153,hrimthursa warrior,1,57797,14186,3,23,likely short: CapnBry saw 3 here
Delling Crater,153,hrimthursa warrior,1,51602,17243,5,23,likely short: CapnBry saw 5 here
Delling Crater,153,hrimthursa warrior,2,42841,9726,4,23,likely short: CapnBry saw 4 here
Delling Crater,153,hrimthursa warrior,1,45357,8321,4,23,likely short: CapnBry saw 4 here
Delling Crater,153,hrimthursa warrior,2,53074,12123,5,23,likely short: CapnBry saw 5 here
Delling Crater,153,hrimthursa warrior,1,44266,14197,1,23,matches CapnBry (1-2 seen here)
Delling Crater,153,hrimthursa warrior,1,59338,19340,1,23,matches CapnBry (1-2 seen here)
Delling Crater,153,hrimthursa warrior,1,57948,15923,3,23,likely short: CapnBry saw 3 here
Delling Crater,153,hrimthursa warrior,1,52435,14355,5,23,likely short: CapnBry saw 5 here
Delling Crater,153,hrimthursa warrior,1,43093,12603,4,23,likely short: CapnBry saw 4 here
Delling Crater,153,hrimthursa warrior,1,54554,16962,5,23,likely short: CapnBry saw 5 here
Delling Crater,153,crater cicada,2,17955,23238,3,141,likely short: CapnBry saw 3 here
Delling Crater,153,crater cicada,1,19663,26904,0,141,no CapnBry sighting at this spot
Delling Crater,153,crater cicada,1,27149,57602,1,141,matches CapnBry (1-2 seen here)
Delling Crater,153,crater cicada,1,13112,46348,4,141,likely short: CapnBry saw 4 here
Delling Crater,153,crater cicada,1,12365,19595,4,141,likely short: CapnBry saw 4 here
Delling Crater,153,crater cicada,1,14160,15974,4,141,likely short: CapnBry saw 4 here
Delling Crater,153,crater cicada,1,10164,14705,4,141,likely short: CapnBry saw 4 here
Delling Crater,153,crater cicada,1,20323,52173,10,141,likely short: CapnBry saw 10 here
Delling Crater,153,crater cicada,1,11716,21312,3,141,likely short: CapnBry saw 3 here
Delling Crater,153,crater cicada,1,14858,45550,3,141,likely short: CapnBry saw 3 here
Delling Crater,153,crater cicada,1,9662,21737,3,141,likely short: CapnBry saw 3 here
Delling Crater,153,crater cicada,1,28485,53109,10,141,likely short: CapnBry saw 10 here
Delling Crater,153,crater cicada,1,12059,53129,3,141,likely short: CapnBry saw 3 here
Delling Crater,153,crater cicada,1,12408,49769,4,141,likely short: CapnBry saw 4 here
Delling Crater,153,crater cicada,2,11480,51488,4,141,likely short: CapnBry saw 4 here
Delling Crater,153,crater cicada,1,11150,18143,4,141,likely short: CapnBry saw 4 here
Delling Crater,153,crater cicada,1,17103,44450,3,141,likely short: CapnBry saw 3 here
Delling Crater,153,crater cicada,1,15059,53524,3,141,likely short: CapnBry saw 3 here
Delling Crater,153,crater cicada,1,10827,19951,3,141,likely short: CapnBry saw 3 here
Delling Crater,153,crater cicada,1,13662,13959,4,141,likely short: CapnBry saw 4 here
Delling Crater,153,crater cicada,2,29213,56131,1,141,matches CapnBry (1-2 seen here)
Delling Crater,153,crater cicada,1,16445,54553,3,141,likely short: CapnBry saw 3 here
Delling Crater,153,crater cicada,1,18778,54432,2,141,matches CapnBry (1-2 seen here)
Delling Crater,153,crater cicada,1,17712,25531,3,141,likely short: CapnBry saw 3 here
Delling Crater,153,crater cicada,1,2343,14775,5,141,likely short: CapnBry saw 5 here
Delling Crater,153,crater cicada,1,15017,20805,3,141,likely short: CapnBry saw 3 here
Delling Crater,153,crater cicada,2,1162,10440,5,141,likely short: CapnBry saw 5 here
Delling Crater,153,crater cicada,1,17096,21346,3,141,likely short: CapnBry saw 3 here
Delling Crater,153,crater cicada,1,18547,18269,3,141,likely short: CapnBry saw 3 here
Delling Crater,153,crater cicada,1,25347,42789,5,141,likely short: CapnBry saw 5 here
Delling Crater,153,crater cicada,1,6653,10386,1,141,matches CapnBry (1-2 seen here)
Delling Crater,153,crater cicada,1,16632,19804,3,141,likely short: CapnBry saw 3 here
Delling Crater,153,crater cicada,1,13512,42434,2,141,matches CapnBry (1-2 seen here)
Delling Crater,153,crater cicada,1,24973,56749,10,141,likely short: CapnBry saw 10 here
Delling Crater,153,crater cicada,1,16903,17651,3,141,likely short: CapnBry saw 3 here
Delling Crater,153,crater cicada,1,14899,19238,3,141,likely short: CapnBry saw 3 here
Delling Crater,153,morvalt mammut jagare,2,58370,59041,2,24,matches CapnBry (1-2 seen here)
Delling Crater,153,morvalt mammut jagare,1,54110,62231,0,24,no CapnBry sighting at this spot
Delling Crater,153,morvalt mammut jagare,1,34208,50905,3,24,likely short: CapnBry saw 3 here
Delling Crater,153,morvalt mammut jagare,1,45182,49357,0,24,no CapnBry sighting at this spot
Delling Crater,153,morvalt mammut jagare,1,33864,54169,3,24,likely short: CapnBry saw 3 here
Delling Crater,153,morvalt mammut jagare,1,40840,44442,1,24,matches CapnBry (1-2 seen here)
Delling Crater,153,morvalt mammut jagare,2,44433,54823,0,24,no CapnBry sighting at this spot
Delling Crater,153,morvalt mammut jagare,1,43491,50883,0,24,no CapnBry sighting at this spot
Delling Crater,153,morvalt mammut jagare,1,40312,53403,0,24,no CapnBry sighting at this spot
Delling Crater,153,morvalt mammut jagare,1,46841,62629,0,24,no CapnBry sighting at this spot
Delling Crater,153,morvalt mammut jagare,1,40509,55951,0,24,no CapnBry sighting at this spot
Delling Crater,153,morvalt mammut jagare,1,57196,57248,2,24,matches CapnBry (1-2 seen here)
Delling Crater,153,morvalt mammut jagare,1,45192,44000,1,24,matches CapnBry (1-2 seen here)
Delling Crater,153,morvalt mammut jagare,1,58788,57010,2,24,matches CapnBry (1-2 seen here)
Delling Crater,153,morvalt mammut jagare,1,36445,51384,3,24,likely short: CapnBry saw 3 here
Delling Crater,153,morvalt mammut jagare,1,46031,59768,2,24,matches CapnBry (1-2 seen here)
Delling Crater,153,morvalt mammut jagare,1,38196,46287,1,24,matches CapnBry (1-2 seen here)
Delling Crater,153,morvalt mammut jagare,1,36231,61359,0,24,no CapnBry sighting at this spot
Delling Crater,153,morvalt mammut jagare,1,52171,54737,0,24,no CapnBry sighting at this spot
Delling Crater,153,morvalt mammut jagare,1,51133,48417,0,24,no CapnBry sighting at this spot
Delling Crater,153,morvalt mammut jagare,1,31030,47416,0,24,no CapnBry sighting at this spot
Delling Crater,153,morvalt mammut jagare,1,44016,61681,2,24,matches CapnBry (1-2 seen here)
Delling Crater,153,sulphurous cloud,1,17945,24899,0,69,no CapnBry sighting at this spot
Delling Crater,153,sulphurous cloud,1,18997,39283,3,69,likely short: CapnBry saw 3 here
Delling Crater,153,sulphurous cloud,1,36071,61077,6,69,likely short: CapnBry saw 6 here
Delling Crater,153,sulphurous cloud,1,34710,62028,6,69,likely short: CapnBry saw 6 here
Delling Crater,153,sulphurous cloud,1,28897,57342,6,69,likely short: CapnBry saw 6 here
Delling Crater,153,sulphurous cloud,1,13240,17733,1,69,matches CapnBry (1-2 seen here)
Delling Crater,153,sulphurous cloud,1,36316,59286,6,69,likely short: CapnBry saw 6 here
Delling Crater,153,sulphurous cloud,1,32940,62360,6,69,likely short: CapnBry saw 6 here
Delling Crater,153,sulphurous cloud,2,23820,31355,3,69,likely short: CapnBry saw 3 here
Delling Crater,153,sulphurous cloud,1,26307,53711,4,69,likely short: CapnBry saw 4 here
Delling Crater,153,sulphurous cloud,1,22488,32140,3,69,likely short: CapnBry saw 3 here
Delling Crater,153,sulphurous cloud,2,22679,43305,0,69,no CapnBry sighting at this spot
Delling Crater,153,sulphurous cloud,1,24591,42334,6,69,likely short: CapnBry saw 6 here
Delling Crater,153,sulphurous cloud,1,24462,52163,4,69,likely short: CapnBry saw 4 here
Delling Crater,153,sulphurous cloud,1,28333,45873,6,69,likely short: CapnBry saw 6 here
Delling Crater,153,sulphurous cloud,2,25366,54948,4,69,likely short: CapnBry saw 4 here
Delling Crater,153,sulphurous cloud,1,15159,37932,20,69,likely short: CapnBry saw 20 here
Delling Crater,153,yellowed skeleton,1,15528,34315,3,60,likely short: CapnBry saw 3 here
Delling Crater,153,yellowed skeleton,1,10927,30393,3,60,likely short: CapnBry saw 3 here
Delling Crater,153,yellowed skeleton,1,13889,23871,1,60,matches CapnBry (1-2 seen here)
Delling Crater,153,yellowed skeleton,1,14707,36315,10,60,likely short: CapnBry saw 10 here
Delling Crater,153,yellowed skeleton,2,15289,20721,2,60,matches CapnBry (1-2 seen here)
Delling Crater,153,yellowed skeleton,1,4630,12960,3,60,likely short: CapnBry saw 3 here
Delling Crater,153,yellowed skeleton,1,11558,21384,2,60,matches CapnBry (1-2 seen here)
Delling Crater,153,yellowed skeleton,1,28571,46240,4,60,likely short: CapnBry saw 4 here
Delling Crater,153,yellowed skeleton,1,8153,13608,3,60,likely short: CapnBry saw 3 here
Delling Crater,153,yellowed skeleton,2,29865,56256,5,60,likely short: CapnBry saw 5 here
Delling Crater,153,yellowed skeleton,1,24258,44560,4,60,likely short: CapnBry saw 4 here
Delling Crater,153,yellowed skeleton,1,26024,40954,4,60,likely short: CapnBry saw 4 here
Delling Crater,153,yellowed skeleton,1,29620,44296,4,60,likely short: CapnBry saw 4 here
Delling Crater,153,yellowed skeleton,1,28477,33778,0,60,no CapnBry sighting at this spot
Delling Crater,153,yellowed skeleton,2,12557,27365,3,60,likely short: CapnBry saw 3 here
Delling Crater,153,yellowed skeleton,1,29856,48189,0,60,no CapnBry sighting at this spot
Delling Crater,153,yellowed skeleton,1,13185,32717,3,60,likely short: CapnBry saw 3 here
Delling Crater,153,yellowed skeleton,1,4784,15249,3,60,likely short: CapnBry saw 3 here
Delling Crater,153,yellowed skeleton,1,25503,52643,5,60,likely short: CapnBry saw 5 here
Delling Crater,153,yellowed skeleton,1,30428,32694,0,60,no CapnBry sighting at this spot
Delling Crater,153,yellowed skeleton,1,10620,26081,3,60,likely short: CapnBry saw 3 here
Delling Crater,153,yellowed skeleton,1,22885,43452,2,60,matches CapnBry (1-2 seen here)
Delling Crater,153,yellowed skeleton,1,2586,8537,0,60,no CapnBry sighting at this spot
Delling Crater,153,yellowed skeleton,1,24637,41993,4,60,likely short: CapnBry saw 4 here
Delling Crater,153,yellowed skeleton,1,17688,22907,1,60,matches CapnBry (1-2 seen here)
Delling Crater,153,griffon frostwing,2,44415,29801,6,92,likely short: CapnBry saw 6 here
Delling Crater,153,griffon frostwing,1,35902,25298,11,92,likely short: CapnBry saw 11 here
Delling Crater,153,griffon frostwing,2,41630,24069,11,92,likely short: CapnBry saw 11 here
Delling Crater,153,griffon frostwing,2,24929,19086,1,92,matches CapnBry (1-2 seen here)
Delling Crater,153,griffon frostwing,1,54285,42590,5,92,likely short: CapnBry saw 5 here
Delling Crater,153,griffon frostwing,1,27309,29840,0,92,no CapnBry sighting at this spot
Delling Crater,153,griffon frostwing,1,45661,33587,6,92,likely short: CapnBry saw 6 here
Delling Crater,153,griffon frostwing,1,47526,36750,6,92,likely short: CapnBry saw 6 here
Delling Crater,153,griffon frostwing,1,30853,28126,1,92,matches CapnBry (1-2 seen here)
Delling Crater,153,griffon frostwing,1,47048,27752,4,92,likely short: CapnBry saw 4 here
Delling Crater,153,griffon frostwing,1,44023,27968,6,92,likely short: CapnBry saw 6 here
Delling Crater,153,griffon frostwing,1,45605,43006,0,92,no CapnBry sighting at this spot
Delling Crater,153,griffon frostwing,1,49902,31599,4,92,likely short: CapnBry saw 4 here
Delling Crater,153,griffon frostwing,1,34299,22658,3,92,likely short: CapnBry saw 3 here
Delling Crater,153,griffon frostwing,1,45427,36830,6,92,likely short: CapnBry saw 6 here
Delling Crater,153,griffon frostwing,1,40079,31098,6,92,likely short: CapnBry saw 6 here
Delling Crater,153,griffon frostwing,2,52482,36495,6,92,likely short: CapnBry saw 6 here
Delling Crater,153,griffon frostwing,1,26886,21951,1,92,matches CapnBry (1-2 seen here)
Delling Crater,153,griffon frostwing,1,30128,21493,1,92,matches CapnBry (1-2 seen here)
Delling Crater,153,griffon frostwing,1,26526,28029,0,92,no CapnBry sighting at this spot
Delling Crater,153,basalt golem,1,19356,52993,8,25,likely short: CapnBry saw 8 here
Delling Crater,153,basalt golem,1,18285,51488,8,25,likely short: CapnBry saw 8 here
Delling Crater,153,pumice golem,2,32322,52654,0,44,no CapnBry sighting at this spot
Delling Crater,153,pumice golem,1,27945,49481,2,44,matches CapnBry (1-2 seen here)
Delling Crater,153,pumice golem,2,19428,38830,4,44,likely short: CapnBry saw 4 here
Delling Crater,153,pumice golem,1,23987,40897,5,44,likely short: CapnBry saw 5 here
Delling Crater,153,pumice golem,1,29831,54440,3,44,likely short: CapnBry saw 3 here
Delling Crater,153,pumice golem,1,27372,55680,3,44,likely short: CapnBry saw 3 here
Delling Crater,153,pumice golem,1,24289,43207,5,44,likely short: CapnBry saw 5 here
Delling Crater,153,pumice golem,1,22122,33504,3,44,likely short: CapnBry saw 3 here
Delling Crater,153,pumice golem,1,25025,33174,3,44,likely short: CapnBry saw 3 here
Delling Crater,153,pumice golem,1,25385,48489,0,44,no CapnBry sighting at this spot
Delling Crater,153,pumice golem,1,25095,35266,3,44,likely short: CapnBry saw 3 here
Delling Crater,153,pumice golem,1,28772,56445,3,44,likely short: CapnBry saw 3 here
Delling Crater,153,pumice golem,1,27434,47425,5,44,likely short: CapnBry saw 5 here
Delling Crater,153,pumice golem,2,28898,43835,5,44,likely short: CapnBry saw 5 here
Delling Crater,153,pumice golem,2,29331,52460,3,44,likely short: CapnBry saw 3 here
Delling Crater,153,pumice golem,1,27578,57489,3,44,likely short: CapnBry saw 3 here
Delling Crater,153,pumice golem,1,27998,45673,5,44,likely short: CapnBry saw 5 here
Delling Crater,153,pumice golem,2,26326,41940,5,44,likely short: CapnBry saw 5 here
Delling Crater,153,pumice golem,1,19109,35319,4,44,likely short: CapnBry saw 4 here
Delling Crater,153,pumice golem,1,29204,34360,0,44,no CapnBry sighting at this spot
Delling Crater,153,pumice golem,1,26243,36748,3,44,likely short: CapnBry saw 3 here
Delling Crater,153,pumice golem,1,26383,44977,5,44,likely short: CapnBry saw 5 here
Delling Crater,153,pumice golem,1,27906,36010,0,44,no CapnBry sighting at this spot
Delling Crater,153,pumice golem,1,20897,31383,3,44,likely short: CapnBry saw 3 here
Delling Crater,153,pumice golem,1,15564,36764,4,44,likely short: CapnBry saw 4 here
Delling Crater,153,pumice golem,1,23891,32142,3,44,likely short: CapnBry saw 3 here
Delling Crater,153,griffon companion,2,29692,18754,0,32,no CapnBry sighting at this spot
Delling Crater,153,griffon companion,2,52434,23796,0,32,no CapnBry sighting at this spot
Delling Crater,153,griffon companion,2,57301,28973,0,32,no CapnBry sighting at this spot
Delling Crater,153,griffon companion,2,27687,17446,0,32,no CapnBry sighting at this spot
Delling Crater,153,griffon companion,1,55183,28598,0,32,no CapnBry sighting at this spot
Delling Crater,153,griffon companion,1,28370,13978,0,32,no CapnBry sighting at this spot
Delling Crater,153,griffon companion,1,55712,26127,0,32,no CapnBry sighting at this spot
Delling Crater,153,vapor element,1,14401,36706,1,29,matches CapnBry (1-2 seen here)
Delling Crater,153,vapor element,1,21367,32884,3,29,likely short: CapnBry saw 3 here
Delling Crater,153,vapor element,1,27196,48443,0,29,no CapnBry sighting at this spot
Delling Crater,153,vapor element,1,34297,32686,1,29,matches CapnBry (1-2 seen here)
Delling Crater,153,vapor element,1,17088,37652,1,29,matches CapnBry (1-2 seen here)
Delling Crater,153,vapor element,1,35718,34423,0,29,no CapnBry sighting at this spot
Delling Crater,153,vapor element,1,26591,51363,2,29,matches CapnBry (1-2 seen here)
Delling Crater,153,vapor element,1,28612,56483,2,29,matches CapnBry (1-2 seen here)
Delling Crater,153,vapor element,1,27806,55123,2,29,matches CapnBry (1-2 seen here)
Delling Crater,153,vapor element,1,29328,53160,2,29,matches CapnBry (1-2 seen here)
Delling Crater,153,vapor element,2,18177,39369,1,29,matches CapnBry (1-2 seen here)
Delling Crater,153,vapor element,1,36226,32013,0,29,no CapnBry sighting at this spot
Delling Crater,153,vapor element,1,24294,34546,1,29,matches CapnBry (1-2 seen here)
Delling Crater,153,vapor element,2,25977,33019,1,29,matches CapnBry (1-2 seen here)
Delling Crater,153,vapor element,2,16964,43622,2,29,matches CapnBry (1-2 seen here)
Delling Crater,153,vapor element,1,30161,31626,1,29,matches CapnBry (1-2 seen here)
Delling Crater,153,vapor element,1,24318,54075,2,29,matches CapnBry (1-2 seen here)
Delling Crater,153,vapor element,1,24914,50653,2,29,matches CapnBry (1-2 seen here)
Delling Crater,153,vapor element,1,27049,42943,2,29,matches CapnBry (1-2 seen here)
Delling Crater,153,vapor element,1,21235,31045,3,29,likely short: CapnBry saw 3 here
Delling Crater,153,vapor element,1,22211,29650,3,29,likely short: CapnBry saw 3 here
Delling Crater,153,dellingstad fortifier,2,22565,55079,0,15,no CapnBry sighting at this spot
Delling Crater,153,woolly mammoth,1,11418,10812,4,72,likely short: CapnBry saw 4 here
Delling Crater,153,woolly mammoth,1,14423,28216,1,72,matches CapnBry (1-2 seen here)
Delling Crater,153,woolly mammoth,1,53242,54584,0,72,no CapnBry sighting at this spot
Delling Crater,153,woolly mammoth,1,18389,20943,4,72,likely short: CapnBry saw 4 here
Delling Crater,153,woolly mammoth,1,51448,54472,2,72,matches CapnBry (1-2 seen here)
Delling Crater,153,woolly mammoth,1,49748,52101,2,72,matches CapnBry (1-2 seen here)
Delling Crater,153,woolly mammoth,1,5588,11258,2,72,matches CapnBry (1-2 seen here)
Delling Crater,153,woolly mammoth,1,36212,41309,0,72,no CapnBry sighting at this spot
Delling Crater,153,woolly mammoth,1,14469,19313,4,72,likely short: CapnBry saw 4 here
Delling Crater,153,woolly mammoth,1,6989,18832,0,72,no CapnBry sighting at this spot
Delling Crater,153,woolly mammoth,1,48057,52527,2,72,matches CapnBry (1-2 seen here)
Delling Crater,153,woolly mammoth,1,8749,31508,4,72,likely short: CapnBry saw 4 here
Delling Crater,153,woolly mammoth,1,34617,40786,0,72,no CapnBry sighting at this spot
Delling Crater,153,woolly mammoth,1,8775,20672,0,72,no CapnBry sighting at this spot
Delling Crater,153,woolly mammoth,2,9876,18666,0,72,no CapnBry sighting at this spot
Delling Crater,153,woolly mammoth,1,16489,22679,4,72,likely short: CapnBry saw 4 here
Delling Crater,153,woolly mammoth,1,12714,29641,4,72,likely short: CapnBry saw 4 here
Delling Crater,153,woolly mammoth,1,12980,11850,4,72,likely short: CapnBry saw 4 here
Delling Crater,153,woolly mammoth,1,4119,18047,0,72,no CapnBry sighting at this spot
Delling Crater,153,woolly mammoth,1,7853,9722,4,72,likely short: CapnBry saw 4 here
Delling Crater,153,woolly mammoth,1,10834,31807,4,72,likely short: CapnBry saw 4 here
Delling Crater,153,woolly mammoth,1,19835,22101,1,72,matches CapnBry (1-2 seen here)
Delling Crater,153,woolly mammoth,1,9646,8950,4,72,likely short: CapnBry saw 4 here
Delling Crater,153,woolly mammoth,1,29712,51305,0,72,no CapnBry sighting at this spot
Delling Crater,153,woolly mammoth,1,13871,14061,4,72,likely short: CapnBry saw 4 here
Delling Crater,153,woolly mammoth,1,9858,29121,4,72,likely short: CapnBry saw 4 here
Delling Crater,153,woolly mammoth,1,5208,25427,0,72,no CapnBry sighting at this spot
Delling Crater,153,griffon eagle-eye,1,26158,32293,8,50,likely short: CapnBry saw 8 here
Delling Crater,153,griffon eagle-eye,1,24934,39828,3,50,likely short: CapnBry saw 3 here
Delling Crater,153,griffon eagle-eye,1,24187,32944,6,50,likely short: CapnBry saw 6 here
Delling Crater,153,griffon eagle-eye,1,25030,37482,3,50,likely short: CapnBry saw 3 here
Delling Crater,153,griffon eagle-eye,1,23110,40448,3,50,likely short: CapnBry saw 3 here
Delling Crater,153,griffon eagle-eye,1,26335,38664,3,50,likely short: CapnBry saw 3 here
Delling Crater,153,griffon eagle-eye,2,23112,37725,3,50,likely short: CapnBry saw 3 here
Delling Crater,153,griffon eagle-eye,1,27449,40929,0,50,no CapnBry sighting at this spot
Delling Crater,153,griffon eagle-eye,1,27631,30883,8,50,likely short: CapnBry saw 8 here
Delling Crater,153,griffon eagle-eye,1,21988,35161,3,50,likely short: CapnBry saw 3 here
Delling Crater,153,griffon eagle-eye,1,22272,29604,8,50,likely short: CapnBry saw 8 here
Delling Crater,153,hrimthursa brute,2,22836,10959,4,15,likely short: CapnBry saw 4 here
Delling Crater,153,hrimthursa brute,2,8527,3992,0,15,no CapnBry sighting at this spot
Delling Crater,153,hrimthursa brute,2,24620,9182,4,15,likely short: CapnBry saw 4 here
Delling Crater,153,hrimthursa brute,1,15804,9636,0,15,no CapnBry sighting at this spot
Delling Crater,153,eyrie tender,1,46777,41051,7,62,likely short: CapnBry saw 7 here
Delling Crater,153,eyrie tender,1,49081,37552,10,62,likely short: CapnBry saw 10 here
Delling Crater,153,eyrie tender,1,46700,38399,10,62,likely short: CapnBry saw 10 here
Delling Crater,153,eyrie tender,1,24410,19576,0,62,no CapnBry sighting at this spot
Delling Crater,153,eyrie tender,1,28712,22452,4,62,likely short: CapnBry saw 4 here
Delling Crater,153,eyrie tender,2,26263,22281,11,62,likely short: CapnBry saw 11 here
Delling Crater,153,griffman elder,2,53045,23962,0,28,no CapnBry sighting at this spot
Delling Crater,153,griffman elder,2,30160,18366,0,28,no CapnBry sighting at this spot
Delling Crater,153,griffman elder,1,31342,13422,0,28,no CapnBry sighting at this spot
Delling Crater,153,griffman elder,1,58572,25133,0,28,no CapnBry sighting at this spot
Delling Crater,153,griffman elder,1,37463,13298,0,28,no CapnBry sighting at this spot
Delling Crater,153,griffman elder,1,55694,26028,0,28,no CapnBry sighting at this spot
Delling Crater,153,griffman elder,1,53643,22181,0,28,no CapnBry sighting at this spot
Delling Crater,153,hrimthursa guard,1,33929,30268,2,53,matches CapnBry (1-2 seen here)
Delling Crater,153,hrimthursa guard,2,56606,15587,4,53,likely short: CapnBry saw 4 here
Delling Crater,153,hrimthursa guard,2,53566,17227,5,53,likely short: CapnBry saw 5 here
Delling Crater,153,hrimthursa guard,1,44970,36326,0,53,no CapnBry sighting at this spot
Delling Crater,153,hrimthursa guard,1,34077,26349,2,53,matches CapnBry (1-2 seen here)
Delling Crater,153,hrimthursa guard,1,43497,13216,5,53,likely short: CapnBry saw 5 here
Delling Crater,153,hrimthursa guard,1,53154,8982,3,53,likely short: CapnBry saw 3 here
Delling Crater,153,hrimthursa guard,1,32692,28718,2,53,matches CapnBry (1-2 seen here)
Delling Crater,153,hrimthursa guard,1,45180,29204,2,53,matches CapnBry (1-2 seen here)
Delling Crater,153,hrimthursa guard,1,44605,34566,2,53,matches CapnBry (1-2 seen here)
Delling Crater,153,hrimthursa guard,1,48094,12852,3,53,likely short: CapnBry saw 3 here
Delling Crater,153,hrimthursa guard,1,41697,25512,3,53,likely short: CapnBry saw 3 here
Delling Crater,153,hrimthursa guard,2,44413,9013,3,53,likely short: CapnBry saw 3 here
Delling Crater,153,hrimthursa guard,1,43881,31894,2,53,matches CapnBry (1-2 seen here)
Delling Crater,153,hrimthursa guard,1,42613,14939,5,53,likely short: CapnBry saw 5 here
Delling Crater,153,hrimthursa guard,1,45724,32318,2,53,matches CapnBry (1-2 seen here)
Delling Crater,153,hrimthursa guard,1,53647,12866,4,53,likely short: CapnBry saw 4 here
Delling Crater,153,hrimthursa guard,1,52535,19004,5,53,likely short: CapnBry saw 5 here
Delling Crater,153,hrimthursa guard,1,39438,24196,3,53,likely short: CapnBry saw 3 here
Delling Crater,153,hrimthursa guard,1,52518,11771,4,53,likely short: CapnBry saw 4 here
Delling Crater,153,hrimthursa guard,1,54073,11255,4,53,likely short: CapnBry saw 4 here
Delling Crater,153,hrimthursa guard,2,31430,26915,2,53,matches CapnBry (1-2 seen here)
Delling Crater,153,hrimthursa guard,1,34479,27893,2,53,matches CapnBry (1-2 seen here)
Delling Crater,153,hrimthursa guard,1,48174,15267,0,53,no CapnBry sighting at this spot
Delling Crater,153,hrimthursa guard,1,51083,23094,5,53,likely short: CapnBry saw 5 here
Delling Crater,153,hrimthursa guard,1,52079,13987,4,53,likely short: CapnBry saw 4 here
Delling Crater,153,hrimthursa guard,1,43865,11626,5,53,likely short: CapnBry saw 5 here
Delling Crater,153,hrimthursa guard,1,42608,28480,2,53,matches CapnBry (1-2 seen here)
Delling Crater,153,hrimthursa guard,1,41333,29875,2,53,matches CapnBry (1-2 seen here)
Delling Crater,153,hrimthursa guard,1,41585,19707,3,53,likely short: CapnBry saw 3 here
Delling Crater,153,griffon draftrider,2,35366,22562,0,42,no CapnBry sighting at this spot
Delling Crater,153,griffon draftrider,2,58066,29547,0,42,no CapnBry sighting at this spot
Delling Crater,153,griffon draftrider,1,50395,31808,0,42,no CapnBry sighting at this spot
Delling Crater,153,griffon draftrider,2,27466,17048,0,42,no CapnBry sighting at this spot
Delling Crater,153,griffon draftrider,1,55855,26589,0,42,no CapnBry sighting at this spot
Delling Crater,153,griffon draftrider,1,29715,21669,0,42,no CapnBry sighting at this spot
Delling Crater,153,griffon draftrider,1,28631,20490,0,42,no CapnBry sighting at this spot
Delling Crater,153,griffon draftrider,1,52690,29479,0,42,no CapnBry sighting at this spot
Delling Crater,153,griffon draftrider,1,32975,21479,0,42,no CapnBry sighting at this spot
Delling Crater,153,griffon draftrider,1,55119,28457,0,42,no CapnBry sighting at this spot
Delling Crater,153,morvalt akare,1,4113,44122,7,11,likely short: CapnBry saw 7 here
Delling Crater,153,morvalt lymmel,1,11350,26649,2,17,matches CapnBry (1-2 seen here)
Delling Crater,153,morvalt lymmel,2,13552,33292,4,17,likely short: CapnBry saw 4 here
Delling Crater,153,morvalt lymmel,1,8184,17766,1,17,matches CapnBry (1-2 seen here)
Delling Crater,153,morvalt lymmel,1,9688,27560,2,17,matches CapnBry (1-2 seen here)
Delling Crater,153,morvalt lymmel,1,14118,22090,2,17,matches CapnBry (1-2 seen here)
Delling Crater,153,morvalt lymmel,1,7915,15474,1,17,matches CapnBry (1-2 seen here)
Delling Crater,153,morvalt lymmel,1,11682,20442,2,17,matches CapnBry (1-2 seen here)
Delling Crater,153,morvalt lymmel,1,16459,22170,2,17,matches CapnBry (1-2 seen here)
Delling Crater,153,morvalt lymmel,1,14624,15957,0,17,no CapnBry sighting at this spot
Delling Crater,153,morvalt lymmel,1,11799,24976,2,17,matches CapnBry (1-2 seen here)
Delling Crater,153,morvalt lymmel,2,8689,22691,0,17,no CapnBry sighting at this spot
Delling Crater,153,morvalt lymmel,1,4388,7696,0,17,no CapnBry sighting at this spot
Delling Crater,153,noxious fumes,1,34145,32827,3,70,likely short: CapnBry saw 3 here
Delling Crater,153,noxious fumes,1,36552,33251,3,70,likely short: CapnBry saw 3 here
Delling Crater,153,noxious fumes,1,35978,31618,3,70,likely short: CapnBry saw 3 here
Delling Crater,153,noxious fumes,1,28742,37438,13,70,likely short: CapnBry saw 13 here
Delling Crater,153,noxious fumes,1,32961,38420,13,70,likely short: CapnBry saw 13 here
Delling Crater,153,noxious fumes,1,30580,38161,13,70,likely short: CapnBry saw 13 here
Delling Crater,153,noxious fumes,1,15409,52494,0,70,no CapnBry sighting at this spot
Delling Crater,153,hrimthursa shaman,2,43038,22348,3,39,likely short: CapnBry saw 3 here
Delling Crater,153,hrimthursa shaman,1,44118,18406,3,39,likely short: CapnBry saw 3 here
Delling Crater,153,hrimthursa shaman,1,42849,32319,4,39,likely short: CapnBry saw 4 here
Delling Crater,153,hrimthursa shaman,1,56002,15266,3,39,likely short: CapnBry saw 3 here
Delling Crater,153,hrimthursa shaman,1,53689,14308,3,39,likely short: CapnBry saw 3 here
Delling Crater,153,hrimthursa shaman,2,43179,19926,3,39,likely short: CapnBry saw 3 here
Delling Crater,153,hrimthursa shaman,1,45794,30644,4,39,likely short: CapnBry saw 4 here
Delling Crater,153,hrimthursa shaman,1,51633,19710,2,39,matches CapnBry (1-2 seen here)
Delling Crater,153,hrimthursa shaman,1,50110,19963,2,39,matches CapnBry (1-2 seen here)
Delling Crater,153,hrimthursa shaman,1,43728,30584,4,39,likely short: CapnBry saw 4 here
Delling Crater,153,hrimthursa shaman,1,47366,23585,3,39,likely short: CapnBry saw 3 here
Delling Crater,153,hrimthursa shaman,1,31825,29921,1,39,matches CapnBry (1-2 seen here)
Delling Crater,153,hrimthursa shaman,1,44583,32691,4,39,likely short: CapnBry saw 4 here
Delling Crater,153,hrimthursa shaman,1,55566,13332,3,39,likely short: CapnBry saw 3 here
Delling Crater,153,hrimthursa shaman,2,48311,21398,3,39,likely short: CapnBry saw 3 here
Delling Crater,153,hrimthursa shaman,1,42620,25318,1,39,matches CapnBry (1-2 seen here)
Delling Crater,153,hrimthursa shaman,1,51824,22957,2,39,matches CapnBry (1-2 seen here)
Delling Crater,153,hrimthursa shaman,2,40622,23021,0,39,no CapnBry sighting at this spot
Delling Crater,153,hrimthursa shaman,1,33924,28677,1,39,matches CapnBry (1-2 seen here)
Delling Crater,153,hrimthursa shaman,1,48320,15028,0,39,no CapnBry sighting at this spot
Delling Crater,153,hrimthursa shaman,2,28677,26846,0,39,no CapnBry sighting at this spot
Delling Crater,153,hrimthursa shaman,1,41878,30087,4,39,likely short: CapnBry saw 4 here
Delling Crater,153,hrimthursa shaman,1,46032,13874,0,39,no CapnBry sighting at this spot
Delling Crater,153,mammoth calf,2,41644,49742,1,17,matches CapnBry (1-2 seen here)
Delling Crater,153,mammoth calf,2,30219,46293,4,17,likely short: CapnBry saw 4 here
Delling Crater,153,mammoth calf,2,31734,44969,4,17,likely short: CapnBry saw 4 here
Delling Crater,153,mammoth calf,2,38792,60545,2,17,matches CapnBry (1-2 seen here)
Delling Crater,153,mammoth calf,1,52937,61017,1,17,matches CapnBry (1-2 seen here)
Delling Crater,153,mammoth calf,1,54636,61609,1,17,matches CapnBry (1-2 seen here)
Delling Crater,153,mammoth calf,1,40069,48637,1,17,matches CapnBry (1-2 seen here)
Delling Crater,153,mammoth calf,1,40901,56462,1,17,matches CapnBry (1-2 seen here)
Delling Crater,153,mammoth calf,1,43264,59314,1,17,matches CapnBry (1-2 seen here)
Delling Crater,153,mammoth calf,1,29713,44657,4,17,likely short: CapnBry saw 4 here
Delling Crater,153,mammoth calf,1,37239,59678,2,17,matches CapnBry (1-2 seen here)
Delling Crater,153,mammoth calf,1,49492,54310,0,17,no CapnBry sighting at this spot
Delling Crater,153,mammoth calf,1,37653,44281,0,17,no CapnBry sighting at this spot
Delling Crater,153,saber-toothed cat,2,31653,48228,2,25,matches CapnBry (1-2 seen here)
Delling Crater,153,saber-toothed cat,1,45279,52035,1,25,matches CapnBry (1-2 seen here)
Delling Crater,153,saber-toothed cat,1,34516,47925,2,25,matches CapnBry (1-2 seen here)
Delling Crater,153,saber-toothed cat,1,49804,46942,2,25,matches CapnBry (1-2 seen here)
Delling Crater,153,saber-toothed cat,1,46809,48271,2,25,matches CapnBry (1-2 seen here)
Delling Crater,153,saber-toothed cat,1,33667,53323,0,25,no CapnBry sighting at this spot
Delling Crater,153,saber-toothed cat,1,53352,53199,1,25,matches CapnBry (1-2 seen here)
Delling Crater,153,saber-toothed cat,1,51417,49962,1,25,matches CapnBry (1-2 seen here)
Delling Crater,153,saber-toothed cat,1,48391,57243,1,25,matches CapnBry (1-2 seen here)
Delling Crater,153,saber-toothed cat,1,39156,48209,2,25,matches CapnBry (1-2 seen here)
Delling Crater,153,saber-toothed cat,2,52866,58359,1,25,matches CapnBry (1-2 seen here)
Delling Crater,153,saber-toothed cat,1,33155,43618,1,25,matches CapnBry (1-2 seen here)
Delling Crater,153,saber-toothed cat,1,54930,59351,0,25,no CapnBry sighting at this spot
Delling Crater,153,saber-toothed cat,1,36682,47272,2,25,matches CapnBry (1-2 seen here)
Delling Crater,153,saber-toothed cat,2,43494,41004,0,25,no CapnBry sighting at this spot
Delling Crater,153,saber-toothed cat,1,55284,62280,0,25,no CapnBry sighting at this spot
Delling Crater,153,saber-toothed cat,1,36917,42134,0,25,no CapnBry sighting at this spot
Delling Crater,153,obsidian golem,1,20488,47197,0,24,no CapnBry sighting at this spot
Delling Crater,153,obsidian golem,1,13939,54383,8,24,likely short: CapnBry saw 8 here
Delling Crater,153,obsidian golem,1,15703,53732,8,24,likely short: CapnBry saw 8 here
Delling Crater,153,griffon bondmate,2,53121,23322,0,27,no CapnBry sighting at this spot
Delling Crater,153,griffon bondmate,2,33399,14598,0,27,no CapnBry sighting at this spot
Delling Crater,153,griffon bondmate,2,30942,16581,0,27,no CapnBry sighting at this spot
Delling Crater,153,griffon bondmate,1,59309,30160,0,27,no CapnBry sighting at this spot
Delling Crater,153,griffon bondmate,1,52157,26260,0,27,no CapnBry sighting at this spot
Delling Crater,153,griffon bondmate,1,32748,18486,0,27,no CapnBry sighting at this spot
Delling Crater,153,griffon bondmate,1,56177,24872,0,27,no CapnBry sighting at this spot
Delling Crater,153,griffon bondmate,1,35139,16391,0,27,no CapnBry sighting at this spot
Delling Crater,153,caldera stinger,1,51335,59447,1,45,matches CapnBry (1-2 seen here)
Delling Crater,153,caldera stinger,1,41826,52519,2,45,matches CapnBry (1-2 seen here)
Delling Crater,153,caldera stinger,1,39968,51948,2,45,matches CapnBry (1-2 seen here)
Delling Crater,153,caldera stinger,1,50756,56394,1,45,matches CapnBry (1-2 seen here)
Delling Crater,153,caldera stinger,1,49355,54898,1,45,matches CapnBry (1-2 seen here)
Delling Crater,153,venerable mammoth,1,53162,56966,2,30,matches CapnBry (1-2 seen here)
Delling Crater,153,venerable mammoth,2,43509,59381,2,30,matches CapnBry (1-2 seen here)
Delling Crater,153,venerable mammoth,2,35190,38606,0,30,no CapnBry sighting at this spot
Delling Crater,153,venerable mammoth,1,33383,40774,0,30,no CapnBry sighting at this spot
Delling Crater,153,venerable mammoth,1,46742,44389,0,30,no CapnBry sighting at this spot
Delling Crater,153,venerable mammoth,1,21449,30243,2,30,matches CapnBry (1-2 seen here)
Delling Crater,153,venerable mammoth,2,20836,31864,2,30,matches CapnBry (1-2 seen here)
Delling Crater,153,venerable mammoth,1,49652,51627,0,30,no CapnBry sighting at this spot
Delling Crater,153,venerable mammoth,1,26782,34309,0,30,no CapnBry sighting at this spot
Delling Crater,153,giant cicada,1,36897,48941,1,32,matches CapnBry (1-2 seen here)
Delling Crater,153,giant cicada,1,44581,53384,2,32,matches CapnBry (1-2 seen here)
Delling Crater,153,giant cicada,1,38519,54010,1,32,matches CapnBry (1-2 seen here)
Delling Crater,153,giant cicada,2,47360,58262,0,32,no CapnBry sighting at this spot
Delling Crater,153,giant cicada,1,43652,49185,4,32,likely short: CapnBry saw 4 here
Delling Crater,153,giant cicada,1,35889,52812,1,32,matches CapnBry (1-2 seen here)
Delling Crater,153,giant cicada,1,50655,46965,4,32,likely short: CapnBry saw 4 here
Delling Crater,153,giant cicada,2,44860,47701,4,32,likely short: CapnBry saw 4 here
Delling Crater,153,giant cicada,1,50218,54711,2,32,matches CapnBry (1-2 seen here)
Delling Crater,153,giant cicada,1,31362,52492,0,32,no CapnBry sighting at this spot
Delling Crater,153,giant cicada,1,46013,57551,1,32,matches CapnBry (1-2 seen here)
Delling Crater,153,giant cicada,1,50900,50963,2,32,matches CapnBry (1-2 seen here)
Delling Crater,153,giant cicada,1,47645,51883,2,32,matches CapnBry (1-2 seen here)
Delling Crater,153,giant cicada,1,43153,51485,4,32,likely short: CapnBry saw 4 here
Delling Crater,153,giant cicada,1,51577,56447,2,32,matches CapnBry (1-2 seen here)
Delling Crater,153,giant cicada,1,53220,56056,2,32,matches CapnBry (1-2 seen here)
Delling Crater,153,giant cicada,1,53902,53988,2,32,matches CapnBry (1-2 seen here)
Delling Crater,153,giant cicada,1,46123,50138,4,32,likely short: CapnBry saw 4 here
Delling Crater,153,giant cicada,1,35767,45420,0,32,no CapnBry sighting at this spot
Delling Crater,153,giant cicada,1,43444,41642,0,32,no CapnBry sighting at this spot
Delling Crater,153,dellingstad alblastere,1,23557,60581,0,20,no CapnBry sighting at this spot
Delling Crater,153,dellingstad alblastere,2,15369,58406,0,20,no CapnBry sighting at this spot
Delling Crater,153,griffman squawker,1,33699,17094,0,15,no CapnBry sighting at this spot
Delling Crater,153,griffman squawker,1,50895,30196,0,15,no CapnBry sighting at this spot
Delling Crater,153,griffman squawker,1,52177,26691,0,15,no CapnBry sighting at this spot
Delling Crater,153,griffman squawker,1,30646,15989,0,15,no CapnBry sighting at this spot
Delling Crater,153,griffman squawker,1,49762,26436,0,15,no CapnBry sighting at this spot
Delling Crater,153,griffman squawker,1,32176,18365,0,15,no CapnBry sighting at this spot
Delling Crater,153,griffman squawker,1,54288,25289,0,15,no CapnBry sighting at this spot
Delling Crater,153,griffman squawker,1,54898,22498,0,15,no CapnBry sighting at this spot
Delling Crater,153,griffman squawker,1,31575,21588,0,15,no CapnBry sighting at this spot
Delling Crater,153,griffman squawker,1,48855,27936,0,15,no CapnBry sighting at this spot
Delling Crater,153,griffman squawker,1,53142,30332,0,15,no CapnBry sighting at this spot
Delling Crater,153,griffman squawker,1,51976,28698,0,15,no CapnBry sighting at this spot
Delling Crater,153,cave lion,1,25168,38409,3,18,likely short: CapnBry saw 3 here
Delling Crater,153,cave lion,2,34854,37303,3,18,likely short: CapnBry saw 3 here
Delling Crater,153,cave lion,1,37280,36985,3,18,likely short: CapnBry saw 3 here
Delling Crater,153,cave lion,1,32096,32937,3,18,likely short: CapnBry saw 3 here
Delling Crater,153,cave lion,1,31818,36532,3,18,likely short: CapnBry saw 3 here
Delling Crater,153,cave lion,2,32357,34303,3,18,likely short: CapnBry saw 3 here
Delling Crater,153,cave lion,1,34326,35135,3,18,likely short: CapnBry saw 3 here
Delling Crater,153,cave lion,1,34733,33481,3,18,likely short: CapnBry saw 3 here
Delling Crater,153,cave lion,1,30375,40284,3,18,likely short: CapnBry saw 3 here
Delling Crater,153,cave lion,1,32687,38567,3,18,likely short: CapnBry saw 3 here
Delling Crater,153,cave lion,2,30523,38342,3,18,likely short: CapnBry saw 3 here
Delling Crater,153,griffman skywatcher,2,53823,19235,0,58,no CapnBry sighting at this spot
Delling Crater,153,griffman skywatcher,1,51162,33640,0,58,no CapnBry sighting at this spot
Delling Crater,153,griffman skywatcher,2,58589,31618,0,58,no CapnBry sighting at this spot
Delling Crater,153,griffman skywatcher,1,31141,15207,0,58,no CapnBry sighting at this spot
Delling Crater,153,griffman skywatcher,1,49687,35199,0,58,no CapnBry sighting at this spot
Delling Crater,153,griffman skywatcher,1,54804,28263,0,58,no CapnBry sighting at this spot
Delling Crater,153,griffman skywatcher,1,30392,18123,0,58,no CapnBry sighting at this spot
Delling Crater,153,griffman skywatcher,1,51199,25667,0,58,no CapnBry sighting at this spot
Delling Crater,153,griffman skywatcher,1,34150,8906,0,58,no CapnBry sighting at this spot
Delling Crater,153,griffman skywatcher,1,52158,29702,0,58,no CapnBry sighting at this spot
Delling Crater,153,griffman skywatcher,1,54941,26254,0,58,no CapnBry sighting at this spot
Delling Crater,153,griffon sweep leader,1,21778,26793,0,1,rare/named species (1-2 in whole zone)
Delling Crater,153,steam element,1,24820,42444,1,46,matches CapnBry (1-2 seen here)
Delling Crater,153,steam element,1,17384,37259,1,46,matches CapnBry (1-2 seen here)
Delling Crater,153,steam element,1,25786,51156,2,46,matches CapnBry (1-2 seen here)
Delling Crater,153,steam element,1,12251,37016,1,46,matches CapnBry (1-2 seen here)
Delling Crater,153,steam element,1,13087,35226,1,46,matches CapnBry (1-2 seen here)
Delling Crater,153,steam element,1,688,12149,1,46,matches CapnBry (1-2 seen here)
Delling Crater,153,steam element,2,28607,56057,2,46,matches CapnBry (1-2 seen here)
Delling Crater,153,steam element,1,16360,39568,1,46,matches CapnBry (1-2 seen here)
Delling Crater,153,steam element,1,18446,40265,1,46,matches CapnBry (1-2 seen here)
Delling Crater,153,steam element,1,24809,49118,0,46,no CapnBry sighting at this spot
Delling Crater,153,steam element,1,25464,40822,1,46,matches CapnBry (1-2 seen here)
Delling Crater,153,steam element,1,27943,54126,2,46,matches CapnBry (1-2 seen here)
Delling Crater,153,steam element,1,26397,49345,2,46,matches CapnBry (1-2 seen here)
Delling Crater,153,steam element,1,16316,21420,1,46,matches CapnBry (1-2 seen here)
Delling Crater,153,steam element,1,23101,41864,1,46,matches CapnBry (1-2 seen here)
Delling Crater,153,steam element,1,12523,51075,0,46,no CapnBry sighting at this spot
Delling Crater,153,steam element,1,12170,48745,0,46,no CapnBry sighting at this spot
Delling Crater,153,mammoth matriarch,2,38427,54854,2,12,matches CapnBry (1-2 seen here)
Delling Crater,153,mammoth matriarch,2,40776,49625,0,12,no CapnBry sighting at this spot
Delling Crater,153,mammoth matriarch,1,30871,44802,0,12,no CapnBry sighting at this spot
Delling Crater,153,megaloceros,1,3945,27660,0,31,no CapnBry sighting at this spot
Delling Crater,153,megaloceros,1,2845,29677,0,31,no CapnBry sighting at this spot
Delling Crater,153,megaloceros,1,6949,30152,3,31,likely short: CapnBry saw 3 here
Delling Crater,153,megaloceros,1,5463,30444,0,31,no CapnBry sighting at this spot
Delling Crater,153,megaloceros,1,5885,33709,0,31,no CapnBry sighting at this spot
Delling Crater,153,megaloceros,1,5127,35451,0,31,no CapnBry sighting at this spot
Delling Crater,153,megaloceros,1,601,25262,0,31,no CapnBry sighting at this spot
Delling Crater,153,megaloceros,2,2620,31896,0,31,no CapnBry sighting at this spot
Delling Crater,153,megaloceros,1,3249,25838,0,31,no CapnBry sighting at this spot
Delling Crater,153,megaloceros,1,15115,22656,1,31,matches CapnBry (1-2 seen here)
Delling Crater,153,megaloceros,1,9386,32079,4,31,likely short: CapnBry saw 4 here
Delling Crater,153,megaloceros,1,12485,23914,1,31,matches CapnBry (1-2 seen here)
Delling Crater,153,megaloceros,1,6260,26313,3,31,likely short: CapnBry saw 3 here
Delling Crater,153,megaloceros,1,1854,27376,0,31,no CapnBry sighting at this spot
Delling Crater,153,megaloceros,1,4333,33524,0,31,no CapnBry sighting at this spot
Delling Crater,153,megaloceros,1,7744,24215,0,31,no CapnBry sighting at this spot
Delling Crater,153,frost duster,1,8028,30724,3,11,likely short: CapnBry saw 3 here
Delling Crater,153,frost duster,2,5615,28289,2,11,matches CapnBry (1-2 seen here)
Delling Crater,153,frost duster,1,12847,28335,3,11,likely short: CapnBry saw 3 here
Delling Crater,153,dellingstad miner,2,23256,59755,0,9,no CapnBry sighting at this spot
Delling Crater,153,dellingstad miner,1,22709,61588,0,9,no CapnBry sighting at this spot
Delling Crater,153,cave lioness,1,2060,5874,0,3,no CapnBry sighting at this spot
Delling Crater,153,cave lioness,1,26674,31996,0,3,no CapnBry sighting at this spot
Delling Crater,153,cave lioness,1,22464,36120,0,3,no CapnBry sighting at this spot
Delling Crater,153,mammoth herdguard,1,45846,41065,1,7,matches CapnBry (1-2 seen here)
Delling Crater,153,mammoth herdguard,1,52153,54118,1,7,matches CapnBry (1-2 seen here)
Delling Crater,153,mammoth herdguard,1,48306,53058,1,7,matches CapnBry (1-2 seen here)
Delling Crater,153,mammoth herdguard,1,54500,60577,0,7,no CapnBry sighting at this spot
Delling Crater,153,mammoth herdguard,1,46339,45260,1,7,matches CapnBry (1-2 seen here)
Delling Crater,153,mammoth herdguard,1,50978,60119,0,7,no CapnBry sighting at this spot
Delling Crater,153,mammoth herdguard,1,43389,43204,1,7,matches CapnBry (1-2 seen here)
Delling Crater,153,khrin,1,40696,54960,0,1,rare/named species (1-2 in whole zone)
Delling Crater,153,griffman second,1,54735,27080,0,20,no CapnBry sighting at this spot
Delling Crater,153,griffman second,1,32699,17699,0,20,no CapnBry sighting at this spot
Delling Crater,153,griffman second,1,53723,29474,2,20,matches CapnBry (1-2 seen here)
Delling Crater,153,griffman second,1,31796,20611,0,20,no CapnBry sighting at this spot
Delling Crater,153,griffman second,1,29364,22727,0,20,no CapnBry sighting at this spot
Delling Crater,153,griffman second,1,33870,21024,0,20,no CapnBry sighting at this spot
Delling Crater,153,griffman second,1,31304,24072,0,20,no CapnBry sighting at this spot
Delling Crater,153,griffman second,1,29642,21014,0,20,no CapnBry sighting at this spot
Delling Crater,153,griffon sweeper,1,22200,27474,0,1,rare/named species (1-2 in whole zone)
Delling Crater,153,frostwing harrier,2,28269,13388,1,8,matches CapnBry (1-2 seen here)
Delling Crater,153,frostwing harrier,2,27140,16681,1,8,matches CapnBry (1-2 seen here)
Delling Crater,153,griffman mender,1,32782,21085,3,15,likely short: CapnBry saw 3 here
Delling Crater,153,griffman mender,1,30027,21651,3,15,likely short: CapnBry saw 3 here
Delling Crater,153,griffman mender,1,31009,14991,1,15,matches CapnBry (1-2 seen here)
Delling Crater,153,griffman mender,1,30726,19525,3,15,likely short: CapnBry saw 3 here
Delling Crater,153,griffman mender,2,29447,16678,1,15,matches CapnBry (1-2 seen here)
Delling Crater,153,griffman mender,1,50760,31558,0,15,no CapnBry sighting at this spot
Delling Crater,153,griffman mender,1,31887,22337,3,15,likely short: CapnBry saw 3 here
Delling Crater,153,ornulf,1,28648,60175,0,1,rare/named species (1-2 in whole zone)
Delling Crater,153,forgemaster brungar,1,23377,62020,0,1,rare/named species (1-2 in whole zone)
Delling Crater,153,anicho,1,49058,23627,0,1,rare/named species (1-2 in whole zone)
Delling Crater,153,klippe,1,12922,47351,0,1,rare/named species (1-2 in whole zone)
Delling Crater,153,hako,1,45401,10926,0,1,rare/named species (1-2 in whole zone)
Delling Crater,153,morvalt escort,2,7808,36389,2,4,matches CapnBry (1-2 seen here)
Delling Crater,153,morvalt escort,1,4157,34374,2,4,matches CapnBry (1-2 seen here)
Delling Crater,153,morvalt escort,1,4823,38891,1,4,matches CapnBry (1-2 seen here)
Delling Crater,153,brunhil,1,20432,59201,0,1,rare/named species (1-2 in whole zone)
Delling Crater,153,kampestein,1,21444,51239,0,1,rare/named species (1-2 in whole zone)
Delling Crater,153,weaponmaster zargin,1,19321,60442,0,1,rare/named species (1-2 in whole zone)
Delling Crater,153,griffon scout,2,1224,38072,0,3,no CapnBry sighting at this spot
Delling Crater,153,griffon scout,1,1945,36333,0,3,no CapnBry sighting at this spot
Delling Crater,153,smastein,1,18422,44345,0,1,rare/named species (1-2 in whole zone)
Delling Crater,153,vorkald,1,20156,59268,0,1,rare/named species (1-2 in whole zone)
Faraheim,154,faraheim doe,1,29213,20528,3,135,likely short: CapnBry saw 3 here
Faraheim,154,faraheim doe,1,38673,28112,4,135,likely short: CapnBry saw 4 here
Faraheim,154,faraheim doe,1,40723,32841,6,135,likely short: CapnBry saw 6 here
Faraheim,154,faraheim doe,1,38426,12695,4,135,likely short: CapnBry saw 4 here
Faraheim,154,faraheim doe,1,32341,8348,4,135,likely short: CapnBry saw 4 here
Faraheim,154,faraheim doe,1,27266,31948,2,135,matches CapnBry (1-2 seen here)
Faraheim,154,faraheim doe,1,25359,29774,2,135,matches CapnBry (1-2 seen here)
Faraheim,154,faraheim doe,1,27779,21679,4,135,likely short: CapnBry saw 4 here
Faraheim,154,faraheim doe,2,27651,60700,7,135,likely short: CapnBry saw 7 here
Faraheim,154,faraheim doe,2,15482,30805,3,135,likely short: CapnBry saw 3 here
Faraheim,154,faraheim doe,2,30986,19445,0,135,no CapnBry sighting at this spot
Faraheim,154,faraheim doe,1,29686,5966,1,135,matches CapnBry (1-2 seen here)
Faraheim,154,faraheim doe,1,17846,30530,3,135,likely short: CapnBry saw 3 here
Faraheim,154,faraheim doe,1,35981,27656,3,135,likely short: CapnBry saw 3 here
Faraheim,154,faraheim doe,1,29162,24753,4,135,likely short: CapnBry saw 4 here
Faraheim,154,faraheim doe,1,22926,59338,2,135,matches CapnBry (1-2 seen here)
Faraheim,154,faraheim doe,1,6833,26742,4,135,likely short: CapnBry saw 4 here
Faraheim,154,faraheim doe,1,19310,28470,1,135,matches CapnBry (1-2 seen here)
Faraheim,154,faraheim doe,2,28991,22734,4,135,likely short: CapnBry saw 4 here
Faraheim,154,faraheim doe,1,29413,29955,1,135,matches CapnBry (1-2 seen here)
Faraheim,154,faraheim doe,1,36036,14920,4,135,likely short: CapnBry saw 4 here
Faraheim,154,faraheim doe,1,26535,27467,4,135,likely short: CapnBry saw 4 here
Faraheim,154,faraheim doe,1,16805,17703,2,135,matches CapnBry (1-2 seen here)
Faraheim,154,faraheim doe,1,27427,24298,4,135,likely short: CapnBry saw 4 here
Faraheim,154,faraheim doe,1,27356,5471,1,135,matches CapnBry (1-2 seen here)
Faraheim,154,faraheim doe,1,28552,52594,5,135,likely short: CapnBry saw 5 here
Faraheim,154,faraheim doe,1,30338,27431,4,135,likely short: CapnBry saw 4 here
Faraheim,154,faraheim doe,1,5395,30823,4,135,likely short: CapnBry saw 4 here
Faraheim,154,faraheim doe,2,34155,9054,4,135,likely short: CapnBry saw 4 here
Faraheim,154,faraheim doe,1,24956,5739,1,135,matches CapnBry (1-2 seen here)
Faraheim,154,faraheim doe,2,13170,22622,2,135,matches CapnBry (1-2 seen here)
Faraheim,154,faraheim doe,1,31807,23339,4,135,likely short: CapnBry saw 4 here
Faraheim,154,faraheim doe,1,31413,16730,0,135,no CapnBry sighting at this spot
Faraheim,154,faraheim doe,1,31389,21669,3,135,likely short: CapnBry saw 3 here
Faraheim,154,faraheim doe,1,30417,11044,1,135,matches CapnBry (1-2 seen here)
Faraheim,154,faraheim doe,1,33058,14400,1,135,matches CapnBry (1-2 seen here)
Faraheim,154,faraheim doe,1,13942,29451,3,135,likely short: CapnBry saw 3 here
Faraheim,154,faraheim doe,1,26410,19978,3,135,likely short: CapnBry saw 3 here
Faraheim,154,faraheim doe,1,11247,16653,2,135,matches CapnBry (1-2 seen here)
Faraheim,154,faraheim doe,1,13116,1909,1,135,matches CapnBry (1-2 seen here)
Faraheim,154,faraheim doe,1,38318,23300,3,135,likely short: CapnBry saw 3 here
Faraheim,154,faraheim doe,1,31512,12922,1,135,matches CapnBry (1-2 seen here)
Faraheim,154,faraheim doe,1,20643,5910,0,135,no CapnBry sighting at this spot
Faraheim,154,faraheim doe,1,12037,14502,2,135,matches CapnBry (1-2 seen here)
Faraheim,154,faraheim doe,1,18504,7916,0,135,no CapnBry sighting at this spot
Faraheim,154,faraheim doe,1,38633,15515,4,135,likely short: CapnBry saw 4 here
Faraheim,154,faraheim doe,1,27740,17876,3,135,likely short: CapnBry saw 3 here
Faraheim,154,tradklan darter,2,16985,34450,0,45,no CapnBry sighting at this spot
Faraheim,154,tradklan darter,1,18180,39583,0,45,no CapnBry sighting at this spot
Faraheim,154,tradklan darter,2,17432,37155,0,45,no CapnBry sighting at this spot
Faraheim,154,tradklan darter,1,18673,35807,0,45,no CapnBry sighting at this spot
Faraheim,154,tradklan darter,1,19304,38015,0,45,no CapnBry sighting at this spot
Faraheim,154,tradklan darter,1,36948,20221,0,45,no CapnBry sighting at this spot
Faraheim,154,giant cicada,1,8928,55290,10,204,likely short: CapnBry saw 10 here
Faraheim,154,giant cicada,1,10766,46215,7,204,likely short: CapnBry saw 7 here
Faraheim,154,giant cicada,1,10834,44373,2,204,matches CapnBry (1-2 seen here)
Faraheim,154,giant cicada,1,21840,50428,7,204,likely short: CapnBry saw 7 here
Faraheim,154,giant cicada,2,9411,50400,7,204,likely short: CapnBry saw 7 here
Faraheim,154,giant cicada,1,3923,15060,3,204,likely short: CapnBry saw 3 here
Faraheim,154,giant cicada,1,42569,8918,6,204,likely short: CapnBry saw 6 here
Faraheim,154,giant cicada,2,4609,41862,6,204,likely short: CapnBry saw 6 here
Faraheim,154,giant cicada,2,4544,12970,5,204,likely short: CapnBry saw 5 here
Faraheim,154,giant cicada,1,8186,37664,6,204,likely short: CapnBry saw 6 here
Faraheim,154,giant cicada,1,7738,49901,7,204,likely short: CapnBry saw 7 here
Faraheim,154,giant cicada,1,7308,8119,8,204,likely short: CapnBry saw 8 here
Faraheim,154,giant cicada,1,5368,16351,4,204,likely short: CapnBry saw 4 here
Faraheim,154,giant cicada,1,40192,7733,6,204,likely short: CapnBry saw 6 here
Faraheim,154,giant cicada,1,4875,37884,6,204,likely short: CapnBry saw 6 here
Faraheim,154,giant cicada,1,6794,44982,4,204,likely short: CapnBry saw 4 here
Faraheim,154,giant cicada,1,3813,10052,3,204,likely short: CapnBry saw 3 here
Faraheim,154,giant cicada,2,3703,16711,4,204,likely short: CapnBry saw 4 here
Faraheim,154,giant cicada,1,9848,48046,7,204,likely short: CapnBry saw 7 here
Faraheim,154,giant cicada,1,2455,52552,4,204,likely short: CapnBry saw 4 here
Faraheim,154,faraheim fawn,2,33670,8631,6,92,likely short: CapnBry saw 6 here
Faraheim,154,faraheim fawn,2,17121,30449,3,92,likely short: CapnBry saw 3 here
Faraheim,154,faraheim fawn,1,42277,32739,0,92,no CapnBry sighting at this spot
Faraheim,154,faraheim fawn,1,36253,14318,0,92,no CapnBry sighting at this spot
Faraheim,154,faraheim fawn,1,31523,52845,5,92,likely short: CapnBry saw 5 here
Faraheim,154,faraheim fawn,1,29458,52967,5,92,likely short: CapnBry saw 5 here
Faraheim,154,faraheim fawn,1,30263,49132,0,92,no CapnBry sighting at this spot
Faraheim,154,faraheim fawn,1,32778,23394,2,92,matches CapnBry (1-2 seen here)
Faraheim,154,faraheim fawn,1,44253,30920,0,92,no CapnBry sighting at this spot
Faraheim,154,faraheim fawn,1,29986,57822,4,92,likely short: CapnBry saw 4 here
Faraheim,154,faraheim fawn,1,9426,29248,4,92,likely short: CapnBry saw 4 here
Faraheim,154,faraheim fawn,1,25909,56998,4,92,likely short: CapnBry saw 4 here
Faraheim,154,faraheim fawn,2,16807,27927,3,92,likely short: CapnBry saw 3 here
Faraheim,154,faraheim fawn,2,30599,19958,3,92,likely short: CapnBry saw 3 here
Faraheim,154,faraheim fawn,1,33577,26889,2,92,matches CapnBry (1-2 seen here)
Faraheim,154,faraheim fawn,1,33441,54484,5,92,likely short: CapnBry saw 5 here
Faraheim,154,faraheim fawn,1,38483,14042,0,92,no CapnBry sighting at this spot
Faraheim,154,faraheim fawn,1,25524,59989,4,92,likely short: CapnBry saw 4 here
Faraheim,154,faraheim fawn,2,5507,26475,4,92,likely short: CapnBry saw 4 here
Faraheim,154,faraheim fawn,1,40144,31398,0,92,no CapnBry sighting at this spot
Faraheim,154,faraheim fawn,1,5613,31671,4,92,likely short: CapnBry saw 4 here
Faraheim,154,faraheim fawn,1,36866,16218,0,92,no CapnBry sighting at this spot
Faraheim,154,faraheim fawn,1,28325,51405,5,92,likely short: CapnBry saw 5 here
Faraheim,154,faraheim fawn,1,27569,53810,5,92,likely short: CapnBry saw 5 here
Faraheim,154,faraheim fawn,1,26150,12017,3,92,likely short: CapnBry saw 3 here
Faraheim,154,faraheim fawn,1,42720,30417,0,92,no CapnBry sighting at this spot
Faraheim,154,faraheim fawn,1,34196,24358,2,92,matches CapnBry (1-2 seen here)
Faraheim,154,faraheim fawn,2,20339,26640,3,92,likely short: CapnBry saw 3 here
Faraheim,154,faraheim fawn,1,8583,30736,4,92,likely short: CapnBry saw 4 here
Faraheim,154,faraheim fawn,2,14434,26787,3,92,likely short: CapnBry saw 3 here
Faraheim,154,faraheim fawn,1,24787,21577,3,92,likely short: CapnBry saw 3 here
Faraheim,154,faraheim fawn,2,12223,21928,3,92,likely short: CapnBry saw 3 here
Faraheim,154,faraheim fawn,1,30422,51235,5,92,likely short: CapnBry saw 5 here
Faraheim,154,faraheim fawn,1,30137,7909,4,92,likely short: CapnBry saw 4 here
Faraheim,154,faraheim fawn,2,12710,24652,3,92,likely short: CapnBry saw 3 here
Faraheim,154,faraheim fawn,1,23455,18298,3,92,likely short: CapnBry saw 3 here
Faraheim,154,faraheim fawn,1,29450,23808,2,92,matches CapnBry (1-2 seen here)
Faraheim,154,faraheim fawn,1,12333,29690,3,92,likely short: CapnBry saw 3 here
Faraheim,154,faraheim fawn,1,24733,6152,1,92,matches CapnBry (1-2 seen here)
Faraheim,154,faraheim fawn,1,14595,23874,3,92,likely short: CapnBry saw 3 here
Faraheim,154,faraheim fawn,1,31259,14126,0,92,no CapnBry sighting at this spot
Faraheim,154,faraheim fawn,1,30339,54533,5,92,likely short: CapnBry saw 5 here
Faraheim,154,faraheim fawn,1,3974,29899,4,92,likely short: CapnBry saw 4 here
Faraheim,154,vanvettig djur,1,28395,19141,3,149,likely short: CapnBry saw 3 here
Faraheim,154,vanvettig djur,1,35556,40358,6,149,likely short: CapnBry saw 6 here
Faraheim,154,vanvettig djur,1,31340,29070,6,149,likely short: CapnBry saw 6 here
Faraheim,154,vanvettig djur,1,22132,40547,5,149,likely short: CapnBry saw 5 here
Faraheim,154,vanvettig djur,2,23577,35574,7,149,likely short: CapnBry saw 7 here
Faraheim,154,vanvettig djur,1,32763,27765,4,149,likely short: CapnBry saw 4 here
Faraheim,154,vanvettig djur,1,30932,33850,8,149,likely short: CapnBry saw 8 here
Faraheim,154,vanvettig djur,1,32969,33725,8,149,likely short: CapnBry saw 8 here
Faraheim,154,vanvettig djur,1,13898,48975,7,149,likely short: CapnBry saw 7 here
Faraheim,154,vanvettig djur,1,6836,56194,8,149,likely short: CapnBry saw 8 here
Faraheim,154,vanvettig djur,1,21911,36663,5,149,likely short: CapnBry saw 5 here
Faraheim,154,vanvettig djur,1,31633,19590,7,149,likely short: CapnBry saw 7 here
Faraheim,154,vanvettig djur,1,12694,52288,3,149,likely short: CapnBry saw 3 here
Faraheim,154,vanvettig djur,1,25128,34035,7,149,likely short: CapnBry saw 7 here
Faraheim,154,vanvettig djur,2,23027,48083,4,149,likely short: CapnBry saw 4 here
Faraheim,154,vanvettig djur,1,20398,46076,7,149,likely short: CapnBry saw 7 here
Faraheim,154,vanvettig djur,1,28590,23857,7,149,likely short: CapnBry saw 7 here
Faraheim,154,vanvettig djur,1,19881,42982,6,149,likely short: CapnBry saw 6 here
Faraheim,154,vanvettig djur,1,26602,17499,0,149,no CapnBry sighting at this spot
Faraheim,154,vanvettig djur,1,20821,38254,5,149,likely short: CapnBry saw 5 here
Faraheim,154,vanvettig djur,1,21548,49577,7,149,likely short: CapnBry saw 7 here
Faraheim,154,vanvettig djur,1,33362,39808,8,149,likely short: CapnBry saw 8 here
Faraheim,154,vanvettig djur,1,27153,39071,7,149,likely short: CapnBry saw 7 here
Faraheim,154,vanvettig djur,2,28702,29676,6,149,likely short: CapnBry saw 6 here
Faraheim,154,vanvettig djur,1,30455,17464,3,149,likely short: CapnBry saw 3 here
Faraheim,154,vanvettig djur,1,30112,22617,7,149,likely short: CapnBry saw 7 here
Faraheim,154,vanvettig djur,1,33405,43986,2,149,matches CapnBry (1-2 seen here)
Faraheim,154,vanvettig djur,1,15002,45060,7,149,likely short: CapnBry saw 7 here
Faraheim,154,vanvettig djur,1,7604,46105,4,149,likely short: CapnBry saw 4 here
Faraheim,154,vanvettig djur,2,22893,38520,5,149,likely short: CapnBry saw 5 here
Faraheim,154,vanvettig djur,1,33429,53114,1,149,matches CapnBry (1-2 seen here)
Faraheim,154,vanvettig djur,1,40527,35805,2,149,matches CapnBry (1-2 seen here)
Faraheim,154,vanvettig djur,1,9445,47262,4,149,likely short: CapnBry saw 4 here
Faraheim,154,vanvettig djur,1,18215,51088,7,149,likely short: CapnBry saw 7 here
Faraheim,154,vanvettig djur,1,21634,42070,4,149,likely short: CapnBry saw 4 here
Faraheim,154,vanvettig djur,2,35039,46504,2,149,matches CapnBry (1-2 seen here)
Faraheim,154,vanvettig djur,1,31957,22226,7,149,likely short: CapnBry saw 7 here
Faraheim,154,vanvettig djur,1,9254,48807,3,149,likely short: CapnBry saw 3 here
Faraheim,154,vanvettig djur,2,35382,43683,2,149,matches CapnBry (1-2 seen here)
Faraheim,154,vanvettig djur,1,21061,43926,6,149,likely short: CapnBry saw 6 here
Faraheim,154,blood render,2,47499,11578,0,34,no CapnBry sighting at this spot
Faraheim,154,blood render,1,50184,40406,0,34,no CapnBry sighting at this spot
Faraheim,154,blood render,1,55499,13516,0,34,no CapnBry sighting at this spot
Faraheim,154,blood render,1,49193,16997,0,34,no CapnBry sighting at this spot
Faraheim,154,blood render,1,43343,20861,0,34,no CapnBry sighting at this spot
Faraheim,154,blood render,1,55536,41497,0,34,no CapnBry sighting at this spot
Faraheim,154,blood render,1,50110,24915,0,34,no CapnBry sighting at this spot
Faraheim,154,blood render,1,53192,34071,0,34,no CapnBry sighting at this spot
Faraheim,154,blood render,1,50975,43743,0,34,no CapnBry sighting at this spot
Faraheim,154,blood render,2,49552,10199,0,34,no CapnBry sighting at this spot
Faraheim,154,blood render,1,54850,39780,0,34,no CapnBry sighting at this spot
Faraheim,154,blood render,1,50258,27547,0,34,no CapnBry sighting at this spot
Faraheim,154,blood render,1,44124,10934,0,34,no CapnBry sighting at this spot
Faraheim,154,blood render,1,55182,29649,0,34,no CapnBry sighting at this spot
Faraheim,154,blood render,1,50756,9045,0,34,no CapnBry sighting at this spot
Faraheim,154,blood render,1,46441,16038,0,34,no CapnBry sighting at this spot
Faraheim,154,blood render,1,45282,22748,0,34,no CapnBry sighting at this spot
Faraheim,154,blood render,1,44934,15808,0,34,no CapnBry sighting at this spot
Faraheim,154,blood render,1,54017,31948,0,34,no CapnBry sighting at this spot
Faraheim,154,blood render,1,51387,31993,0,34,no CapnBry sighting at this spot
Faraheim,154,blood render,1,54831,47005,0,34,no CapnBry sighting at this spot
Faraheim,154,blood render,1,46815,36256,0,34,no CapnBry sighting at this spot
Faraheim,154,blood render,1,49758,22180,0,34,no CapnBry sighting at this spot
Faraheim,154,blood render,1,52936,38078,0,34,no CapnBry sighting at this spot
Faraheim,154,blood render,1,49241,20403,0,34,no CapnBry sighting at this spot
Faraheim,154,blood render,1,47084,33199,0,34,no CapnBry sighting at this spot
Faraheim,154,blood render,1,45854,17759,0,34,no CapnBry sighting at this spot
Faraheim,154,blood render,1,51466,37292,0,34,no CapnBry sighting at this spot
Faraheim,154,blood render,1,50858,13802,0,34,no CapnBry sighting at this spot
Faraheim,154,forest skrat,1,47771,58006,8,83,likely short: CapnBry saw 8 here
Faraheim,154,forest skrat,1,38485,50146,5,83,likely short: CapnBry saw 5 here
Faraheim,154,forest skrat,2,39633,55553,5,83,likely short: CapnBry saw 5 here
Faraheim,154,forest skrat,1,44174,63747,5,83,likely short: CapnBry saw 5 here
Faraheim,154,forest skrat,1,48072,53113,6,83,likely short: CapnBry saw 6 here
Faraheim,154,forest skrat,1,50715,64576,0,83,no CapnBry sighting at this spot
Faraheim,154,forest skrat,1,42692,64597,5,83,likely short: CapnBry saw 5 here
Faraheim,154,forest skrat,1,48026,56150,8,83,likely short: CapnBry saw 8 here
Faraheim,154,forest skrat,2,42331,62777,5,83,likely short: CapnBry saw 5 here
Faraheim,154,forest skrat,1,46057,56990,8,83,likely short: CapnBry saw 8 here
Faraheim,154,forest skrat,1,36149,51173,4,83,likely short: CapnBry saw 4 here
Faraheim,154,forest skrat,1,42174,41272,6,83,likely short: CapnBry saw 6 here
Faraheim,154,forest skrat,1,43988,40340,6,83,likely short: CapnBry saw 6 here
Faraheim,154,forest skrat,2,37339,55848,5,83,likely short: CapnBry saw 5 here
Faraheim,154,forest skrat,1,35852,53355,5,83,likely short: CapnBry saw 5 here
Faraheim,154,skogsra greenhand,2,49189,50473,3,39,likely short: CapnBry saw 3 here
Faraheim,154,skogsra greenhand,1,41326,50230,0,39,no CapnBry sighting at this spot
Faraheim,154,skogsra greenhand,1,49216,52464,3,39,likely short: CapnBry saw 3 here
Faraheim,154,gluttonous gulon,1,37773,37617,0,30,no CapnBry sighting at this spot
Faraheim,154,gluttonous gulon,1,46677,30892,0,30,no CapnBry sighting at this spot
Faraheim,154,gluttonous gulon,1,38026,44111,0,30,no CapnBry sighting at this spot
Faraheim,154,gluttonous gulon,2,47749,26118,0,30,no CapnBry sighting at this spot
Faraheim,154,gluttonous gulon,1,42381,25291,0,30,no CapnBry sighting at this spot
Faraheim,154,gluttonous gulon,1,35678,49362,0,30,no CapnBry sighting at this spot
Faraheim,154,gluttonous gulon,2,41353,17005,0,30,no CapnBry sighting at this spot
Faraheim,154,gluttonous gulon,1,40342,23146,0,30,no CapnBry sighting at this spot
Faraheim,154,gluttonous gulon,1,39274,25173,0,30,no CapnBry sighting at this spot
Faraheim,154,gluttonous gulon,1,43656,13342,0,30,no CapnBry sighting at this spot
Faraheim,154,gluttonous gulon,1,46644,15104,0,30,no CapnBry sighting at this spot
Faraheim,154,gluttonous gulon,1,45646,11953,0,30,no CapnBry sighting at this spot
Faraheim,154,gluttonous gulon,1,33332,47073,0,30,no CapnBry sighting at this spot
Faraheim,154,gluttonous gulon,1,48810,24080,0,30,no CapnBry sighting at this spot
Faraheim,154,gluttonous gulon,1,32556,20953,0,30,no CapnBry sighting at this spot
Faraheim,154,gluttonous gulon,1,33030,22475,0,30,no CapnBry sighting at this spot
Faraheim,154,gluttonous gulon,1,43100,32016,0,30,no CapnBry sighting at this spot
Faraheim,154,gluttonous gulon,2,34375,52792,0,30,no CapnBry sighting at this spot
Faraheim,154,gluttonous gulon,1,40976,29827,0,30,no CapnBry sighting at this spot
Faraheim,154,gluttonous gulon,1,48579,28673,0,30,no CapnBry sighting at this spot
Faraheim,154,gastornis,2,54902,45324,0,50,no CapnBry sighting at this spot
Faraheim,154,gastornis,1,46347,38448,0,50,no CapnBry sighting at this spot
Faraheim,154,gastornis,1,53809,37972,0,50,no CapnBry sighting at this spot
Faraheim,154,gastornis,2,53953,40400,0,50,no CapnBry sighting at this spot
Faraheim,154,gastornis,1,56858,49295,0,50,no CapnBry sighting at this spot
Faraheim,154,gastornis,2,46280,27280,0,50,no CapnBry sighting at this spot
Faraheim,154,gastornis,2,53438,16168,0,50,no CapnBry sighting at this spot
Faraheim,154,gastornis,1,47897,23890,0,50,no CapnBry sighting at this spot
Faraheim,154,gastornis,1,55568,32124,0,50,no CapnBry sighting at this spot
Faraheim,154,gastornis,1,54315,35467,0,50,no CapnBry sighting at this spot
Faraheim,154,gastornis,1,49692,24819,0,50,no CapnBry sighting at this spot
Faraheim,154,gastornis,2,50323,12879,0,50,no CapnBry sighting at this spot
Faraheim,154,gastornis,1,48946,36548,0,50,no CapnBry sighting at this spot
Faraheim,154,gastornis,1,46403,35371,0,50,no CapnBry sighting at this spot
Faraheim,154,gastornis,1,52382,13696,0,50,no CapnBry sighting at this spot
Faraheim,154,gastornis,1,55825,36535,0,50,no CapnBry sighting at this spot
Faraheim,154,gastornis,1,54167,13608,0,50,no CapnBry sighting at this spot
Faraheim,154,gastornis,1,55599,26717,0,50,no CapnBry sighting at this spot
Faraheim,154,gastornis,1,52885,27518,0,50,no CapnBry sighting at this spot
Faraheim,154,gastornis,1,51271,44057,0,50,no CapnBry sighting at this spot
Faraheim,154,gastornis,2,54645,49173,0,50,no CapnBry sighting at this spot
Faraheim,154,gastornis,1,47041,20270,0,50,no CapnBry sighting at this spot
Faraheim,154,gastornis,2,52358,47997,0,50,no CapnBry sighting at this spot
Faraheim,154,gastornis,1,46188,14200,0,50,no CapnBry sighting at this spot
Faraheim,154,gastornis,1,48924,21129,0,50,no CapnBry sighting at this spot
Faraheim,154,gastornis,1,53687,33162,0,50,no CapnBry sighting at this spot
Faraheim,154,gastornis,1,47485,16219,0,50,no CapnBry sighting at this spot
Faraheim,154,gastornis,1,43666,22883,0,50,no CapnBry sighting at this spot
Faraheim,154,gastornis,1,51116,33805,0,50,no CapnBry sighting at this spot
Faraheim,154,gastornis,1,51338,42453,0,50,no CapnBry sighting at this spot
Faraheim,154,gastornis,1,45200,24028,0,50,no CapnBry sighting at this spot
Faraheim,154,tradklan tribesman,1,33939,31437,0,31,no CapnBry sighting at this spot
Faraheim,154,tradklan tribesman,1,10664,9094,0,31,no CapnBry sighting at this spot
Faraheim,154,tradklan tribesman,1,9791,6925,0,31,no CapnBry sighting at this spot
Faraheim,154,gulon,1,24596,32516,1,48,matches CapnBry (1-2 seen here)
Faraheim,154,gulon,2,29391,25164,2,48,matches CapnBry (1-2 seen here)
Faraheim,154,gulon,1,37887,16306,0,48,no CapnBry sighting at this spot
Faraheim,154,gulon,1,33002,25983,0,48,no CapnBry sighting at this spot
Faraheim,154,gulon,1,22779,23482,1,48,matches CapnBry (1-2 seen here)
Faraheim,154,gulon,1,14639,25458,0,48,no CapnBry sighting at this spot
Faraheim,154,gulon,2,12196,16181,2,48,matches CapnBry (1-2 seen here)
Faraheim,154,gulon,2,27134,28335,1,48,matches CapnBry (1-2 seen here)
Faraheim,154,gulon,1,28475,31433,0,48,no CapnBry sighting at this spot
Faraheim,154,gulon,1,36478,11253,2,48,matches CapnBry (1-2 seen here)
Faraheim,154,gulon,1,18859,695,5,48,likely short: CapnBry saw 5 here
Faraheim,154,gulon,1,15563,13936,2,48,matches CapnBry (1-2 seen here)
Faraheim,154,gulon,1,17615,22767,0,48,no CapnBry sighting at this spot
Faraheim,154,gulon,2,29924,26970,0,48,no CapnBry sighting at this spot
Faraheim,154,gulon,1,23731,7715,1,48,matches CapnBry (1-2 seen here)
Faraheim,154,gulon,1,36656,22427,1,48,matches CapnBry (1-2 seen here)
Faraheim,154,gulon,1,21359,20506,1,48,matches CapnBry (1-2 seen here)
Faraheim,154,gulon,1,26317,23034,2,48,matches CapnBry (1-2 seen here)
Faraheim,154,gulon,1,34504,7195,2,48,matches CapnBry (1-2 seen here)
Faraheim,154,gulon,1,41202,22416,0,48,no CapnBry sighting at this spot
Faraheim,154,gulon,1,40149,15747,0,48,no CapnBry sighting at this spot
Faraheim,154,gulon,1,11060,22858,1,48,matches CapnBry (1-2 seen here)
Faraheim,154,gulon,1,30784,30416,0,48,no CapnBry sighting at this spot
Faraheim,154,gulon,1,15949,10013,3,48,likely short: CapnBry saw 3 here
Faraheim,154,gulon,1,11945,18239,1,48,matches CapnBry (1-2 seen here)
Faraheim,154,gulon,1,24035,26543,1,48,matches CapnBry (1-2 seen here)
Faraheim,154,gulon,1,20361,8328,1,48,matches CapnBry (1-2 seen here)
Faraheim,154,gulon,1,31927,16126,1,48,matches CapnBry (1-2 seen here)
Faraheim,154,gulon,1,35974,6737,2,48,matches CapnBry (1-2 seen here)
Faraheim,154,gulon,1,25721,8948,1,48,matches CapnBry (1-2 seen here)
Faraheim,154,gulon,1,17960,12855,2,48,matches CapnBry (1-2 seen here)
Faraheim,154,cicada-killer,2,45572,8396,0,78,no CapnBry sighting at this spot
Faraheim,154,cicada-killer,2,6950,10987,0,78,no CapnBry sighting at this spot
Faraheim,154,cicada-killer,1,5878,15441,0,78,no CapnBry sighting at this spot
Faraheim,154,cicada-killer,1,8630,12093,0,78,no CapnBry sighting at this spot
Faraheim,154,cicada-killer,1,6152,233,0,78,no CapnBry sighting at this spot
Faraheim,154,cicada-killer,2,7681,2988,0,78,no CapnBry sighting at this spot
Faraheim,154,cicada-killer,1,46841,5761,0,78,no CapnBry sighting at this spot
Faraheim,154,faraheim stag,1,19871,26422,0,79,no CapnBry sighting at this spot
Faraheim,154,faraheim stag,1,44047,29476,3,79,likely short: CapnBry saw 3 here
Faraheim,154,faraheim stag,1,41763,31842,3,79,likely short: CapnBry saw 3 here
Faraheim,154,faraheim stag,1,20260,3564,1,79,matches CapnBry (1-2 seen here)
Faraheim,154,faraheim stag,1,28493,54346,2,79,matches CapnBry (1-2 seen here)
Faraheim,154,faraheim stag,1,24596,6497,2,79,matches CapnBry (1-2 seen here)
Faraheim,154,faraheim stag,1,26708,57436,3,79,likely short: CapnBry saw 3 here
Faraheim,154,faraheim stag,1,30342,22738,1,79,matches CapnBry (1-2 seen here)
Faraheim,154,faraheim stag,1,18957,4935,0,79,no CapnBry sighting at this spot
Faraheim,154,faraheim stag,1,19181,14394,6,79,likely short: CapnBry saw 6 here
Faraheim,154,faraheim stag,1,27284,26312,3,79,likely short: CapnBry saw 3 here
Faraheim,154,faraheim stag,1,18533,17411,0,79,no CapnBry sighting at this spot
Faraheim,154,faraheim stag,1,31086,11589,0,79,no CapnBry sighting at this spot
Faraheim,154,faraheim stag,1,24475,60077,3,79,likely short: CapnBry saw 3 here
Faraheim,154,faraheim stag,2,31332,54972,2,79,matches CapnBry (1-2 seen here)
Faraheim,154,faraheim stag,1,39463,15585,4,79,likely short: CapnBry saw 4 here
Faraheim,154,faraheim stag,1,29828,58810,3,79,likely short: CapnBry saw 3 here
Faraheim,154,faraheim stag,1,27752,52514,2,79,matches CapnBry (1-2 seen here)
Faraheim,154,faraheim stag,1,43362,31405,3,79,likely short: CapnBry saw 3 here
Faraheim,154,faraheim stag,1,37773,25789,1,79,matches CapnBry (1-2 seen here)
Faraheim,154,faraheim stag,1,17086,29820,1,79,matches CapnBry (1-2 seen here)
Faraheim,154,faraheim stag,1,22918,3126,1,79,matches CapnBry (1-2 seen here)
Faraheim,154,faraheim stag,1,23441,27866,3,79,likely short: CapnBry saw 3 here
Faraheim,154,faraheim stag,1,41453,28774,3,79,likely short: CapnBry saw 3 here
Faraheim,154,faraheim stag,1,26898,7177,2,79,matches CapnBry (1-2 seen here)
Faraheim,154,faraheim stag,1,30365,52256,2,79,matches CapnBry (1-2 seen here)
Faraheim,154,faraheim stag,1,24620,58314,3,79,likely short: CapnBry saw 3 here
Faraheim,154,faraheim stag,2,30134,9558,2,79,matches CapnBry (1-2 seen here)
Faraheim,154,faraheim stag,1,33644,24087,1,79,matches CapnBry (1-2 seen here)
Faraheim,154,faraheim stag,1,25331,10799,2,79,matches CapnBry (1-2 seen here)
Faraheim,154,faraheim stag,1,53034,39072,0,79,no CapnBry sighting at this spot
Faraheim,154,faraheim stag,1,13334,598,4,79,likely short: CapnBry saw 4 here
Faraheim,154,faraheim stag,1,49288,11963,0,79,no CapnBry sighting at this spot
Faraheim,154,faraheim stag,2,47043,29709,3,79,likely short: CapnBry saw 3 here
Faraheim,154,faraheim stag,1,29805,24334,1,79,matches CapnBry (1-2 seen here)
Faraheim,154,faraheim stag,1,17161,8606,6,79,likely short: CapnBry saw 6 here
Faraheim,154,faraheim stag,1,12257,16998,1,79,matches CapnBry (1-2 seen here)
Faraheim,154,faraheim stag,1,14656,29114,1,79,matches CapnBry (1-2 seen here)
Faraheim,154,faraheim stag,1,14137,2532,4,79,likely short: CapnBry saw 4 here
Faraheim,154,faraheim stag,1,11895,15187,1,79,matches CapnBry (1-2 seen here)
Faraheim,154,faraheim stag,1,26748,18911,1,79,matches CapnBry (1-2 seen here)
Faraheim,154,faraheim stag,1,22139,24707,0,79,no CapnBry sighting at this spot
Faraheim,154,faraheim stag,1,43254,33227,3,79,likely short: CapnBry saw 3 here
Faraheim,154,faraheim stag,1,52646,25699,0,79,no CapnBry sighting at this spot
Faraheim,154,faraheim stag,1,48730,30263,0,79,no CapnBry sighting at this spot
Faraheim,154,faraheim stag,1,47135,36764,1,79,matches CapnBry (1-2 seen here)
Faraheim,154,faraheim stag,1,28927,15991,1,79,matches CapnBry (1-2 seen here)
Faraheim,154,faraheim stag,1,41664,33557,3,79,likely short: CapnBry saw 3 here
Faraheim,154,faraheim stag,1,26051,5645,2,79,matches CapnBry (1-2 seen here)
Faraheim,154,faraheim stag,1,12198,23802,1,79,matches CapnBry (1-2 seen here)
Faraheim,154,friller,1,16393,15937,2,38,matches CapnBry (1-2 seen here)
Faraheim,154,friller,2,17275,4030,1,38,matches CapnBry (1-2 seen here)
Faraheim,154,friller,1,17262,27398,1,38,matches CapnBry (1-2 seen here)
Faraheim,154,friller,1,36482,19339,1,38,matches CapnBry (1-2 seen here)
Faraheim,154,friller,1,11059,22113,3,38,likely short: CapnBry saw 3 here
Faraheim,154,friller,1,14072,6049,1,38,matches CapnBry (1-2 seen here)
Faraheim,154,friller,2,39495,13844,0,38,no CapnBry sighting at this spot
Faraheim,154,friller,1,19435,2908,1,38,matches CapnBry (1-2 seen here)
Faraheim,154,friller,1,15023,24129,0,38,no CapnBry sighting at this spot
Faraheim,154,friller,1,40949,18504,0,38,no CapnBry sighting at this spot
Faraheim,154,friller,1,23520,30255,0,38,no CapnBry sighting at this spot
Faraheim,154,friller,1,18603,1019,1,38,matches CapnBry (1-2 seen here)
Faraheim,154,friller,1,17479,28989,1,38,matches CapnBry (1-2 seen here)
Faraheim,154,friller,1,32464,8874,1,38,matches CapnBry (1-2 seen here)
Faraheim,154,friller,1,14139,28172,1,38,matches CapnBry (1-2 seen here)
Faraheim,154,friller,1,32372,21611,1,38,matches CapnBry (1-2 seen here)
Faraheim,154,friller,1,15074,4386,1,38,matches CapnBry (1-2 seen here)
Faraheim,154,friller,1,15449,12966,2,38,matches CapnBry (1-2 seen here)
Faraheim,154,friller,1,14862,20601,3,38,likely short: CapnBry saw 3 here
Faraheim,154,friller,1,24612,7775,0,38,no CapnBry sighting at this spot
Faraheim,154,friller,1,20314,1174,1,38,matches CapnBry (1-2 seen here)
Faraheim,154,friller,1,21880,10836,1,38,matches CapnBry (1-2 seen here)
Faraheim,154,friller,1,12707,10717,1,38,matches CapnBry (1-2 seen here)
Faraheim,154,friller,1,13230,8874,0,38,no CapnBry sighting at this spot
Faraheim,154,friller,1,37266,12671,0,38,no CapnBry sighting at this spot
Faraheim,154,friller,1,12099,23914,3,38,likely short: CapnBry saw 3 here
Faraheim,154,friller,1,36624,14770,0,38,no CapnBry sighting at this spot
Faraheim,154,friller,1,11104,12422,1,38,matches CapnBry (1-2 seen here)
Faraheim,154,friller,1,14562,29701,1,38,matches CapnBry (1-2 seen here)
Faraheim,154,friller,1,30432,15774,0,38,no CapnBry sighting at this spot
Faraheim,154,friller,1,12443,21233,3,38,likely short: CapnBry saw 3 here
Faraheim,154,friller,1,21480,14469,1,38,matches CapnBry (1-2 seen here)
Faraheim,154,friller,1,22212,6694,0,38,no CapnBry sighting at this spot
Faraheim,154,bone cruncher,2,52180,31496,0,47,no CapnBry sighting at this spot
Faraheim,154,bone cruncher,1,53455,40276,0,47,no CapnBry sighting at this spot
Faraheim,154,bone cruncher,1,51607,15159,0,47,no CapnBry sighting at this spot
Faraheim,154,bone cruncher,1,55044,49553,0,47,no CapnBry sighting at this spot
Faraheim,154,bone cruncher,1,53588,34773,0,47,no CapnBry sighting at this spot
Faraheim,154,bone cruncher,1,48544,40267,0,47,no CapnBry sighting at this spot
Faraheim,154,bone cruncher,1,49889,32287,0,47,no CapnBry sighting at this spot
Faraheim,154,bone cruncher,2,54883,38745,0,47,no CapnBry sighting at this spot
Faraheim,154,bone cruncher,1,54611,31125,0,47,no CapnBry sighting at this spot
Faraheim,154,bone cruncher,1,46153,24269,0,47,no CapnBry sighting at this spot
Faraheim,154,bone cruncher,1,50718,41582,0,47,no CapnBry sighting at this spot
Faraheim,154,bone cruncher,1,51345,23154,0,47,no CapnBry sighting at this spot
Faraheim,154,bone cruncher,1,55964,29544,0,47,no CapnBry sighting at this spot
Faraheim,154,bone cruncher,2,55727,46683,0,47,no CapnBry sighting at this spot
Faraheim,154,bone cruncher,2,44224,24431,0,47,no CapnBry sighting at this spot
Faraheim,154,bone cruncher,1,53781,13537,0,47,no CapnBry sighting at this spot
Faraheim,154,bone cruncher,1,51421,37805,0,47,no CapnBry sighting at this spot
Faraheim,154,bone cruncher,1,50626,30594,0,47,no CapnBry sighting at this spot
Faraheim,154,bone cruncher,1,51754,34375,0,47,no CapnBry sighting at this spot
Faraheim,154,bone cruncher,1,54915,27939,0,47,no CapnBry sighting at this spot
Faraheim,154,bone cruncher,1,48675,38371,0,47,no CapnBry sighting at this spot
Faraheim,154,bone cruncher,2,46586,16928,0,47,no CapnBry sighting at this spot
Faraheim,154,bone cruncher,1,46776,36662,0,47,no CapnBry sighting at this spot
Faraheim,154,bone cruncher,1,48337,18445,0,47,no CapnBry sighting at this spot
Faraheim,154,bone cruncher,1,53749,44927,0,47,no CapnBry sighting at this spot
Faraheim,154,bone cruncher,1,51993,39590,0,47,no CapnBry sighting at this spot
Faraheim,154,bone cruncher,2,53677,42509,0,47,no CapnBry sighting at this spot
Faraheim,154,bone cruncher,1,47934,34341,0,47,no CapnBry sighting at this spot
Faraheim,154,skogsra woodsman,2,41166,50243,0,35,no CapnBry sighting at this spot
Faraheim,154,skogsra woodsman,2,50371,47445,3,35,likely short: CapnBry saw 3 here
Faraheim,154,tradklan medicine man,1,18117,38186,0,36,no CapnBry sighting at this spot
Faraheim,154,tradklan medicine man,1,16589,34322,0,36,no CapnBry sighting at this spot
Faraheim,154,tradklan medicine man,1,17687,26149,0,36,no CapnBry sighting at this spot
Faraheim,154,tradklan medicine man,1,10636,11005,0,36,no CapnBry sighting at this spot
Faraheim,154,tradklan medicine man,1,36903,13916,0,36,no CapnBry sighting at this spot
Faraheim,154,tradklan medicine man,1,16535,29601,0,36,no CapnBry sighting at this spot
Faraheim,154,valmak,1,20363,19960,0,1,rare/named species (1-2 in whole zone)
Faraheim,154,morbax,1,47222,8599,0,1,rare/named species (1-2 in whole zone)
Faraheim,154,goretooth,1,51762,42935,0,1,rare/named species (1-2 in whole zone)
Faraheim,154,terror bird,1,28318,14095,0,57,no CapnBry sighting at this spot
Faraheim,154,terror bird,2,32620,28822,0,57,no CapnBry sighting at this spot
Faraheim,154,terror bird,1,33837,15930,0,57,no CapnBry sighting at this spot
Faraheim,154,terror bird,1,31649,9111,0,57,no CapnBry sighting at this spot
Faraheim,154,terror bird,2,34490,14465,0,57,no CapnBry sighting at this spot
Faraheim,154,terror bird,1,20909,24364,0,57,no CapnBry sighting at this spot
Faraheim,154,terror bird,1,26359,14186,0,57,no CapnBry sighting at this spot
Faraheim,154,terror bird,2,33530,12744,0,57,no CapnBry sighting at this spot
Faraheim,154,terror bird,1,26413,12130,0,57,no CapnBry sighting at this spot
Faraheim,154,terror bird,1,29485,12120,0,57,no CapnBry sighting at this spot
Faraheim,154,terror bird,2,24041,16088,0,57,no CapnBry sighting at this spot
Faraheim,154,terror bird,1,19053,6407,0,57,no CapnBry sighting at this spot
Faraheim,154,luso,1,23919,15698,0,1,rare/named species (1-2 in whole zone)
Faraheim,154,sjoalf waverunner,1,63108,54615,1,12,matches CapnBry (1-2 seen here)
Faraheim,154,dalicren,1,26771,43637,0,1,rare/named species (1-2 in whole zone)
Faraheim,154,dalgo,1,53650,19637,0,1,rare/named species (1-2 in whole zone)
Faraheim,154,iarn dwarf,2,53868,54806,1,2,matches CapnBry (1-2 seen here)
Faraheim,154,iarn dwarf tracker,1,53286,56277,1,3,matches CapnBry (1-2 seen here)
Faraheim,154,iarn dwarf tracker,1,54628,55107,1,3,matches CapnBry (1-2 seen here)
Faraheim,154,iarn dwarf tracker,1,52103,54553,1,3,matches CapnBry (1-2 seen here)
Faraheim,154,minerva,1,53762,53417,0,1,rare/named species (1-2 in whole zone)
Faraheim,154,boligar,1,49536,50366,0,1,rare/named species (1-2 in whole zone)
Faraheim,154,gorp,1,15309,23148,0,1,rare/named species (1-2 in whole zone)
Faraheim,154,bokko,1,6141,22785,0,1,rare/named species (1-2 in whole zone)
Faraheim,154,shredclaw,1,50076,9643,0,1,rare/named species (1-2 in whole zone)
Faraheim,154,cronk,1,9716,8284,0,1,rare/named species (1-2 in whole zone)
Faraheim,154,pathfinder folar,1,41127,50262,0,1,rare/named species (1-2 in whole zone)
Faraheim,154,wulok,1,29795,11687,0,1,rare/named species (1-2 in whole zone)
Faraheim,154,cold light,1,37207,55743,0,24,no CapnBry sighting at this spot
Faraheim,154,cold light,2,45272,52768,3,24,likely short: CapnBry saw 3 here
Faraheim,154,cold light,1,49215,43028,1,24,matches CapnBry (1-2 seen here)
Faraheim,154,cold light,1,48942,55784,3,24,likely short: CapnBry saw 3 here
Faraheim,154,cold light,1,50009,53997,3,24,likely short: CapnBry saw 3 here
Faraheim,154,cold light,1,51139,30910,1,24,matches CapnBry (1-2 seen here)
Faraheim,154,cold light,1,52803,29092,1,24,matches CapnBry (1-2 seen here)
Faraheim,154,cold light,1,50804,45510,1,24,matches CapnBry (1-2 seen here)
Faraheim,154,cold light,1,49498,24574,0,24,no CapnBry sighting at this spot
Faraheim,154,cold light,1,47439,53829,3,24,likely short: CapnBry saw 3 here
Faraheim,154,cold light,1,52099,26194,1,24,matches CapnBry (1-2 seen here)
Faraheim,154,cold light,1,54754,36558,1,24,matches CapnBry (1-2 seen here)
Faraheim,154,cold light,1,40125,53971,0,24,no CapnBry sighting at this spot
Faraheim,154,cold light,1,52150,34833,1,24,matches CapnBry (1-2 seen here)
Faraheim,154,cold light,1,51297,28274,1,24,matches CapnBry (1-2 seen here)
Faraheim,154,cold light,1,53351,38437,1,24,matches CapnBry (1-2 seen here)
Faraheim,154,snow imp,1,47847,58598,2,19,matches CapnBry (1-2 seen here)
Faraheim,154,snow imp,2,46969,45875,2,19,matches CapnBry (1-2 seen here)
Faraheim,154,snow imp,1,52122,38817,2,19,matches CapnBry (1-2 seen here)
Faraheim,154,snow imp,1,49454,28604,2,19,matches CapnBry (1-2 seen here)
Faraheim,154,snow imp,1,49380,43555,2,19,matches CapnBry (1-2 seen here)
Faraheim,154,snow imp,1,50037,23495,0,19,no CapnBry sighting at this spot
Faraheim,154,snow imp,1,50590,58612,2,19,matches CapnBry (1-2 seen here)
Faraheim,154,snow imp,1,48742,41032,2,19,matches CapnBry (1-2 seen here)
Faraheim,154,snow imp,1,52888,49156,1,19,matches CapnBry (1-2 seen here)
Faraheim,154,snow imp,1,49550,47877,2,19,matches CapnBry (1-2 seen here)
Faraheim,154,snow imp,1,50593,33048,2,19,matches CapnBry (1-2 seen here)
Faraheim,154,snow imp,1,48012,25923,2,19,matches CapnBry (1-2 seen here)
Faraheim,154,snow imp,1,53040,34907,2,19,matches CapnBry (1-2 seen here)
Faraheim,154,snow imp,1,51115,36218,2,19,matches CapnBry (1-2 seen here)
Faraheim,154,snow imp,1,51999,29650,2,19,matches CapnBry (1-2 seen here)
Faraheim,154,snow imp,1,48824,57020,2,19,matches CapnBry (1-2 seen here)
Faraheim,154,snow imp,1,47030,50753,1,19,matches CapnBry (1-2 seen here)
Faraheim,154,snow imp,1,45311,48667,0,19,no CapnBry sighting at this spot
Faraheim,154,boreal cockatrice,2,52969,43864,3,23,likely short: CapnBry saw 3 here
Faraheim,154,boreal cockatrice,1,54194,42230,3,23,likely short: CapnBry saw 3 here
Faraheim,154,boreal cockatrice,1,32618,53024,0,23,no CapnBry sighting at this spot
Faraheim,154,boreal cockatrice,1,42810,53085,3,23,likely short: CapnBry saw 3 here
Faraheim,154,boreal cockatrice,1,42272,54695,3,23,likely short: CapnBry saw 3 here
Faraheim,154,boreal cockatrice,1,32877,55363,0,23,no CapnBry sighting at this spot
Faraheim,154,boreal cockatrice,1,44727,54803,3,23,likely short: CapnBry saw 3 here
Faraheim,154,boreal cockatrice,1,44630,50937,3,23,likely short: CapnBry saw 3 here
Faraheim,154,boreal cockatrice,1,31237,54061,0,23,no CapnBry sighting at this spot
Faraheim,154,boreal cockatrice,1,45813,52162,3,23,likely short: CapnBry saw 3 here
Faraheim,154,frosty scuttlebug,1,46732,50832,4,19,likely short: CapnBry saw 4 here
Faraheim,154,frosty scuttlebug,1,51605,30034,3,19,likely short: CapnBry saw 3 here
Faraheim,154,frosty scuttlebug,1,49741,26072,1,19,matches CapnBry (1-2 seen here)
Faraheim,154,frosty scuttlebug,1,54249,41213,1,19,matches CapnBry (1-2 seen here)
Faraheim,154,frosty scuttlebug,1,52774,32584,3,19,likely short: CapnBry saw 3 here
Faraheim,154,frosty scuttlebug,1,52541,44289,2,19,matches CapnBry (1-2 seen here)
Faraheim,154,frosty scuttlebug,1,51534,47336,2,19,matches CapnBry (1-2 seen here)
Faraheim,154,frosty scuttlebug,1,56273,39489,0,19,no CapnBry sighting at this spot
Faraheim,154,frosty scuttlebug,1,52271,26631,3,19,likely short: CapnBry saw 3 here
Faraheim,154,frosty scuttlebug,1,48338,51580,4,19,likely short: CapnBry saw 4 here
Faraheim,154,frosty scuttlebug,1,49392,53435,4,19,likely short: CapnBry saw 4 here
Faraheim,154,frosty scuttlebug,1,48007,20490,1,19,matches CapnBry (1-2 seen here)
Faraheim,154,frosty scuttlebug,1,54714,44031,1,19,matches CapnBry (1-2 seen here)
Faraheim,154,frosty scuttlebug,1,51673,49463,4,19,likely short: CapnBry saw 4 here
Faraheim,154,frosty scuttlebug,1,54542,30702,3,19,likely short: CapnBry saw 3 here
Faraheim,154,frosty scuttlebug,1,46485,54179,4,19,likely short: CapnBry saw 4 here
Faraheim,154,frostbite wildling,1,26874,53115,0,15,no CapnBry sighting at this spot
Faraheim,154,frostbite wildling,2,44693,53452,2,15,matches CapnBry (1-2 seen here)
Faraheim,154,frostbite wildling,1,5771,44486,4,15,likely short: CapnBry saw 4 here
Faraheim,154,frostbite wildling,1,7663,41408,4,15,likely short: CapnBry saw 4 here
Faraheim,154,frostbite wildling,1,30031,52068,0,15,no CapnBry sighting at this spot
Faraheim,154,frostbite wildling,1,47948,52637,2,15,matches CapnBry (1-2 seen here)
Faraheim,154,sjoalf breaker,2,60537,46203,6,8,likely short: CapnBry saw 6 here
Faraheim,154,sjoalf breaker,2,60942,48408,6,8,likely short: CapnBry saw 6 here
Faraheim,154,crazed morvalt schamen,1,24387,56897,0,1,rare/named species (1-2 in whole zone)
Faraheim,154,nip mephit,1,29178,54176,3,12,likely short: CapnBry saw 3 here
Faraheim,154,nip mephit,1,28428,50578,3,12,likely short: CapnBry saw 3 here
Faraheim,154,nip mephit,1,33481,51345,0,12,no CapnBry sighting at this spot
Faraheim,154,nip mephit,1,32932,48969,0,12,no CapnBry sighting at this spot
Faraheim,154,nip mephit,1,26782,47973,0,12,no CapnBry sighting at this spot
Faraheim,154,nip mephit,1,25048,48593,0,12,no CapnBry sighting at this spot
Faraheim,154,nip mephit,1,28804,48230,0,12,no CapnBry sighting at this spot
Faraheim,154,nip mephit,1,30942,50412,0,12,no CapnBry sighting at this spot
Faraheim,154,nip mephit,1,25984,50583,3,12,likely short: CapnBry saw 3 here
Faraheim,154,nip mephit,1,22887,45152,0,12,no CapnBry sighting at this spot
Faraheim,154,nip mephit,1,34670,52666,0,12,no CapnBry sighting at this spot
Faraheim,154,nip mephit,1,30330,47197,0,12,no CapnBry sighting at this spot
Faraheim,154,white wolf,1,34058,55045,1,11,matches CapnBry (1-2 seen here)
Faraheim,154,white wolf,1,46317,51347,1,11,matches CapnBry (1-2 seen here)
Faraheim,154,white wolf,1,43579,50054,1,11,matches CapnBry (1-2 seen here)
Faraheim,154,white wolf,1,26546,53218,3,11,likely short: CapnBry saw 3 here
Faraheim,154,white wolf,1,44122,53780,1,11,matches CapnBry (1-2 seen here)
Faraheim,154,white wolf,1,46074,49320,1,11,matches CapnBry (1-2 seen here)
Faraheim,154,white wolf,1,25783,50524,3,11,likely short: CapnBry saw 3 here
Faraheim,154,white wolf,1,41235,52592,1,11,matches CapnBry (1-2 seen here)
Faraheim,154,white wolf,1,22360,51317,0,11,no CapnBry sighting at this spot
Faraheim,154,white wolf,1,28984,53351,3,11,likely short: CapnBry saw 3 here
Faraheim,154,white wolf,1,31903,55848,1,11,matches CapnBry (1-2 seen here)
Faraheim,154,chiseler,1,49367,41097,6,25,likely short: CapnBry saw 6 here
Faraheim,154,chiseler,2,47804,42042,6,25,likely short: CapnBry saw 6 here
Faraheim,154,chiseler,2,46411,40007,6,25,likely short: CapnBry saw 6 here
Faraheim,154,chiseler,1,52030,28639,1,25,matches CapnBry (1-2 seen here)
Faraheim,154,chiseler,2,49888,43119,6,25,likely short: CapnBry saw 6 here
Faraheim,154,chiseler,1,51960,43839,6,25,likely short: CapnBry saw 6 here
Faraheim,154,chiseler,1,53736,34456,1,25,matches CapnBry (1-2 seen here)
Faraheim,154,chiseler,1,52718,31166,1,25,matches CapnBry (1-2 seen here)
Faraheim,154,chiseler,1,50964,34604,1,25,matches CapnBry (1-2 seen here)
Faraheim,154,frosty colt,1,47240,52925,2,6,matches CapnBry (1-2 seen here)
Faraheim,154,frosty colt,2,47661,50662,3,6,likely short: CapnBry saw 3 here
Faraheim,154,trude,1,9834,9116,0,1,rare/named species (1-2 in whole zone)
Faraheim,154,fallen troll,2,3382,46718,1,4,matches CapnBry (1-2 seen here)
Faraheim,154,fallen troll,2,5057,46590,1,4,matches CapnBry (1-2 seen here)
Faraheim,154,unne,1,9506,9009,0,1,rare/named species (1-2 in whole zone)
Faraheim,154,uppsala,1,9752,8950,0,1,rare/named species (1-2 in whole zone)
Faraheim,154,gelid mass,1,54844,50264,1,2,matches CapnBry (1-2 seen here)
Faraheim,154,gelid mass,1,52679,51414,1,2,matches CapnBry (1-2 seen here)
Munin Sound,155,greater myling,1,54478,10845,0,18,no CapnBry sighting at this spot
Munin Sound,155,greater myling,2,50426,5601,0,18,no CapnBry sighting at this spot
Munin Sound,155,greater myling,1,48720,7708,0,18,no CapnBry sighting at this spot
Munin Sound,155,coral thing,1,44666,33785,8,63,likely short: CapnBry saw 8 here
Munin Sound,155,coral thing,1,28467,45971,4,63,likely short: CapnBry saw 4 here
Munin Sound,155,coral thing,2,47541,40400,11,63,likely short: CapnBry saw 11 here
Munin Sound,155,coral thing,1,34004,54193,0,63,no CapnBry sighting at this spot
Munin Sound,155,coral thing,1,36753,51672,0,63,no CapnBry sighting at this spot
Munin Sound,155,coral thing,1,27309,52464,2,63,matches CapnBry (1-2 seen here)
Munin Sound,155,coral thing,1,29188,49558,2,63,matches CapnBry (1-2 seen here)
Munin Sound,155,coral thing,1,29359,47517,11,63,likely short: CapnBry saw 11 here
Munin Sound,155,coral thing,1,36586,49455,0,63,no CapnBry sighting at this spot
Munin Sound,155,coral thing,2,49679,41113,4,63,likely short: CapnBry saw 4 here
Munin Sound,155,coral thing,1,30970,43557,11,63,likely short: CapnBry saw 11 here
Munin Sound,155,bobbing boobrie,1,28715,53114,0,55,no CapnBry sighting at this spot
Munin Sound,155,bobbing boobrie,2,31410,52878,0,55,no CapnBry sighting at this spot
Munin Sound,155,bobbing boobrie,2,28171,50672,2,55,matches CapnBry (1-2 seen here)
Munin Sound,155,bobbing boobrie,1,35393,51925,0,55,no CapnBry sighting at this spot
Munin Sound,155,bobbing boobrie,1,31436,56710,0,55,no CapnBry sighting at this spot
Munin Sound,155,bobbing boobrie,1,36130,46741,0,55,no CapnBry sighting at this spot
Munin Sound,155,bobbing boobrie,1,28749,47936,2,55,matches CapnBry (1-2 seen here)
Munin Sound,155,bobbing boobrie,1,29995,57845,0,55,no CapnBry sighting at this spot
Munin Sound,155,bobbing boobrie,1,27986,45780,2,55,matches CapnBry (1-2 seen here)
Munin Sound,155,water cat,1,33195,17527,1,49,matches CapnBry (1-2 seen here)
Munin Sound,155,water cat,1,23065,23137,4,49,likely short: CapnBry saw 4 here
Munin Sound,155,water cat,1,24177,25461,2,49,matches CapnBry (1-2 seen here)
Munin Sound,155,water cat,1,28772,21562,22,49,likely short: CapnBry saw 22 here
Munin Sound,155,water cat,1,33219,19046,1,49,matches CapnBry (1-2 seen here)
Munin Sound,155,sea skrat,2,5194,38055,0,51,no CapnBry sighting at this spot
Munin Sound,155,sea skrat,1,4801,34470,0,51,no CapnBry sighting at this spot
Munin Sound,155,sea skrat,2,8705,23527,0,51,no CapnBry sighting at this spot
Munin Sound,155,sea skrat,2,9662,26593,0,51,no CapnBry sighting at this spot
Munin Sound,155,sea skrat,1,7424,25763,0,51,no CapnBry sighting at this spot
Munin Sound,155,sea dauber,1,32490,49993,11,109,likely short: CapnBry saw 11 here
Munin Sound,155,sea dauber,1,30227,45511,4,109,likely short: CapnBry saw 4 here
Munin Sound,155,sea dauber,1,27823,53060,0,109,no CapnBry sighting at this spot
Munin Sound,155,sea dauber,2,28281,51022,2,109,matches CapnBry (1-2 seen here)
Munin Sound,155,sea dauber,1,31180,55120,11,109,likely short: CapnBry saw 11 here
Munin Sound,155,sea dauber,1,25238,57641,0,109,no CapnBry sighting at this spot
Munin Sound,155,sea dauber,1,47945,29232,5,109,likely short: CapnBry saw 5 here
Munin Sound,155,sea dauber,1,47531,27342,5,109,likely short: CapnBry saw 5 here
Munin Sound,155,sjoalf worshipper,1,48938,26817,0,81,no CapnBry sighting at this spot
Munin Sound,155,sjoalf worshipper,1,54824,44125,6,81,likely short: CapnBry saw 6 here
Munin Sound,155,sjoalf worshipper,2,57022,26540,10,81,likely short: CapnBry saw 10 here
Munin Sound,155,sjoalf worshipper,1,48251,31094,0,81,no CapnBry sighting at this spot
Munin Sound,155,sjoalf worshipper,2,50105,25025,0,81,no CapnBry sighting at this spot
Munin Sound,155,sjoalf worshipper,2,51931,25153,6,81,likely short: CapnBry saw 6 here
Munin Sound,155,sjoalf worshipper,1,48223,34866,7,81,likely short: CapnBry saw 7 here
Munin Sound,155,sjoalf worshipper,1,59821,41061,3,81,likely short: CapnBry saw 3 here
Munin Sound,155,sea spray,2,2767,23252,0,13,no CapnBry sighting at this spot
Munin Sound,155,sea spray,2,3200,25142,0,13,no CapnBry sighting at this spot
Munin Sound,155,sea spray,2,3992,33051,0,13,no CapnBry sighting at this spot
Munin Sound,155,mist menace,2,21375,48318,0,89,no CapnBry sighting at this spot
Munin Sound,155,mist menace,2,3068,49111,0,89,no CapnBry sighting at this spot
Munin Sound,155,washed-up skeleton,1,59555,55474,3,108,likely short: CapnBry saw 3 here
Munin Sound,155,washed-up skeleton,2,60926,55853,3,108,likely short: CapnBry saw 3 here
Munin Sound,155,ancestral skalklan,1,25835,56101,0,20,no CapnBry sighting at this spot
Munin Sound,155,young shale golem,1,31925,11912,6,37,likely short: CapnBry saw 6 here
Munin Sound,155,young shale golem,2,35050,9651,6,37,likely short: CapnBry saw 6 here
Munin Sound,155,young shale golem,2,33517,12345,6,37,likely short: CapnBry saw 6 here
Munin Sound,155,young shale golem,1,34205,8081,6,37,likely short: CapnBry saw 6 here
Munin Sound,155,young shale golem,2,41885,6722,1,37,matches CapnBry (1-2 seen here)
Munin Sound,155,young shale golem,1,32926,5984,0,37,no CapnBry sighting at this spot
Munin Sound,155,drowning victim,2,7236,37136,0,82,no CapnBry sighting at this spot
Munin Sound,155,drowning victim,1,9696,36379,0,82,no CapnBry sighting at this spot
Munin Sound,155,drowning victim,1,16642,5175,1,82,matches CapnBry (1-2 seen here)
Munin Sound,155,predacious mushroom,2,3001,20159,0,8,no CapnBry sighting at this spot
Munin Sound,155,predacious mushroom,1,3281,26738,0,8,no CapnBry sighting at this spot
Munin Sound,155,predacious mushroom,1,2801,29269,0,8,no CapnBry sighting at this spot
Munin Sound,155,fisher grip,2,35557,44223,1,95,matches CapnBry (1-2 seen here)
Munin Sound,155,fisher grip,1,38904,47316,3,95,likely short: CapnBry saw 3 here
Munin Sound,155,fisher grip,1,55698,16357,17,95,likely short: CapnBry saw 17 here
Munin Sound,155,fisher grip,2,40848,48158,3,95,likely short: CapnBry saw 3 here
Munin Sound,155,fisher grip,1,33642,42828,0,95,no CapnBry sighting at this spot
Munin Sound,155,fisher grip,1,37874,45733,3,95,likely short: CapnBry saw 3 here
Munin Sound,155,fisher grip,1,41976,50610,3,95,likely short: CapnBry saw 3 here
Munin Sound,155,fisher grip,2,45514,44461,1,95,matches CapnBry (1-2 seen here)
Munin Sound,155,fisher grip,1,48763,22524,1,95,matches CapnBry (1-2 seen here)
Munin Sound,155,fisher grip,1,52330,24118,0,95,no CapnBry sighting at this spot
Munin Sound,155,fisher grip,1,39903,57934,3,95,likely short: CapnBry saw 3 here
Munin Sound,155,fisher grip,1,32085,39382,0,95,no CapnBry sighting at this spot
Munin Sound,155,fisher grip,1,47843,47483,0,95,no CapnBry sighting at this spot
Munin Sound,155,fisher grip,1,29185,59502,0,95,no CapnBry sighting at this spot
Munin Sound,155,fisher grip,2,39699,59800,3,95,likely short: CapnBry saw 3 here
Munin Sound,155,fisher grip,1,34480,57140,0,95,no CapnBry sighting at this spot
Munin Sound,155,fisher grip,1,41256,62441,3,95,likely short: CapnBry saw 3 here
Munin Sound,155,fisher grip,1,41760,41284,1,95,matches CapnBry (1-2 seen here)
Munin Sound,155,fisher grip,1,55317,23074,2,95,matches CapnBry (1-2 seen here)
Munin Sound,155,fisher grip,1,37741,56747,3,95,likely short: CapnBry saw 3 here
Munin Sound,155,fisher grip,1,52178,20009,2,95,matches CapnBry (1-2 seen here)
Munin Sound,155,sjoalf sacrificer,2,53374,60888,8,32,likely short: CapnBry saw 8 here
Munin Sound,155,sjoalf sacrificer,2,54887,61878,0,32,no CapnBry sighting at this spot
Munin Sound,155,sjoalf sacrificer,2,60155,60070,0,32,no CapnBry sighting at this spot
Munin Sound,155,shale golem,1,19393,47205,0,103,no CapnBry sighting at this spot
Munin Sound,155,shale golem,1,32610,13990,20,103,likely short: CapnBry saw 20 here
Munin Sound,155,shale golem,1,34882,4535,0,103,no CapnBry sighting at this spot
Munin Sound,155,tidal grip,1,26572,18683,21,81,likely short: CapnBry saw 21 here
Munin Sound,155,tidal grip,1,17621,58897,0,81,no CapnBry sighting at this spot
Munin Sound,155,tidal grip,1,13698,56937,0,81,no CapnBry sighting at this spot
Munin Sound,155,tidal grip,1,24435,55702,0,81,no CapnBry sighting at this spot
Munin Sound,155,tidal grip,1,33229,40912,0,81,no CapnBry sighting at this spot
Munin Sound,155,tidal grip,1,21588,47301,0,81,no CapnBry sighting at this spot
Munin Sound,155,tidal grip,1,21064,8413,1,81,matches CapnBry (1-2 seen here)
Munin Sound,155,tidal grip,1,26335,34855,0,81,no CapnBry sighting at this spot
Munin Sound,155,tidal grip,2,17347,54399,0,81,no CapnBry sighting at this spot
Munin Sound,155,tidal grip,1,21918,54694,0,81,no CapnBry sighting at this spot
Munin Sound,155,tidal grip,1,23968,45669,0,81,no CapnBry sighting at this spot
Munin Sound,155,young scimitar cat,1,9663,12875,3,29,likely short: CapnBry saw 3 here
Munin Sound,155,young scimitar cat,1,8346,9275,3,29,likely short: CapnBry saw 3 here
Munin Sound,155,young scimitar cat,1,7072,10921,3,29,likely short: CapnBry saw 3 here
Munin Sound,155,wading boobrie,1,25901,32094,0,53,no CapnBry sighting at this spot
Munin Sound,155,sjoalf purifier,1,52153,56030,4,20,likely short: CapnBry saw 4 here
Munin Sound,155,sjoalf purifier,1,55208,55939,4,20,likely short: CapnBry saw 4 here
Munin Sound,155,sjoalf purifier,2,56814,57268,4,20,likely short: CapnBry saw 4 here
Munin Sound,155,sjoalf purifier,1,55438,62249,0,20,no CapnBry sighting at this spot
Munin Sound,155,sjoalf purifier,1,59221,60296,0,20,no CapnBry sighting at this spot
Munin Sound,155,sjoalf purifier,1,53280,60309,4,20,likely short: CapnBry saw 4 here
Munin Sound,155,sjoalf purifier,2,50052,59362,4,20,likely short: CapnBry saw 4 here
Munin Sound,155,sjoalf purifier,2,57903,59267,3,20,likely short: CapnBry saw 3 here
Munin Sound,155,scimitar cat,2,10428,15294,2,24,matches CapnBry (1-2 seen here)
Munin Sound,155,scimitar cat,1,11917,17865,0,24,no CapnBry sighting at this spot
Munin Sound,155,sjoalf ritualist,1,55467,39050,5,14,likely short: CapnBry saw 5 here
Munin Sound,155,sjoalf ritualist,1,60313,38478,6,14,likely short: CapnBry saw 6 here
Munin Sound,155,sjoalf ritualist,1,61675,39984,6,14,likely short: CapnBry saw 6 here
Munin Sound,155,sjoalf ritualist,1,53287,34154,5,14,likely short: CapnBry saw 5 here
Munin Sound,155,sjoalf ritualist,1,54051,37577,5,14,likely short: CapnBry saw 5 here
Munin Sound,155,mygga,1,12216,769,8,8,likely short: CapnBry saw 8 here
Munin Sound,155,little greeber,1,46859,17491,16,65,likely short: CapnBry saw 16 here
Munin Sound,155,sjoalf disciple,1,54400,42341,4,32,likely short: CapnBry saw 4 here
Munin Sound,155,sjoalf disciple,1,53008,40113,1,32,matches CapnBry (1-2 seen here)
Munin Sound,155,sjoalf disciple,2,56631,42821,4,32,likely short: CapnBry saw 4 here
Munin Sound,155,sjoalf disciple,1,54760,43924,4,32,likely short: CapnBry saw 4 here
Munin Sound,155,sjoalf disciple,1,55659,41417,4,32,likely short: CapnBry saw 4 here
Munin Sound,155,sjoalf disciple,1,58740,43393,4,32,likely short: CapnBry saw 4 here
Munin Sound,155,ulif,1,35328,17898,0,1,rare/named species (1-2 in whole zone)
Munin Sound,155,ingester,2,30266,55092,3,86,likely short: CapnBry saw 3 here
Munin Sound,155,ingester,1,33376,51757,11,86,likely short: CapnBry saw 11 here
Munin Sound,155,ingester,2,33805,45526,18,86,likely short: CapnBry saw 18 here
Munin Sound,155,ingester,2,27195,51490,0,86,no CapnBry sighting at this spot
Munin Sound,155,ingester,1,31317,51992,6,86,likely short: CapnBry saw 6 here
Munin Sound,155,ingester,1,31424,53631,3,86,likely short: CapnBry saw 3 here
Munin Sound,155,ingester,1,27497,46765,0,86,no CapnBry sighting at this spot
Munin Sound,155,marine skrat,1,53081,7682,3,18,likely short: CapnBry saw 3 here
Munin Sound,155,marine skrat,1,53911,10958,6,18,likely short: CapnBry saw 6 here
Munin Sound,155,marine skrat,1,52280,11647,6,18,likely short: CapnBry saw 6 here
Munin Sound,155,marine skrat,1,47949,7393,0,18,no CapnBry sighting at this spot
Munin Sound,155,marine skrat,1,47365,5717,0,18,no CapnBry sighting at this spot
Munin Sound,155,marine skrat,1,51053,8627,3,18,likely short: CapnBry saw 3 here
Munin Sound,155,marine skrat,1,49180,8347,3,18,likely short: CapnBry saw 3 here
Munin Sound,155,skalklan shellsplitter,2,35929,18537,2,9,matches CapnBry (1-2 seen here)
Munin Sound,155,edrigu,1,14899,23807,0,1,rare/named species (1-2 in whole zone)
Munin Sound,155,sjoalf cleanser,2,53606,34651,3,17,likely short: CapnBry saw 3 here
Munin Sound,155,sjoalf cleanser,1,51092,33044,3,17,likely short: CapnBry saw 3 here
Munin Sound,155,sjoalf cleanser,2,53282,31622,3,17,likely short: CapnBry saw 3 here
Munin Sound,155,sjoalf cleanser,1,51962,38528,2,17,matches CapnBry (1-2 seen here)
Munin Sound,155,skalklan trailfinder,1,52208,13914,0,3,no CapnBry sighting at this spot
Munin Sound,155,skalklan trailfinder,1,51043,15437,0,3,no CapnBry sighting at this spot
Munin Sound,155,skalklan trailfinder,1,15617,23285,0,3,no CapnBry sighting at this spot
Munin Sound,155,vanvettig djur,1,63336,12913,7,19,likely short: CapnBry saw 7 here
Munin Sound,155,vanvettig djur,1,63047,6677,2,19,matches CapnBry (1-2 seen here)
Munin Sound,155,ghirni,1,47869,38151,0,1,rare/named species (1-2 in whole zone)
Munin Sound,155,skalklan trailmaker,1,27507,24831,1,1,matches CapnBry (1-2 seen here)
Munin Sound,155,urtzi,1,58735,43398,0,1,rare/named species (1-2 in whole zone)
Munin Sound,155,sjoalf cultist,1,53116,27659,8,28,likely short: CapnBry saw 8 here
Iarnwood,156,etvarg dominator,1,14397,55614,4,82,likely short: CapnBry saw 4 here
Iarnwood,156,etvarg dominator,1,18591,59048,0,82,no CapnBry sighting at this spot
Iarnwood,156,etvarg dominator,1,26872,29708,0,82,no CapnBry sighting at this spot
Iarnwood,156,etvarg dominator,1,16184,56692,4,82,likely short: CapnBry saw 4 here
Iarnwood,156,etvarg dominator,1,18042,57279,0,82,no CapnBry sighting at this spot
Iarnwood,156,etvarg dominator,1,29044,29596,0,82,no CapnBry sighting at this spot
Iarnwood,156,etvarg dominator,1,20207,56657,4,82,likely short: CapnBry saw 4 here
Iarnwood,156,etvarg dominator,1,30168,50180,7,82,likely short: CapnBry saw 7 here
Iarnwood,156,etvarg dominator,1,25639,28663,0,82,no CapnBry sighting at this spot
Iarnwood,156,etvarg dominator,1,21722,59415,4,82,likely short: CapnBry saw 4 here
Iarnwood,156,etvarg dominator,2,11614,51348,4,82,likely short: CapnBry saw 4 here
Iarnwood,156,etvarg dominator,2,25931,54007,7,82,likely short: CapnBry saw 7 here
Iarnwood,156,etvarg dominator,2,21096,31446,4,82,likely short: CapnBry saw 4 here
Iarnwood,156,etvarg dominator,2,14383,53006,4,82,likely short: CapnBry saw 4 here
Iarnwood,156,etvarg dominator,2,17260,51618,4,82,likely short: CapnBry saw 4 here
Iarnwood,156,etvarg dominator,2,18040,29718,4,82,likely short: CapnBry saw 4 here
Iarnwood,156,wild redcap,1,22394,59156,0,100,no CapnBry sighting at this spot
Iarnwood,156,wild redcap,1,10427,44830,0,100,no CapnBry sighting at this spot
Iarnwood,156,wild redcap,1,53129,30317,3,100,likely short: CapnBry saw 3 here
Iarnwood,156,wild redcap,1,15356,33037,0,100,no CapnBry sighting at this spot
Iarnwood,156,wild redcap,2,10157,51506,0,100,no CapnBry sighting at this spot
Iarnwood,156,wild redcap,2,9644,46753,0,100,no CapnBry sighting at this spot
Iarnwood,156,wild redcap,1,53346,33816,0,100,no CapnBry sighting at this spot
Iarnwood,156,wild redcap,1,53765,25651,3,100,likely short: CapnBry saw 3 here
Iarnwood,156,wild redcap,1,17160,34754,0,100,no CapnBry sighting at this spot
Iarnwood,156,wild redcap,2,17758,59902,0,100,no CapnBry sighting at this spot
Iarnwood,156,wild redcap,1,51439,31990,0,100,no CapnBry sighting at this spot
Iarnwood,156,wild redcap,1,54273,27435,3,100,likely short: CapnBry saw 3 here
Iarnwood,156,wild redcap,1,9965,35077,0,100,no CapnBry sighting at this spot
Iarnwood,156,wild redcap,1,54411,31806,0,100,no CapnBry sighting at this spot
Iarnwood,156,wild redcap,1,51008,29152,3,100,likely short: CapnBry saw 3 here
Iarnwood,156,wild redcap,1,9070,42095,0,100,no CapnBry sighting at this spot
Iarnwood,156,wild redcap,1,20958,60996,0,100,no CapnBry sighting at this spot
Iarnwood,156,wild redcap,1,55756,27091,3,100,likely short: CapnBry saw 3 here
Iarnwood,156,wild redcap,2,6399,46857,0,100,no CapnBry sighting at this spot
Iarnwood,156,wild redcap,1,48335,23125,1,100,matches CapnBry (1-2 seen here)
Iarnwood,156,wild redcap,1,54056,21696,3,100,likely short: CapnBry saw 3 here
Iarnwood,156,wild redcap,1,60507,16654,3,100,likely short: CapnBry saw 3 here
Iarnwood,156,wild redcap,1,46114,24400,1,100,matches CapnBry (1-2 seen here)
Iarnwood,156,wild redcap,2,59376,15363,3,100,likely short: CapnBry saw 3 here
Iarnwood,156,wild redcap,1,7721,45433,0,100,no CapnBry sighting at this spot
Iarnwood,156,wild redcap,1,58598,25998,3,100,likely short: CapnBry saw 3 here
Iarnwood,156,wild redcap,1,59359,5686,5,100,likely short: CapnBry saw 5 here
Iarnwood,156,wild redcap,1,9081,49278,0,100,no CapnBry sighting at this spot
Iarnwood,156,wild redcap,1,11826,31759,0,100,no CapnBry sighting at this spot
Iarnwood,156,pulverizer,1,33419,37860,0,83,no CapnBry sighting at this spot
Iarnwood,156,pulverizer,1,19073,40899,0,83,no CapnBry sighting at this spot
Iarnwood,156,pulverizer,1,29172,48615,0,83,no CapnBry sighting at this spot
Iarnwood,156,pulverizer,2,20600,50922,0,83,no CapnBry sighting at this spot
Iarnwood,156,pulverizer,1,31152,46546,0,83,no CapnBry sighting at this spot
Iarnwood,156,pulverizer,1,11542,43606,0,83,no CapnBry sighting at this spot
Iarnwood,156,pulverizer,1,37077,43030,0,83,no CapnBry sighting at this spot
Iarnwood,156,pulverizer,1,38297,47088,0,83,no CapnBry sighting at this spot
Iarnwood,156,pulverizer,1,34420,41148,0,83,no CapnBry sighting at this spot
Iarnwood,156,pulverizer,1,32095,37132,0,83,no CapnBry sighting at this spot
Iarnwood,156,pulverizer,2,18091,39030,0,83,no CapnBry sighting at this spot
Iarnwood,156,pulverizer,1,33652,50324,0,83,no CapnBry sighting at this spot
Iarnwood,156,pulverizer,2,22568,49760,0,83,no CapnBry sighting at this spot
Iarnwood,156,pulverizer,1,25813,34834,0,83,no CapnBry sighting at this spot
Iarnwood,156,pulverizer,1,15289,41340,0,83,no CapnBry sighting at this spot
Iarnwood,156,pulverizer,1,15512,53150,0,83,no CapnBry sighting at this spot
Iarnwood,156,pulverizer,1,9774,44628,0,83,no CapnBry sighting at this spot
Iarnwood,156,pulverizer,1,26569,49616,0,83,no CapnBry sighting at this spot
Iarnwood,156,pulverizer,1,35325,45558,0,83,no CapnBry sighting at this spot
Iarnwood,156,pulverizer,1,38441,41580,0,83,no CapnBry sighting at this spot
Iarnwood,156,pulverizer,2,36266,59554,0,83,no CapnBry sighting at this spot
Iarnwood,156,pulverizer,1,13915,50076,0,83,no CapnBry sighting at this spot
Iarnwood,156,pulverizer,2,34607,57500,0,83,no CapnBry sighting at this spot
Iarnwood,156,pulverizer,1,36387,37776,0,83,no CapnBry sighting at this spot
Iarnwood,156,pulverizer,1,50522,46022,0,83,no CapnBry sighting at this spot
Iarnwood,156,pulverizer,1,50208,42565,0,83,no CapnBry sighting at this spot
Iarnwood,156,pulverizer,1,35212,51259,0,83,no CapnBry sighting at this spot
Iarnwood,156,pulverizer,1,9836,42368,0,83,no CapnBry sighting at this spot
Iarnwood,156,pulverizer,1,39656,51473,0,83,no CapnBry sighting at this spot
Iarnwood,156,pulverizer,1,23947,42927,0,83,no CapnBry sighting at this spot
Iarnwood,156,pulverizer,1,43548,50083,0,83,no CapnBry sighting at this spot
Iarnwood,156,pulverizer,1,25828,47044,0,83,no CapnBry sighting at this spot
Iarnwood,156,pulverizer,1,46154,54776,0,83,no CapnBry sighting at this spot
Iarnwood,156,pulverizer,1,51209,35685,0,83,no CapnBry sighting at this spot
Iarnwood,156,pulverizer,1,15975,46816,0,83,no CapnBry sighting at this spot
Iarnwood,156,pulverizer,1,16213,48853,0,83,no CapnBry sighting at this spot
Iarnwood,156,pulverizer,1,18764,36154,0,83,no CapnBry sighting at this spot
Iarnwood,156,pulverizer,1,44658,41729,0,83,no CapnBry sighting at this spot
Iarnwood,156,pulverizer,1,31268,49986,0,83,no CapnBry sighting at this spot
Iarnwood,156,pulverizer,1,43730,36679,0,83,no CapnBry sighting at this spot
Iarnwood,156,pulverizer,1,43493,52702,0,83,no CapnBry sighting at this spot
Iarnwood,156,pulverizer,1,31384,35614,0,83,no CapnBry sighting at this spot
Iarnwood,156,pulverizer,1,49660,32851,0,83,no CapnBry sighting at this spot
Iarnwood,156,pulverizer,1,48678,54757,0,83,no CapnBry sighting at this spot
Iarnwood,156,pulverizer,1,32318,43814,0,83,no CapnBry sighting at this spot
Iarnwood,156,pulverizer,2,14266,46545,0,83,no CapnBry sighting at this spot
Iarnwood,156,pulverizer,1,53063,36344,0,83,no CapnBry sighting at this spot
Iarnwood,156,pulverizer,1,55066,41239,0,83,no CapnBry sighting at this spot
Iarnwood,156,pulverizer,1,41219,55591,0,83,no CapnBry sighting at this spot
Iarnwood,156,pulverizer,1,21012,47038,0,83,no CapnBry sighting at this spot
Iarnwood,156,pulverizer,1,23768,40383,0,83,no CapnBry sighting at this spot
Iarnwood,156,griffolich,1,46736,59362,0,47,no CapnBry sighting at this spot
Iarnwood,156,griffolich,1,46001,61180,0,47,no CapnBry sighting at this spot
Iarnwood,156,griffolich,1,56624,49173,0,47,no CapnBry sighting at this spot
Iarnwood,156,griffolich,2,58542,50271,0,47,no CapnBry sighting at this spot
Iarnwood,156,griffolich,1,54226,59047,0,47,no CapnBry sighting at this spot
Iarnwood,156,griffolich,1,58192,54175,0,47,no CapnBry sighting at this spot
Iarnwood,156,griffolich,1,60115,58821,0,47,no CapnBry sighting at this spot
Iarnwood,156,griffolich,1,47541,60960,0,47,no CapnBry sighting at this spot
Iarnwood,156,griffolich,1,29771,45821,0,47,no CapnBry sighting at this spot
Iarnwood,156,griffolich,2,57435,47834,0,47,no CapnBry sighting at this spot
Iarnwood,156,griffolich,1,56257,57952,0,47,no CapnBry sighting at this spot
Iarnwood,156,griffolich,1,43917,41114,0,47,no CapnBry sighting at this spot
Iarnwood,156,griffolich,1,52128,29958,0,47,no CapnBry sighting at this spot
Iarnwood,156,griffolich,1,60826,52559,0,47,no CapnBry sighting at this spot
Iarnwood,156,griffolich,1,48396,33510,0,47,no CapnBry sighting at this spot
Iarnwood,156,griffolich,1,35374,56232,0,47,no CapnBry sighting at this spot
Iarnwood,156,griffolich,1,40676,42046,0,47,no CapnBry sighting at this spot
Iarnwood,156,griffolich,1,27163,46129,0,47,no CapnBry sighting at this spot
Iarnwood,156,griffolich,1,51745,59179,0,47,no CapnBry sighting at this spot
Iarnwood,156,spitter,1,40129,23855,2,34,matches CapnBry (1-2 seen here)
Iarnwood,156,spitter,1,51227,21047,0,34,no CapnBry sighting at this spot
Iarnwood,156,spitter,1,53690,19229,0,34,no CapnBry sighting at this spot
Iarnwood,156,spitter,2,36090,30369,3,34,likely short: CapnBry saw 3 here
Iarnwood,156,spitter,1,40783,25469,2,34,matches CapnBry (1-2 seen here)
Iarnwood,156,spitter,1,56497,25560,5,34,likely short: CapnBry saw 5 here
Iarnwood,156,spitter,1,29822,29337,2,34,matches CapnBry (1-2 seen here)
Iarnwood,156,spitter,1,32869,28772,2,34,matches CapnBry (1-2 seen here)
Iarnwood,156,spitter,1,50284,22941,2,34,matches CapnBry (1-2 seen here)
Iarnwood,156,spitter,1,41953,21398,2,34,matches CapnBry (1-2 seen here)
Iarnwood,156,spitter,1,57876,21165,5,34,likely short: CapnBry saw 5 here
Iarnwood,156,spitter,1,42524,23448,2,34,matches CapnBry (1-2 seen here)
Iarnwood,156,spitter,1,38204,26925,2,34,matches CapnBry (1-2 seen here)
Iarnwood,156,spitter,1,55618,27048,0,34,no CapnBry sighting at this spot
Iarnwood,156,spitter,1,46623,19943,0,34,no CapnBry sighting at this spot
Iarnwood,156,spitter,1,32188,32531,2,34,matches CapnBry (1-2 seen here)
Iarnwood,156,spitter,1,44016,21545,0,34,no CapnBry sighting at this spot
Iarnwood,156,spitter,1,60347,23638,5,34,likely short: CapnBry saw 5 here
Iarnwood,156,spitter,1,45973,21461,2,34,matches CapnBry (1-2 seen here)
Iarnwood,156,spitter,1,37069,32092,3,34,likely short: CapnBry saw 3 here
Iarnwood,156,spitter,1,46212,25397,2,34,matches CapnBry (1-2 seen here)
Iarnwood,156,spitter,1,48310,23952,2,34,matches CapnBry (1-2 seen here)
Iarnwood,156,spitter,1,29425,31794,2,34,matches CapnBry (1-2 seen here)
Iarnwood,156,spitter,1,34331,24987,0,34,no CapnBry sighting at this spot
Iarnwood,156,spitter,1,44799,26114,2,34,matches CapnBry (1-2 seen here)
Iarnwood,156,animus giant,2,59801,25819,0,104,no CapnBry sighting at this spot
Iarnwood,156,animus giant,2,46048,29084,0,104,no CapnBry sighting at this spot
Iarnwood,156,animus giant,1,55927,41211,0,104,no CapnBry sighting at this spot
Iarnwood,156,animus giant,2,47222,58902,0,104,no CapnBry sighting at this spot
Iarnwood,156,animus giant,1,55628,36674,0,104,no CapnBry sighting at this spot
Iarnwood,156,animus giant,1,47041,57090,0,104,no CapnBry sighting at this spot
Iarnwood,156,animus giant,1,58731,39959,0,104,no CapnBry sighting at this spot
Iarnwood,156,animus giant,1,33020,57136,0,104,no CapnBry sighting at this spot
Iarnwood,156,animus giant,2,39619,52561,0,104,no CapnBry sighting at this spot
Iarnwood,156,animus giant,1,44431,41652,0,104,no CapnBry sighting at this spot
Iarnwood,156,animus giant,1,39275,40472,0,104,no CapnBry sighting at this spot
Iarnwood,156,animus giant,1,55313,35197,0,104,no CapnBry sighting at this spot
Iarnwood,156,animus giant,1,42156,56033,0,104,no CapnBry sighting at this spot
Iarnwood,156,animus giant,1,40858,42325,0,104,no CapnBry sighting at this spot
Iarnwood,156,animus giant,1,43936,37680,0,104,no CapnBry sighting at this spot
Iarnwood,156,animus giant,1,35761,39251,0,104,no CapnBry sighting at this spot
Iarnwood,156,animus giant,1,48766,42786,0,104,no CapnBry sighting at this spot
Iarnwood,156,animus giant,1,35300,58881,0,104,no CapnBry sighting at this spot
Iarnwood,156,animus giant,1,51778,36915,0,104,no CapnBry sighting at this spot
Iarnwood,156,animus giant,1,31534,42065,0,104,no CapnBry sighting at this spot
Iarnwood,156,animus giant,2,44188,51314,0,104,no CapnBry sighting at this spot
Iarnwood,156,animus giant,1,45890,38750,0,104,no CapnBry sighting at this spot
Iarnwood,156,animus giant,2,52173,42784,0,104,no CapnBry sighting at this spot
Iarnwood,156,animus giant,1,56950,40073,0,104,no CapnBry sighting at this spot
Iarnwood,156,animus giant,1,28798,46711,0,104,no CapnBry sighting at this spot
Iarnwood,156,animus giant,1,40879,40495,0,104,no CapnBry sighting at this spot
Iarnwood,156,animus giant,1,42875,57654,0,104,no CapnBry sighting at this spot
Iarnwood,156,fengundar,1,39315,24880,0,80,no CapnBry sighting at this spot
Iarnwood,156,fengundar,1,34876,10844,3,80,likely short: CapnBry saw 3 here
Iarnwood,156,fengundar,1,17419,8311,5,80,likely short: CapnBry saw 5 here
Iarnwood,156,fengundar,2,18939,23363,7,80,likely short: CapnBry saw 7 here
Iarnwood,156,fengundar,1,19590,15949,7,80,likely short: CapnBry saw 7 here
Iarnwood,156,fengundar,2,33412,19773,1,80,matches CapnBry (1-2 seen here)
Iarnwood,156,fengundar,1,17368,10156,5,80,likely short: CapnBry saw 5 here
Iarnwood,156,fengundar,1,34062,23237,0,80,no CapnBry sighting at this spot
Iarnwood,156,fengundar,1,13908,20107,5,80,likely short: CapnBry saw 5 here
Iarnwood,156,fengundar,1,45907,17128,0,80,no CapnBry sighting at this spot
Iarnwood,156,fengundar,1,34998,14498,0,80,no CapnBry sighting at this spot
Iarnwood,156,fengundar,1,45123,12472,2,80,matches CapnBry (1-2 seen here)
Iarnwood,156,fengundar,1,37658,10002,3,80,likely short: CapnBry saw 3 here
Iarnwood,156,fengundar,1,46277,23206,0,80,no CapnBry sighting at this spot
Iarnwood,156,fengundar,1,11864,12334,5,80,likely short: CapnBry saw 5 here
Iarnwood,156,fengundar,1,21459,18271,7,80,likely short: CapnBry saw 7 here
Iarnwood,156,fengundar,2,36606,19458,1,80,matches CapnBry (1-2 seen here)
Iarnwood,156,fengundar,1,36143,23523,0,80,no CapnBry sighting at this spot
Iarnwood,156,fengundar,1,20383,21518,7,80,likely short: CapnBry saw 7 here
Iarnwood,156,fengundar,1,15083,8034,5,80,likely short: CapnBry saw 5 here
Iarnwood,156,fengundar,1,50981,17576,1,80,matches CapnBry (1-2 seen here)
Iarnwood,156,fengundar,1,52235,23271,0,80,no CapnBry sighting at this spot
Iarnwood,156,fengundar,2,17393,17176,7,80,likely short: CapnBry saw 7 here
Iarnwood,156,fengundar,1,40707,12562,2,80,matches CapnBry (1-2 seen here)
Iarnwood,156,fengundar,1,11640,17787,4,80,likely short: CapnBry saw 4 here
Iarnwood,156,fengundar,1,28223,30356,0,80,no CapnBry sighting at this spot
Iarnwood,156,fengundar,1,23412,8424,1,80,matches CapnBry (1-2 seen here)
Iarnwood,156,fengundar,1,20185,8576,2,80,matches CapnBry (1-2 seen here)
Iarnwood,156,fengundar,1,18446,13172,4,80,likely short: CapnBry saw 4 here
Iarnwood,156,fengundar,1,21681,16100,7,80,likely short: CapnBry saw 7 here
Iarnwood,156,fengundar,1,41954,10688,2,80,matches CapnBry (1-2 seen here)
Iarnwood,156,fengundar,1,12649,9921,5,80,likely short: CapnBry saw 5 here
Iarnwood,156,fengundar,1,34776,8722,3,80,likely short: CapnBry saw 3 here
Iarnwood,156,iarn dwarf,1,58742,7658,6,34,likely short: CapnBry saw 6 here
Iarnwood,156,fengundorm,1,20440,36437,0,49,no CapnBry sighting at this spot
Iarnwood,156,fengundorm,2,25945,55693,0,49,no CapnBry sighting at this spot
Iarnwood,156,fengundorm,1,21637,35063,0,49,no CapnBry sighting at this spot
Iarnwood,156,fengundorm,2,21764,52441,0,49,no CapnBry sighting at this spot
Iarnwood,156,fengundorm,1,20636,48591,0,49,no CapnBry sighting at this spot
Iarnwood,156,fengundorm,1,13882,48283,0,49,no CapnBry sighting at this spot
Iarnwood,156,fengundorm,2,21424,38202,0,49,no CapnBry sighting at this spot
Iarnwood,156,fengundorm,1,27499,55158,0,49,no CapnBry sighting at this spot
Iarnwood,156,fengundorm,2,17404,46294,0,49,no CapnBry sighting at this spot
Iarnwood,156,fengundorm,1,28013,53501,0,49,no CapnBry sighting at this spot
Iarnwood,156,fengundorm,1,22442,50894,0,49,no CapnBry sighting at this spot
Iarnwood,156,fengundorm,1,14606,42030,0,49,no CapnBry sighting at this spot
Iarnwood,156,fengundorm,1,15601,48159,0,49,no CapnBry sighting at this spot
Iarnwood,156,fengundorm,1,22087,44323,0,49,no CapnBry sighting at this spot
Iarnwood,156,fengundorm,2,16044,39913,0,49,no CapnBry sighting at this spot
Iarnwood,156,etvarg,2,26060,15129,4,51,likely short: CapnBry saw 4 here
Iarnwood,156,etvarg,1,42698,8737,2,51,matches CapnBry (1-2 seen here)
Iarnwood,156,etvarg,1,41497,11230,2,51,matches CapnBry (1-2 seen here)
Iarnwood,156,etvarg,1,10105,7758,2,51,matches CapnBry (1-2 seen here)
Iarnwood,156,etvarg,1,10470,4882,2,51,matches CapnBry (1-2 seen here)
Iarnwood,156,etvarg,1,44062,12826,1,51,matches CapnBry (1-2 seen here)
Iarnwood,156,etvarg,2,28371,16939,3,51,likely short: CapnBry saw 3 here
Iarnwood,156,etvarg,2,44468,10355,0,51,no CapnBry sighting at this spot
Iarnwood,156,etvarg,1,10024,10775,2,51,matches CapnBry (1-2 seen here)
Iarnwood,156,etvarg,1,8636,3840,2,51,matches CapnBry (1-2 seen here)
Iarnwood,156,etvarg,1,40596,8989,2,51,matches CapnBry (1-2 seen here)
Iarnwood,156,etvarg,2,7231,8185,2,51,matches CapnBry (1-2 seen here)
Iarnwood,156,etvarg,2,8608,10162,2,51,matches CapnBry (1-2 seen here)
Iarnwood,156,etvarg,1,23864,17826,4,51,likely short: CapnBry saw 4 here
Iarnwood,156,etvarg,1,10530,12353,0,51,no CapnBry sighting at this spot
Iarnwood,156,etvarg,1,8947,5926,2,51,matches CapnBry (1-2 seen here)
Iarnwood,156,etvarg,1,23444,16091,4,51,likely short: CapnBry saw 4 here
Iarnwood,156,etvarg,1,21721,14604,4,51,likely short: CapnBry saw 4 here
Iarnwood,156,etvarg,2,24330,13580,4,51,likely short: CapnBry saw 4 here
Iarnwood,156,etvarg,1,28462,15255,4,51,likely short: CapnBry saw 4 here
Iarnwood,156,etvarg,2,34269,11882,0,51,no CapnBry sighting at this spot
Iarnwood,156,etvarg,2,31330,9381,0,51,no CapnBry sighting at this spot
Iarnwood,156,etvarg,1,33840,9349,0,51,no CapnBry sighting at this spot
Iarnwood,156,petrifier,2,18319,11951,5,65,likely short: CapnBry saw 5 here
Iarnwood,156,petrifier,2,18889,16507,4,65,likely short: CapnBry saw 4 here
Iarnwood,156,petrifier,1,16917,21144,4,65,likely short: CapnBry saw 4 here
Iarnwood,156,petrifier,1,24601,19864,3,65,likely short: CapnBry saw 3 here
Iarnwood,156,petrifier,1,9869,9576,2,65,matches CapnBry (1-2 seen here)
Iarnwood,156,petrifier,1,20651,24219,6,65,likely short: CapnBry saw 6 here
Iarnwood,156,petrifier,1,20205,10763,5,65,likely short: CapnBry saw 5 here
Iarnwood,156,petrifier,2,19804,21564,4,65,likely short: CapnBry saw 4 here
Iarnwood,156,petrifier,1,14565,15685,4,65,likely short: CapnBry saw 4 here
Iarnwood,156,petrifier,1,24254,24999,6,65,likely short: CapnBry saw 6 here
Iarnwood,156,petrifier,1,16606,18329,4,65,likely short: CapnBry saw 4 here
Iarnwood,156,petrifier,1,11333,6958,7,65,likely short: CapnBry saw 7 here
Iarnwood,156,petrifier,2,11676,12522,7,65,likely short: CapnBry saw 7 here
Iarnwood,156,petrifier,1,21967,11241,5,65,likely short: CapnBry saw 5 here
Iarnwood,156,petrifier,1,25567,25925,6,65,likely short: CapnBry saw 6 here
Iarnwood,156,petrifier,1,26425,21900,4,65,likely short: CapnBry saw 4 here
Iarnwood,156,petrifier,1,20220,26803,6,65,likely short: CapnBry saw 6 here
Iarnwood,156,petrifier,2,25178,23109,6,65,likely short: CapnBry saw 6 here
Iarnwood,156,petrifier,2,20837,19344,3,65,likely short: CapnBry saw 3 here
Iarnwood,156,petrifier,1,19320,14585,4,65,likely short: CapnBry saw 4 here
Iarnwood,156,petrifier,1,13541,7354,7,65,likely short: CapnBry saw 7 here
Iarnwood,156,petrifier,1,21061,12539,5,65,likely short: CapnBry saw 5 here
Iarnwood,156,petrifier,1,7625,19169,0,65,no CapnBry sighting at this spot
Iarnwood,156,petrifier,1,18274,6151,5,65,likely short: CapnBry saw 5 here
Iarnwood,156,petrifier,2,23186,26999,6,65,likely short: CapnBry saw 6 here
Iarnwood,156,petrifier,2,37278,7038,2,65,matches CapnBry (1-2 seen here)
Iarnwood,156,petrifier,1,32191,11353,1,65,matches CapnBry (1-2 seen here)
Iarnwood,156,petrifier,1,8022,13441,1,65,matches CapnBry (1-2 seen here)
Iarnwood,156,petrifier,1,16786,13950,4,65,likely short: CapnBry saw 4 here
Iarnwood,156,petrifier,2,21683,16093,4,65,likely short: CapnBry saw 4 here
Iarnwood,156,petrifier,1,16783,4239,4,65,likely short: CapnBry saw 4 here
Iarnwood,156,petrifier,1,31250,13036,1,65,matches CapnBry (1-2 seen here)
Iarnwood,156,petrifier,1,15015,5994,7,65,likely short: CapnBry saw 7 here
Iarnwood,156,chaotic miasma,1,5629,24418,8,54,likely short: CapnBry saw 8 here
Iarnwood,156,chaotic miasma,2,6266,16483,7,54,likely short: CapnBry saw 7 here
Iarnwood,156,chaotic miasma,1,9774,21520,8,54,likely short: CapnBry saw 8 here
Iarnwood,156,chaotic miasma,1,3515,21515,8,54,likely short: CapnBry saw 8 here
Iarnwood,156,chaotic miasma,1,4747,22725,8,54,likely short: CapnBry saw 8 here
Iarnwood,156,giant greeber,1,41368,19807,3,49,likely short: CapnBry saw 3 here
Iarnwood,156,giant greeber,1,40640,23578,2,49,matches CapnBry (1-2 seen here)
Iarnwood,156,giant greeber,1,22702,24741,5,49,likely short: CapnBry saw 5 here
Iarnwood,156,giant greeber,2,26938,23743,5,49,likely short: CapnBry saw 5 here
Iarnwood,156,giant greeber,1,36975,23557,0,49,no CapnBry sighting at this spot
Iarnwood,156,giant greeber,1,27059,20412,5,49,likely short: CapnBry saw 5 here
Iarnwood,156,giant greeber,1,32906,26638,0,49,no CapnBry sighting at this spot
Iarnwood,156,giant greeber,1,44422,22333,0,49,no CapnBry sighting at this spot
Iarnwood,156,giant greeber,1,43642,14711,3,49,likely short: CapnBry saw 3 here
Iarnwood,156,giant greeber,1,37285,12494,1,49,matches CapnBry (1-2 seen here)
Iarnwood,156,giant greeber,1,38676,17771,3,49,likely short: CapnBry saw 3 here
Iarnwood,156,giant greeber,1,24234,26576,0,49,no CapnBry sighting at this spot
Iarnwood,156,giant greeber,1,39973,12530,2,49,matches CapnBry (1-2 seen here)
Iarnwood,156,giant greeber,2,23831,22987,5,49,likely short: CapnBry saw 5 here
Iarnwood,156,giant greeber,1,25449,21632,5,49,likely short: CapnBry saw 5 here
Iarnwood,156,giant greeber,1,44818,19032,3,49,likely short: CapnBry saw 3 here
Iarnwood,156,giant greeber,1,45557,13842,2,49,matches CapnBry (1-2 seen here)
Iarnwood,156,giant greeber,1,35732,14782,1,49,matches CapnBry (1-2 seen here)
Iarnwood,156,giant greeber,2,48719,19971,3,49,likely short: CapnBry saw 3 here
Iarnwood,156,giant greeber,1,43299,12492,2,49,matches CapnBry (1-2 seen here)
Iarnwood,156,giant greeber,1,48848,17891,3,49,likely short: CapnBry saw 3 here
Iarnwood,156,giant greeber,1,23476,21220,5,49,likely short: CapnBry saw 5 here
Iarnwood,156,giant greeber,1,37072,21123,2,49,matches CapnBry (1-2 seen here)
Iarnwood,156,giant greeber,1,22084,22203,5,49,likely short: CapnBry saw 5 here
Iarnwood,156,giant greeber,1,31047,19872,1,49,matches CapnBry (1-2 seen here)
Iarnwood,156,giant greeber,2,42616,17766,3,49,likely short: CapnBry saw 3 here
Iarnwood,156,giant greeber,1,44114,10927,2,49,matches CapnBry (1-2 seen here)
Iarnwood,156,giant greeber,2,24190,8554,5,49,likely short: CapnBry saw 5 here
Iarnwood,156,will sapper,1,34543,22502,0,36,no CapnBry sighting at this spot
Iarnwood,156,will sapper,1,51283,23489,0,36,no CapnBry sighting at this spot
Iarnwood,156,will sapper,1,41703,30296,0,36,no CapnBry sighting at this spot
Iarnwood,156,will sapper,1,36186,23916,0,36,no CapnBry sighting at this spot
Iarnwood,156,will sapper,1,39136,29413,0,36,no CapnBry sighting at this spot
Iarnwood,156,will sapper,2,43925,20327,0,36,no CapnBry sighting at this spot
Iarnwood,156,will sapper,1,31224,27058,0,36,no CapnBry sighting at this spot
Iarnwood,156,will sapper,1,46926,16256,0,36,no CapnBry sighting at this spot
Iarnwood,156,will sapper,1,46389,20561,0,36,no CapnBry sighting at this spot
Iarnwood,156,will sapper,1,39289,31896,0,36,no CapnBry sighting at this spot
Iarnwood,156,will sapper,1,46064,28112,0,36,no CapnBry sighting at this spot
Iarnwood,156,will sapper,1,42557,22568,0,36,no CapnBry sighting at this spot
Iarnwood,156,will sapper,1,41334,21130,0,36,no CapnBry sighting at this spot
Iarnwood,156,will sapper,1,39522,24594,0,36,no CapnBry sighting at this spot
Iarnwood,156,will sapper,1,29500,27829,0,36,no CapnBry sighting at this spot
Iarnwood,156,will sapper,2,30686,31378,0,36,no CapnBry sighting at this spot
Iarnwood,156,will sapper,2,37179,32951,0,36,no CapnBry sighting at this spot
Iarnwood,156,will sapper,1,28973,30138,0,36,no CapnBry sighting at this spot
Iarnwood,156,iarn dwarf hunter,1,56618,10364,6,22,likely short: CapnBry saw 6 here
Iarnwood,156,iarn dwarf hunter,1,52064,14234,3,22,likely short: CapnBry saw 3 here
Iarnwood,156,iarn dwarf hunter,1,55575,9259,6,22,likely short: CapnBry saw 6 here
Iarnwood,156,iarn dwarf hunter,2,52728,10027,6,22,likely short: CapnBry saw 6 here
Iarnwood,156,iarn dwarf hunter,1,49841,15819,3,22,likely short: CapnBry saw 3 here
Iarnwood,156,iarn dwarf hunter,1,49968,13269,3,22,likely short: CapnBry saw 3 here
Iarnwood,156,iarn dwarf hunter,1,57535,16705,5,22,likely short: CapnBry saw 5 here
Iarnwood,156,iarn dwarf hunter,2,54701,6724,6,22,likely short: CapnBry saw 6 here
Iarnwood,156,iarn dwarf hunter,1,53228,15563,5,22,likely short: CapnBry saw 5 here
Iarnwood,156,iarn dwarf hunter,1,58562,10678,6,22,likely short: CapnBry saw 6 here
Iarnwood,156,redcap cannibal,1,10389,32777,0,49,no CapnBry sighting at this spot
Iarnwood,156,redcap cannibal,2,7206,46845,0,49,no CapnBry sighting at this spot
Iarnwood,156,redcap cannibal,1,21291,59316,6,49,likely short: CapnBry saw 6 here
Iarnwood,156,redcap cannibal,1,18444,32854,0,49,no CapnBry sighting at this spot
Iarnwood,156,redcap cannibal,1,55025,27187,4,49,likely short: CapnBry saw 4 here
Iarnwood,156,redcap cannibal,1,58755,25165,4,49,likely short: CapnBry saw 4 here
Iarnwood,156,redcap cannibal,1,17734,54714,6,49,likely short: CapnBry saw 6 here
Iarnwood,156,redcap cannibal,2,13911,36883,4,49,likely short: CapnBry saw 4 here
Iarnwood,156,redcap cannibal,1,57097,30723,0,49,no CapnBry sighting at this spot
Iarnwood,156,redcap cannibal,1,57266,27641,4,49,likely short: CapnBry saw 4 here
Iarnwood,156,redcap cannibal,2,10653,35159,4,49,likely short: CapnBry saw 4 here
Iarnwood,156,redcap cannibal,1,15727,33494,4,49,likely short: CapnBry saw 4 here
Iarnwood,156,redcap cannibal,1,18883,34655,0,49,no CapnBry sighting at this spot
Iarnwood,156,redcap cannibal,1,22592,57266,6,49,likely short: CapnBry saw 6 here
Iarnwood,156,redcap cannibal,1,5439,47311,0,49,no CapnBry sighting at this spot
Iarnwood,156,redcap cannibal,1,53616,24215,1,49,matches CapnBry (1-2 seen here)
Iarnwood,156,redcap cannibal,1,8045,45096,0,49,no CapnBry sighting at this spot
Iarnwood,156,redcap cannibal,1,56697,25978,4,49,likely short: CapnBry saw 4 here
Iarnwood,156,redcap cannibal,1,10232,56160,3,49,likely short: CapnBry saw 3 here
Iarnwood,156,redcap cannibal,1,12543,32104,4,49,likely short: CapnBry saw 4 here
Iarnwood,156,redcap cannibal,1,6792,49890,0,49,no CapnBry sighting at this spot
Iarnwood,156,paralyzer,1,33335,32552,1,36,matches CapnBry (1-2 seen here)
Iarnwood,156,paralyzer,1,28235,13872,0,36,no CapnBry sighting at this spot
Iarnwood,156,paralyzer,1,49620,22501,0,36,no CapnBry sighting at this spot
Iarnwood,156,paralyzer,1,45134,22003,0,36,no CapnBry sighting at this spot
Iarnwood,156,paralyzer,1,32731,18966,1,36,matches CapnBry (1-2 seen here)
Iarnwood,156,paralyzer,1,34703,22366,2,36,matches CapnBry (1-2 seen here)
Iarnwood,156,paralyzer,1,32284,26935,2,36,matches CapnBry (1-2 seen here)
Iarnwood,156,paralyzer,1,25040,13026,1,36,matches CapnBry (1-2 seen here)
Iarnwood,156,paralyzer,2,31024,31949,0,36,no CapnBry sighting at this spot
Iarnwood,156,paralyzer,1,51252,22306,0,36,no CapnBry sighting at this spot
Iarnwood,156,paralyzer,1,46225,19314,1,36,matches CapnBry (1-2 seen here)
Iarnwood,156,paralyzer,1,38224,13476,0,36,no CapnBry sighting at this spot
Iarnwood,156,paralyzer,1,40058,15201,1,36,matches CapnBry (1-2 seen here)
Iarnwood,156,paralyzer,1,33781,14969,0,36,no CapnBry sighting at this spot
Iarnwood,156,paralyzer,1,38206,21169,2,36,matches CapnBry (1-2 seen here)
Iarnwood,156,paralyzer,1,49440,25358,0,36,no CapnBry sighting at this spot
Iarnwood,156,paralyzer,1,37148,25960,0,36,no CapnBry sighting at this spot
Iarnwood,156,paralyzer,1,28008,27827,2,36,matches CapnBry (1-2 seen here)
Iarnwood,156,paralyzer,1,36491,23377,2,36,matches CapnBry (1-2 seen here)
Iarnwood,156,paralyzer,1,41221,20911,2,36,matches CapnBry (1-2 seen here)
Iarnwood,156,paralyzer,1,47347,20648,1,36,matches CapnBry (1-2 seen here)
Iarnwood,156,paralyzer,1,34611,17401,1,36,matches CapnBry (1-2 seen here)
Iarnwood,156,paralyzer,1,29241,23923,2,36,matches CapnBry (1-2 seen here)
Iarnwood,156,paralyzer,1,30938,23163,2,36,matches CapnBry (1-2 seen here)
Iarnwood,156,paralyzer,1,36096,32308,1,36,matches CapnBry (1-2 seen here)
Iarnwood,156,paralyzer,1,37819,18699,2,36,matches CapnBry (1-2 seen here)
Iarnwood,156,paralyzer,1,30224,29161,2,36,matches CapnBry (1-2 seen here)
Iarnwood,156,paralyzer,1,34775,25175,2,36,matches CapnBry (1-2 seen here)
Iarnwood,156,paralyzer,2,48484,18666,1,36,matches CapnBry (1-2 seen here)
Iarnwood,156,paralyzer,1,43247,12313,1,36,matches CapnBry (1-2 seen here)
Iarnwood,156,paralyzer,1,48010,16548,1,36,matches CapnBry (1-2 seen here)
Iarnwood,156,paralyzer,1,33100,24889,2,36,matches CapnBry (1-2 seen here)
Iarnwood,156,paralyzer,1,41961,16461,2,36,matches CapnBry (1-2 seen here)
Iarnwood,156,paralyzer,1,43558,18077,2,36,matches CapnBry (1-2 seen here)
Iarnwood,156,iarn dwarf huntress,1,49651,14469,0,3,no CapnBry sighting at this spot
Iarnwood,156,iarn dwarf huntress,1,58580,10262,0,3,no CapnBry sighting at this spot
Iarnwood,156,iarn dwarf huntress,1,52292,16026,0,3,no CapnBry sighting at this spot
Iarnwood,156,vasrem,1,58015,56538,0,1,rare/named species (1-2 in whole zone)
Iarnwood,156,rancoradra,1,43274,16364,3,45,likely short: CapnBry saw 3 here
Iarnwood,156,rancoradra,2,37966,14658,3,45,likely short: CapnBry saw 3 here
Iarnwood,156,rancoradra,1,38971,17057,3,45,likely short: CapnBry saw 3 here
Iarnwood,156,rancoradra,1,43891,12651,3,45,likely short: CapnBry saw 3 here
Iarnwood,156,rancoradra,1,22402,8023,7,45,likely short: CapnBry saw 7 here
Iarnwood,156,rancoradra,1,44978,15012,3,45,likely short: CapnBry saw 3 here
Iarnwood,156,rancoradra,1,35208,15271,3,45,likely short: CapnBry saw 3 here
Iarnwood,156,rancoradra,1,32471,15556,2,45,matches CapnBry (1-2 seen here)
Iarnwood,156,rancoradra,1,28540,13627,0,45,no CapnBry sighting at this spot
Iarnwood,156,rancoradra,1,31708,17521,2,45,matches CapnBry (1-2 seen here)
Iarnwood,156,rancoradra,1,30937,15228,2,45,matches CapnBry (1-2 seen here)
Iarnwood,156,rancoradra,1,40224,13062,3,45,likely short: CapnBry saw 3 here
Iarnwood,156,rancoradra,2,27954,23135,2,45,matches CapnBry (1-2 seen here)
Iarnwood,156,rancoradra,1,49314,18103,0,45,no CapnBry sighting at this spot
Iarnwood,156,rancoradra,1,30797,19286,2,45,matches CapnBry (1-2 seen here)
Iarnwood,156,rancoradra,1,41839,19208,3,45,likely short: CapnBry saw 3 here
Iarnwood,156,rancoradra,1,41904,9900,0,45,no CapnBry sighting at this spot
Iarnwood,156,spectral render,1,52212,55083,0,2,rare/named species (1-2 in whole zone)
Iarnwood,156,spectral render,1,55615,52273,0,2,rare/named species (1-2 in whole zone)
Iarnwood,156,masher,1,21991,51312,0,1,rare/named species (1-2 in whole zone)
Iarnwood,156,chief tarek,1,52328,11225,0,1,rare/named species (1-2 in whole zone)
Iarnwood,156,syn,1,54254,9674,0,1,rare/named species (1-2 in whole zone)
Iarnwood,156,koli,1,6384,28317,0,1,rare/named species (1-2 in whole zone)
Iarnwood,156,aage,1,54871,9609,0,1,rare/named species (1-2 in whole zone)
Iarnwood,156,unok,1,9456,56962,0,1,rare/named species (1-2 in whole zone)
Iarnwood,156,sariloc,1,14480,22941,0,1,rare/named species (1-2 in whole zone)
Iarnwood,156,forest skrat,1,10903,53,0,3,no CapnBry sighting at this spot
Iarnwood,156,forest skrat,2,9281,720,0,3,no CapnBry sighting at this spot
Modernagrav,158,skadedjur,2,52720,51075,2,157,matches CapnBry (1-2 seen here)
Modernagrav,158,skadedjur,1,48577,50645,6,157,likely short: CapnBry saw 6 here
Modernagrav,158,skadedjur,2,53142,36324,5,157,likely short: CapnBry saw 5 here
Modernagrav,158,skadedjur,1,53794,47249,3,157,likely short: CapnBry saw 3 here
Modernagrav,158,skadedjur,2,55635,45193,3,157,likely short: CapnBry saw 3 here
Modernagrav,158,skadedjur,1,50384,50430,6,157,likely short: CapnBry saw 6 here
Modernagrav,158,skadedjur,1,50321,45759,4,157,likely short: CapnBry saw 4 here
Modernagrav,158,skadedjur,1,40898,53113,5,157,likely short: CapnBry saw 5 here
Modernagrav,158,skadedjur,1,21255,42166,7,157,likely short: CapnBry saw 7 here
Modernagrav,158,skadedjur,1,19020,46814,7,157,likely short: CapnBry saw 7 here
Modernagrav,158,skadedjur,1,51480,39413,5,157,likely short: CapnBry saw 5 here
Modernagrav,158,skadedjur,1,55462,49275,2,157,matches CapnBry (1-2 seen here)
Modernagrav,158,skadedjur,1,53129,44739,3,157,likely short: CapnBry saw 3 here
Modernagrav,158,skadedjur,1,54526,51872,2,157,matches CapnBry (1-2 seen here)
Modernagrav,158,skadedjur,1,52565,42851,5,157,likely short: CapnBry saw 5 here
Modernagrav,158,fengarus,1,46644,18573,0,77,no CapnBry sighting at this spot
Modernagrav,158,fengarus,1,47535,14083,0,77,no CapnBry sighting at this spot
Modernagrav,158,fengarus,1,49712,12193,0,77,no CapnBry sighting at this spot
Modernagrav,158,fengarus,1,45200,12833,0,77,no CapnBry sighting at this spot
Modernagrav,158,fengarus,1,41725,19570,0,77,no CapnBry sighting at this spot
Modernagrav,158,fengarus,1,43639,19141,0,77,no CapnBry sighting at this spot
Modernagrav,158,fengarus,1,41678,11594,0,77,no CapnBry sighting at this spot
Modernagrav,158,fengarus,1,48555,16017,0,77,no CapnBry sighting at this spot
Modernagrav,158,fengarus,1,43658,16954,0,77,no CapnBry sighting at this spot
Modernagrav,158,fengarus,1,41190,17421,0,77,no CapnBry sighting at this spot
Modernagrav,158,fengarus,2,41094,14179,0,77,no CapnBry sighting at this spot
Modernagrav,158,fengarus,2,36423,10839,0,77,no CapnBry sighting at this spot
Modernagrav,158,fengarus,1,39563,16772,0,77,no CapnBry sighting at this spot
Modernagrav,158,fengarus,2,58131,34830,0,77,no CapnBry sighting at this spot
Modernagrav,158,fengarus,2,52308,29137,0,77,no CapnBry sighting at this spot
Modernagrav,158,fengarus,1,51524,11730,0,77,no CapnBry sighting at this spot
Modernagrav,158,fengarus,1,57397,32895,0,77,no CapnBry sighting at this spot
Modernagrav,158,fengarus,1,48724,17561,0,77,no CapnBry sighting at this spot
Modernagrav,158,fengarus,1,54203,35883,0,77,no CapnBry sighting at this spot
Modernagrav,158,fengarus,1,50882,27979,0,77,no CapnBry sighting at this spot
Modernagrav,158,redcap vandrare,1,32934,54750,0,51,no CapnBry sighting at this spot
Modernagrav,158,redcap vandrare,1,25016,53861,0,51,no CapnBry sighting at this spot
Modernagrav,158,redcap vandrare,1,25575,51574,0,51,no CapnBry sighting at this spot
Modernagrav,158,redcap vandrare,1,32217,52532,0,51,no CapnBry sighting at this spot
Modernagrav,158,redcap vandrare,2,31116,54516,0,51,no CapnBry sighting at this spot
Modernagrav,158,redcap bestigar,1,29212,55663,0,112,no CapnBry sighting at this spot
Modernagrav,158,redcap bestigar,1,52916,59142,0,112,no CapnBry sighting at this spot
Modernagrav,158,spectral snake,1,40889,37169,1,41,matches CapnBry (1-2 seen here)
Modernagrav,158,spectral snake,1,42317,39255,1,41,matches CapnBry (1-2 seen here)
Modernagrav,158,spectral snake,1,42905,44091,3,41,likely short: CapnBry saw 3 here
Modernagrav,158,spectral snake,1,36843,42958,4,41,likely short: CapnBry saw 4 here
Modernagrav,158,spectral snake,1,34147,47430,0,41,no CapnBry sighting at this spot
Modernagrav,158,spectral snake,1,38188,44721,4,41,likely short: CapnBry saw 4 here
Modernagrav,158,spectral snake,1,44686,41237,1,41,matches CapnBry (1-2 seen here)
Modernagrav,158,spectral snake,1,45616,38618,1,41,matches CapnBry (1-2 seen here)
Modernagrav,158,spectral snake,1,37961,23902,3,41,likely short: CapnBry saw 3 here
Modernagrav,158,spectral snake,2,36474,40108,2,41,matches CapnBry (1-2 seen here)
Modernagrav,158,spectral snake,2,37175,46847,4,41,likely short: CapnBry saw 4 here
Modernagrav,158,spectral snake,2,56966,6841,3,41,likely short: CapnBry saw 3 here
Modernagrav,158,spectral snake,1,41825,41642,1,41,matches CapnBry (1-2 seen here)
Modernagrav,158,morvalt utforska,1,29092,14941,11,56,likely short: CapnBry saw 11 here
Modernagrav,158,morvalt utforska,1,29360,16866,0,56,no CapnBry sighting at this spot
Modernagrav,158,morvalt utforska,1,22793,7294,7,56,likely short: CapnBry saw 7 here
Modernagrav,158,morvalt utforska,2,25777,18680,0,56,no CapnBry sighting at this spot
Modernagrav,158,morvalt utforska,1,20875,18101,16,56,likely short: CapnBry saw 16 here
Modernagrav,158,morvalt utforska,1,23250,19231,0,56,no CapnBry sighting at this spot
Modernagrav,158,morvalt utforska,1,22685,17834,16,56,likely short: CapnBry saw 16 here
Modernagrav,158,morvalt utforska,1,28265,11754,11,56,likely short: CapnBry saw 11 here
Modernagrav,158,morvalt utforska,1,26284,8988,7,56,likely short: CapnBry saw 7 here
Modernagrav,158,morvalt utforska,1,15657,13305,5,56,likely short: CapnBry saw 5 here
Modernagrav,158,reanimated howler,1,28829,32132,0,39,no CapnBry sighting at this spot
Modernagrav,158,reanimated howler,1,38757,33097,0,39,no CapnBry sighting at this spot
Modernagrav,158,reanimated howler,1,42517,29786,0,39,no CapnBry sighting at this spot
Modernagrav,158,reanimated howler,1,38124,29232,0,39,no CapnBry sighting at this spot
Modernagrav,158,reanimated howler,1,37601,25032,0,39,no CapnBry sighting at this spot
Modernagrav,158,reanimated howler,1,34013,40362,0,39,no CapnBry sighting at this spot
Modernagrav,158,reanimated howler,1,41730,32485,0,39,no CapnBry sighting at this spot
Modernagrav,158,reanimated howler,1,34461,28433,0,39,no CapnBry sighting at this spot
Modernagrav,158,reanimated howler,1,32511,29800,0,39,no CapnBry sighting at this spot
Modernagrav,158,reanimated howler,1,39229,30776,0,39,no CapnBry sighting at this spot
Modernagrav,158,reanimated howler,1,35383,36030,0,39,no CapnBry sighting at this spot
Modernagrav,158,reanimated howler,1,29800,29413,0,39,no CapnBry sighting at this spot
Modernagrav,158,reanimated howler,1,44043,27646,0,39,no CapnBry sighting at this spot
Modernagrav,158,reanimated howler,1,41494,43662,0,39,no CapnBry sighting at this spot
Modernagrav,158,reanimated howler,1,37241,31350,0,39,no CapnBry sighting at this spot
Modernagrav,158,reanimated howler,1,35748,43913,0,39,no CapnBry sighting at this spot
Modernagrav,158,reanimated howler,1,32598,27974,0,39,no CapnBry sighting at this spot
Modernagrav,158,spectral feline,1,34881,21603,0,72,no CapnBry sighting at this spot
Modernagrav,158,spectral feline,1,45700,40448,0,72,no CapnBry sighting at this spot
Modernagrav,158,spectral feline,1,33187,21316,0,72,no CapnBry sighting at this spot
Modernagrav,158,spectral feline,1,27228,39038,0,72,no CapnBry sighting at this spot
Modernagrav,158,spectral feline,1,37979,41334,0,72,no CapnBry sighting at this spot
Modernagrav,158,spectral feline,1,35565,28762,0,72,no CapnBry sighting at this spot
Modernagrav,158,spectral feline,1,29769,41301,0,72,no CapnBry sighting at this spot
Modernagrav,158,spectral feline,1,33650,30690,0,72,no CapnBry sighting at this spot
Modernagrav,158,spectral feline,1,35626,37019,0,72,no CapnBry sighting at this spot
Modernagrav,158,spectral feline,1,41339,34044,0,72,no CapnBry sighting at this spot
Modernagrav,158,spectral feline,1,39115,47180,0,72,no CapnBry sighting at this spot
Modernagrav,158,spectral feline,1,34122,35090,0,72,no CapnBry sighting at this spot
Modernagrav,158,spectral feline,1,31840,42147,0,72,no CapnBry sighting at this spot
Modernagrav,158,spectral feline,2,39957,39957,0,72,no CapnBry sighting at this spot
Modernagrav,158,spectral feline,1,43177,33442,0,72,no CapnBry sighting at this spot
Modernagrav,158,spectral feline,1,40822,41360,0,72,no CapnBry sighting at this spot
Modernagrav,158,spectral feline,1,38135,44377,0,72,no CapnBry sighting at this spot
Modernagrav,158,spectral feline,1,44566,41904,0,72,no CapnBry sighting at this spot
Modernagrav,158,spectral feline,1,36404,23085,0,72,no CapnBry sighting at this spot
Modernagrav,158,spectral feline,2,41992,31055,0,72,no CapnBry sighting at this spot
Modernagrav,158,spectral feline,2,38008,35556,0,72,no CapnBry sighting at this spot
Modernagrav,158,spectral feline,2,38795,28326,0,72,no CapnBry sighting at this spot
Modernagrav,158,spectral feline,1,33150,26584,0,72,no CapnBry sighting at this spot
Modernagrav,158,spectral feline,1,30449,39731,0,72,no CapnBry sighting at this spot
Modernagrav,158,spectral feline,1,44128,40353,0,72,no CapnBry sighting at this spot
Modernagrav,158,spectral feline,1,42504,29050,0,72,no CapnBry sighting at this spot
Modernagrav,158,spectral feline,2,38395,38769,0,72,no CapnBry sighting at this spot
Modernagrav,158,spectral feline,1,30089,25321,0,72,no CapnBry sighting at this spot
Modernagrav,158,spectral feline,1,33652,36751,0,72,no CapnBry sighting at this spot
Modernagrav,158,howler,1,36522,42028,3,73,likely short: CapnBry saw 3 here
Modernagrav,158,howler,1,36743,38532,3,73,likely short: CapnBry saw 3 here
Modernagrav,158,howler,2,38476,45429,2,73,matches CapnBry (1-2 seen here)
Modernagrav,158,howler,1,41277,33125,2,73,matches CapnBry (1-2 seen here)
Modernagrav,158,howler,1,37959,40194,3,73,likely short: CapnBry saw 3 here
Modernagrav,158,howler,1,35908,48539,2,73,matches CapnBry (1-2 seen here)
Modernagrav,158,howler,1,44366,41697,5,73,likely short: CapnBry saw 5 here
Modernagrav,158,howler,2,37697,46972,2,73,matches CapnBry (1-2 seen here)
Modernagrav,158,howler,1,36560,43940,3,73,likely short: CapnBry saw 3 here
Modernagrav,158,howler,1,35052,45111,2,73,matches CapnBry (1-2 seen here)
Modernagrav,158,howler,1,46777,32049,15,73,likely short: CapnBry saw 15 here
Modernagrav,158,howler,2,55591,13905,0,73,no CapnBry sighting at this spot
Modernagrav,158,howler,1,54209,7769,0,73,no CapnBry sighting at this spot
Modernagrav,158,morvalt framkalla,1,19547,6786,0,78,no CapnBry sighting at this spot
Modernagrav,158,morvalt framkalla,2,28662,10180,8,78,likely short: CapnBry saw 8 here
Modernagrav,158,morvalt framkalla,2,28911,14376,8,78,likely short: CapnBry saw 8 here
Modernagrav,158,decaying mammoth,1,35118,21462,0,26,no CapnBry sighting at this spot
Modernagrav,158,decaying mammoth,1,30268,23378,0,26,no CapnBry sighting at this spot
Modernagrav,158,decaying mammoth,1,36054,34353,0,26,no CapnBry sighting at this spot
Modernagrav,158,decaying mammoth,2,36124,23456,0,26,no CapnBry sighting at this spot
Modernagrav,158,decaying mammoth,1,39607,30001,0,26,no CapnBry sighting at this spot
Modernagrav,158,decaying mammoth,1,43281,34595,0,26,no CapnBry sighting at this spot
Modernagrav,158,decaying mammoth,1,26645,20553,0,26,no CapnBry sighting at this spot
Modernagrav,158,decaying mammoth,1,37686,31834,0,26,no CapnBry sighting at this spot
Modernagrav,158,decaying mammoth,1,43077,37704,0,26,no CapnBry sighting at this spot
Modernagrav,158,decaying mammoth,1,35321,38967,0,26,no CapnBry sighting at this spot
Modernagrav,158,decaying mammoth,1,35125,25243,0,26,no CapnBry sighting at this spot
Modernagrav,158,decaying mammoth,1,30519,21396,0,26,no CapnBry sighting at this spot
Modernagrav,158,decaying mammoth,1,32624,24788,0,26,no CapnBry sighting at this spot
Modernagrav,158,decaying mammoth,2,37255,29832,0,26,no CapnBry sighting at this spot
Modernagrav,158,decaying mammoth,1,44794,28940,0,26,no CapnBry sighting at this spot
Modernagrav,158,decaying mammoth,2,29563,25188,0,26,no CapnBry sighting at this spot
Modernagrav,158,decaying mammoth,1,32334,20274,0,26,no CapnBry sighting at this spot
Modernagrav,158,decaying mammoth,1,34045,29735,0,26,no CapnBry sighting at this spot
Modernagrav,158,decaying mammoth,1,38816,39460,0,26,no CapnBry sighting at this spot
Modernagrav,158,morvalt vaktare,2,20241,6859,0,40,no CapnBry sighting at this spot
Modernagrav,158,morvalt vaktare,1,28552,19354,0,40,no CapnBry sighting at this spot
Modernagrav,158,morvalt vaktare,1,24816,7326,0,40,no CapnBry sighting at this spot
Modernagrav,158,morvalt vaktare,1,29231,15476,4,40,likely short: CapnBry saw 4 here
Modernagrav,158,morvalt vaktare,1,28449,13837,4,40,likely short: CapnBry saw 4 here
Modernagrav,158,morvalt vaktare,2,27377,6470,0,40,no CapnBry sighting at this spot
Modernagrav,158,morvalt vaktare,1,19488,10254,5,40,likely short: CapnBry saw 5 here
Modernagrav,158,morvalt vaktare,2,19971,15724,13,40,likely short: CapnBry saw 13 here
Modernagrav,158,morvalt vaktare,2,22274,13830,13,40,likely short: CapnBry saw 13 here
Modernagrav,158,morvalt vaktare,2,24108,11552,13,40,likely short: CapnBry saw 13 here
Modernagrav,158,morvalt vaktare,1,19983,19655,0,40,no CapnBry sighting at this spot
Modernagrav,158,morvalt vaktare,1,27013,11137,4,40,likely short: CapnBry saw 4 here
Modernagrav,158,morvalt vaktare,1,26845,17335,4,40,likely short: CapnBry saw 4 here
Modernagrav,158,morvalt vaktare,1,28795,11894,4,40,likely short: CapnBry saw 4 here
Modernagrav,158,morvalt andakuva,2,21648,18653,4,41,likely short: CapnBry saw 4 here
Modernagrav,158,morvalt andakuva,2,18222,18095,4,41,likely short: CapnBry saw 4 here
Modernagrav,158,morvalt andakuva,1,28478,15691,5,41,likely short: CapnBry saw 5 here
Modernagrav,158,morvalt andakuva,1,28765,9595,0,41,no CapnBry sighting at this spot
Modernagrav,158,morvalt andakuva,1,22549,14993,6,41,likely short: CapnBry saw 6 here
Modernagrav,158,morvalt andakuva,1,22658,11384,6,41,likely short: CapnBry saw 6 here
Modernagrav,158,morvalt andakuva,1,28830,11408,5,41,likely short: CapnBry saw 5 here
Modernagrav,158,morvalt andakuva,2,18146,14483,4,41,likely short: CapnBry saw 4 here
Modernagrav,158,morvalt andakuva,1,19730,12597,6,41,likely short: CapnBry saw 6 here
Modernagrav,158,morvalt andakuva,1,20316,15007,6,41,likely short: CapnBry saw 6 here
Modernagrav,158,morvalt andakuva,1,27276,7356,3,41,likely short: CapnBry saw 3 here
Modernagrav,158,morvalt andakuva,1,16159,18790,0,41,no CapnBry sighting at this spot
Modernagrav,158,morvalt andakuva,1,15680,9377,1,41,matches CapnBry (1-2 seen here)
Modernagrav,158,sjoalf breaker,2,8108,45456,2,39,matches CapnBry (1-2 seen here)
Modernagrav,158,sjoalf breaker,1,9369,13282,9,39,likely short: CapnBry saw 9 here
Modernagrav,158,sjoalf breaker,1,4806,16472,0,39,no CapnBry sighting at this spot
Modernagrav,158,sjoalf breaker,1,4005,32729,0,39,no CapnBry sighting at this spot
Modernagrav,158,sjoalf breaker,2,7174,10623,9,39,likely short: CapnBry saw 9 here
Modernagrav,158,sjoalf breaker,1,4863,35044,0,39,no CapnBry sighting at this spot
Modernagrav,158,sjoalf breaker,2,6825,60347,0,39,no CapnBry sighting at this spot
Modernagrav,158,sjoalf waverunner,2,6548,9902,5,36,likely short: CapnBry saw 5 here
Modernagrav,158,sjoalf waverunner,1,5976,16986,0,36,no CapnBry sighting at this spot
Modernagrav,158,sjoalf waverunner,1,4006,16012,0,36,no CapnBry sighting at this spot
Modernagrav,158,sjoalf waverunner,1,4795,35488,0,36,no CapnBry sighting at this spot
Modernagrav,158,sjoalf waverunner,1,8289,36403,0,36,no CapnBry sighting at this spot
Modernagrav,158,sjoalf waverunner,1,3110,54721,1,36,matches CapnBry (1-2 seen here)
Modernagrav,158,sjoalf waverunner,2,8618,41872,2,36,matches CapnBry (1-2 seen here)
Modernagrav,158,sjoalf waverunner,1,4121,31858,0,36,no CapnBry sighting at this spot
Modernagrav,158,sjoalf waverunner,1,9962,44268,2,36,matches CapnBry (1-2 seen here)
Modernagrav,158,sjoalf waverunner,2,6705,60521,0,36,no CapnBry sighting at this spot
Modernagrav,158,basilius,1,57777,7651,0,1,rare/named species (1-2 in whole zone)
Modernagrav,158,asutri,1,10711,53421,0,1,rare/named species (1-2 in whole zone)
Modernagrav,158,morvalt avliden,1,57427,7517,0,1,rare/named species (1-2 in whole zone)
Modernagrav,158,mortufoghus,1,25118,23108,0,1,rare/named species (1-2 in whole zone)
Modernagrav,158,rolf,1,58763,9661,0,1,rare/named species (1-2 in whole zone)
Modernagrav,158,shiake,1,31360,15232,0,1,rare/named species (1-2 in whole zone)
Modernagrav,158,alivor,1,12830,56989,0,1,rare/named species (1-2 in whole zone)
Modernagrav,158,white wolf,1,21089,52281,1,16,matches CapnBry (1-2 seen here)
Modernagrav,158,white wolf,1,55974,16227,1,16,matches CapnBry (1-2 seen here)
Modernagrav,158,white wolf,1,26550,52253,1,16,matches CapnBry (1-2 seen here)
Modernagrav,158,white wolf,1,53384,13195,0,16,no CapnBry sighting at this spot
Modernagrav,158,white wolf,1,25446,48218,1,16,matches CapnBry (1-2 seen here)
Modernagrav,158,white wolf,1,10301,49907,3,16,likely short: CapnBry saw 3 here
Modernagrav,158,white wolf,1,11211,47541,3,16,likely short: CapnBry saw 3 here
Modernagrav,158,white wolf,1,42377,49799,1,16,matches CapnBry (1-2 seen here)
Modernagrav,158,white wolf,1,59968,12336,1,16,matches CapnBry (1-2 seen here)
Modernagrav,158,white wolf,1,15412,51403,2,16,matches CapnBry (1-2 seen here)
Modernagrav,158,white wolf,1,45597,30731,1,16,matches CapnBry (1-2 seen here)
Modernagrav,158,white wolf,1,17163,50272,2,16,matches CapnBry (1-2 seen here)
Modernagrav,158,white wolf,1,17763,48437,2,16,matches CapnBry (1-2 seen here)
Modernagrav,158,white wolf,1,19092,54599,1,16,matches CapnBry (1-2 seen here)
Modernagrav,158,white wolf,1,46295,28354,1,16,matches CapnBry (1-2 seen here)
Modernagrav,158,white wolf,1,12057,49414,3,16,likely short: CapnBry saw 3 here
Modernagrav,158,morvalt blandare,2,20506,7139,0,35,no CapnBry sighting at this spot
Modernagrav,158,morvalt blandare,2,18629,14921,0,35,no CapnBry sighting at this spot
Modernagrav,158,morvalt blandare,2,24403,17892,0,35,no CapnBry sighting at this spot
Modernagrav,158,morvalt blandare,1,26378,16111,0,35,no CapnBry sighting at this spot
Modernagrav,158,morvalt blandare,1,28707,12804,0,35,no CapnBry sighting at this spot
Modernagrav,158,morvalt blandare,2,26700,6962,0,35,no CapnBry sighting at this spot
Modernagrav,158,morvalt blandare,1,20712,16762,0,35,no CapnBry sighting at this spot
Modernagrav,158,morvalt blandare,2,23072,6730,0,35,no CapnBry sighting at this spot
Modernagrav,158,morvalt blandare,1,19427,8510,0,35,no CapnBry sighting at this spot
Modernagrav,158,morvalt blandare,1,22838,14399,0,35,no CapnBry sighting at this spot
Modernagrav,158,morvalt blandare,1,21053,14042,0,35,no CapnBry sighting at this spot
Modernagrav,158,morvalt blandare,1,25879,13506,0,35,no CapnBry sighting at this spot
Modernagrav,158,corrupted howler,1,40886,42141,0,41,no CapnBry sighting at this spot
Modernagrav,158,corrupted howler,1,46416,31265,0,41,no CapnBry sighting at this spot
Modernagrav,158,corrupted howler,1,46681,33523,0,41,no CapnBry sighting at this spot
Modernagrav,158,corrupted howler,1,33245,30467,0,41,no CapnBry sighting at this spot
Modernagrav,158,corrupted howler,2,38363,38710,0,41,no CapnBry sighting at this spot
Modernagrav,158,corrupted howler,1,39268,44044,0,41,no CapnBry sighting at this spot
Modernagrav,158,corrupted howler,1,34865,46418,0,41,no CapnBry sighting at this spot
Modernagrav,158,corrupted howler,1,34742,42259,0,41,no CapnBry sighting at this spot
Modernagrav,158,corrupted howler,1,27787,38350,0,41,no CapnBry sighting at this spot
Modernagrav,158,corrupted howler,1,37793,46503,0,41,no CapnBry sighting at this spot
Modernagrav,158,corrupted howler,2,25825,37252,0,41,no CapnBry sighting at this spot
Modernagrav,158,corrupted howler,1,44309,31622,0,41,no CapnBry sighting at this spot
Modernagrav,158,corrupted howler,1,36693,47622,0,41,no CapnBry sighting at this spot
Modernagrav,158,corrupted howler,1,43643,33065,0,41,no CapnBry sighting at this spot
Modernagrav,158,corrupted howler,1,30483,24203,0,41,no CapnBry sighting at this spot
Modernagrav,158,corrupted howler,1,27576,23920,0,41,no CapnBry sighting at this spot
Modernagrav,158,corrupted howler,1,38040,42428,0,41,no CapnBry sighting at this spot
Modernagrav,158,corrupted howler,1,29735,40495,0,41,no CapnBry sighting at this spot
Modernagrav,158,corrupted howler,1,41744,37031,0,41,no CapnBry sighting at this spot
Modernagrav,158,corrupted howler,1,28202,27320,0,41,no CapnBry sighting at this spot
Modernagrav,158,corrupted howler,1,38579,35831,0,41,no CapnBry sighting at this spot
Modernagrav,158,corrupted howler,2,32652,43412,0,41,no CapnBry sighting at this spot
Modernagrav,158,corrupted howler,1,31824,27253,0,41,no CapnBry sighting at this spot
Modernagrav,158,corrupted howler,1,36354,30930,0,41,no CapnBry sighting at this spot
Modernagrav,158,corrupted howler,1,30617,42202,0,41,no CapnBry sighting at this spot
Modernagrav,158,corrupted howler,1,31779,40028,0,41,no CapnBry sighting at this spot
Modernagrav,158,corrupted howler,1,28187,33874,0,41,no CapnBry sighting at this spot
Modernagrav,158,corrupted howler,1,36827,33263,0,41,no CapnBry sighting at this spot
Modernagrav,158,corrupted howler,1,30261,38826,0,41,no CapnBry sighting at this spot
Modernagrav,158,ice scrag,1,16418,49183,1,1,matches CapnBry (1-2 seen here)
Modernagrav,158,morvalt gravmaniska,2,57694,8291,0,2,rare/named species (1-2 in whole zone)
Modernagrav,158,morvalt befara,1,57478,7677,0,1,rare/named species (1-2 in whole zone)
Modernagrav,158,pirmin,1,8996,19105,0,1,rare/named species (1-2 in whole zone)
Modernagrav,158,hoden,1,57814,7918,0,1,rare/named species (1-2 in whole zone)
Modernagrav,158,bone-eater warleader,1,60539,33424,0,1,rare/named species (1-2 in whole zone)
Modernagrav,158,isalf forayer,1,21033,54621,1,4,matches CapnBry (1-2 seen here)
Modernagrav,158,thawing corpse,1,44857,31841,0,1,rare/named species (1-2 in whole zone)
Modernagrav,158,ice lizard,1,11269,48712,1,8,matches CapnBry (1-2 seen here)
Modernagrav,158,ice lizard,1,18866,48884,0,8,no CapnBry sighting at this spot
Modernagrav,158,ice lizard,1,18420,53533,0,8,no CapnBry sighting at this spot
Modernagrav,158,ice lizard,1,44635,32505,1,8,matches CapnBry (1-2 seen here)
Modernagrav,158,ice lizard,1,56019,43421,0,8,no CapnBry sighting at this spot
Modernagrav,158,ice lizard,1,41414,50953,1,8,matches CapnBry (1-2 seen here)
Modernagrav,158,ice lizard,1,58919,40304,0,8,no CapnBry sighting at this spot
Modernagrav,158,ice lizard,1,21626,51162,0,8,no CapnBry sighting at this spot
Modernagrav,158,isalf marauder,1,21413,55721,1,1,matches CapnBry (1-2 seen here)
Modernagrav,158,fisk,1,9142,11098,0,1,rare/named species (1-2 in whole zone)
Modernagrav,158,grul mgnuk,1,24446,13984,0,1,rare/named species (1-2 in whole zone)
Modernagrav,158,shard golem,1,19772,52274,0,1,rare/named species (1-2 in whole zone)
Tuscaran Glacier,160,hrimthursa harrower,1,6994,39447,0,16,no CapnBry sighting at this spot
Tuscaran Glacier,160,hrimthursa harrower,2,10193,43781,0,16,no CapnBry sighting at this spot
Tuscaran Glacier,160,hrimthursa harrower,1,10621,46050,0,16,no CapnBry sighting at this spot
Tuscaran Glacier,160,hrimthursa harrower,2,6889,46805,0,16,no CapnBry sighting at this spot
Tuscaran Glacier,160,hrimthursa harrower,1,8978,41673,0,16,no CapnBry sighting at this spot
Tuscaran Glacier,160,hrimthursa icespine,1,12028,31760,0,19,no CapnBry sighting at this spot
Tuscaran Glacier,160,hrimthursa icespine,1,6842,45190,0,19,no CapnBry sighting at this spot
Tuscaran Glacier,160,hrimthursa icespine,1,11432,29554,0,19,no CapnBry sighting at this spot
Tuscaran Glacier,160,hrimthursa icespine,1,11935,27500,0,19,no CapnBry sighting at this spot
Tuscaran Glacier,160,hrimthursa icespine,1,8707,41274,0,19,no CapnBry sighting at this spot
Tuscaran Glacier,160,icebound skeleton,2,47947,31902,0,44,no CapnBry sighting at this spot
Tuscaran Glacier,160,icebound skeleton,2,48715,36169,0,44,no CapnBry sighting at this spot
Tuscaran Glacier,160,icebound skeleton,2,45310,33028,0,44,no CapnBry sighting at this spot
Tuscaran Glacier,160,icebound skeleton,1,45756,36006,0,44,no CapnBry sighting at this spot
Tuscaran Glacier,160,icebound skeleton,2,44056,27730,0,44,no CapnBry sighting at this spot
Tuscaran Glacier,160,icebound skeleton,1,49530,33718,0,44,no CapnBry sighting at this spot
Tuscaran Glacier,160,hrimthursa depredator,1,4819,41828,0,17,no CapnBry sighting at this spot
Tuscaran Glacier,160,hrimthursa depredator,1,8226,41716,0,17,no CapnBry sighting at this spot
Tuscaran Glacier,160,hrimthursa depredator,2,7004,46369,0,17,no CapnBry sighting at this spot
Tuscaran Glacier,160,hrimthursa depredator,2,4735,39212,0,17,no CapnBry sighting at this spot
Tuscaran Glacier,160,hrimthursa depredator,2,10031,43674,0,17,no CapnBry sighting at this spot
Tuscaran Glacier,160,hrimthursa depredator,2,3200,45471,0,17,no CapnBry sighting at this spot
Tuscaran Glacier,160,hrimthursa berg,2,22392,32301,0,23,no CapnBry sighting at this spot
Tuscaran Glacier,160,hrimthursa berg,1,23175,20026,0,23,no CapnBry sighting at this spot
Tuscaran Glacier,160,hrimthursa berg,1,26175,31167,0,23,no CapnBry sighting at this spot
Tuscaran Glacier,160,hrimthursa berg,1,26797,26492,0,23,no CapnBry sighting at this spot
Tuscaran Glacier,160,hrimthursa berg,1,24512,32074,0,23,no CapnBry sighting at this spot
Tuscaran Glacier,160,hrimthursa berg,1,20996,31944,0,23,no CapnBry sighting at this spot
Tuscaran Glacier,160,hrimthursa berg,1,29537,29765,0,23,no CapnBry sighting at this spot
Tuscaran Glacier,160,hrimthursa berg,1,21512,26588,0,23,no CapnBry sighting at this spot
Tuscaran Glacier,160,hrimthursa berg,1,18215,24839,0,23,no CapnBry sighting at this spot
Tuscaran Glacier,160,hrimthursa berg,1,24513,16297,0,23,no CapnBry sighting at this spot
Tuscaran Glacier,160,hrimthursa berg,2,27531,29183,0,23,no CapnBry sighting at this spot
Tuscaran Glacier,160,hrimthursa berg,1,26323,32817,0,23,no CapnBry sighting at this spot
Tuscaran Glacier,160,hrimthursa bladehand,2,5862,42741,0,14,no CapnBry sighting at this spot
Tuscaran Glacier,160,hrimthursa bladehand,2,10216,43996,0,14,no CapnBry sighting at this spot
Tuscaran Glacier,160,hrimthursa seer,1,4594,43662,0,10,no CapnBry sighting at this spot
Tuscaran Glacier,160,hrimthursa seer,1,9016,42088,0,10,no CapnBry sighting at this spot
Tuscaran Glacier,160,elder council birghir,1,26539,47887,0,1,rare/named species (1-2 in whole zone)
Tuscaran Glacier,160,hrimthursa serac,2,25721,12884,0,19,no CapnBry sighting at this spot
Tuscaran Glacier,160,hrimthursa serac,1,23927,20988,0,19,no CapnBry sighting at this spot
Tuscaran Glacier,160,hrimthursa serac,2,26222,19102,0,19,no CapnBry sighting at this spot
Tuscaran Glacier,160,hrimthursa serac,1,24247,19474,0,19,no CapnBry sighting at this spot
Tuscaran Glacier,160,hrimthursa serac,2,23642,16496,0,19,no CapnBry sighting at this spot
Tuscaran Glacier,160,hrimthursa icereaver,2,21151,32859,0,11,no CapnBry sighting at this spot
Tuscaran Glacier,160,hrimthursa icereaver,1,26692,27017,0,11,no CapnBry sighting at this spot
Tuscaran Glacier,160,hrimthursa icereaver,1,29141,27442,0,11,no CapnBry sighting at this spot
Tuscaran Glacier,160,hrimthursa icereaver,1,26406,30669,0,11,no CapnBry sighting at this spot
Tuscaran Glacier,160,hrimthursa icereaver,1,28866,25780,0,11,no CapnBry sighting at this spot
Tuscaran Glacier,160,hrimthursa icereaver,1,26281,32522,0,11,no CapnBry sighting at this spot
Tuscaran Glacier,160,hrimthursa icereaver,1,24024,32711,0,11,no CapnBry sighting at this spot
Tuscaran Glacier,160,hrimthursa icereaver,1,27915,29150,0,11,no CapnBry sighting at this spot
Tuscaran Glacier,160,hrimthursa icereaver,1,29728,29266,0,11,no CapnBry sighting at this spot
Tuscaran Glacier,160,hrimthursa icereaver,1,21354,29357,0,11,no CapnBry sighting at this spot
Tuscaran Glacier,160,hrimthursa sculptor,2,23501,18331,0,11,no CapnBry sighting at this spot
Tuscaran Glacier,160,hrimthursa sculptor,1,26603,13941,0,11,no CapnBry sighting at this spot
Tuscaran Glacier,160,hrimthursa sculptor,1,28973,16265,0,11,no CapnBry sighting at this spot
Tuscaran Glacier,160,hrimthursa sculptor,2,23171,16239,0,11,no CapnBry sighting at this spot
Tuscaran Glacier,160,hrimthursa sculptor,1,26597,15924,0,11,no CapnBry sighting at this spot
Tuscaran Glacier,160,hrimthursa grinder,2,28785,12897,0,7,no CapnBry sighting at this spot
Tuscaran Glacier,160,hrimthursa grinder,2,32603,10346,0,7,no CapnBry sighting at this spot
Tuscaran Glacier,160,hrimthursa icesplitter,2,35138,14677,0,9,no CapnBry sighting at this spot
Tuscaran Glacier,160,royal iceweaver,1,17491,47909,0,1,rare/named species (1-2 in whole zone)
Tuscaran Glacier,160,king tuscar,1,26350,48929,0,1,rare/named species (1-2 in whole zone)
Tuscaran Glacier,160,council otrygg,1,15746,33768,0,1,rare/named species (1-2 in whole zone)
Tuscaran Glacier,160,queen kula,1,25944,49010,0,1,rare/named species (1-2 in whole zone)
Tuscaran Glacier,160,council ozur,1,13700,31238,0,1,rare/named species (1-2 in whole zone)
Tuscaran Glacier,160,issorden,1,46261,29446,0,1,rare/named species (1-2 in whole zone)
Tuscaran Glacier,160,hrimthursa dominator,2,19570,28249,0,15,no CapnBry sighting at this spot
Tuscaran Glacier,160,hrimthursa dominator,2,16436,24585,0,15,no CapnBry sighting at this spot
Tuscaran Glacier,160,hrimthursa dominator,2,21516,29165,0,15,no CapnBry sighting at this spot
Tuscaran Glacier,160,hrimthursa dominator,1,21324,26826,0,15,no CapnBry sighting at this spot
Tuscaran Glacier,160,hrimthursa dominator,1,22625,31202,0,15,no CapnBry sighting at this spot
Tuscaran Glacier,160,hrimthursa dominator,1,18037,24597,0,15,no CapnBry sighting at this spot
Tuscaran Glacier,160,hrimthursa icetouch,1,7469,45210,0,16,no CapnBry sighting at this spot
Tuscaran Glacier,160,hrimthursa icetouch,2,21766,42284,0,16,no CapnBry sighting at this spot
Tuscaran Glacier,160,hrimthursa icetouch,1,19741,28400,0,16,no CapnBry sighting at this spot
Tuscaran Glacier,160,hrimthursa icetouch,2,8475,41855,0,16,no CapnBry sighting at this spot
Tuscaran Glacier,160,hrimthursa icetouch,1,4379,41360,0,16,no CapnBry sighting at this spot
Tuscaran Glacier,160,hrimthursa icetouch,1,16292,24686,0,16,no CapnBry sighting at this spot
Tuscaran Glacier,160,hrimthursa icetouch,1,21264,26617,0,16,no CapnBry sighting at this spot
Tuscaran Glacier,160,hrimthursa icetouch,2,21971,45827,0,16,no CapnBry sighting at this spot
Tuscaran Glacier,160,hrimthursa icetouch,1,6687,41479,0,16,no CapnBry sighting at this spot
Tuscaran Glacier,160,hrimthursa icetouch,1,11843,29411,0,16,no CapnBry sighting at this spot
Tuscaran Glacier,160,hrimthursa icetouch,2,12077,43897,0,16,no CapnBry sighting at this spot
Tuscaran Glacier,160,hrimthursa icetouch,1,12040,31473,0,16,no CapnBry sighting at this spot
Tuscaran Glacier,160,icelord steinvor,1,22224,41115,0,1,rare/named species (1-2 in whole zone)
Tuscaran Glacier,160,icelord hakr,1,17223,49023,0,1,rare/named species (1-2 in whole zone)
Tuscaran Glacier,160,hrimthursa rook,1,10383,48534,0,17,no CapnBry sighting at this spot
Tuscaran Glacier,160,frostbound skeleton,2,31498,24790,0,3,no CapnBry sighting at this spot
Tuscaran Glacier,160,frostbound skeleton,1,32995,24390,0,3,no CapnBry sighting at this spot
Tuscaran Glacier,160,hurika,1,42647,27700,0,1,rare/named species (1-2 in whole zone)
Tuscaran Glacier,160,iceweaver trainer,1,27225,26856,0,8,no CapnBry sighting at this spot
Tuscaran Glacier,160,iceweaver trainer,1,28826,27051,0,8,no CapnBry sighting at this spot
Tuscaran Glacier,160,iceweaver trainer,2,26713,31779,0,8,no CapnBry sighting at this spot
Tuscaran Glacier,160,iceweaver trainer,1,29274,29392,0,8,no CapnBry sighting at this spot
Tuscaran Glacier,160,elder council guthlac,1,25388,47474,0,1,rare/named species (1-2 in whole zone)
Tuscaran Glacier,160,icelord skuf,1,22312,41646,0,1,rare/named species (1-2 in whole zone)
Tuscaran Glacier,160,fornfrusenen,1,41426,24684,0,1,rare/named species (1-2 in whole zone)
Tuscaran Glacier,160,icelord kvasir,1,12048,43909,0,1,rare/named species (1-2 in whole zone)
Tuscaran Glacier,160,falling ice,1,16870,46636,0,4,no CapnBry sighting at this spot
Tuscaran Glacier,160,falling ice,1,19011,45366,0,4,no CapnBry sighting at this spot
Tuscaran Glacier,160,falling ice,1,13278,43845,0,4,no CapnBry sighting at this spot
Tuscaran Glacier,160,falling ice,1,16615,44057,0,4,no CapnBry sighting at this spot
Tuscaran Glacier,160,icelord agmundr,1,6845,41922,0,1,rare/named species (1-2 in whole zone)
Tuscaran Glacier,160,jailer vifil,1,18882,53088,0,1,rare/named species (1-2 in whole zone)
Tuscaran Glacier,160,council vagn,1,16220,27664,0,1,rare/named species (1-2 in whole zone)
Tuscaran Glacier,160,council nokkvi,1,15869,27448,0,1,rare/named species (1-2 in whole zone)
Tuscaran Glacier,160,council hord,1,13724,31981,0,1,rare/named species (1-2 in whole zone)
Tuscaran Glacier,160,torst,1,42586,27805,0,1,rare/named species (1-2 in whole zone)
Iarnvidiur's Lair,161,hati,1,5157,6289,0,1,rare/named species (1-2 in whole zone)
Iarnvidiur's Lair,161,dyranapur,1,23539,15945,0,1,rare/named species (1-2 in whole zone)
Iarnvidiur's Lair,161,droom,1,13863,13603,0,1,rare/named species (1-2 in whole zone)
Iarnvidiur's Lair,161,iarnvidiur,1,5656,3331,0,1,rare/named species (1-2 in whole zone)
Iarnvidiur's Lair,161,stanga,1,13345,24098,0,1,rare/named species (1-2 in whole zone)
Iarnvidiur's Lair,161,delegalt,1,9764,9458,0,1,rare/named species (1-2 in whole zone)
Iarnvidiur's Lair,161,ancient syver,1,17089,25350,0,1,rare/named species (1-2 in whole zone)
Iarnvidiur's Lair,161,lydsyg,1,7460,22282,0,1,rare/named species (1-2 in whole zone)
Iarnvidiur's Lair,161,mahattava,1,9169,21011,0,1,rare/named species (1-2 in whole zone)
Iarnvidiur's Lair,161,hurjavelen,1,13295,26477,0,1,rare/named species (1-2 in whole zone)
Iarnvidiur's Lair,161,skoll,1,6793,6336,0,1,rare/named species (1-2 in whole zone)
Iarnvidiur's Lair,161,redcap skurk,2,25202,20217,0,25,no CapnBry sighting at this spot
Iarnvidiur's Lair,161,redcap skurk,2,22985,20205,0,25,no CapnBry sighting at this spot
Iarnvidiur's Lair,161,kolvarg,1,19970,24924,0,49,no CapnBry sighting at this spot
Iarnvidiur's Lair,161,kolvarg,2,31566,15636,0,49,no CapnBry sighting at this spot
Iarnvidiur's Lair,161,kolvarg,2,27830,14621,0,49,no CapnBry sighting at this spot
Iarnvidiur's Lair,161,syver,2,15871,23163,0,14,no CapnBry sighting at this spot
Iarnvidiur's Lair,161,syver,1,12367,12449,0,14,no CapnBry sighting at this spot
Iarnvidiur's Lair,161,syver,2,11722,10951,0,14,no CapnBry sighting at this spot
Iarnvidiur's Lair,161,narfi,1,16429,15146,0,25,no CapnBry sighting at this spot
Iarnvidiur's Lair,161,animus rondjur,2,18043,12228,0,14,no CapnBry sighting at this spot
Iarnvidiur's Lair,161,animus rondjur,2,15272,10958,0,14,no CapnBry sighting at this spot
Iarnvidiur's Lair,161,animus rondjur,1,20633,13187,0,14,no CapnBry sighting at this spot
Iarnvidiur's Lair,161,egilvarg,2,15877,27216,0,58,no CapnBry sighting at this spot
Iarnvidiur's Lair,161,egilvarg,1,14483,13245,0,58,no CapnBry sighting at this spot
Iarnvidiur's Lair,161,egilvarg,1,16197,15551,0,58,no CapnBry sighting at this spot
Iarnvidiur's Lair,161,egilvarg,1,12336,11827,0,58,no CapnBry sighting at this spot
Iarnvidiur's Lair,161,cadby,2,32244,22204,4,21,likely short: CapnBry saw 4 here
Iarnvidiur's Lair,161,cadby,2,28150,20889,4,21,likely short: CapnBry saw 4 here
Iarnvidiur's Lair,161,animus syndig,2,17854,12412,0,36,no CapnBry sighting at this spot
Iarnvidiur's Lair,161,animus syndig,1,6763,9606,0,36,no CapnBry sighting at this spot
Iarnvidiur's Lair,161,grymvarg,2,15875,27230,0,28,no CapnBry sighting at this spot
Iarnvidiur's Lair,161,grymvarg,2,14658,13288,0,28,no CapnBry sighting at this spot
Iarnvidiur's Lair,161,grymvarg,2,12292,11737,0,28,no CapnBry sighting at this spot
Iarnvidiur's Lair,161,grymvarg,1,19945,28985,0,28,no CapnBry sighting at this spot
Iarnvidiur's Lair,161,grymvarg,1,15981,15562,0,28,no CapnBry sighting at this spot
Iarnvidiur's Lair,161,young syver,2,21965,22657,0,23,no CapnBry sighting at this spot
Iarnvidiur's Lair,161,young syver,2,19952,24764,0,23,no CapnBry sighting at this spot
Iarnvidiur's Lair,161,young syver,2,25217,25449,0,23,no CapnBry sighting at this spot
Iarnvidiur's Lair,161,young syver,2,21470,20432,0,23,no CapnBry sighting at this spot
Lough Derg,200,rat boy,1,20776,11806,1,9,matches CapnBry (1-2 seen here)
Lough Derg,200,rat boy,2,33841,5176,3,9,likely short: CapnBry saw 3 here
Lough Derg,200,rat boy,2,33065,7674,3,9,likely short: CapnBry saw 3 here
Lough Derg,200,rat boy,2,15415,62994,0,9,no CapnBry sighting at this spot
Lough Derg,200,rat boy,1,29085,65227,1,9,matches CapnBry (1-2 seen here)
Lough Derg,200,rat boy,1,15251,64852,0,9,no CapnBry sighting at this spot
Lough Derg,200,lough wolf,2,7113,21957,2,44,matches CapnBry (1-2 seen here)
Lough Derg,200,lough wolf,2,6087,29071,3,44,likely short: CapnBry saw 3 here
Lough Derg,200,lough wolf,1,13341,36466,3,44,likely short: CapnBry saw 3 here
Lough Derg,200,lough wolf,2,19563,32895,1,44,matches CapnBry (1-2 seen here)
Lough Derg,200,lough wolf,2,6918,19671,2,44,matches CapnBry (1-2 seen here)
Lough Derg,200,lough wolf,1,15177,47549,1,44,matches CapnBry (1-2 seen here)
Lough Derg,200,lough wolf,1,20122,41852,3,44,likely short: CapnBry saw 3 here
Lough Derg,200,lough wolf,1,19287,35937,3,44,likely short: CapnBry saw 3 here
Lough Derg,200,lough wolf,1,7533,30434,2,44,matches CapnBry (1-2 seen here)
Lough Derg,200,lough wolf,2,3935,38154,0,44,no CapnBry sighting at this spot
Lough Derg,200,lough wolf,1,2738,36589,2,44,matches CapnBry (1-2 seen here)
Lough Derg,200,lough wolf,1,36870,7395,0,44,no CapnBry sighting at this spot
Lough Derg,200,lough wolf,2,43284,3675,3,44,likely short: CapnBry saw 3 here
Lough Derg,200,lough wolf,1,40129,2621,3,44,likely short: CapnBry saw 3 here
Lough Derg,200,lough wolf,1,15466,51107,1,44,matches CapnBry (1-2 seen here)
Lough Derg,200,lough wolf,2,25605,36694,1,44,matches CapnBry (1-2 seen here)
Lough Derg,200,lough wolf,1,44695,2259,3,44,likely short: CapnBry saw 3 here
Lough Derg,200,lough wolf,1,19991,40085,3,44,likely short: CapnBry saw 3 here
Lough Derg,200,lough wolf,1,17642,40756,3,44,likely short: CapnBry saw 3 here
Lough Derg,200,lough wolf,1,33149,2875,1,44,matches CapnBry (1-2 seen here)
Lough Derg,200,lough wolf,1,6529,27399,3,44,likely short: CapnBry saw 3 here
Lough Derg,200,lough wolf,1,20075,23759,2,44,matches CapnBry (1-2 seen here)
Lough Derg,200,lough wolf,1,19561,53614,1,44,matches CapnBry (1-2 seen here)
Lough Derg,200,orchard nipper,1,36329,1264,2,35,matches CapnBry (1-2 seen here)
Lough Derg,200,orchard nipper,2,17212,37193,5,35,likely short: CapnBry saw 5 here
Lough Derg,200,orchard nipper,1,22994,15258,3,35,likely short: CapnBry saw 3 here
Lough Derg,200,orchard nipper,2,38471,4759,2,35,matches CapnBry (1-2 seen here)
Lough Derg,200,orchard nipper,1,6694,22523,0,35,no CapnBry sighting at this spot
Lough Derg,200,orchard nipper,2,18608,14050,3,35,likely short: CapnBry saw 3 here
Lough Derg,200,orchard nipper,2,13417,15332,2,35,matches CapnBry (1-2 seen here)
Lough Derg,200,orchard nipper,2,20657,19335,4,35,likely short: CapnBry saw 4 here
Lough Derg,200,orchard nipper,1,18631,20673,4,35,likely short: CapnBry saw 4 here
Lough Derg,200,orchard nipper,1,15302,37112,5,35,likely short: CapnBry saw 5 here
Lough Derg,200,orchard nipper,2,30716,58528,4,35,likely short: CapnBry saw 4 here
Lough Derg,200,orchard nipper,1,10484,38775,1,35,matches CapnBry (1-2 seen here)
Lough Derg,200,orchard nipper,1,17016,14550,3,35,likely short: CapnBry saw 3 here
Lough Derg,200,wild crouch,2,22973,64556,2,30,matches CapnBry (1-2 seen here)
Lough Derg,200,wild crouch,1,7204,22526,1,30,matches CapnBry (1-2 seen here)
Lough Derg,200,wild crouch,2,34111,7465,6,30,likely short: CapnBry saw 6 here
Lough Derg,200,wild crouch,1,12295,40817,1,30,matches CapnBry (1-2 seen here)
Lough Derg,200,wild crouch,2,13433,30292,0,30,no CapnBry sighting at this spot
Lough Derg,200,wild crouch,2,19496,44423,0,30,no CapnBry sighting at this spot
Lough Derg,200,wild crouch,1,39514,5941,6,30,likely short: CapnBry saw 6 here
Lough Derg,200,wild crouch,1,5556,17912,1,30,matches CapnBry (1-2 seen here)
Lough Derg,200,wild crouch,1,12364,63617,0,30,no CapnBry sighting at this spot
Lough Derg,200,wild crouch,1,12051,37078,1,30,matches CapnBry (1-2 seen here)
Lough Derg,200,wild crouch,1,16963,61919,0,30,no CapnBry sighting at this spot
Lough Derg,200,spraggon,2,27060,578,2,19,matches CapnBry (1-2 seen here)
Lough Derg,200,spraggon,2,18443,539,2,19,matches CapnBry (1-2 seen here)
Lough Derg,200,water beetle larva,2,32208,11508,3,7,likely short: CapnBry saw 3 here
Lough Derg,200,water beetle larva,1,31932,7800,2,7,matches CapnBry (1-2 seen here)
Lough Derg,200,water beetle larva,1,23482,3549,1,7,matches CapnBry (1-2 seen here)
Lough Derg,200,large frog,2,35384,12760,2,17,matches CapnBry (1-2 seen here)
Lough Derg,200,large frog,1,26790,11519,1,17,matches CapnBry (1-2 seen here)
Lough Derg,200,large frog,1,27173,3329,0,17,no CapnBry sighting at this spot
Lough Derg,200,large frog,1,60176,54241,0,17,no CapnBry sighting at this spot
Lough Derg,200,roane maiden,1,53304,11744,1,13,matches CapnBry (1-2 seen here)
Lough Derg,200,roane maiden,2,38301,52067,5,13,likely short: CapnBry saw 5 here
Lough Derg,200,minor changeling,2,23356,18583,0,45,no CapnBry sighting at this spot
Lough Derg,200,minor changeling,2,21200,15376,0,45,no CapnBry sighting at this spot
Lough Derg,200,minor changeling,2,26702,15289,0,45,no CapnBry sighting at this spot
Lough Derg,200,minor changeling,1,20894,18236,0,45,no CapnBry sighting at this spot
Lough Derg,200,badger cub,1,23401,29389,0,14,no CapnBry sighting at this spot
Lough Derg,200,badger cub,1,27987,26320,0,14,no CapnBry sighting at this spot
Lough Derg,200,badger cub,1,24202,31229,0,14,no CapnBry sighting at this spot
Lough Derg,200,curmudgeon harvester,1,10081,51013,0,4,no CapnBry sighting at this spot
Lough Derg,200,badger,2,6721,44396,0,32,no CapnBry sighting at this spot
Lough Derg,200,badger,1,61428,52148,0,32,no CapnBry sighting at this spot
Lough Derg,200,badger,1,4781,38585,1,32,matches CapnBry (1-2 seen here)
Lough Derg,200,badger,1,2009,39047,1,32,matches CapnBry (1-2 seen here)
Lough Derg,200,badger,1,27632,36330,1,32,matches CapnBry (1-2 seen here)
Lough Derg,200,badger,1,37826,30166,1,32,matches CapnBry (1-2 seen here)
Lough Derg,200,badger,1,20101,53895,1,32,matches CapnBry (1-2 seen here)
Lough Derg,200,badger,1,3874,55029,0,32,no CapnBry sighting at this spot
Lough Derg,200,badger,1,45832,3533,4,32,likely short: CapnBry saw 4 here
Lough Derg,200,small freshwater crab,1,44298,6052,7,16,likely short: CapnBry saw 7 here
Lough Derg,200,xerxes,1,36773,11595,0,1,rare/named species (1-2 in whole zone)
Lough Derg,200,water beetle,2,34971,12907,6,33,likely short: CapnBry saw 6 here
Lough Derg,200,water beetle,1,28412,50956,3,33,likely short: CapnBry saw 3 here
Lough Derg,200,water beetle,1,37700,6867,0,33,no CapnBry sighting at this spot
Lough Derg,200,water beetle,2,28093,52634,3,33,likely short: CapnBry saw 3 here
Lough Derg,200,water beetle,1,31958,10137,0,33,no CapnBry sighting at this spot
Lough Derg,200,water beetle,1,11220,38481,1,33,matches CapnBry (1-2 seen here)
Lough Derg,200,large eirebug,1,6762,51882,0,10,no CapnBry sighting at this spot
Lough Derg,200,large eirebug,2,6755,47873,0,10,no CapnBry sighting at this spot
Lough Derg,200,large eirebug,1,3419,38359,0,10,no CapnBry sighting at this spot
Lough Derg,200,large eirebug,1,10163,46957,0,10,no CapnBry sighting at this spot
Lough Derg,200,large eirebug,1,55721,15381,0,10,no CapnBry sighting at this spot
Lough Derg,200,hill toad,1,4090,22439,0,20,no CapnBry sighting at this spot
Lough Derg,200,hill toad,2,38378,5923,6,20,likely short: CapnBry saw 6 here
Lough Derg,200,hill toad,1,21828,23352,1,20,matches CapnBry (1-2 seen here)
Lough Derg,200,hill toad,1,34175,8746,2,20,matches CapnBry (1-2 seen here)
Lough Derg,200,hill toad,1,9195,15855,1,20,matches CapnBry (1-2 seen here)
Lough Derg,200,hill toad,1,3673,24350,0,20,no CapnBry sighting at this spot
Lough Derg,200,hill toad,1,34086,6463,2,20,matches CapnBry (1-2 seen here)
Lough Derg,200,hill toad,1,7379,20575,1,20,matches CapnBry (1-2 seen here)
Lough Derg,200,hill toad,1,36927,7953,6,20,likely short: CapnBry saw 6 here
Lough Derg,200,hill toad,1,21527,20822,1,20,matches CapnBry (1-2 seen here)
Lough Derg,200,cluricaun trip,1,20717,37205,1,12,matches CapnBry (1-2 seen here)
Lough Derg,200,cluricaun trip,1,40277,5838,1,12,matches CapnBry (1-2 seen here)
Lough Derg,200,cluricaun trip,1,16946,24206,3,12,likely short: CapnBry saw 3 here
Lough Derg,200,cluricaun trip,1,13352,23658,3,12,likely short: CapnBry saw 3 here
Lough Derg,200,cluricaun trip,1,29379,27149,1,12,matches CapnBry (1-2 seen here)
Lough Derg,200,cluricaun trip,1,39693,2889,1,12,matches CapnBry (1-2 seen here)
Lough Derg,200,cluricaun trip,1,21925,50556,0,12,no CapnBry sighting at this spot
Lough Derg,200,cluricaun trip,2,15653,25950,3,12,likely short: CapnBry saw 3 here
Lough Derg,200,cluricaun trip,1,5942,13823,0,12,no CapnBry sighting at this spot
Lough Derg,200,cluricaun trip,1,30197,28753,1,12,matches CapnBry (1-2 seen here)
Lough Derg,200,cluricaun trip,1,13937,27707,3,12,likely short: CapnBry saw 3 here
Lough Derg,200,feckless lucragan,1,5037,32456,1,21,matches CapnBry (1-2 seen here)
Lough Derg,200,feckless lucragan,2,20872,26206,1,21,matches CapnBry (1-2 seen here)
Lough Derg,200,feckless lucragan,2,30199,62098,2,21,matches CapnBry (1-2 seen here)
Lough Derg,200,feckless lucragan,1,27415,26348,1,21,matches CapnBry (1-2 seen here)
Lough Derg,200,feckless lucragan,1,36652,6283,5,21,likely short: CapnBry saw 5 here
Lough Derg,200,feckless lucragan,2,22986,64265,2,21,matches CapnBry (1-2 seen here)
Lough Derg,200,feckless lucragan,1,16866,61303,0,21,no CapnBry sighting at this spot
Lough Derg,200,feckless lucragan,1,14934,63747,0,21,no CapnBry sighting at this spot
Lough Derg,200,feckless lucragan,1,18202,58975,0,21,no CapnBry sighting at this spot
Lough Derg,200,feckless lucragan,1,2843,37269,1,21,matches CapnBry (1-2 seen here)
Lough Derg,200,lough wolf cadger,1,14932,63140,1,32,matches CapnBry (1-2 seen here)
Lough Derg,200,lough wolf cadger,2,32575,64501,1,32,matches CapnBry (1-2 seen here)
Lough Derg,200,lough wolf cadger,2,19300,1827,3,32,likely short: CapnBry saw 3 here
Lough Derg,200,lough wolf cadger,1,22093,13936,5,32,likely short: CapnBry saw 5 here
Lough Derg,200,lough wolf cadger,1,12265,13707,1,32,matches CapnBry (1-2 seen here)
Lough Derg,200,lough wolf cadger,1,32828,2878,4,32,likely short: CapnBry saw 4 here
Lough Derg,200,lough wolf cadger,1,15459,58994,1,32,matches CapnBry (1-2 seen here)
Lough Derg,200,lough wolf cadger,1,18982,59648,1,32,matches CapnBry (1-2 seen here)
Lough Derg,200,lough wolf cadger,1,29688,62683,1,32,matches CapnBry (1-2 seen here)
Lough Derg,200,lough wolf cadger,1,20922,3044,3,32,likely short: CapnBry saw 3 here
Lough Derg,200,lough wolf cadger,1,14412,13706,1,32,matches CapnBry (1-2 seen here)
Lough Derg,200,lough wolf cadger,1,36062,5127,4,32,likely short: CapnBry saw 4 here
Lough Derg,200,lough wolf cadger,1,10925,64618,0,32,no CapnBry sighting at this spot
Lough Derg,200,lough wolf cadger,1,34035,4022,4,32,likely short: CapnBry saw 4 here
Lough Derg,200,eirebug,1,31621,3049,1,24,matches CapnBry (1-2 seen here)
Lough Derg,200,eirebug,1,17585,65175,6,24,likely short: CapnBry saw 6 here
Lough Derg,200,eirebug,1,3989,37853,0,24,no CapnBry sighting at this spot
Lough Derg,200,eirebug,1,14504,58549,1,24,matches CapnBry (1-2 seen here)
Lough Derg,200,eirebug,1,27167,28949,2,24,matches CapnBry (1-2 seen here)
Lough Derg,200,eirebug,1,15947,62421,1,24,matches CapnBry (1-2 seen here)
Lough Derg,200,eirebug,1,36553,6946,4,24,likely short: CapnBry saw 4 here
Lough Derg,200,eirebug,1,15862,60757,1,24,matches CapnBry (1-2 seen here)
Lough Derg,200,eirebug,1,13586,63530,1,24,matches CapnBry (1-2 seen here)
Lough Derg,200,eirebug,1,18418,62719,6,24,likely short: CapnBry saw 6 here
Lough Derg,200,eirebug,1,37119,2839,4,24,likely short: CapnBry saw 4 here
Lough Derg,200,eirebug,1,29014,62673,1,24,matches CapnBry (1-2 seen here)
Lough Derg,200,eirebug,1,28599,25893,2,24,matches CapnBry (1-2 seen here)
Lough Derg,200,eirebug,1,17248,6614,0,24,no CapnBry sighting at this spot
Lough Derg,200,eirebug,1,63861,51719,0,24,no CapnBry sighting at this spot
Lough Derg,200,wild lucradan,1,6659,43150,0,15,no CapnBry sighting at this spot
Lough Derg,200,wild lucradan,1,5317,47136,0,15,no CapnBry sighting at this spot
Lough Derg,200,wild lucradan,1,2627,37638,0,15,no CapnBry sighting at this spot
Lough Derg,200,wild lucradan,1,5954,39082,0,15,no CapnBry sighting at this spot
Lough Derg,200,wild lucradan,1,62406,12596,1,15,matches CapnBry (1-2 seen here)
Lough Derg,200,wild lucradan,1,4816,34852,0,15,no CapnBry sighting at this spot
Lough Derg,200,wild lucradan,1,11795,47809,0,15,no CapnBry sighting at this spot
Lough Derg,200,wild lucradan,1,4202,31402,0,15,no CapnBry sighting at this spot
Lough Derg,200,wild lucradan,1,6042,50479,0,15,no CapnBry sighting at this spot
Lough Derg,200,wild lucradan,1,28737,35080,2,15,matches CapnBry (1-2 seen here)
Lough Derg,200,wild lucradan,1,29325,33098,2,15,matches CapnBry (1-2 seen here)
Lough Derg,200,wild lucradan,1,27076,35727,2,15,matches CapnBry (1-2 seen here)
Lough Derg,200,whistler,1,61304,14019,2,4,matches CapnBry (1-2 seen here)
Lough Derg,200,skeletal pawn,1,33456,9368,6,16,likely short: CapnBry saw 6 here
Lough Derg,200,skeletal pawn,1,34878,8830,6,16,likely short: CapnBry saw 6 here
Lough Derg,200,skeletal pawn,1,34046,5660,1,16,matches CapnBry (1-2 seen here)
Lough Derg,200,skeletal pawn,1,21752,2120,1,16,matches CapnBry (1-2 seen here)
Lough Derg,200,skeletal pawn,1,21390,12174,1,16,matches CapnBry (1-2 seen here)
Lough Derg,200,ghastly siabra,1,57068,34861,0,4,no CapnBry sighting at this spot
Lough Derg,200,anger sprite,1,60677,18383,2,3,matches CapnBry (1-2 seen here)
Lough Derg,200,anger sprite,1,62653,17115,2,3,matches CapnBry (1-2 seen here)
Lough Derg,200,anger sprite,1,58393,20154,2,3,matches CapnBry (1-2 seen here)
Lough Derg,200,rowdy,2,17659,28097,3,16,likely short: CapnBry saw 3 here
Lough Derg,200,rowdy,1,5460,24449,0,16,no CapnBry sighting at this spot
Lough Derg,200,rowdy,1,17631,30281,1,16,matches CapnBry (1-2 seen here)
Lough Derg,200,rowdy,1,16931,64309,0,16,no CapnBry sighting at this spot
Lough Derg,200,rowdy,1,15119,28758,3,16,likely short: CapnBry saw 3 here
Lough Derg,200,rowdy,2,15848,26308,3,16,likely short: CapnBry saw 3 here
Lough Derg,200,young badger,1,8956,40356,0,9,no CapnBry sighting at this spot
Lough Derg,200,young badger,2,6703,43813,0,9,no CapnBry sighting at this spot
Lough Derg,200,young badger,2,44820,2694,2,9,matches CapnBry (1-2 seen here)
Lough Derg,200,young badger,1,54974,14262,1,9,matches CapnBry (1-2 seen here)
Lough Derg,200,dergan fury,1,44569,58593,3,21,likely short: CapnBry saw 3 here
Lough Derg,200,dergan fury,1,57131,13755,8,21,likely short: CapnBry saw 8 here
Lough Derg,200,dergan fury,1,42901,57946,3,21,likely short: CapnBry saw 3 here
Lough Derg,200,singing curmudgeon,2,51566,46901,0,2,rare/named species (1-2 in whole zone)
Lough Derg,200,water beetle collector,2,27751,17687,2,20,matches CapnBry (1-2 seen here)
Lough Derg,200,water beetle collector,1,29474,22566,2,20,matches CapnBry (1-2 seen here)
Lough Derg,200,water beetle collector,1,28568,13790,2,20,matches CapnBry (1-2 seen here)
Lough Derg,200,skeletal minion,2,13619,64080,0,21,no CapnBry sighting at this spot
Lough Derg,200,skeletal minion,2,34066,10085,6,21,likely short: CapnBry saw 6 here
Lough Derg,200,skeletal minion,1,33833,7212,1,21,matches CapnBry (1-2 seen here)
Lough Derg,200,annoying lucradan,1,23315,30060,0,16,no CapnBry sighting at this spot
Lough Derg,200,annoying lucradan,1,19646,29287,0,16,no CapnBry sighting at this spot
Lough Derg,200,annoying lucradan,1,21447,29636,0,16,no CapnBry sighting at this spot
Lough Derg,200,annoying lucradan,1,27006,28927,0,16,no CapnBry sighting at this spot
Lough Derg,200,mudman,2,35587,60812,0,12,no CapnBry sighting at this spot
Lough Derg,200,mudman,1,29156,12857,1,12,matches CapnBry (1-2 seen here)
Lough Derg,200,mudman,1,28401,22,0,12,no CapnBry sighting at this spot
Lough Derg,200,dew sheerie,1,51234,52878,0,18,no CapnBry sighting at this spot
Lough Derg,200,dew sheerie,1,63973,33733,0,18,no CapnBry sighting at this spot
Lough Derg,200,dew sheerie,1,63032,36305,0,18,no CapnBry sighting at this spot
Lough Derg,200,dew sheerie,1,56344,55564,0,18,no CapnBry sighting at this spot
Lough Derg,200,dergan enchanter,2,61767,13225,4,17,likely short: CapnBry saw 4 here
Lough Derg,200,dergan enchanter,2,60472,14891,4,17,likely short: CapnBry saw 4 here
Lough Derg,200,dergan enchanter,1,42194,56618,4,17,likely short: CapnBry saw 4 here
Lough Derg,200,fishing bear forager,1,46733,19417,0,8,no CapnBry sighting at this spot
Lough Derg,200,fishing bear forager,1,47745,18265,0,8,no CapnBry sighting at this spot
Lough Derg,200,villainous youth,1,14592,61306,1,7,matches CapnBry (1-2 seen here)
Lough Derg,200,villainous youth,1,27816,166,0,7,no CapnBry sighting at this spot
Lough Derg,200,lugradan whelp,1,6385,26106,0,2,rare/named species (1-2 in whole zone)
Lough Derg,200,lugradan whelp,1,3572,23639,0,2,rare/named species (1-2 in whole zone)
Lough Derg,200,spraggonite,1,4583,17461,0,2,rare/named species (1-2 in whole zone)
Lough Derg,200,spraggonite,1,22335,23963,0,2,rare/named species (1-2 in whole zone)
Lough Derg,200,empyrean orb,1,65184,51719,0,12,no CapnBry sighting at this spot
Lough Derg,200,empyrean orb,1,64146,16709,1,12,matches CapnBry (1-2 seen here)
Lough Derg,200,tharl,1,51405,46648,0,1,rare/named species (1-2 in whole zone)
Lough Derg,200,spectral orchard nipper,1,28073,56209,0,1,rare/named species (1-2 in whole zone)
Lough Derg,200,prunar,1,23061,37598,0,1,rare/named species (1-2 in whole zone)
Lough Derg,200,spackit,1,38203,1123,0,1,rare/named species (1-2 in whole zone)
Lough Derg,200,large red wolfhound,1,60648,8000,1,6,matches CapnBry (1-2 seen here)
Lough Derg,200,large red wolfhound,1,65358,53601,0,6,no CapnBry sighting at this spot
Lough Derg,200,large red wolfhound,1,59557,53119,0,6,no CapnBry sighting at this spot
Lough Derg,200,nofier,1,55278,27771,0,1,rare/named species (1-2 in whole zone)
Lough Derg,200,curmudgeon skinner,1,3991,55529,0,3,no CapnBry sighting at this spot
Lough Derg,200,curmudgeon skinner,1,43624,6586,1,3,matches CapnBry (1-2 seen here)
Lough Derg,200,curmudgeon skinner,1,10221,50995,1,3,matches CapnBry (1-2 seen here)
Lough Derg,200,dergan tussler,1,59901,29291,0,1,rare/named species (1-2 in whole zone)
Lough Derg,200,mist sheerie,1,60736,49057,0,1,rare/named species (1-2 in whole zone)
Lough Derg,200,curmudgeon trapper,1,10270,50926,0,6,no CapnBry sighting at this spot
Lough Derg,200,curmudgeon trapper,2,49446,19649,0,6,no CapnBry sighting at this spot
Lough Derg,200,curmudgeon trapper,2,3834,55429,0,6,no CapnBry sighting at this spot
Lough Derg,200,curmudgeon trapper,1,45094,4371,1,6,matches CapnBry (1-2 seen here)
Lough Derg,200,hazard,1,17937,48813,0,1,rare/named species (1-2 in whole zone)
Lough Derg,200,sabha,1,8373,33221,0,1,rare/named species (1-2 in whole zone)
Lough Derg,200,rounder,1,59457,31094,0,1,rare/named species (1-2 in whole zone)
Lough Derg,200,clubmoss sheerie,1,63174,4098,1,1,matches CapnBry (1-2 seen here)
Lough Derg,200,small walking boulder,1,5111,65064,0,3,no CapnBry sighting at this spot
Lough Derg,200,small walking boulder,2,7059,65134,0,3,no CapnBry sighting at this spot
Lough Derg,200,bristle,1,20245,55369,0,1,rare/named species (1-2 in whole zone)
Lough Derg,200,barca,1,64514,40496,0,1,rare/named species (1-2 in whole zone)
Lough Derg,200,morty,1,21706,22100,0,1,rare/named species (1-2 in whole zone)
Lough Derg,200,primrose,1,63719,54677,0,2,rare/named species (1-2 in whole zone)
Lough Derg,200,primrose,1,65100,49076,0,2,rare/named species (1-2 in whole zone)
Lough Derg,200,duana,1,60905,13756,0,1,rare/named species (1-2 in whole zone)
Lough Derg,200,spraggonoll,1,39842,3990,1,1,matches CapnBry (1-2 seen here)
Lough Derg,200,bertha,1,60982,39212,0,1,rare/named species (1-2 in whole zone)
Lough Derg,200,red wolfhound,1,25335,36586,1,9,matches CapnBry (1-2 seen here)
Lough Derg,200,red wolfhound,1,48266,42660,0,9,no CapnBry sighting at this spot
Lough Derg,200,red wolfhound,1,20188,47167,1,9,matches CapnBry (1-2 seen here)
Lough Derg,200,red wolfhound,1,20156,53258,1,9,matches CapnBry (1-2 seen here)
Lough Derg,200,red wolfhound,2,55472,14892,2,9,matches CapnBry (1-2 seen here)
Lough Derg,200,red wolfhound,1,17981,54853,1,9,matches CapnBry (1-2 seen here)
Lough Derg,200,red wolfhound,1,61417,22738,0,9,no CapnBry sighting at this spot
Lough Derg,200,red wolfhound,1,14106,49544,1,9,matches CapnBry (1-2 seen here)
Lough Derg,200,spykit,1,27747,474,0,1,rare/named species (1-2 in whole zone)
Lough Derg,200,fallen one,1,60458,4637,0,1,rare/named species (1-2 in whole zone)
Lough Derg,200,dacyn,1,21619,31570,0,1,rare/named species (1-2 in whole zone)
Lough Derg,200,hughar,1,61167,38994,0,1,rare/named species (1-2 in whole zone)
Lough Derg,200,nock,1,40798,54156,0,1,rare/named species (1-2 in whole zone)
Lough Derg,200,dwayne,1,27805,3259,0,1,rare/named species (1-2 in whole zone)
Lough Derg,200,curmudgeon crab-catcher,1,44008,5982,1,1,matches CapnBry (1-2 seen here)
Silvermine Mts.,201,luricaduane,1,41834,48219,0,59,no CapnBry sighting at this spot
Silvermine Mts.,201,luricaduane,2,55889,46389,3,59,likely short: CapnBry saw 3 here
Silvermine Mts.,201,luricaduane,1,5567,41931,3,59,likely short: CapnBry saw 3 here
Silvermine Mts.,201,luricaduane,1,31527,56424,3,59,likely short: CapnBry saw 3 here
Silvermine Mts.,201,luricaduane,2,31419,58479,3,59,likely short: CapnBry saw 3 here
Silvermine Mts.,201,luricaduane,1,53878,46592,3,59,likely short: CapnBry saw 3 here
Silvermine Mts.,201,luricaduane,2,7572,41476,3,59,likely short: CapnBry saw 3 here
Silvermine Mts.,201,luricaduane,1,13534,12341,1,59,matches CapnBry (1-2 seen here)
Silvermine Mts.,201,luricaduane,2,47241,48531,2,59,matches CapnBry (1-2 seen here)
Silvermine Mts.,201,luricaduane,2,52027,48159,3,59,likely short: CapnBry saw 3 here
Silvermine Mts.,201,luricaduane,1,28052,57436,3,59,likely short: CapnBry saw 3 here
Silvermine Mts.,201,luricaduane,2,41840,50232,0,59,no CapnBry sighting at this spot
Silvermine Mts.,201,luricaduane,1,17080,13067,1,59,matches CapnBry (1-2 seen here)
Silvermine Mts.,201,luricaduane,1,15699,14715,1,59,matches CapnBry (1-2 seen here)
Silvermine Mts.,201,luricaduane,1,49010,45100,2,59,matches CapnBry (1-2 seen here)
Silvermine Mts.,201,spraggonet,2,59559,11511,0,26,no CapnBry sighting at this spot
Silvermine Mts.,201,spraggonet,1,56413,11978,0,26,no CapnBry sighting at this spot
Silvermine Mts.,201,spraggonet,1,55216,4670,0,26,no CapnBry sighting at this spot
Silvermine Mts.,201,spraggonet,1,56972,20246,0,26,no CapnBry sighting at this spot
Silvermine Mts.,201,spraggonet,1,55525,22394,0,26,no CapnBry sighting at this spot
Silvermine Mts.,201,spraggonet,2,60400,20869,0,26,no CapnBry sighting at this spot
Silvermine Mts.,201,spraggonet,1,47462,6341,0,26,no CapnBry sighting at this spot
Silvermine Mts.,201,spraggonet,2,62252,12521,0,26,no CapnBry sighting at this spot
Silvermine Mts.,201,spraggonet,1,58154,18564,0,26,no CapnBry sighting at this spot
Silvermine Mts.,201,rat boy,1,13106,60922,0,14,no CapnBry sighting at this spot
Silvermine Mts.,201,rat boy,2,7461,63289,2,14,matches CapnBry (1-2 seen here)
Silvermine Mts.,201,rat boy,1,21550,64167,0,14,no CapnBry sighting at this spot
Silvermine Mts.,201,rat boy,1,21273,57415,0,14,no CapnBry sighting at this spot
Silvermine Mts.,201,sheevra swordsman,2,54994,27641,3,35,likely short: CapnBry saw 3 here
Silvermine Mts.,201,sheevra swordsman,1,60554,26619,0,35,no CapnBry sighting at this spot
Silvermine Mts.,201,sheevra swordsman,2,54299,964,0,35,no CapnBry sighting at this spot
Silvermine Mts.,201,sheevra swordsman,2,58617,27377,3,35,likely short: CapnBry saw 3 here
Silvermine Mts.,201,sheevra swordsman,1,51976,645,0,35,no CapnBry sighting at this spot
Silvermine Mts.,201,spraggonilt,2,5424,10678,0,28,no CapnBry sighting at this spot
Silvermine Mts.,201,spraggonilt,1,19300,55785,0,28,no CapnBry sighting at this spot
Silvermine Mts.,201,spraggonilt,1,19789,19316,0,28,no CapnBry sighting at this spot
Silvermine Mts.,201,spraggonilt,2,7694,62790,0,28,no CapnBry sighting at this spot
Silvermine Mts.,201,spraggonilt,1,32359,16106,0,28,no CapnBry sighting at this spot
Silvermine Mts.,201,spraggonilt,2,7342,3367,0,28,no CapnBry sighting at this spot
Silvermine Mts.,201,spraggonilt,1,18817,29175,0,28,no CapnBry sighting at this spot
Silvermine Mts.,201,spraggonilt,1,19042,58492,0,28,no CapnBry sighting at this spot
Silvermine Mts.,201,spraggonilt,1,14812,7791,0,28,no CapnBry sighting at this spot
Silvermine Mts.,201,spraggonilt,1,10577,16480,0,28,no CapnBry sighting at this spot
Silvermine Mts.,201,enchanted luricaduane,1,32245,49308,0,1,rare/named species (1-2 in whole zone)
Silvermine Mts.,201,sheevra skirmisher,2,57425,28707,3,15,likely short: CapnBry saw 3 here
Silvermine Mts.,201,sheevra skirmisher,1,58531,24046,0,15,no CapnBry sighting at this spot
Silvermine Mts.,201,sheevra skirmisher,2,40490,38546,0,15,no CapnBry sighting at this spot
Silvermine Mts.,201,sheevra skirmisher,1,55179,29082,3,15,likely short: CapnBry saw 3 here
Silvermine Mts.,201,sheevra skirmisher,1,57521,42762,0,15,no CapnBry sighting at this spot
Silvermine Mts.,201,sheevra skirmisher,2,37445,41044,0,15,no CapnBry sighting at this spot
Silvermine Mts.,201,silvermine badger,2,51418,22151,0,37,no CapnBry sighting at this spot
Silvermine Mts.,201,silvermine badger,2,49970,17927,0,37,no CapnBry sighting at this spot
Silvermine Mts.,201,silvermine badger,1,48255,6364,2,37,matches CapnBry (1-2 seen here)
Silvermine Mts.,201,silvermine badger,2,52366,10227,2,37,matches CapnBry (1-2 seen here)
Silvermine Mts.,201,silvermine badger,1,57670,7223,1,37,matches CapnBry (1-2 seen here)
Silvermine Mts.,201,silvermine badger,2,47042,21721,0,37,no CapnBry sighting at this spot
Silvermine Mts.,201,silvermine badger,1,50459,24614,0,37,no CapnBry sighting at this spot
Silvermine Mts.,201,silvermine badger,1,50887,4724,1,37,matches CapnBry (1-2 seen here)
Silvermine Mts.,201,silvermine badger,2,59732,17257,0,37,no CapnBry sighting at this spot
Silvermine Mts.,201,silvermine badger,1,57899,3709,1,37,matches CapnBry (1-2 seen here)
Silvermine Mts.,201,silvermine badger,1,59654,5800,1,37,matches CapnBry (1-2 seen here)
Silvermine Mts.,201,silvermine badger,1,47832,16222,0,37,no CapnBry sighting at this spot
Silvermine Mts.,201,silvermine badger,1,47499,8567,2,37,matches CapnBry (1-2 seen here)
Silvermine Mts.,201,silvermine badger,1,47061,23938,0,37,no CapnBry sighting at this spot
Silvermine Mts.,201,sargoth,1,5955,21001,0,1,rare/named species (1-2 in whole zone)
Silvermine Mts.,201,stone sheerie,2,40071,41073,0,8,no CapnBry sighting at this spot
Silvermine Mts.,201,walking rock,1,46380,10532,0,34,no CapnBry sighting at this spot
Silvermine Mts.,201,walking rock,2,50006,5201,0,34,no CapnBry sighting at this spot
Silvermine Mts.,201,walking rock,1,53210,16057,2,34,matches CapnBry (1-2 seen here)
Silvermine Mts.,201,walking rock,1,55764,12192,1,34,matches CapnBry (1-2 seen here)
Silvermine Mts.,201,walking rock,2,61198,31803,0,34,no CapnBry sighting at this spot
Silvermine Mts.,201,walking rock,1,49089,10975,0,34,no CapnBry sighting at this spot
Silvermine Mts.,201,walking rock,2,48990,23856,0,34,no CapnBry sighting at this spot
Silvermine Mts.,201,walking rock,1,58451,36354,0,34,no CapnBry sighting at this spot
Silvermine Mts.,201,walking rock,1,50471,14881,2,34,matches CapnBry (1-2 seen here)
Silvermine Mts.,201,walking rock,1,49330,6721,0,34,no CapnBry sighting at this spot
Silvermine Mts.,201,walking rock,2,62092,17605,0,34,no CapnBry sighting at this spot
Silvermine Mts.,201,walking rock,1,48215,9390,0,34,no CapnBry sighting at this spot
Silvermine Mts.,201,walking rock,1,49296,21520,0,34,no CapnBry sighting at this spot
Silvermine Mts.,201,walking rock,1,48238,26138,0,34,no CapnBry sighting at this spot
Silvermine Mts.,201,sapper,1,21408,54609,0,1,rare/named species (1-2 in whole zone)
Silvermine Mts.,201,small walking boulder,1,17662,19899,0,29,no CapnBry sighting at this spot
Silvermine Mts.,201,small walking boulder,1,22617,31851,0,29,no CapnBry sighting at this spot
Silvermine Mts.,201,small walking boulder,2,6723,51268,0,29,no CapnBry sighting at this spot
Silvermine Mts.,201,small walking boulder,1,6458,38766,0,29,no CapnBry sighting at this spot
Silvermine Mts.,201,small walking boulder,2,30510,10215,0,29,no CapnBry sighting at this spot
Silvermine Mts.,201,small walking boulder,2,8035,400,0,29,no CapnBry sighting at this spot
Silvermine Mts.,201,small walking boulder,1,31258,15862,0,29,no CapnBry sighting at this spot
Silvermine Mts.,201,small walking boulder,1,8158,32701,0,29,no CapnBry sighting at this spot
Silvermine Mts.,201,small walking boulder,1,28881,14601,0,29,no CapnBry sighting at this spot
Silvermine Mts.,201,small walking boulder,2,5991,24744,0,29,no CapnBry sighting at this spot
Silvermine Mts.,201,small walking boulder,1,10611,32672,0,29,no CapnBry sighting at this spot
Silvermine Mts.,201,small walking boulder,1,33383,9249,0,29,no CapnBry sighting at this spot
Silvermine Mts.,201,small walking boulder,1,9236,51040,0,29,no CapnBry sighting at this spot
Silvermine Mts.,201,small walking boulder,2,21759,58789,0,29,no CapnBry sighting at this spot
Silvermine Mts.,201,small walking boulder,2,16306,18148,0,29,no CapnBry sighting at this spot
Silvermine Mts.,201,small walking boulder,1,10777,53985,0,29,no CapnBry sighting at this spot
Silvermine Mts.,201,small walking boulder,1,27518,13928,0,29,no CapnBry sighting at this spot
Silvermine Mts.,201,small walking boulder,1,25496,34969,0,29,no CapnBry sighting at this spot
Silvermine Mts.,201,small walking boulder,1,10195,40286,0,29,no CapnBry sighting at this spot
Silvermine Mts.,201,dew sheerie,2,45386,40769,2,9,matches CapnBry (1-2 seen here)
Silvermine Mts.,201,dew sheerie,1,41893,39819,0,9,no CapnBry sighting at this spot
Silvermine Mts.,201,sheevra archer,2,37888,41494,0,19,no CapnBry sighting at this spot
Silvermine Mts.,201,sheevra archer,1,59087,44196,0,19,no CapnBry sighting at this spot
Silvermine Mts.,201,sheevra archer,2,40016,37669,0,19,no CapnBry sighting at this spot
Silvermine Mts.,201,sheevra archer,1,55178,30370,1,19,matches CapnBry (1-2 seen here)
Silvermine Mts.,201,sheevra archer,2,58483,27758,2,19,matches CapnBry (1-2 seen here)
Silvermine Mts.,201,lough wolf cadger,1,16184,262,0,2,rare/named species (1-2 in whole zone)
Silvermine Mts.,201,lough wolf cadger,1,30529,450,1,2,matches CapnBry (1-2 seen here)
Silvermine Mts.,201,spraggonix,2,13487,64807,0,3,no CapnBry sighting at this spot
Silvermine Mts.,201,spraggonix,1,16229,65450,0,3,no CapnBry sighting at this spot
Silvermine Mts.,201,scar-nose,1,49186,24348,0,1,rare/named species (1-2 in whole zone)
Silvermine Mts.,201,sheevra chieftain,1,38344,41474,0,5,no CapnBry sighting at this spot
Silvermine Mts.,201,sheevra chieftain,1,36763,45596,0,5,no CapnBry sighting at this spot
Silvermine Mts.,201,sheevra chieftain,2,42241,34101,0,5,no CapnBry sighting at this spot
Silvermine Mts.,201,sheevra chieftain,1,59983,27881,0,5,no CapnBry sighting at this spot
Silvermine Mts.,201,mountain mephit,1,54626,62127,0,8,no CapnBry sighting at this spot
Silvermine Mts.,201,mountain mephit,1,60079,56309,0,8,no CapnBry sighting at this spot
Silvermine Mts.,201,deamhan creig,1,48550,55926,0,6,no CapnBry sighting at this spot
Silvermine Mts.,201,rolling stone,1,43479,32092,0,1,rare/named species (1-2 in whole zone)
Silvermine Mts.,201,eirebug,1,16954,479,0,1,rare/named species (1-2 in whole zone)
Silvermine Mts.,201,rock clipper,1,49114,35129,0,1,rare/named species (1-2 in whole zone)
Silvermine Mts.,201,chieftain dergal,1,59174,27883,0,1,rare/named species (1-2 in whole zone)
Silvermine Mts.,201,overseer camlin,1,60875,24783,0,1,rare/named species (1-2 in whole zone)
Silvermine Mts.,201,nictol the unkempt,1,4874,63877,0,1,rare/named species (1-2 in whole zone)
Silvermine Mts.,201,tiny eirebug,1,45237,56125,0,1,rare/named species (1-2 in whole zone)
Silvermine Mts.,201,ualtar,1,20142,56935,0,1,rare/named species (1-2 in whole zone)
Silvermine Mts.,201,stinky,1,20227,14322,0,1,rare/named species (1-2 in whole zone)
Silvermine Mts.,201,pebble,1,50647,25259,0,1,rare/named species (1-2 in whole zone)
Silvermine Mts.,201,seireadan,1,6723,36907,0,1,rare/named species (1-2 in whole zone)
Shannon Estuary,202,sand crab,1,8558,30313,6,22,likely short: CapnBry saw 6 here
Shannon Estuary,202,giant ant,2,22372,62529,2,79,matches CapnBry (1-2 seen here)
Shannon Estuary,202,giant ant,1,19404,63840,2,79,matches CapnBry (1-2 seen here)
Shannon Estuary,202,giant ant,1,54032,62884,0,79,no CapnBry sighting at this spot
Shannon Estuary,202,giant ant,1,62403,50887,0,79,no CapnBry sighting at this spot
Shannon Estuary,202,giant ant,2,17226,60868,0,79,no CapnBry sighting at this spot
Shannon Estuary,202,giant ant,1,3117,44030,1,79,matches CapnBry (1-2 seen here)
Shannon Estuary,202,giant ant,1,39632,39989,0,79,no CapnBry sighting at this spot
Shannon Estuary,202,giant ant,1,55336,36680,0,79,no CapnBry sighting at this spot
Shannon Estuary,202,giant ant,1,61425,16212,0,79,no CapnBry sighting at this spot
Shannon Estuary,202,giant ant,1,5438,64039,0,79,no CapnBry sighting at this spot
Shannon Estuary,202,eriu fiscere,2,48127,15054,0,10,no CapnBry sighting at this spot
Shannon Estuary,202,eriu fiscere,1,56628,13894,0,10,no CapnBry sighting at this spot
Shannon Estuary,202,eriu fiscere,1,58236,8300,0,10,no CapnBry sighting at this spot
Shannon Estuary,202,eriu fiscere,2,55884,11277,0,10,no CapnBry sighting at this spot
Shannon Estuary,202,eriu fiscere,1,39142,20838,0,10,no CapnBry sighting at this spot
Shannon Estuary,202,rat boy,1,45765,253,0,2,rare/named species (1-2 in whole zone)
Shannon Estuary,202,rat boy,1,42901,293,0,2,rare/named species (1-2 in whole zone)
Shannon Estuary,202,gurite footpad,1,38298,65222,0,1,rare/named species (1-2 in whole zone)
Shannon Estuary,202,lethe,1,33727,16254,0,1,rare/named species (1-2 in whole zone)
Shannon Estuary,202,kirwyn,1,10247,39596,0,1,rare/named species (1-2 in whole zone)
Shannon Estuary,202,beach rat,1,9965,12500,0,17,no CapnBry sighting at this spot
Shannon Estuary,202,beach rat,1,4715,11958,0,17,no CapnBry sighting at this spot
Shannon Estuary,202,moss sheerie,1,19391,41247,0,58,no CapnBry sighting at this spot
Shannon Estuary,202,spraggonix,2,41048,3996,0,7,no CapnBry sighting at this spot
Shannon Estuary,202,spraggonix,1,18516,35822,0,7,no CapnBry sighting at this spot
Shannon Estuary,202,spraggonix,2,44230,2378,0,7,no CapnBry sighting at this spot
Shannon Estuary,202,spraggonix,1,48730,1908,0,7,no CapnBry sighting at this spot
Shannon Estuary,202,spraggonix,1,40559,2001,0,7,no CapnBry sighting at this spot
Shannon Estuary,202,sandman,1,6749,18509,0,13,no CapnBry sighting at this spot
Shannon Estuary,202,sandman,1,15623,24412,1,13,matches CapnBry (1-2 seen here)
Shannon Estuary,202,sandman,1,5832,30395,1,13,matches CapnBry (1-2 seen here)
Shannon Estuary,202,sandman,1,4459,28614,1,13,matches CapnBry (1-2 seen here)
Shannon Estuary,202,sandman,1,4283,25314,0,13,no CapnBry sighting at this spot
Shannon Estuary,202,sandman,1,5526,22696,0,13,no CapnBry sighting at this spot
Shannon Estuary,202,sandman,1,4770,20911,0,13,no CapnBry sighting at this spot
Shannon Estuary,202,eriu henter,1,11339,52519,0,23,no CapnBry sighting at this spot
Shannon Estuary,202,eriu henter,1,18180,64789,0,23,no CapnBry sighting at this spot
Shannon Estuary,202,eriu henter,1,50759,59211,0,23,no CapnBry sighting at this spot
Shannon Estuary,202,eriu henter,1,46837,50719,0,23,no CapnBry sighting at this spot
Shannon Estuary,202,eriu henter,1,8134,62541,0,23,no CapnBry sighting at this spot
Shannon Estuary,202,eriu henter,1,40679,30403,0,23,no CapnBry sighting at this spot
Shannon Estuary,202,eriu henter,1,14173,61029,0,23,no CapnBry sighting at this spot
Shannon Estuary,202,eriu henter,1,48566,55497,0,23,no CapnBry sighting at this spot
Shannon Estuary,202,eriu henter,2,54920,37856,0,23,no CapnBry sighting at this spot
Shannon Estuary,202,eriu henter,1,36178,32092,0,23,no CapnBry sighting at this spot
Shannon Estuary,202,eriu henter,1,44712,38985,0,23,no CapnBry sighting at this spot
Shannon Estuary,202,eriu henter,1,54185,40630,0,23,no CapnBry sighting at this spot
Shannon Estuary,202,eriu henter,1,12425,58957,0,23,no CapnBry sighting at this spot
Shannon Estuary,202,ollipheist,1,14330,52084,0,13,no CapnBry sighting at this spot
Shannon Estuary,202,ollipheist,1,18305,56402,0,13,no CapnBry sighting at this spot
Shannon Estuary,202,ollipheist,1,19130,60099,0,13,no CapnBry sighting at this spot
Shannon Estuary,202,lugradan,1,17643,7958,0,4,no CapnBry sighting at this spot
Shannon Estuary,202,lugradan,2,38490,851,0,4,no CapnBry sighting at this spot
Shannon Estuary,202,lugradan,1,8519,4095,0,4,no CapnBry sighting at this spot
Shannon Estuary,202,eriu kedger,1,49131,43208,0,3,no CapnBry sighting at this spot
Shannon Estuary,202,eriu kedger,1,50451,44676,0,3,no CapnBry sighting at this spot
Shannon Estuary,202,eriu kedger,1,51772,43359,0,3,no CapnBry sighting at this spot
Shannon Estuary,202,eriu ambusher,1,36534,60315,1,1,matches CapnBry (1-2 seen here)
Shannon Estuary,202,merrow,2,2275,35615,0,2,rare/named species (1-2 in whole zone)
Shannon Estuary,202,solas,1,36479,60358,0,1,rare/named species (1-2 in whole zone)
Shannon Estuary,202,srandamar,1,58667,2909,0,1,rare/named species (1-2 in whole zone)
Shannon Estuary,202,merman,1,55450,29564,0,2,rare/named species (1-2 in whole zone)
Shannon Estuary,202,merman,1,49456,27620,0,2,rare/named species (1-2 in whole zone)
Shannon Estuary,202,spraggonix elder,2,18039,35473,0,2,rare/named species (1-2 in whole zone)
Shannon Estuary,202,arracht,1,16125,52288,0,1,rare/named species (1-2 in whole zone)
Shannon Estuary,202,eriu waylayer,2,35463,60710,2,3,matches CapnBry (1-2 seen here)
Shannon Estuary,202,eriu waylayer,1,29381,37996,0,3,no CapnBry sighting at this spot
Shannon Estuary,202,water badger,1,53373,6898,0,1,rare/named species (1-2 in whole zone)
Shannon Estuary,202,kaen kedger,1,50927,45041,0,1,rare/named species (1-2 in whole zone)
Shannon Estuary,202,danderpaw,1,51294,61566,0,1,rare/named species (1-2 in whole zone)
Valley of Bri Leith,206,siog footpad,2,2519,11611,1,13,matches CapnBry (1-2 seen here)
Valley of Bri Leith,206,siog footpad,1,6473,13802,1,13,matches CapnBry (1-2 seen here)
Valley of Bri Leith,206,siog footpad,1,5165,10844,1,13,matches CapnBry (1-2 seen here)
Valley of Bri Leith,206,siog footpad,1,3660,14061,1,13,matches CapnBry (1-2 seen here)
Valley of Bri Leith,206,siog footpad,1,4439,12684,1,13,matches CapnBry (1-2 seen here)
Valley of Bri Leith,206,grass sheerie,1,2833,26461,0,15,no CapnBry sighting at this spot
Valley of Bri Leith,206,grass sheerie,1,15046,21498,0,15,no CapnBry sighting at this spot
Valley of Bri Leith,206,grass sheerie,2,1580,16996,0,15,no CapnBry sighting at this spot
Valley of Bri Leith,206,grass sheerie,1,1324,26728,0,15,no CapnBry sighting at this spot
Valley of Bri Leith,206,grass sheerie,1,25636,25206,0,15,no CapnBry sighting at this spot
Valley of Bri Leith,206,grass sheerie,1,14043,18562,0,15,no CapnBry sighting at this spot
Valley of Bri Leith,206,grass sheerie,2,17813,32632,0,15,no CapnBry sighting at this spot
Valley of Bri Leith,206,grass sheerie,1,2421,18562,0,15,no CapnBry sighting at this spot
Valley of Bri Leith,206,grass sheerie,1,11601,23592,0,15,no CapnBry sighting at this spot
Valley of Bri Leith,206,grass sheerie,2,16756,30131,0,15,no CapnBry sighting at this spot
Valley of Bri Leith,206,grass sheerie,1,19713,31209,0,15,no CapnBry sighting at this spot
Valley of Bri Leith,206,grass sheerie,1,4573,39472,0,15,no CapnBry sighting at this spot
Valley of Bri Leith,206,empyrean overseer,2,58345,15940,0,15,no CapnBry sighting at this spot
Valley of Bri Leith,206,empyrean overseer,1,57750,17724,0,15,no CapnBry sighting at this spot
Valley of Bri Leith,206,empyrean overseer,1,56576,7808,0,15,no CapnBry sighting at this spot
Valley of Bri Leith,206,primrose,1,32046,39996,0,25,no CapnBry sighting at this spot
Valley of Bri Leith,206,primrose,1,18206,49516,0,25,no CapnBry sighting at this spot
Valley of Bri Leith,206,primrose,2,8455,40669,0,25,no CapnBry sighting at this spot
Valley of Bri Leith,206,primrose,2,410,50055,0,25,no CapnBry sighting at this spot
Valley of Bri Leith,206,primrose,1,3913,21028,0,25,no CapnBry sighting at this spot
Valley of Bri Leith,206,primrose,2,32710,37901,0,25,no CapnBry sighting at this spot
Valley of Bri Leith,206,primrose,2,12117,40341,0,25,no CapnBry sighting at this spot
Valley of Bri Leith,206,primrose,2,36151,11986,0,25,no CapnBry sighting at this spot
Valley of Bri Leith,206,primrose,1,3508,38388,0,25,no CapnBry sighting at this spot
Valley of Bri Leith,206,primrose,1,21350,32662,0,25,no CapnBry sighting at this spot
Valley of Bri Leith,206,primrose,1,192,29523,0,25,no CapnBry sighting at this spot
Valley of Bri Leith,206,primrose,1,35009,21741,0,25,no CapnBry sighting at this spot
Valley of Bri Leith,206,primrose,1,7307,30122,0,25,no CapnBry sighting at this spot
Valley of Bri Leith,206,primrose,1,33273,23208,0,25,no CapnBry sighting at this spot
Valley of Bri Leith,206,primrose,1,26655,24204,0,25,no CapnBry sighting at this spot
Valley of Bri Leith,206,primrose,1,36820,24593,0,25,no CapnBry sighting at this spot
Valley of Bri Leith,206,primrose,1,4284,55048,0,25,no CapnBry sighting at this spot
Valley of Bri Leith,206,watcher rylie,1,57717,58423,0,1,rare/named species (1-2 in whole zone)
Valley of Bri Leith,206,mikka,1,27107,54672,0,1,rare/named species (1-2 in whole zone)
Valley of Bri Leith,206,hill hound,1,9556,9349,0,5,no CapnBry sighting at this spot
Valley of Bri Leith,206,barca,1,5741,39822,0,26,no CapnBry sighting at this spot
Valley of Bri Leith,206,barca,1,11721,49616,0,26,no CapnBry sighting at this spot
Valley of Bri Leith,206,barca,1,14127,47775,0,26,no CapnBry sighting at this spot
Valley of Bri Leith,206,barca,1,25167,25271,0,26,no CapnBry sighting at this spot
Valley of Bri Leith,206,barca,1,34533,26950,0,26,no CapnBry sighting at this spot
Valley of Bri Leith,206,barca,1,3170,39724,0,26,no CapnBry sighting at this spot
Valley of Bri Leith,206,barca,1,336,39477,0,26,no CapnBry sighting at this spot
Valley of Bri Leith,206,barca,1,3438,19277,1,26,matches CapnBry (1-2 seen here)
Valley of Bri Leith,206,barca,1,741,21883,0,26,no CapnBry sighting at this spot
Valley of Bri Leith,206,barca,1,2408,51958,0,26,no CapnBry sighting at this spot
Valley of Bri Leith,206,barca,1,2518,14127,1,26,matches CapnBry (1-2 seen here)
Valley of Bri Leith,206,barca,1,18144,20879,0,26,no CapnBry sighting at this spot
Valley of Bri Leith,206,barca,2,1530,30066,0,26,no CapnBry sighting at this spot
Valley of Bri Leith,206,barca,1,1387,32829,0,26,no CapnBry sighting at this spot
Valley of Bri Leith,206,barca,1,9795,19009,0,26,no CapnBry sighting at this spot
Valley of Bri Leith,206,barca,1,16570,21435,0,26,no CapnBry sighting at this spot
Valley of Bri Leith,206,barca,1,23461,22811,0,26,no CapnBry sighting at this spot
Valley of Bri Leith,206,barca,1,6912,42535,0,26,no CapnBry sighting at this spot
Valley of Bri Leith,206,barca,1,12512,23014,0,26,no CapnBry sighting at this spot
Valley of Bri Leith,206,barca,1,3390,57124,0,26,no CapnBry sighting at this spot
Valley of Bri Leith,206,barca,1,5353,30026,0,26,no CapnBry sighting at this spot
Valley of Bri Leith,206,barca,1,25478,27729,0,26,no CapnBry sighting at this spot
Valley of Bri Leith,206,barca,1,32152,15073,0,26,no CapnBry sighting at this spot
Valley of Bri Leith,206,barca,1,131,55204,0,26,no CapnBry sighting at this spot
Valley of Bri Leith,206,barca,1,29246,21624,0,26,no CapnBry sighting at this spot
Valley of Bri Leith,206,empyrean guardian,2,57430,24063,0,36,no CapnBry sighting at this spot
Valley of Bri Leith,206,empyrean guardian,2,51122,9282,0,36,no CapnBry sighting at this spot
Valley of Bri Leith,206,empyrean guardian,2,47920,22842,0,36,no CapnBry sighting at this spot
Valley of Bri Leith,206,empyrean guardian,1,43871,8891,0,36,no CapnBry sighting at this spot
Valley of Bri Leith,206,empyrean guardian,2,60550,16806,0,36,no CapnBry sighting at this spot
Valley of Bri Leith,206,empyrean guardian,1,46280,20376,0,36,no CapnBry sighting at this spot
Valley of Bri Leith,206,empyrean guardian,1,56164,35349,0,36,no CapnBry sighting at this spot
Valley of Bri Leith,206,empyrean guardian,2,45564,8981,0,36,no CapnBry sighting at this spot
Valley of Bri Leith,206,empyrean guardian,1,59976,22428,0,36,no CapnBry sighting at this spot
Valley of Bri Leith,206,empyrean guardian,1,42782,6484,0,36,no CapnBry sighting at this spot
Valley of Bri Leith,206,empyrean guardian,1,45868,21844,0,36,no CapnBry sighting at this spot
Valley of Bri Leith,206,empyrean guardian,1,47975,20417,0,36,no CapnBry sighting at this spot
Valley of Bri Leith,206,fee lion,1,3582,63516,0,10,no CapnBry sighting at this spot
Valley of Bri Leith,206,fee lion,1,34320,59465,0,10,no CapnBry sighting at this spot
Valley of Bri Leith,206,fee lion,2,27494,57812,0,10,no CapnBry sighting at this spot
Valley of Bri Leith,206,fee lion,1,2540,61515,0,10,no CapnBry sighting at this spot
Valley of Bri Leith,206,fee lion,2,25629,59491,0,10,no CapnBry sighting at this spot
Valley of Bri Leith,206,siog seeker,1,14095,16478,0,25,no CapnBry sighting at this spot
Valley of Bri Leith,206,siog seeker,2,14859,30461,0,25,no CapnBry sighting at this spot
Valley of Bri Leith,206,empyrean watcher,1,49337,31095,0,6,no CapnBry sighting at this spot
Valley of Bri Leith,206,empyrean watcher,1,47314,32876,0,6,no CapnBry sighting at this spot
Valley of Bri Leith,206,empyrean watcher,1,50858,24701,0,6,no CapnBry sighting at this spot
Valley of Bri Leith,206,empyrean watcher,1,51081,31150,0,6,no CapnBry sighting at this spot
Valley of Bri Leith,206,empyrean watcher,1,45123,33785,0,6,no CapnBry sighting at this spot
Valley of Bri Leith,206,empyrean watcher,1,52065,23434,0,6,no CapnBry sighting at this spot
Valley of Bri Leith,206,faerie drake,1,21055,61259,0,24,no CapnBry sighting at this spot
Valley of Bri Leith,206,faerie drake,2,3298,61949,0,24,no CapnBry sighting at this spot
Valley of Bri Leith,206,faerie drake,1,26365,59081,0,24,no CapnBry sighting at this spot
Valley of Bri Leith,206,faerie drake,2,34043,57267,0,24,no CapnBry sighting at this spot
Valley of Bri Leith,206,faerie drake,2,18879,58464,0,24,no CapnBry sighting at this spot
Valley of Bri Leith,206,faerie drake,1,22165,59005,0,24,no CapnBry sighting at this spot
Valley of Bri Leith,206,faerie drake,1,30599,49103,0,24,no CapnBry sighting at this spot
Valley of Bri Leith,206,faerie drake,1,45066,42353,0,24,no CapnBry sighting at this spot
Valley of Bri Leith,206,faerie drake,1,33421,54897,0,24,no CapnBry sighting at this spot
Valley of Bri Leith,206,faerie drake,1,41639,44801,0,24,no CapnBry sighting at this spot
Valley of Bri Leith,206,faerie horse,1,9942,60244,0,17,no CapnBry sighting at this spot
Valley of Bri Leith,206,faerie horse,1,23662,59731,0,17,no CapnBry sighting at this spot
Valley of Bri Leith,206,faerie horse,2,25488,60840,0,17,no CapnBry sighting at this spot
Valley of Bri Leith,206,faerie horse,2,10325,57974,0,17,no CapnBry sighting at this spot
Valley of Bri Leith,206,faerie horse,1,16976,60994,0,17,no CapnBry sighting at this spot
Valley of Bri Leith,206,faerie horse,2,16280,59072,0,17,no CapnBry sighting at this spot
Valley of Bri Leith,206,faerie horse,1,15062,57488,0,17,no CapnBry sighting at this spot
Valley of Bri Leith,206,veil wisp,1,4259,16992,0,19,no CapnBry sighting at this spot
Valley of Bri Leith,206,veil wisp,1,6074,13752,0,19,no CapnBry sighting at this spot
Valley of Bri Leith,206,veil wisp,1,3206,19402,0,19,no CapnBry sighting at this spot
Valley of Bri Leith,206,veil wisp,2,1071,12587,0,19,no CapnBry sighting at this spot
Valley of Bri Leith,206,veil wisp,1,1056,18501,0,19,no CapnBry sighting at this spot
Valley of Bri Leith,206,empyrean wisp,2,34432,24221,0,11,no CapnBry sighting at this spot
Valley of Bri Leith,206,empyrean wisp,1,17468,49820,0,11,no CapnBry sighting at this spot
Valley of Bri Leith,206,empyrean wisp,1,32919,15833,0,11,no CapnBry sighting at this spot
Valley of Bri Leith,206,empyrean wisp,1,13433,51400,0,11,no CapnBry sighting at this spot
Valley of Bri Leith,206,empyrean wisp,1,30342,38484,0,11,no CapnBry sighting at this spot
Valley of Bri Leith,206,empyrean wisp,1,36960,12034,0,11,no CapnBry sighting at this spot
Valley of Bri Leith,206,empyrean wisp,1,15554,49444,0,11,no CapnBry sighting at this spot
Valley of Bri Leith,206,empyrean wisp,1,33303,39437,0,11,no CapnBry sighting at this spot
Valley of Bri Leith,206,empyrean wisp,1,32389,36971,0,11,no CapnBry sighting at this spot
Valley of Bri Leith,206,empyrean wisp,1,12187,49377,0,11,no CapnBry sighting at this spot
Valley of Bri Leith,206,fearan,1,16807,30128,0,1,rare/named species (1-2 in whole zone)
Valley of Bri Leith,206,faerie steed,1,15111,57529,0,14,no CapnBry sighting at this spot
Valley of Bri Leith,206,faerie steed,2,8266,58025,0,14,no CapnBry sighting at this spot
Valley of Bri Leith,206,faerie steed,1,17019,61040,0,14,no CapnBry sighting at this spot
Valley of Bri Leith,206,faerie steed,1,10682,57441,0,14,no CapnBry sighting at this spot
Valley of Bri Leith,206,faerie steed,2,17754,58565,0,14,no CapnBry sighting at this spot
Valley of Bri Leith,206,faerie steed,1,9848,59775,0,14,no CapnBry sighting at this spot
Valley of Bri Leith,206,faerie steed,2,31186,59868,0,14,no CapnBry sighting at this spot
Valley of Bri Leith,206,faerie steed,1,23650,59721,0,14,no CapnBry sighting at this spot
Valley of Bri Leith,206,empyrean orb,2,2260,54965,0,6,no CapnBry sighting at this spot
Valley of Bri Leith,206,empyrean orb,1,32644,15984,0,6,no CapnBry sighting at this spot
Valley of Bri Leith,206,empyrean orb,1,25,51943,0,6,no CapnBry sighting at this spot
Valley of Bri Leith,206,empyrean orb,1,17133,27344,0,6,no CapnBry sighting at this spot
Valley of Bri Leith,206,empyrean orb,1,7719,25350,0,6,no CapnBry sighting at this spot
Valley of Bri Leith,206,nymir,1,29076,7120,0,1,rare/named species (1-2 in whole zone)
Valley of Bri Leith,206,moss sheerie,1,17151,52199,0,16,no CapnBry sighting at this spot
Valley of Bri Leith,206,moss sheerie,2,36701,11656,0,16,no CapnBry sighting at this spot
Valley of Bri Leith,206,moss sheerie,1,33687,21465,0,16,no CapnBry sighting at this spot
Valley of Bri Leith,206,moss sheerie,1,31690,38423,0,16,no CapnBry sighting at this spot
Valley of Bri Leith,206,moss sheerie,1,35969,28251,0,16,no CapnBry sighting at this spot
Valley of Bri Leith,206,moss sheerie,2,33403,41434,0,16,no CapnBry sighting at this spot
Valley of Bri Leith,206,moss sheerie,1,34657,37467,0,16,no CapnBry sighting at this spot
Valley of Bri Leith,206,moss sheerie,2,30485,40421,0,16,no CapnBry sighting at this spot
Valley of Bri Leith,206,moss sheerie,1,13373,51202,0,16,no CapnBry sighting at this spot
Valley of Bri Leith,206,rage wolf,1,32779,59342,0,8,no CapnBry sighting at this spot
Valley of Bri Leith,206,rage wolf,1,25311,56874,0,8,no CapnBry sighting at this spot
Valley of Bri Leith,206,rage wolf,1,13431,60869,0,8,no CapnBry sighting at this spot
Valley of Bri Leith,206,rage wolf,1,3846,62513,0,8,no CapnBry sighting at this spot
Valley of Bri Leith,206,rage wolf,1,19713,56975,0,8,no CapnBry sighting at this spot
Valley of Bri Leith,206,rage wolf,1,25438,60624,0,8,no CapnBry sighting at this spot
Valley of Bri Leith,206,rage wolf,1,33356,54488,0,8,no CapnBry sighting at this spot
Valley of Bri Leith,206,rage wolf,1,19784,58789,0,8,no CapnBry sighting at this spot
Valley of Bri Leith,206,wrath sprite,2,47104,49680,0,8,no CapnBry sighting at this spot
Valley of Bri Leith,206,wrath sprite,2,50010,47679,0,8,no CapnBry sighting at this spot
Valley of Bri Leith,206,wrath sprite,1,49804,50042,0,8,no CapnBry sighting at this spot
Valley of Bri Leith,206,wrath sprite,1,46017,51000,0,8,no CapnBry sighting at this spot
Valley of Bri Leith,206,wrath sprite,1,47507,51973,0,8,no CapnBry sighting at this spot
Valley of Bri Leith,206,wrath sprite,1,52187,51890,0,8,no CapnBry sighting at this spot
Valley of Bri Leith,206,merman,1,51423,53593,0,4,no CapnBry sighting at this spot
Valley of Bri Leith,206,miner cucugar,1,8735,10481,0,1,rare/named species (1-2 in whole zone)
Valley of Bri Leith,206,empyrean sentinel,1,57088,43520,0,4,no CapnBry sighting at this spot
Valley of Bri Leith,206,empyrean sentinel,1,48128,44288,0,4,no CapnBry sighting at this spot
Valley of Bri Leith,206,empyrean sentinel,1,46592,28928,0,4,no CapnBry sighting at this spot
Valley of Bri Leith,206,empyrean sentinel,1,42752,24064,0,4,no CapnBry sighting at this spot
Valley of Bri Leith,206,guardian hru,1,57132,34258,0,1,rare/named species (1-2 in whole zone)
Valley of Bri Leith,206,siog piller,1,10195,12882,0,5,no CapnBry sighting at this spot
Valley of Bri Leith,206,siog piller,1,16527,9373,0,5,no CapnBry sighting at this spot
Valley of Bri Leith,206,erhael,1,58976,41905,0,1,rare/named species (1-2 in whole zone)
Valley of Bri Leith,206,riocard,1,18215,16996,0,1,rare/named species (1-2 in whole zone)
Valley of Bri Leith,206,keeper rasa,1,51250,14294,0,1,rare/named species (1-2 in whole zone)
Valley of Bri Leith,206,blademaster,1,26108,54722,0,1,rare/named species (1-2 in whole zone)
Valley of Bri Leith,206,tric,1,46268,22006,0,1,rare/named species (1-2 in whole zone)
Valley of Bri Leith,206,empyrean keeper,1,50840,17915,0,1,rare/named species (1-2 in whole zone)
Valley of Bri Leith,206,empyrean elder,2,56981,8653,0,3,no CapnBry sighting at this spot
Valley of Bri Leith,206,empyrean elder,1,55237,8124,0,3,no CapnBry sighting at this spot
Valley of Bri Leith,206,wilde,1,37183,58623,0,1,rare/named species (1-2 in whole zone)
Valley of Bri Leith,206,niy the overseer,1,60223,15805,0,1,rare/named species (1-2 in whole zone)
Valley of Bri Leith,206,sloithi,1,10457,12415,0,1,rare/named species (1-2 in whole zone)
Connacht,207,rowdy,1,44009,43545,1,12,matches CapnBry (1-2 seen here)
Connacht,207,rowdy,1,36740,36114,2,12,matches CapnBry (1-2 seen here)
Connacht,207,rowdy,1,40888,53632,0,12,no CapnBry sighting at this spot
Connacht,207,rowdy,1,38006,37913,2,12,matches CapnBry (1-2 seen here)
Connacht,207,rowdy,1,24264,32435,0,12,no CapnBry sighting at this spot
Connacht,207,rowdy,1,31131,37734,1,12,matches CapnBry (1-2 seen here)
Connacht,207,rowdy,1,39117,39123,2,12,matches CapnBry (1-2 seen here)
Connacht,207,rowdy,1,44138,26829,0,12,no CapnBry sighting at this spot
Connacht,207,feccan,2,51118,61524,3,30,likely short: CapnBry saw 3 here
Connacht,207,feccan,1,49859,55031,1,30,matches CapnBry (1-2 seen here)
Connacht,207,feccan,2,32387,34944,0,30,no CapnBry sighting at this spot
Connacht,207,feccan,1,52611,58981,3,30,likely short: CapnBry saw 3 here
Connacht,207,feccan,1,49605,59928,3,30,likely short: CapnBry saw 3 here
Connacht,207,feccan,2,51133,64063,3,30,likely short: CapnBry saw 3 here
Connacht,207,feccan,1,57782,48143,1,30,matches CapnBry (1-2 seen here)
Connacht,207,feccan,1,61082,56733,8,30,likely short: CapnBry saw 8 here
Connacht,207,feccan,1,51081,53878,1,30,matches CapnBry (1-2 seen here)
Connacht,207,feccan,1,50657,56484,1,30,matches CapnBry (1-2 seen here)
Connacht,207,feccan,1,49065,51913,1,30,matches CapnBry (1-2 seen here)
Connacht,207,feccan,1,58996,59801,8,30,likely short: CapnBry saw 8 here
Connacht,207,young irewood,2,18218,28650,0,42,no CapnBry sighting at this spot
Connacht,207,young irewood,2,6458,35871,0,42,no CapnBry sighting at this spot
Connacht,207,young irewood,1,14259,30812,0,42,no CapnBry sighting at this spot
Connacht,207,young irewood,1,14805,35652,0,42,no CapnBry sighting at this spot
Connacht,207,mudman,1,58716,61141,8,71,likely short: CapnBry saw 8 here
Connacht,207,mudman,1,19987,40638,0,71,no CapnBry sighting at this spot
Connacht,207,mudman,1,12999,59169,0,71,no CapnBry sighting at this spot
Connacht,207,mudman,2,16347,55632,0,71,no CapnBry sighting at this spot
Connacht,207,mudman,1,21003,36630,0,71,no CapnBry sighting at this spot
Connacht,207,mudman,1,20962,38643,0,71,no CapnBry sighting at this spot
Connacht,207,mudman,1,26497,38108,0,71,no CapnBry sighting at this spot
Connacht,207,mudman,1,18552,33704,0,71,no CapnBry sighting at this spot
Connacht,207,mudman,1,17033,43832,0,71,no CapnBry sighting at this spot
Connacht,207,mudman,1,2193,39937,0,71,no CapnBry sighting at this spot
Connacht,207,mudman,1,22718,43783,0,71,no CapnBry sighting at this spot
Connacht,207,mudman,1,24108,39380,0,71,no CapnBry sighting at this spot
Connacht,207,mudman,2,59588,62771,8,71,likely short: CapnBry saw 8 here
Connacht,207,mudman,1,60110,59449,8,71,likely short: CapnBry saw 8 here
Connacht,207,hill toad,2,27424,41242,0,30,no CapnBry sighting at this spot
Connacht,207,hill toad,1,39876,37677,1,30,matches CapnBry (1-2 seen here)
Connacht,207,hill toad,1,37846,43285,4,30,likely short: CapnBry saw 4 here
Connacht,207,hill toad,1,40883,27090,1,30,matches CapnBry (1-2 seen here)
Connacht,207,hill toad,1,41462,40793,0,30,no CapnBry sighting at this spot
Connacht,207,hill toad,2,36756,35655,1,30,matches CapnBry (1-2 seen here)
Connacht,207,hill toad,1,41741,25346,1,30,matches CapnBry (1-2 seen here)
Connacht,207,hill toad,1,43682,28314,1,30,matches CapnBry (1-2 seen here)
Connacht,207,hill toad,1,21377,32168,0,30,no CapnBry sighting at this spot
Connacht,207,hill toad,1,59273,65312,1,30,matches CapnBry (1-2 seen here)
Connacht,207,hill toad,2,33913,43937,4,30,likely short: CapnBry saw 4 here
Connacht,207,hill toad,1,22356,29746,0,30,no CapnBry sighting at this spot
Connacht,207,hill toad,2,31396,38520,0,30,no CapnBry sighting at this spot
Connacht,207,hill toad,1,35995,37607,1,30,matches CapnBry (1-2 seen here)
Connacht,207,hill toad,1,23460,36691,0,30,no CapnBry sighting at this spot
Connacht,207,hill toad,1,20126,30599,0,30,no CapnBry sighting at this spot
Connacht,207,hill toad,1,42389,30659,1,30,matches CapnBry (1-2 seen here)
Connacht,207,skeletal minion,1,35326,47312,0,6,no CapnBry sighting at this spot
Connacht,207,skeletal minion,1,39665,38780,1,6,matches CapnBry (1-2 seen here)
Connacht,207,skeletal minion,2,35591,36111,0,6,no CapnBry sighting at this spot
Connacht,207,skeletal minion,1,39214,52051,0,6,no CapnBry sighting at this spot
Connacht,207,skeletal minion,1,37136,51057,0,6,no CapnBry sighting at this spot
Connacht,207,large frog,1,51791,42702,3,86,likely short: CapnBry saw 3 here
Connacht,207,large frog,2,48739,56394,14,86,likely short: CapnBry saw 14 here
Connacht,207,large frog,1,52205,41232,1,86,matches CapnBry (1-2 seen here)
Connacht,207,feckless lucragan,2,47322,46185,0,10,no CapnBry sighting at this spot
Connacht,207,feckless lucragan,1,36141,48221,0,10,no CapnBry sighting at this spot
Connacht,207,feckless lucragan,1,48998,47654,0,10,no CapnBry sighting at this spot
Connacht,207,feckless lucragan,1,42181,53488,0,10,no CapnBry sighting at this spot
Connacht,207,feckless lucragan,1,48141,44142,0,10,no CapnBry sighting at this spot
Connacht,207,feckless lucragan,1,34278,50030,0,10,no CapnBry sighting at this spot
Connacht,207,feckless lucragan,1,45370,48637,0,10,no CapnBry sighting at this spot
Connacht,207,feckless lucragan,2,48883,52352,0,10,no CapnBry sighting at this spot
Connacht,207,wild lucradan,1,8440,53936,1,15,matches CapnBry (1-2 seen here)
Connacht,207,wild lucradan,1,26886,44146,0,15,no CapnBry sighting at this spot
Connacht,207,wild lucradan,2,11934,42712,2,15,matches CapnBry (1-2 seen here)
Connacht,207,wild lucradan,1,23334,45796,0,15,no CapnBry sighting at this spot
Connacht,207,wild lucradan,1,14917,47400,0,15,no CapnBry sighting at this spot
Connacht,207,wild lucradan,1,12814,48807,0,15,no CapnBry sighting at this spot
Connacht,207,anger sprite,1,5632,43031,0,25,no CapnBry sighting at this spot
Connacht,207,anger sprite,2,28368,17996,0,25,no CapnBry sighting at this spot
Connacht,207,anger sprite,1,3452,44714,0,25,no CapnBry sighting at this spot
Connacht,207,anger sprite,1,3924,37618,0,25,no CapnBry sighting at this spot
Connacht,207,anger sprite,1,17759,19424,0,25,no CapnBry sighting at this spot
Connacht,207,anger sprite,1,2503,38227,0,25,no CapnBry sighting at this spot
Connacht,207,anger sprite,1,39605,13757,0,25,no CapnBry sighting at this spot
Connacht,207,villainous youth,2,23326,30416,0,30,no CapnBry sighting at this spot
Connacht,207,villainous youth,1,20286,42962,0,30,no CapnBry sighting at this spot
Connacht,207,villainous youth,1,40542,40782,0,30,no CapnBry sighting at this spot
Connacht,207,villainous youth,1,23870,42502,0,30,no CapnBry sighting at this spot
Connacht,207,villainous youth,1,42242,45716,0,30,no CapnBry sighting at this spot
Connacht,207,moss sheerie,1,23557,24978,0,9,no CapnBry sighting at this spot
Connacht,207,moss sheerie,1,18430,40442,3,9,likely short: CapnBry saw 3 here
Connacht,207,moss sheerie,2,17303,38970,3,9,likely short: CapnBry saw 3 here
Connacht,207,moss sheerie,1,16259,40641,3,9,likely short: CapnBry saw 3 here
Connacht,207,moss sheerie,1,15253,38450,3,9,likely short: CapnBry saw 3 here
Connacht,207,water beetle,1,58457,42398,0,15,no CapnBry sighting at this spot
Connacht,207,water beetle,2,51691,39455,3,15,likely short: CapnBry saw 3 here
Connacht,207,orik,1,656,52967,0,1,rare/named species (1-2 in whole zone)
Connacht,207,famine,1,59297,19317,0,1,rare/named species (1-2 in whole zone)
Connacht,207,spraggon,2,45633,39785,2,43,matches CapnBry (1-2 seen here)
Connacht,207,spraggon,2,60370,65068,0,43,no CapnBry sighting at this spot
Connacht,207,spraggon,1,47448,46321,1,43,matches CapnBry (1-2 seen here)
Connacht,207,spraggon,1,41998,50063,0,43,no CapnBry sighting at this spot
Connacht,207,spraggon,1,15586,53908,0,43,no CapnBry sighting at this spot
Connacht,207,spraggon,1,31427,46237,1,43,matches CapnBry (1-2 seen here)
Connacht,207,spraggon,1,51845,55534,1,43,matches CapnBry (1-2 seen here)
Connacht,207,spraggon,2,22135,46126,1,43,matches CapnBry (1-2 seen here)
Connacht,207,spraggon,1,48797,55393,6,43,likely short: CapnBry saw 6 here
Connacht,207,spraggon,1,33913,46958,1,43,matches CapnBry (1-2 seen here)
Connacht,207,spraggon,2,41225,45608,0,43,no CapnBry sighting at this spot
Connacht,207,spraggon,2,49003,60347,6,43,likely short: CapnBry saw 6 here
Connacht,207,spraggon,1,37925,47662,0,43,no CapnBry sighting at this spot
Connacht,207,spraggon,1,28288,47159,1,43,matches CapnBry (1-2 seen here)
Connacht,207,spraggon,1,39613,52366,0,43,no CapnBry sighting at this spot
Connacht,207,spraggon,1,20099,55497,0,43,no CapnBry sighting at this spot
Connacht,207,spraggon,1,16226,56039,0,43,no CapnBry sighting at this spot
Connacht,207,amadan touched,2,61293,4098,0,14,no CapnBry sighting at this spot
Connacht,207,amadan touched,1,61144,15082,0,14,no CapnBry sighting at this spot
Connacht,207,amadan touched,1,58647,7502,0,14,no CapnBry sighting at this spot
Connacht,207,amadan touched,2,32659,32116,2,14,matches CapnBry (1-2 seen here)
Connacht,207,amadan touched,1,60476,18960,0,14,no CapnBry sighting at this spot
Connacht,207,amadan touched,1,60375,7424,0,14,no CapnBry sighting at this spot
Connacht,207,eirebug,1,39032,27110,0,39,no CapnBry sighting at this spot
Connacht,207,eirebug,1,14987,54781,0,39,no CapnBry sighting at this spot
Connacht,207,eirebug,1,40007,46124,1,39,matches CapnBry (1-2 seen here)
Connacht,207,eirebug,1,29291,47851,2,39,matches CapnBry (1-2 seen here)
Connacht,207,eirebug,1,19924,28954,0,39,no CapnBry sighting at this spot
Connacht,207,eirebug,1,23004,46735,2,39,matches CapnBry (1-2 seen here)
Connacht,207,eirebug,1,15522,53222,0,39,no CapnBry sighting at this spot
Connacht,207,eirebug,2,44264,50525,0,39,no CapnBry sighting at this spot
Connacht,207,eirebug,2,31456,39041,0,39,no CapnBry sighting at this spot
Connacht,207,eirebug,1,14910,46230,0,39,no CapnBry sighting at this spot
Connacht,207,eirebug,1,26575,46660,2,39,matches CapnBry (1-2 seen here)
Connacht,207,eirebug,1,58546,64028,1,39,matches CapnBry (1-2 seen here)
Connacht,207,eirebug,1,24306,39820,0,39,no CapnBry sighting at this spot
Connacht,207,eirebug,2,19965,48985,2,39,matches CapnBry (1-2 seen here)
Connacht,207,eirebug,1,35081,26539,0,39,no CapnBry sighting at this spot
Connacht,207,eirebug,1,43989,53079,0,39,no CapnBry sighting at this spot
Connacht,207,eirebug,1,44205,47139,1,39,matches CapnBry (1-2 seen here)
Connacht,207,eirebug,1,36715,24287,0,39,no CapnBry sighting at this spot
Connacht,207,eirebug,1,11433,55692,0,39,no CapnBry sighting at this spot
Connacht,207,eirebug,1,61917,61383,1,39,matches CapnBry (1-2 seen here)
Connacht,207,eirebug,2,35703,50641,0,39,no CapnBry sighting at this spot
Connacht,207,eirebug,1,25420,32672,0,39,no CapnBry sighting at this spot
Connacht,207,eirebug,1,38248,50236,0,39,no CapnBry sighting at this spot
Connacht,207,eirebug,1,28106,44826,2,39,matches CapnBry (1-2 seen here)
Connacht,207,eirebug,1,19135,41407,0,39,no CapnBry sighting at this spot
Connacht,207,eirebug,1,38049,46355,0,39,no CapnBry sighting at this spot
Connacht,207,eirebug,1,36342,27428,0,39,no CapnBry sighting at this spot
Connacht,207,wild crouch,1,14426,51338,0,8,no CapnBry sighting at this spot
Connacht,207,wild crouch,2,14766,54915,0,8,no CapnBry sighting at this spot
Connacht,207,wild crouch,2,13606,53522,0,8,no CapnBry sighting at this spot
Connacht,207,wild crouch,1,12199,57919,0,8,no CapnBry sighting at this spot
Connacht,207,wild crouch,1,17085,55914,0,8,no CapnBry sighting at this spot
Connacht,207,wild crouch,1,17479,57626,0,8,no CapnBry sighting at this spot
Connacht,207,lunantishee,1,10271,41995,0,13,no CapnBry sighting at this spot
Connacht,207,lunantishee,1,8700,55066,2,13,matches CapnBry (1-2 seen here)
Connacht,207,lunantishee,2,6261,52915,2,13,matches CapnBry (1-2 seen here)
Connacht,207,lunantishee,1,13045,46826,0,13,no CapnBry sighting at this spot
Connacht,207,lunantishee,2,18492,36291,0,13,no CapnBry sighting at this spot
Connacht,207,lunantishee,1,3176,47188,2,13,matches CapnBry (1-2 seen here)
Connacht,207,lunantishee,1,15263,44264,0,13,no CapnBry sighting at this spot
Connacht,207,lunantishee,1,16249,49289,0,13,no CapnBry sighting at this spot
Connacht,207,lunantishee,1,11770,41756,0,13,no CapnBry sighting at this spot
Connacht,207,lunantishee,1,25944,27901,0,13,no CapnBry sighting at this spot
Connacht,207,lunantishee,1,2726,49245,2,13,matches CapnBry (1-2 seen here)
Connacht,207,lugradan whelp,2,39847,44712,3,64,likely short: CapnBry saw 3 here
Connacht,207,lugradan whelp,2,40161,41440,22,64,likely short: CapnBry saw 22 here
Connacht,207,lugradan whelp,2,42921,43016,22,64,likely short: CapnBry saw 22 here
Connacht,207,lugradan whelp,1,15655,52189,1,64,matches CapnBry (1-2 seen here)
Connacht,207,lugradan whelp,2,43866,46517,3,64,likely short: CapnBry saw 3 here
Connacht,207,lugradan whelp,2,37735,37533,3,64,likely short: CapnBry saw 3 here
Connacht,207,lugradan whelp,1,40612,36134,0,64,no CapnBry sighting at this spot
Connacht,207,lugradan whelp,1,11993,54734,1,64,matches CapnBry (1-2 seen here)
Connacht,207,lugradan whelp,1,32586,47797,4,64,likely short: CapnBry saw 4 here
Connacht,207,lugradan whelp,1,33618,45119,2,64,matches CapnBry (1-2 seen here)
Connacht,207,lugradan whelp,1,35964,43009,3,64,likely short: CapnBry saw 3 here
Connacht,207,lugradan whelp,1,30891,44942,5,64,likely short: CapnBry saw 5 here
Connacht,207,lugradan whelp,1,14610,57107,0,64,no CapnBry sighting at this spot
Connacht,207,lugradan whelp,1,33582,39147,2,64,matches CapnBry (1-2 seen here)
Connacht,207,lugradan whelp,1,38884,42903,3,64,likely short: CapnBry saw 3 here
Connacht,207,lugradan whelp,2,41703,44096,3,64,likely short: CapnBry saw 3 here
Connacht,207,lugradan whelp,1,17682,53739,0,64,no CapnBry sighting at this spot
Connacht,207,lugradan whelp,1,15855,54978,0,64,no CapnBry sighting at this spot
Connacht,207,lugradan whelp,1,13559,53970,1,64,matches CapnBry (1-2 seen here)
Connacht,207,lugradan whelp,1,28493,44685,5,64,likely short: CapnBry saw 5 here
Connacht,207,lugradan whelp,1,48062,41262,1,64,matches CapnBry (1-2 seen here)
Connacht,207,skeletal pawn,1,49323,59815,2,42,matches CapnBry (1-2 seen here)
Connacht,207,skeletal pawn,1,44903,44165,0,42,no CapnBry sighting at this spot
Connacht,207,skeletal pawn,1,51851,59645,2,42,matches CapnBry (1-2 seen here)
Connacht,207,skeletal pawn,2,48983,56556,2,42,matches CapnBry (1-2 seen here)
Connacht,207,skeletal pawn,2,50657,62054,2,42,matches CapnBry (1-2 seen here)
Connacht,207,pookha,1,61433,13149,0,10,no CapnBry sighting at this spot
Connacht,207,pookha,1,57505,28761,0,10,no CapnBry sighting at this spot
Connacht,207,pookha,2,59261,18690,0,10,no CapnBry sighting at this spot
Connacht,207,pookha,2,52909,33671,0,10,no CapnBry sighting at this spot
Connacht,207,pookha,2,55585,7927,0,10,no CapnBry sighting at this spot
Connacht,207,pookha,1,60456,10212,0,10,no CapnBry sighting at this spot
Connacht,207,pookha,1,55192,33198,0,10,no CapnBry sighting at this spot
Connacht,207,orchard nipper,1,42292,33752,8,10,likely short: CapnBry saw 8 here
Connacht,207,hitback dummy - right click to reset,2,47768,1662,0,2,rare/named species (1-2 in whole zone)
Connacht,207,badger cub,1,48135,55443,0,17,no CapnBry sighting at this spot
Connacht,207,badger cub,2,54229,54792,0,17,no CapnBry sighting at this spot
Connacht,207,badger cub,2,56405,53788,0,17,no CapnBry sighting at this spot
Connacht,207,badger cub,1,45020,46835,0,17,no CapnBry sighting at this spot
Connacht,207,badger cub,2,48441,50495,0,17,no CapnBry sighting at this spot
Connacht,207,badger cub,2,52219,55904,0,17,no CapnBry sighting at this spot
Connacht,207,badger cub,1,58525,53666,0,17,no CapnBry sighting at this spot
Connacht,207,badger cub,1,58068,55173,0,17,no CapnBry sighting at this spot
Connacht,207,badger cub,1,49829,47872,0,17,no CapnBry sighting at this spot
Connacht,207,badger cub,2,56911,56579,0,17,no CapnBry sighting at this spot
Connacht,207,badger cub,1,51734,58075,0,17,no CapnBry sighting at this spot
Connacht,207,badger cub,1,49269,54315,0,17,no CapnBry sighting at this spot
Connacht,207,faerie beetle,2,60017,13626,0,11,no CapnBry sighting at this spot
Connacht,207,faerie beetle,2,61218,19203,0,11,no CapnBry sighting at this spot
Connacht,207,faerie beetle,1,19390,16208,0,11,no CapnBry sighting at this spot
Connacht,207,faerie beetle,1,14271,30591,0,11,no CapnBry sighting at this spot
Connacht,207,faerie beetle,2,27118,15862,0,11,no CapnBry sighting at this spot
Connacht,207,faerie beetle,1,60232,10534,0,11,no CapnBry sighting at this spot
Connacht,207,faerie beetle,1,3215,38843,0,11,no CapnBry sighting at this spot
Connacht,207,faerie beetle,1,9609,17439,0,11,no CapnBry sighting at this spot
Connacht,207,irewood sapling,2,7345,17868,0,11,no CapnBry sighting at this spot
Connacht,207,irewood sapling,1,11586,18475,0,11,no CapnBry sighting at this spot
Connacht,207,irewood sapling,1,14035,21657,0,11,no CapnBry sighting at this spot
Connacht,207,spraggonoll,1,31635,36900,0,6,no CapnBry sighting at this spot
Connacht,207,spraggonoll,2,28338,33191,0,6,no CapnBry sighting at this spot
Connacht,207,spraggonoll,1,26009,32575,0,6,no CapnBry sighting at this spot
Connacht,207,spraggonoll,1,29975,36906,0,6,no CapnBry sighting at this spot
Connacht,207,spraggonoll,1,29444,43468,0,6,no CapnBry sighting at this spot
Connacht,207,water beetle collector,1,47987,46034,0,14,no CapnBry sighting at this spot
Connacht,207,water beetle larva,2,51140,62104,2,26,matches CapnBry (1-2 seen here)
Connacht,207,water beetle larva,1,50024,48553,1,26,matches CapnBry (1-2 seen here)
Connacht,207,water beetle larva,1,48654,52123,0,26,no CapnBry sighting at this spot
Connacht,207,water beetle larva,1,58856,59918,5,26,likely short: CapnBry saw 5 here
Connacht,207,water beetle larva,1,48326,50563,1,26,matches CapnBry (1-2 seen here)
Connacht,207,alp luachra,1,52814,30656,0,12,no CapnBry sighting at this spot
Connacht,207,alp luachra,2,53305,34452,0,12,no CapnBry sighting at this spot
Connacht,207,alp luachra,2,56971,18644,0,12,no CapnBry sighting at this spot
Connacht,207,alp luachra,1,55105,33372,0,12,no CapnBry sighting at this spot
Connacht,207,fishing bear forager,1,5946,39365,0,6,no CapnBry sighting at this spot
Connacht,207,fishing bear forager,1,47654,24230,0,6,no CapnBry sighting at this spot
Connacht,207,fishing bear forager,1,3495,41880,0,6,no CapnBry sighting at this spot
Connacht,207,fishing bear forager,1,25439,18638,0,6,no CapnBry sighting at this spot
Connacht,207,fishing bear forager,1,3976,39647,0,6,no CapnBry sighting at this spot
Connacht,207,fishing bear forager,1,23522,18309,0,6,no CapnBry sighting at this spot
Connacht,207,lough wolf,1,26614,42210,0,9,no CapnBry sighting at this spot
Connacht,207,lough wolf,1,38859,26917,0,9,no CapnBry sighting at this spot
Connacht,207,lough wolf,1,26579,33079,0,9,no CapnBry sighting at this spot
Connacht,207,lough wolf,2,42154,26410,0,9,no CapnBry sighting at this spot
Connacht,207,lough wolf,1,19091,42530,0,9,no CapnBry sighting at this spot
Connacht,207,lough wolf,1,18408,39366,0,9,no CapnBry sighting at this spot
Connacht,207,lough wolf,1,23964,41014,0,9,no CapnBry sighting at this spot
Connacht,207,lough wolf,1,19877,40136,0,9,no CapnBry sighting at this spot
Connacht,207,large eirebug,1,16434,34992,0,13,no CapnBry sighting at this spot
Connacht,207,large eirebug,1,6336,44822,0,13,no CapnBry sighting at this spot
Connacht,207,large eirebug,1,7363,51303,0,13,no CapnBry sighting at this spot
Connacht,207,large eirebug,1,17855,18669,0,13,no CapnBry sighting at this spot
Connacht,207,large eirebug,1,6076,48989,0,13,no CapnBry sighting at this spot
Connacht,207,large eirebug,1,15980,36561,0,13,no CapnBry sighting at this spot
Connacht,207,large eirebug,1,18499,33645,0,13,no CapnBry sighting at this spot
Connacht,207,large eirebug,1,27687,24200,1,13,matches CapnBry (1-2 seen here)
Connacht,207,large eirebug,1,7751,53029,0,13,no CapnBry sighting at this spot
Connacht,207,large eirebug,1,8489,46112,0,13,no CapnBry sighting at this spot
Connacht,207,streaming wisp,1,15768,24526,0,37,no CapnBry sighting at this spot
Connacht,207,streaming wisp,1,17883,29164,0,37,no CapnBry sighting at this spot
Connacht,207,streaming wisp,1,13507,25689,0,37,no CapnBry sighting at this spot
Connacht,207,streaming wisp,1,13550,27568,0,37,no CapnBry sighting at this spot
Connacht,207,streaming wisp,1,16349,48370,0,37,no CapnBry sighting at this spot
Connacht,207,streaming wisp,1,14942,40240,0,37,no CapnBry sighting at this spot
Connacht,207,streaming wisp,1,7027,27389,0,37,no CapnBry sighting at this spot
Connacht,207,streaming wisp,1,55854,48126,0,37,no CapnBry sighting at this spot
Connacht,207,streaming wisp,1,13784,49400,0,37,no CapnBry sighting at this spot
Connacht,207,streaming wisp,1,55994,19314,0,37,no CapnBry sighting at this spot
Connacht,207,streaming wisp,1,17502,24200,0,37,no CapnBry sighting at this spot
Connacht,207,streaming wisp,1,39085,19687,0,37,no CapnBry sighting at this spot
Connacht,207,streaming wisp,1,22925,37219,0,37,no CapnBry sighting at this spot
Connacht,207,streaming wisp,1,26633,44858,0,37,no CapnBry sighting at this spot
Connacht,207,streaming wisp,1,14412,36004,0,37,no CapnBry sighting at this spot
Connacht,207,streaming wisp,1,9395,18622,0,37,no CapnBry sighting at this spot
Connacht,207,streaming wisp,1,8952,46680,0,37,no CapnBry sighting at this spot
Connacht,207,streaming wisp,1,5814,17003,0,37,no CapnBry sighting at this spot
Connacht,207,streaming wisp,2,39185,22996,0,37,no CapnBry sighting at this spot
Connacht,207,streaming wisp,1,10858,49455,0,37,no CapnBry sighting at this spot
Connacht,207,streaming wisp,1,20095,49570,0,37,no CapnBry sighting at this spot
Connacht,207,streaming wisp,1,17997,39959,0,37,no CapnBry sighting at this spot
Connacht,207,streaming wisp,1,12563,18115,0,37,no CapnBry sighting at this spot
Connacht,207,streaming wisp,1,7320,17114,0,37,no CapnBry sighting at this spot
Connacht,207,streaming wisp,1,8685,16320,0,37,no CapnBry sighting at this spot
Connacht,207,streaming wisp,1,19585,21868,0,37,no CapnBry sighting at this spot
Connacht,207,streaming wisp,1,39534,46923,0,37,no CapnBry sighting at this spot
Connacht,207,streaming wisp,1,11948,16470,0,37,no CapnBry sighting at this spot
Connacht,207,streaming wisp,1,54006,46096,0,37,no CapnBry sighting at this spot
Connacht,207,streaming wisp,1,11388,33940,0,37,no CapnBry sighting at this spot
Connacht,207,streaming wisp,1,19360,16189,0,37,no CapnBry sighting at this spot
Connacht,207,streaming wisp,1,51078,52302,1,37,matches CapnBry (1-2 seen here)
Connacht,207,streaming wisp,1,12490,14424,0,37,no CapnBry sighting at this spot
Connacht,207,wind ghoul,1,23619,41504,0,40,no CapnBry sighting at this spot
Connacht,207,wind ghoul,1,23410,29267,0,40,no CapnBry sighting at this spot
Connacht,207,wind ghoul,1,3628,41183,0,40,no CapnBry sighting at this spot
Connacht,207,wind ghoul,1,40998,23431,0,40,no CapnBry sighting at this spot
Connacht,207,wind ghoul,2,37142,32249,0,40,no CapnBry sighting at this spot
Connacht,207,wind ghoul,1,39246,20529,0,40,no CapnBry sighting at this spot
Connacht,207,wind ghoul,1,26037,32905,0,40,no CapnBry sighting at this spot
Connacht,207,wind ghoul,1,37230,34538,0,40,no CapnBry sighting at this spot
Connacht,207,wind ghoul,2,40280,18598,0,40,no CapnBry sighting at this spot
Connacht,207,wind ghoul,1,38738,22886,0,40,no CapnBry sighting at this spot
Connacht,207,fishing bear,1,56302,23710,0,8,no CapnBry sighting at this spot
Connacht,207,fishing bear,2,47507,25124,0,8,no CapnBry sighting at this spot
Connacht,207,fishing bear,1,57735,39003,1,8,matches CapnBry (1-2 seen here)
Connacht,207,annoying lucradan,1,58656,58293,0,29,no CapnBry sighting at this spot
Connacht,207,annoying lucradan,2,49834,48107,0,29,no CapnBry sighting at this spot
Connacht,207,annoying lucradan,1,51382,56626,0,29,no CapnBry sighting at this spot
Connacht,207,annoying lucradan,1,60495,56558,0,29,no CapnBry sighting at this spot
Connacht,207,annoying lucradan,1,54829,43877,0,29,no CapnBry sighting at this spot
Connacht,207,annoying lucradan,1,53300,58328,0,29,no CapnBry sighting at this spot
Connacht,207,annoying lucradan,1,57806,48381,0,29,no CapnBry sighting at this spot
Connacht,207,annoying lucradan,1,50352,59381,0,29,no CapnBry sighting at this spot
Connacht,207,windaille,1,33992,20949,0,1,rare/named species (1-2 in whole zone)
Connacht,207,spraggonite,1,37588,36496,1,13,matches CapnBry (1-2 seen here)
Connacht,207,spraggonite,1,39589,37354,1,13,matches CapnBry (1-2 seen here)
Connacht,207,spraggonite,1,41027,44467,2,13,matches CapnBry (1-2 seen here)
Connacht,207,spraggonite,1,29813,47181,0,13,no CapnBry sighting at this spot
Connacht,207,spraggonite,1,19179,47135,1,13,matches CapnBry (1-2 seen here)
Connacht,207,spraggonite,1,46462,39284,1,13,matches CapnBry (1-2 seen here)
Connacht,207,spraggonite,1,23223,45793,0,13,no CapnBry sighting at this spot
Connacht,207,grumoz demon,1,40864,15985,0,4,no CapnBry sighting at this spot
Connacht,207,grumoz demon,1,38732,17890,0,4,no CapnBry sighting at this spot
Connacht,207,grumoz demon,2,37932,15991,0,4,no CapnBry sighting at this spot
Connacht,207,bodachan sabhaill,1,43151,49647,0,4,no CapnBry sighting at this spot
Connacht,207,bodachan sabhaill,1,41750,48202,0,4,no CapnBry sighting at this spot
Connacht,207,bodachan sabhaill,1,36017,48025,0,4,no CapnBry sighting at this spot
Connacht,207,bodachan sabhaill,1,33981,46737,0,4,no CapnBry sighting at this spot
Connacht,207,walking rock,1,3998,29244,0,1,rare/named species (1-2 in whole zone)
Connacht,207,manes demon,2,38214,15355,0,5,no CapnBry sighting at this spot
Connacht,207,manes demon,2,40080,15958,0,5,no CapnBry sighting at this spot
Connacht,207,manes demon,1,39096,17681,0,5,no CapnBry sighting at this spot
Connacht,207,irewood seedling,1,55985,49274,0,1,rare/named species (1-2 in whole zone)
Connacht,207,amadan dubh,1,59688,12471,0,1,rare/named species (1-2 in whole zone)
Connacht,207,changeling,1,35092,14912,0,4,no CapnBry sighting at this spot
Connacht,207,changeling,1,5691,40621,0,4,no CapnBry sighting at this spot
Connacht,207,changeling,1,28968,14677,0,4,no CapnBry sighting at this spot
Connacht,207,changeling,1,3781,38777,0,4,no CapnBry sighting at this spot
Connacht,207,touched,1,58534,6283,0,1,rare/named species (1-2 in whole zone)
Connacht,207,rathil o'carolan,1,17391,13890,0,1,rare/named species (1-2 in whole zone)
Connacht,207,ghoulie,1,310,36718,0,1,rare/named species (1-2 in whole zone)
Connacht,207,follower of ultan,1,12056,5501,0,1,rare/named species (1-2 in whole zone)
Connacht,207,bocan,1,1512,31296,0,1,rare/named species (1-2 in whole zone)
Connacht,207,juliy the jester,1,48646,17959,0,1,rare/named species (1-2 in whole zone)
Connacht,207,spykit,1,59523,65375,0,1,rare/named species (1-2 in whole zone)
Connacht,207,amadan,1,59977,17441,0,1,rare/named species (1-2 in whole zone)
Connacht,207,chieftain ultan,1,11963,5203,0,1,rare/named species (1-2 in whole zone)
Connacht,207,lucan,1,40134,41544,0,1,rare/named species (1-2 in whole zone)
Connacht,207,daewain,1,48185,29677,0,1,rare/named species (1-2 in whole zone)
Connacht,207,pikebane,1,57158,22324,0,1,rare/named species (1-2 in whole zone)
Mount Collory,210,sett protector,2,53816,56518,0,6,no CapnBry sighting at this spot
Mount Collory,210,sett protector,1,51603,54772,0,6,no CapnBry sighting at this spot
Mount Collory,210,sett matron,1,18736,15327,0,6,no CapnBry sighting at this spot
Mount Collory,210,irewood,2,35937,10576,0,5,no CapnBry sighting at this spot
Breifine,212,new mob,2,18172,16230,0,25,no CapnBry sighting at this spot
Breifine,212,new mob,1,18518,14465,0,25,no CapnBry sighting at this spot
Breifine,212,new mob,1,47731,51919,0,25,no CapnBry sighting at this spot
Breifine,212,new mob,1,52768,16395,0,25,no CapnBry sighting at this spot
Breifine,212,evern,1,44859,28153,0,1,rare/named species (1-2 in whole zone)
Breifine,212,spectral manslayer,1,59158,46086,0,4,no CapnBry sighting at this spot
Emain Macha,214,hillock changeling,1,51462,46454,0,3,no CapnBry sighting at this spot
Emain Macha,214,hillock changeling,1,49321,47609,0,3,no CapnBry sighting at this spot
Emain Macha,214,hillock changeling,1,51018,45020,0,3,no CapnBry sighting at this spot
Emain Macha,214,amadan touched,2,22593,33404,0,2,rare/named species (1-2 in whole zone)
Emain Macha,214,granny,2,40574,22327,0,18,no CapnBry sighting at this spot
Emain Macha,214,graugach,2,45663,53613,0,2,rare/named species (1-2 in whole zone)
Emain Macha,214,juvenile megafelid,1,51461,26271,0,2,rare/named species (1-2 in whole zone)
Emain Macha,214,juvenile megafelid,1,53036,21549,0,2,rare/named species (1-2 in whole zone)
Emain Macha,214,rage wolf,1,23194,32341,0,1,rare/named species (1-2 in whole zone)
Emain Macha,214,cliff beetle,1,22955,11453,0,4,no CapnBry sighting at this spot
Emain Macha,214,cliff beetle,1,38400,10456,0,4,no CapnBry sighting at this spot
Emain Macha,214,cliff beetle,1,23277,27933,0,4,no CapnBry sighting at this spot
Emain Macha,214,cliff beetle,1,19520,18440,0,4,no CapnBry sighting at this spot
Emain Macha,214,luch hunter,1,42516,12879,0,2,rare/named species (1-2 in whole zone)
Emain Macha,214,luch hunter,1,20916,31432,0,2,rare/named species (1-2 in whole zone)
Emain Macha,214,roan stepper,1,47663,53184,0,1,rare/named species (1-2 in whole zone)
Muire Tomb,221,death worm,1,25934,24675,1,1,matches CapnBry (1-2 seen here)
Muire Tomb,221,muire herbalist,2,30608,23017,0,3,no CapnBry sighting at this spot
Muire Tomb,221,muire herbalist,1,27730,26366,0,3,no CapnBry sighting at this spot
Muire Tomb,221,corpse devourer,1,26428,21480,1,17,matches CapnBry (1-2 seen here)
Muire Tomb,221,mummy hag wizard,2,27188,27351,0,2,rare/named species (1-2 in whole zone)
Muire Tomb,221,tomb creeper,2,26568,23802,8,12,likely short: CapnBry saw 8 here
Muire Tomb,221,muire hero,2,29937,23084,0,2,rare/named species (1-2 in whole zone)
Muire Tomb,221,quillan muire,1,30557,22950,0,1,rare/named species (1-2 in whole zone)
Muire Tomb,221,frang,1,24021,24573,0,1,rare/named species (1-2 in whole zone)
Spraggon Den,222,rock sprite,1,26269,21897,1,29,matches CapnBry (1-2 seen here)
Spraggon Den,222,spraggon cutter,2,27118,26868,0,29,no CapnBry sighting at this spot
Spraggon Den,222,earth sprite,1,24204,18802,0,20,no CapnBry sighting at this spot
Spraggon Den,222,spriggit,1,22902,18823,0,1,rare/named species (1-2 in whole zone)
Spraggon Den,222,pit boss,2,23403,21747,0,10,no CapnBry sighting at this spot
Spraggon Den,222,pit boss,1,18478,23346,0,10,no CapnBry sighting at this spot
Spraggon Den,222,pit boss,1,24952,21979,0,10,no CapnBry sighting at this spot
Spraggon Den,222,pit boss,1,25590,19330,0,10,no CapnBry sighting at this spot
Spraggon Den,222,pit boss,1,27278,24702,0,10,no CapnBry sighting at this spot
Spraggon Den,222,pit boss,1,25999,29249,0,10,no CapnBry sighting at this spot
Spraggon Den,222,spraggon runner,1,23842,23184,0,10,no CapnBry sighting at this spot
Spraggon Den,222,tabor,1,29077,24265,0,1,rare/named species (1-2 in whole zone)
Spraggon Den,222,dramacus,1,26269,25875,0,1,rare/named species (1-2 in whole zone)
Spraggon Den,222,ruckus,1,21387,25300,0,1,rare/named species (1-2 in whole zone)
Spraggon Den,222,ick,1,19976,22885,0,1,rare/named species (1-2 in whole zone)
Spraggon Den,222,yadda,1,26644,26387,0,1,rare/named species (1-2 in whole zone)
Passage of Conflict,244,zilistiphle,1,20318,15774,0,1,rare/named species (1-2 in whole zone)
Passage of Conflict,244,doomed fanatic,1,27078,21210,0,18,no CapnBry sighting at this spot
Passage of Conflict,244,doomed fanatic,1,16427,36090,0,18,no CapnBry sighting at this spot
Passage of Conflict,244,doomed fanatic,2,18563,37717,0,18,no CapnBry sighting at this spot
Passage of Conflict,244,doomed fanatic,1,23358,38354,0,18,no CapnBry sighting at this spot
Passage of Conflict,244,doomed fanatic,2,36249,10697,0,18,no CapnBry sighting at this spot
Passage of Conflict,244,doomed fanatic,2,32229,43427,0,18,no CapnBry sighting at this spot
Passage of Conflict,244,doomed fanatic,1,33332,32904,0,18,no CapnBry sighting at this spot
Passage of Conflict,244,doomed fanatic,1,27575,32651,0,18,no CapnBry sighting at this spot
Passage of Conflict,244,doomed fanatic,1,17024,32016,0,18,no CapnBry sighting at this spot
Passage of Conflict,244,doomed fanatic,1,36667,38548,0,18,no CapnBry sighting at this spot
Passage of Conflict,244,doomed fanatic,1,35660,8612,0,18,no CapnBry sighting at this spot
Passage of Conflict,244,doomed fanatic,1,27481,23212,0,18,no CapnBry sighting at this spot
Passage of Conflict,244,doomed plunderer,1,34277,31164,0,16,no CapnBry sighting at this spot
Passage of Conflict,244,doomed plunderer,2,32882,34317,0,16,no CapnBry sighting at this spot
Passage of Conflict,244,doomed plunderer,2,35458,24239,0,16,no CapnBry sighting at this spot
Passage of Conflict,244,doomed plunderer,1,12472,35579,0,16,no CapnBry sighting at this spot
Passage of Conflict,244,doomed plunderer,1,15283,39521,0,16,no CapnBry sighting at this spot
Passage of Conflict,244,doomed plunderer,1,35040,33783,0,16,no CapnBry sighting at this spot
Passage of Conflict,244,doomed plunderer,1,24965,34451,0,16,no CapnBry sighting at this spot
Passage of Conflict,244,doomed plunderer,1,15144,37944,0,16,no CapnBry sighting at this spot
Passage of Conflict,244,doomed plunderer,1,35673,10729,0,16,no CapnBry sighting at this spot
Passage of Conflict,244,doomed plunderer,1,36232,38016,0,16,no CapnBry sighting at this spot
Passage of Conflict,244,accursed hound,1,29607,29361,0,51,no CapnBry sighting at this spot
Passage of Conflict,244,accursed hound,2,12773,30061,0,51,no CapnBry sighting at this spot
Passage of Conflict,244,accursed hound,2,36512,8940,0,51,no CapnBry sighting at this spot
Passage of Conflict,244,accursed hound,1,16730,25014,0,51,no CapnBry sighting at this spot
Passage of Conflict,244,accursed hound,1,33171,33650,0,51,no CapnBry sighting at this spot
Passage of Conflict,244,accursed hound,1,29329,19677,0,51,no CapnBry sighting at this spot
Passage of Conflict,244,accursed hound,2,14851,28415,0,51,no CapnBry sighting at this spot
Passage of Conflict,244,accursed hound,1,16740,28250,0,51,no CapnBry sighting at this spot
Passage of Conflict,244,accursed hound,1,33066,19288,0,51,no CapnBry sighting at this spot
Passage of Conflict,244,accursed hound,1,18597,34839,0,51,no CapnBry sighting at this spot
Passage of Conflict,244,accursed hound,2,40340,23884,0,51,no CapnBry sighting at this spot
Passage of Conflict,244,accursed hound,1,12217,39380,0,51,no CapnBry sighting at this spot
Passage of Conflict,244,accursed hound,2,9145,33809,0,51,no CapnBry sighting at this spot
Passage of Conflict,244,accursed hound,2,26359,21678,0,51,no CapnBry sighting at this spot
Passage of Conflict,244,accursed hound,1,18448,28107,0,51,no CapnBry sighting at this spot
Passage of Conflict,244,accursed hound,1,32481,15529,0,51,no CapnBry sighting at this spot
Passage of Conflict,244,accursed hound,1,9683,23698,0,51,no CapnBry sighting at this spot
Passage of Conflict,244,accursed hound,2,29679,37007,0,51,no CapnBry sighting at this spot
Passage of Conflict,244,accursed hound,2,26945,23018,0,51,no CapnBry sighting at this spot
Passage of Conflict,244,accursed hound,1,40418,22208,0,51,no CapnBry sighting at this spot
Passage of Conflict,244,accursed hound,1,32429,38999,0,51,no CapnBry sighting at this spot
Passage of Conflict,244,accursed hound,2,31158,22192,0,51,no CapnBry sighting at this spot
Passage of Conflict,244,accursed hound,2,12047,33352,0,51,no CapnBry sighting at this spot
Passage of Conflict,244,accursed hound,1,10754,38316,0,51,no CapnBry sighting at this spot
Passage of Conflict,244,accursed hound,1,35590,30061,0,51,no CapnBry sighting at this spot
Passage of Conflict,244,accursed hound,1,35599,19260,0,51,no CapnBry sighting at this spot
Passage of Conflict,244,accursed hound,1,18597,32919,0,51,no CapnBry sighting at this spot
Passage of Conflict,244,accursed hound,1,15283,33443,0,51,no CapnBry sighting at this spot
Passage of Conflict,244,accursed brigand,2,25737,41375,0,51,no CapnBry sighting at this spot
Passage of Conflict,244,accursed brigand,1,28828,14410,0,51,no CapnBry sighting at this spot
Passage of Conflict,244,accursed brigand,2,40460,11924,0,51,no CapnBry sighting at this spot
Passage of Conflict,244,accursed brigand,1,32296,42506,0,51,no CapnBry sighting at this spot
Passage of Conflict,244,accursed brigand,1,12389,39817,0,51,no CapnBry sighting at this spot
Passage of Conflict,244,accursed brigand,1,8956,25073,0,51,no CapnBry sighting at this spot
Passage of Conflict,244,accursed brigand,1,9443,35488,0,51,no CapnBry sighting at this spot
Passage of Conflict,244,accursed brigand,1,30605,19110,0,51,no CapnBry sighting at this spot
Passage of Conflict,244,accursed brigand,2,26051,38771,0,51,no CapnBry sighting at this spot
Passage of Conflict,244,accursed brigand,1,35009,33631,0,51,no CapnBry sighting at this spot
Passage of Conflict,244,accursed brigand,2,34342,17637,0,51,no CapnBry sighting at this spot
Passage of Conflict,244,accursed brigand,1,10805,29777,0,51,no CapnBry sighting at this spot
Passage of Conflict,244,accursed brigand,1,8917,34080,0,51,no CapnBry sighting at this spot
Passage of Conflict,244,accursed brigand,1,34951,31914,0,51,no CapnBry sighting at this spot
Passage of Conflict,244,accursed brigand,1,16905,29829,0,51,no CapnBry sighting at this spot
Passage of Conflict,244,accursed brigand,2,20985,41467,0,51,no CapnBry sighting at this spot
Passage of Conflict,244,accursed brigand,1,34312,9024,0,51,no CapnBry sighting at this spot
Passage of Conflict,244,accursed brigand,1,29616,37507,0,51,no CapnBry sighting at this spot
Passage of Conflict,244,accursed brigand,1,27846,31596,0,51,no CapnBry sighting at this spot
Passage of Conflict,244,accursed brigand,1,36517,16683,0,51,no CapnBry sighting at this spot
Passage of Conflict,244,accursed brigand,2,9239,31897,0,51,no CapnBry sighting at this spot
Passage of Conflict,244,accursed brigand,1,16131,26773,0,51,no CapnBry sighting at this spot
Passage of Conflict,244,accursed brigand,1,38134,9041,0,51,no CapnBry sighting at this spot
Passage of Conflict,244,accursed brigand,1,34555,16023,0,51,no CapnBry sighting at this spot
Passage of Conflict,244,accursed brigand,1,34487,7303,0,51,no CapnBry sighting at this spot
Passage of Conflict,244,accursed brigand,1,15280,28275,0,51,no CapnBry sighting at this spot
Passage of Conflict,244,accursed brigand,1,29863,30705,0,51,no CapnBry sighting at this spot
Passage of Conflict,244,accursed plunderer,2,36325,15467,0,35,no CapnBry sighting at this spot
Passage of Conflict,244,accursed plunderer,2,18598,30210,0,35,no CapnBry sighting at this spot
Passage of Conflict,244,accursed plunderer,2,35684,31876,0,35,no CapnBry sighting at this spot
Passage of Conflict,244,accursed plunderer,2,29378,31277,0,35,no CapnBry sighting at this spot
Passage of Conflict,244,accursed plunderer,1,13310,34007,0,35,no CapnBry sighting at this spot
Passage of Conflict,244,accursed plunderer,1,24965,33363,0,35,no CapnBry sighting at this spot
Passage of Conflict,244,accursed plunderer,1,32283,42643,0,35,no CapnBry sighting at this spot
Passage of Conflict,244,accursed plunderer,1,38479,13827,0,35,no CapnBry sighting at this spot
Passage of Conflict,244,accursed plunderer,1,29380,12026,0,35,no CapnBry sighting at this spot
Passage of Conflict,244,accursed plunderer,1,34465,17915,0,35,no CapnBry sighting at this spot
Passage of Conflict,244,accursed plunderer,1,19896,28512,0,35,no CapnBry sighting at this spot
Passage of Conflict,244,accursed plunderer,1,16131,26581,0,35,no CapnBry sighting at this spot
Passage of Conflict,244,accursed plunderer,1,38667,11506,0,35,no CapnBry sighting at this spot
Passage of Conflict,244,accursed plunderer,1,9596,24945,0,35,no CapnBry sighting at this spot
Passage of Conflict,244,accursed plunderer,1,30927,11491,0,35,no CapnBry sighting at this spot
Passage of Conflict,244,accursed plunderer,1,23608,41752,0,35,no CapnBry sighting at this spot
Passage of Conflict,244,accursed plunderer,1,31600,31479,0,35,no CapnBry sighting at this spot
Passage of Conflict,244,accursed plunderer,1,16879,33651,0,35,no CapnBry sighting at this spot
Passage of Conflict,244,accursed plunderer,1,12709,41097,0,35,no CapnBry sighting at this spot
Passage of Conflict,244,accursed plunderer,1,11425,26716,0,35,no CapnBry sighting at this spot
Passage of Conflict,244,accursed plunderer,1,9888,26928,0,35,no CapnBry sighting at this spot
Passage of Conflict,244,accursed plunderer,1,16610,31624,0,35,no CapnBry sighting at this spot
Passage of Conflict,244,accursed fanatic,1,29788,13642,0,29,no CapnBry sighting at this spot
Passage of Conflict,244,accursed fanatic,1,34115,7363,0,29,no CapnBry sighting at this spot
Passage of Conflict,244,accursed fanatic,1,29445,31870,0,29,no CapnBry sighting at this spot
Passage of Conflict,244,accursed fanatic,1,38676,8650,0,29,no CapnBry sighting at this spot
Passage of Conflict,244,accursed fanatic,1,8547,35936,0,29,no CapnBry sighting at this spot
Passage of Conflict,244,accursed fanatic,1,15260,26859,0,29,no CapnBry sighting at this spot
Passage of Conflict,244,accursed fanatic,1,25635,39283,0,29,no CapnBry sighting at this spot
Passage of Conflict,244,accursed fanatic,2,22770,37550,0,29,no CapnBry sighting at this spot
Passage of Conflict,244,accursed fanatic,2,36581,15499,0,29,no CapnBry sighting at this spot
Passage of Conflict,244,accursed fanatic,1,14334,33175,0,29,no CapnBry sighting at this spot
Passage of Conflict,244,accursed fanatic,1,14766,30434,0,29,no CapnBry sighting at this spot
Passage of Conflict,244,accursed fanatic,1,38672,13804,0,29,no CapnBry sighting at this spot
Passage of Conflict,244,accursed fanatic,1,9436,37969,0,29,no CapnBry sighting at this spot
Passage of Conflict,244,accursed fanatic,1,10492,24433,0,29,no CapnBry sighting at this spot
Passage of Conflict,244,accursed fanatic,1,11937,26332,0,29,no CapnBry sighting at this spot
Passage of Conflict,244,accursed fanatic,1,12197,41673,0,29,no CapnBry sighting at this spot
Passage of Conflict,244,accursed fanatic,1,10699,29866,0,29,no CapnBry sighting at this spot
Passage of Conflict,244,accursed marauder,1,29689,17551,0,45,no CapnBry sighting at this spot
Passage of Conflict,244,accursed marauder,1,30944,13815,0,45,no CapnBry sighting at this spot
Passage of Conflict,244,accursed marauder,1,9571,36704,0,45,no CapnBry sighting at this spot
Passage of Conflict,244,accursed marauder,2,9321,31762,0,45,no CapnBry sighting at this spot
Passage of Conflict,244,accursed marauder,1,11681,27676,0,45,no CapnBry sighting at this spot
Passage of Conflict,244,accursed marauder,2,23224,41592,0,45,no CapnBry sighting at this spot
Passage of Conflict,244,accursed marauder,1,14523,30279,0,45,no CapnBry sighting at this spot
Passage of Conflict,244,accursed marauder,1,38784,11616,0,45,no CapnBry sighting at this spot
Passage of Conflict,244,accursed marauder,1,29148,14026,0,45,no CapnBry sighting at this spot
Passage of Conflict,244,accursed marauder,1,32865,15785,0,45,no CapnBry sighting at this spot
Passage of Conflict,244,accursed marauder,1,15073,26822,0,45,no CapnBry sighting at this spot
Passage of Conflict,244,accursed marauder,1,18264,29664,0,45,no CapnBry sighting at this spot
Passage of Conflict,244,accursed marauder,1,31160,29827,0,45,no CapnBry sighting at this spot
Passage of Conflict,244,accursed marauder,1,11209,31866,0,45,no CapnBry sighting at this spot
Passage of Conflict,244,accursed marauder,1,34629,17829,0,45,no CapnBry sighting at this spot
Passage of Conflict,244,accursed marauder,1,8914,38269,0,45,no CapnBry sighting at this spot
Passage of Conflict,244,accursed marauder,1,27080,22587,0,45,no CapnBry sighting at this spot
Passage of Conflict,244,accursed marauder,1,10847,29869,0,45,no CapnBry sighting at this spot
Passage of Conflict,244,accursed marauder,1,31742,27759,0,45,no CapnBry sighting at this spot
Passage of Conflict,244,accursed marauder,1,36645,16427,0,45,no CapnBry sighting at this spot
Passage of Conflict,244,accursed marauder,1,16837,33790,0,45,no CapnBry sighting at this spot
Passage of Conflict,244,accursed marauder,1,27562,19794,0,45,no CapnBry sighting at this spot
Passage of Conflict,244,accursed marauder,1,29095,29745,0,45,no CapnBry sighting at this spot
Passage of Conflict,244,accursed marauder,1,34213,7347,0,45,no CapnBry sighting at this spot
Passage of Conflict,244,accursed raider,2,28935,29521,0,47,no CapnBry sighting at this spot
Passage of Conflict,244,accursed raider,2,11873,26940,0,47,no CapnBry sighting at this spot
Passage of Conflict,244,accursed raider,1,34666,8626,0,47,no CapnBry sighting at this spot
Passage of Conflict,244,accursed raider,2,17063,29704,0,47,no CapnBry sighting at this spot
Passage of Conflict,244,accursed raider,2,8739,36181,0,47,no CapnBry sighting at this spot
Passage of Conflict,244,accursed raider,1,29447,31761,0,47,no CapnBry sighting at this spot
Passage of Conflict,244,accursed raider,2,24963,38835,0,47,no CapnBry sighting at this spot
Passage of Conflict,244,accursed raider,1,34551,30646,0,47,no CapnBry sighting at this spot
Passage of Conflict,244,accursed raider,2,12453,29997,0,47,no CapnBry sighting at this spot
Passage of Conflict,244,accursed raider,1,10044,25329,0,47,no CapnBry sighting at this spot
Passage of Conflict,244,accursed raider,2,12279,38039,0,47,no CapnBry sighting at this spot
Passage of Conflict,244,accursed raider,1,31711,31904,0,47,no CapnBry sighting at this spot
Passage of Conflict,244,accursed raider,1,17219,26965,0,47,no CapnBry sighting at this spot
Passage of Conflict,244,accursed raider,1,38091,9130,0,47,no CapnBry sighting at this spot
Passage of Conflict,244,accursed raider,2,30477,13633,0,47,no CapnBry sighting at this spot
Passage of Conflict,244,redeemed outlaw,1,24213,29677,0,4,no CapnBry sighting at this spot
Passage of Conflict,244,doomed raider,1,34754,19793,0,18,no CapnBry sighting at this spot
Passage of Conflict,244,doomed raider,2,32673,32850,0,18,no CapnBry sighting at this spot
Passage of Conflict,244,doomed raider,2,35448,38867,0,18,no CapnBry sighting at this spot
Passage of Conflict,244,doomed raider,2,14908,36093,0,18,no CapnBry sighting at this spot
Passage of Conflict,244,doomed raider,1,11880,31510,0,18,no CapnBry sighting at this spot
Passage of Conflict,244,doomed raider,1,28627,43924,0,18,no CapnBry sighting at this spot
Passage of Conflict,244,doomed raider,1,17124,36084,0,18,no CapnBry sighting at this spot
Passage of Conflict,244,doomed raider,1,29946,33235,0,18,no CapnBry sighting at this spot
Passage of Conflict,244,doomed raider,1,27200,19208,0,18,no CapnBry sighting at this spot
Passage of Conflict,244,doomed raider,1,20198,36789,0,18,no CapnBry sighting at this spot
Passage of Conflict,244,doomed raider,1,40451,11654,0,18,no CapnBry sighting at this spot
Passage of Conflict,244,doomed marauder,2,14344,38104,0,31,no CapnBry sighting at this spot
Passage of Conflict,244,doomed marauder,1,34729,33161,0,31,no CapnBry sighting at this spot
Passage of Conflict,244,doomed marauder,2,32127,42364,0,31,no CapnBry sighting at this spot
Passage of Conflict,244,doomed marauder,2,33029,24306,0,31,no CapnBry sighting at this spot
Passage of Conflict,244,doomed marauder,1,38839,22108,0,31,no CapnBry sighting at this spot
Passage of Conflict,244,doomed marauder,1,14731,36293,0,31,no CapnBry sighting at this spot
Passage of Conflict,244,doomed marauder,1,31119,19541,0,31,no CapnBry sighting at this spot
Passage of Conflict,244,doomed marauder,1,18352,35667,0,31,no CapnBry sighting at this spot
Passage of Conflict,244,doomed marauder,2,16500,36894,0,31,no CapnBry sighting at this spot
Passage of Conflict,244,doomed marauder,1,29451,22116,0,31,no CapnBry sighting at this spot
Passage of Conflict,244,doomed marauder,1,33422,35471,0,31,no CapnBry sighting at this spot
Passage of Conflict,244,doomed marauder,1,29841,37258,0,31,no CapnBry sighting at this spot
Passage of Conflict,244,doomed marauder,1,31017,18037,0,31,no CapnBry sighting at this spot
Passage of Conflict,244,doomed marauder,1,35074,23439,0,31,no CapnBry sighting at this spot
Passage of Conflict,244,doomed marauder,1,39679,24252,0,31,no CapnBry sighting at this spot
Passage of Conflict,244,doomed marauder,1,27486,36015,0,31,no CapnBry sighting at this spot
Passage of Conflict,244,doomed marauder,1,35832,19063,0,31,no CapnBry sighting at this spot
Passage of Conflict,244,doomed marauder,1,34073,37812,0,31,no CapnBry sighting at this spot
Passage of Conflict,244,doomed brigand,2,22686,38418,0,26,no CapnBry sighting at this spot
Passage of Conflict,244,doomed brigand,1,32497,34157,0,26,no CapnBry sighting at this spot
Passage of Conflict,244,doomed brigand,2,17068,36785,0,26,no CapnBry sighting at this spot
Passage of Conflict,244,doomed brigand,1,34870,24738,0,26,no CapnBry sighting at this spot
Passage of Conflict,244,doomed brigand,1,30378,44547,0,26,no CapnBry sighting at this spot
Passage of Conflict,244,doomed brigand,1,36669,38685,0,26,no CapnBry sighting at this spot
Passage of Conflict,244,doomed brigand,1,27160,35633,0,26,no CapnBry sighting at this spot
Passage of Conflict,244,doomed brigand,1,35468,19412,0,26,no CapnBry sighting at this spot
Passage of Conflict,244,doomed brigand,1,32412,40624,0,26,no CapnBry sighting at this spot
Passage of Conflict,244,doomed brigand,1,40040,22586,0,26,no CapnBry sighting at this spot
Passage of Conflict,244,doomed brigand,1,19203,37877,0,26,no CapnBry sighting at this spot
Passage of Conflict,244,ritualist of oar,2,24383,29858,0,7,no CapnBry sighting at this spot
Passage of Conflict,244,ritualist of oar,2,39845,16071,0,7,no CapnBry sighting at this spot
Passage of Conflict,244,ritualist of oar,2,13449,24425,0,7,no CapnBry sighting at this spot
Passage of Conflict,244,ritualist of oar,1,24691,24693,0,7,no CapnBry sighting at this spot
Passage of Conflict,244,follower of oar,2,24915,30438,0,4,no CapnBry sighting at this spot
Passage of Conflict,244,follower of oar,2,14909,24404,0,4,no CapnBry sighting at this spot
Passage of Conflict,244,shade,1,22007,22688,0,1,rare/named species (1-2 in whole zone)
Passage of Conflict,244,oarling,2,39460,15744,0,4,no CapnBry sighting at this spot
Passage of Conflict,244,oarling,1,24901,29454,0,4,no CapnBry sighting at this spot
Passage of Conflict,244,oarling,1,14076,25369,0,4,no CapnBry sighting at this spot
Passage of Conflict,244,prince oar,1,29496,20782,0,1,rare/named species (1-2 in whole zone)
Passage of Conflict,244,redeemed magician,1,40005,15239,0,1,rare/named species (1-2 in whole zone)
Passage of Conflict,244,busiv,1,31028,7117,0,1,rare/named species (1-2 in whole zone)
Passage of Conflict,244,drevaul,1,20508,41175,0,1,rare/named species (1-2 in whole zone)
Passage of Conflict,244,demonic wolfhound,1,24746,24691,0,1,rare/named species (1-2 in whole zone)
Dodens Gruva,246,thane dyggve,1,26977,25379,0,1,rare/named species (1-2 in whole zone)
Dodens Gruva,246,aros the spiritmaster,1,30869,28778,0,1,rare/named species (1-2 in whole zone)
Dodens Gruva,246,jarl ormarr,1,37240,29576,0,1,rare/named species (1-2 in whole zone)
Dodens Gruva,246,hamar,1,23825,33662,0,1,rare/named species (1-2 in whole zone)
Dodens Gruva,246,gudlaugr,1,35460,23780,0,1,rare/named species (1-2 in whole zone)
Dodens Gruva,246,mistress of runes,1,21536,34196,0,1,rare/named species (1-2 in whole zone)
Darkness Falls,249,lieutenant gargantan,1,31676,34723,0,1,rare/named species (1-2 in whole zone)
Darkness Falls,249,duke bimure,1,35916,21968,0,1,rare/named species (1-2 in whole zone)
Darkness Falls,249,chamberlain,1,37354,43108,0,1,rare/named species (1-2 in whole zone)
Darkness Falls,249,marquis focalleste,1,40128,22865,0,1,rare/named species (1-2 in whole zone)
Darkness Falls,249,mutilator okabi,1,29031,23613,0,1,rare/named species (1-2 in whole zone)
Darkness Falls,249,mutilator axtanax,1,31107,23131,0,1,rare/named species (1-2 in whole zone)
Darkness Falls,249,duke zepor,1,41220,28961,0,1,rare/named species (1-2 in whole zone)
Darkness Falls,249,chthonic knight prosel,1,35425,27539,0,1,rare/named species (1-2 in whole zone)
Darkness Falls,249,earl zh'alzhak,1,27334,32957,0,1,rare/named species (1-2 in whole zone)
Darkness Falls,249,chthonic knight zagal,1,8768,9177,0,1,rare/named species (1-2 in whole zone)
Darkness Falls,249,inquisitor niloc,1,21736,4360,0,1,rare/named species (1-2 in whole zone)
Darkness Falls,249,mutilator oronor,1,6276,33054,0,1,rare/named species (1-2 in whole zone)
Darkness Falls,249,chthonic knight ukobat,1,7937,13303,0,1,rare/named species (1-2 in whole zone)
Darkness Falls,249,mutilator laicanroth,1,35318,23336,0,1,rare/named species (1-2 in whole zone)
Darkness Falls,249,chthonic knight tamuel,1,35992,36959,0,1,rare/named species (1-2 in whole zone)
Darkness Falls,249,inquisitor haimir,1,36835,29452,0,1,rare/named species (1-2 in whole zone)
Darkness Falls,249,mutilator nianax,1,34254,25388,0,1,rare/named species (1-2 in whole zone)
Darkness Falls,249,inquisitor bor,1,29608,2819,0,1,rare/named species (1-2 in whole zone)
Darkness Falls,249,chthonic knight gaapoler,1,16279,10368,0,1,rare/named species (1-2 in whole zone)
Darkness Falls,249,inquisitor hadis,1,21771,5921,0,1,rare/named species (1-2 in whole zone)
Darkness Falls,249,earl mermer,1,29999,7925,0,1,rare/named species (1-2 in whole zone)
Darkness Falls,249,inquisitor nifil,1,21784,5459,0,1,rare/named species (1-2 in whole zone)
Darkness Falls,249,inquisitor mucifen,1,22688,5756,0,1,rare/named species (1-2 in whole zone)
Darkness Falls,249,chthonic knight obarus,1,30405,24376,0,1,rare/named species (1-2 in whole zone)
Darkness Falls,249,mutilator phaxazis,1,7896,28484,0,1,rare/named species (1-2 in whole zone)
Darkness Falls,249,marquis almen,1,41075,30949,0,1,rare/named species (1-2 in whole zone)
Darkness Falls,249,inquisitor zaviben,1,27651,8125,0,1,rare/named species (1-2 in whole zone)
Darkness Falls,249,inquisitor tlaw,1,26619,7549,0,1,rare/named species (1-2 in whole zone)
Darkness Falls,249,mutilator zurabo,1,31142,24446,0,1,rare/named species (1-2 in whole zone)
Darkness Falls,249,deamhaness,1,9003,13202,0,83,no CapnBry sighting at this spot
Darkness Falls,249,inquisitor hellos,1,35271,25297,0,1,rare/named species (1-2 in whole zone)
Darkness Falls,249,chthonic knight carabia,1,36049,39664,0,1,rare/named species (1-2 in whole zone)
Darkness Falls,249,prince abdin,1,17455,9754,0,1,rare/named species (1-2 in whole zone)
Darkness Falls,249,chthonic knight babyzu,1,33797,24042,0,1,rare/named species (1-2 in whole zone)
Darkness Falls,249,chthonic knight zafan,1,35289,28434,0,1,rare/named species (1-2 in whole zone)
Darkness Falls,249,mutilator vorazax,1,16792,24634,0,1,rare/named species (1-2 in whole zone)
Darkness Falls,249,duke aypol,1,28907,33113,0,1,rare/named species (1-2 in whole zone)
Darkness Falls,249,inquisitor nej,1,34483,30844,0,1,rare/named species (1-2 in whole zone)
Darkness Falls,249,mutilator namox,1,9776,23265,0,1,rare/named species (1-2 in whole zone)
Darkness Falls,249,inquisitor irawn,1,29793,24624,0,1,rare/named species (1-2 in whole zone)
Darkness Falls,249,mutilator lazorous,1,37377,24428,0,1,rare/named species (1-2 in whole zone)
Darkness Falls,249,inquisitor haap,1,29507,8158,0,1,rare/named species (1-2 in whole zone)
Darkness Falls,249,earl oraxus,1,40428,29266,0,1,rare/named species (1-2 in whole zone)
Darkness Falls,249,mutilator xakanos,1,34393,27975,0,1,rare/named species (1-2 in whole zone)
Darkness Falls,249,inquisitor yor,1,35127,30839,0,1,rare/named species (1-2 in whole zone)
Darkness Falls,249,chthonic knight zaeber,1,35128,35042,0,1,rare/named species (1-2 in whole zone)
Darkness Falls,249,inquisitor morrian,1,35305,26220,0,1,rare/named species (1-2 in whole zone)
Darkness Falls,249,chthonic knight fonath,1,37631,39683,0,1,rare/named species (1-2 in whole zone)
Darkness Falls,249,mutilator vozoaz,1,14702,21928,0,1,rare/named species (1-2 in whole zone)
Darkness Falls,249,mutilator konapher,1,34976,41735,0,1,rare/named species (1-2 in whole zone)
Darkness Falls,249,mutilator marbozer,1,6986,25409,0,1,rare/named species (1-2 in whole zone)
Darkness Falls,249,high lord baelerdoth,1,41016,23801,0,1,rare/named species (1-2 in whole zone)
Darkness Falls,249,duke satori,1,36847,33434,0,1,rare/named species (1-2 in whole zone)
Darkness Falls,249,mutilator taboku,1,7428,34161,0,1,rare/named species (1-2 in whole zone)
Darkness Falls,249,chthonic knight olov,1,37861,36792,0,1,rare/named species (1-2 in whole zone)
Darkness Falls,249,pale guardian,1,11976,22227,0,6,no CapnBry sighting at this spot
Darkness Falls,249,pale guardian,1,12290,10644,0,6,no CapnBry sighting at this spot
Darkness Falls,249,pale guardian,1,12355,25210,0,6,no CapnBry sighting at this spot
Darkness Falls,249,pale guardian,2,36840,38585,0,6,no CapnBry sighting at this spot
Darkness Falls,249,pale guardian,1,12171,7905,0,6,no CapnBry sighting at this spot
Darkness Falls,249,high lord saeor,1,41779,29942,0,1,rare/named species (1-2 in whole zone)
Darkness Falls,249,earl vone,1,36859,36134,0,1,rare/named species (1-2 in whole zone)
Darkness Falls,249,inquisitor zazinol,1,30058,7480,0,1,rare/named species (1-2 in whole zone)
Darkness Falls,249,mutilator ezerak,1,34957,40443,0,1,rare/named species (1-2 in whole zone)
Darkness Falls,249,earl ipostian,1,15818,24020,0,1,rare/named species (1-2 in whole zone)
Darkness Falls,249,marquis haurian,1,38721,41712,0,1,rare/named species (1-2 in whole zone)
Darkness Falls,249,prince ba'alorien,1,28488,8005,0,1,rare/named species (1-2 in whole zone)
Darkness Falls,249,inquisitor factol,1,28431,1647,0,1,rare/named species (1-2 in whole zone)
Darkness Falls,249,mutilator yooginroth,1,15969,22442,0,1,rare/named species (1-2 in whole zone)
Darkness Falls,249,chthonic knight aciel,1,35836,24057,0,1,rare/named species (1-2 in whole zone)
Darkness Falls,249,director kobil,1,24383,25232,0,1,rare/named species (1-2 in whole zone)
Darkness Falls,249,marquis valupa,1,38040,34556,0,1,rare/named species (1-2 in whole zone)
Darkness Falls,249,inquisitor famuel,1,37760,41739,0,1,rare/named species (1-2 in whole zone)
Darkness Falls,249,chthonic knight haag,1,15885,9422,0,1,rare/named species (1-2 in whole zone)
Darkness Falls,249,marquis chaosmar,1,38772,40449,0,2,rare/named species (1-2 in whole zone)
Darkness Falls,249,marquis chaosmar,1,27138,33670,0,2,rare/named species (1-2 in whole zone)
Darkness Falls,249,earl amagin,1,36015,41719,0,1,rare/named species (1-2 in whole zone)
Darkness Falls,249,mutilator xagalith,1,9438,24208,0,1,rare/named species (1-2 in whole zone)
Darkness Falls,249,mutilator odius,1,38699,39177,0,1,rare/named species (1-2 in whole zone)
Darkness Falls,249,chthonic knight absax,1,7696,11007,0,1,rare/named species (1-2 in whole zone)
Darkness Falls,249,marquis sabonach,1,37895,17496,0,1,rare/named species (1-2 in whole zone)
Darkness Falls,249,marquis dortaleon,1,32867,32260,0,1,rare/named species (1-2 in whole zone)
Darkness Falls,249,mutilator xaabaro,1,6291,23825,0,1,rare/named species (1-2 in whole zone)
Darkness Falls,249,mutilator xazbalor,1,15166,25295,0,1,rare/named species (1-2 in whole zone)
Darkness Falls,249,duke alloc,1,25974,32538,0,1,rare/named species (1-2 in whole zone)
Darkness Falls,249,duke sallis,1,35928,17546,0,1,rare/named species (1-2 in whole zone)
Darkness Falls,249,behemoth,1,36298,41396,0,1,rare/named species (1-2 in whole zone)
Darkness Falls,249,legion,1,36835,43707,0,1,rare/named species (1-2 in whole zone)
Darkness Falls,249,gatekeeper dommel,1,31601,23812,0,1,rare/named species (1-2 in whole zone)
Darkness Falls,249,chthonic knight azea,1,11017,9663,0,1,rare/named species (1-2 in whole zone)
Darkness Falls,249,ambassador mannam,1,10851,16990,0,1,rare/named species (1-2 in whole zone)
Darkness Falls,249,high lord baln,1,27159,30987,0,1,rare/named species (1-2 in whole zone)
Darkness Falls,249,inquisitor eciraum,1,22820,4371,0,1,rare/named species (1-2 in whole zone)
Darkness Falls,249,duke eligar,1,31197,30196,0,1,rare/named species (1-2 in whole zone)
Darkness Falls,249,chthonic knight exte,1,29028,23986,0,1,rare/named species (1-2 in whole zone)
Darkness Falls,249,mutilator uxybab,1,33123,23236,0,1,rare/named species (1-2 in whole zone)
Darkness Falls,249,mutilator oprionach,1,37803,36407,0,1,rare/named species (1-2 in whole zone)
Darkness Falls,249,earl glassalab,1,16657,9412,0,1,rare/named species (1-2 in whole zone)
Darkness Falls,249,prince asmoien,1,16676,23952,0,1,rare/named species (1-2 in whole zone)
Darkness Falls,249,earl fenex,1,40431,24166,0,1,rare/named species (1-2 in whole zone)
Darkness Falls,249,mutilator novinrac,1,36603,22784,0,1,rare/named species (1-2 in whole zone)
Darkness Falls,249,chthonic knight ibeko,1,30429,23162,0,1,rare/named species (1-2 in whole zone)
Darkness Falls,249,marquis scottiax,1,37798,21434,0,1,rare/named species (1-2 in whole zone)
Darkness Falls,249,mutilator felrath,1,35023,39163,0,1,rare/named species (1-2 in whole zone)
Darkness Falls,249,inquisitor medebo,1,30226,23810,0,1,rare/named species (1-2 in whole zone)
Darkness Falls,249,chthonic knight exal,1,35360,32314,0,1,rare/named species (1-2 in whole zone)
Darkness Falls,249,chthonic knight ronoro,1,8170,11007,0,1,rare/named species (1-2 in whole zone)
Darkness Falls,249,lieutenant persun,1,10259,8953,0,1,rare/named species (1-2 in whole zone)
Darkness Falls,249,inquisitor morg,1,34350,23264,0,1,rare/named species (1-2 in whole zone)
Darkness Falls,249,grand chancellor adremal,1,36865,37616,0,1,rare/named species (1-2 in whole zone)
Darkness Falls,249,chthonic knight ezpeth,1,7333,14292,0,1,rare/named species (1-2 in whole zone)
Darkness Falls,249,inquisitor lokis,1,29764,23171,0,1,rare/named species (1-2 in whole zone)
Darkness Falls,249,chthonic knight ain,1,34266,26285,0,1,rare/named species (1-2 in whole zone)
Darkness Falls,249,mutilator samiol,1,35921,36554,0,1,rare/named species (1-2 in whole zone)
Darkness Falls,249,princess nahemah,1,10137,16648,0,1,rare/named species (1-2 in whole zone)
Darkness Falls,249,chthonic knight carnivon,1,37100,22779,0,1,rare/named species (1-2 in whole zone)
Darkness Falls,249,inquisitor asil,1,22784,5230,0,1,rare/named species (1-2 in whole zone)
Darkness Falls,249,lieutenant loran,1,31701,34943,0,1,rare/named species (1-2 in whole zone)
Darkness Falls,249,chthonic knight vosoes,1,16185,8412,0,1,rare/named species (1-2 in whole zone)
Darkness Falls,249,field marshal nebir,1,31808,34834,0,1,rare/named species (1-2 in whole zone)
Darkness Falls,249,duke harboris,1,40237,24786,0,1,rare/named species (1-2 in whole zone)
Darkness Falls,249,chthonic knight marbos,1,34490,35087,0,1,rare/named species (1-2 in whole zone)
Darkness Falls,249,earl mercur,1,37558,18279,0,1,rare/named species (1-2 in whole zone)
Darkness Falls,249,soultorn albion myrmidon,1,25360,34832,0,8,no CapnBry sighting at this spot
Darkness Falls,249,soultorn albion myrmidon,2,26993,35153,0,8,no CapnBry sighting at this spot
Darkness Falls,249,succubus,2,17222,25539,0,117,no CapnBry sighting at this spot
Darkness Falls,249,succubus,2,19644,20267,0,117,no CapnBry sighting at this spot
Darkness Falls,249,succubus,2,22242,21816,0,117,no CapnBry sighting at this spot
Darkness Falls,249,succubus,2,19737,28480,0,117,no CapnBry sighting at this spot
Darkness Falls,249,succubus,2,14819,16667,0,117,no CapnBry sighting at this spot
Darkness Falls,249,succubus,2,36761,18826,0,117,no CapnBry sighting at this spot
Darkness Falls,249,succubus,2,36581,24305,0,117,no CapnBry sighting at this spot
Darkness Falls,249,soultorn norse einherjar,2,22670,12090,0,16,no CapnBry sighting at this spot
Darkness Falls,249,demoniac familiar,2,20577,26676,0,183,no CapnBry sighting at this spot
Darkness Falls,249,demoniac familiar,1,19991,14241,7,183,likely short: CapnBry saw 7 here
Darkness Falls,249,nightmare,2,32475,30710,0,42,no CapnBry sighting at this spot
Darkness Falls,249,nightmare,2,22210,22223,0,42,no CapnBry sighting at this spot
Darkness Falls,249,nightmare,2,12266,16503,0,42,no CapnBry sighting at this spot
Darkness Falls,249,nightmare,1,17202,26309,0,42,no CapnBry sighting at this spot
Darkness Falls,249,nightmare,1,22722,6551,0,42,no CapnBry sighting at this spot
Darkness Falls,249,nightmare,2,29259,32499,0,42,no CapnBry sighting at this spot
Darkness Falls,249,nightmare,2,37165,22304,0,42,no CapnBry sighting at this spot
Darkness Falls,249,nightmare,2,17831,28491,0,42,no CapnBry sighting at this spot
Darkness Falls,249,nightmare,2,19762,23305,0,42,no CapnBry sighting at this spot
Darkness Falls,249,nightmare,1,14935,28211,0,42,no CapnBry sighting at this spot
Darkness Falls,249,nightmare,2,19771,20131,0,42,no CapnBry sighting at this spot
Darkness Falls,249,mahr,1,24413,22051,0,35,no CapnBry sighting at this spot
Darkness Falls,249,mahr,2,22309,25838,0,35,no CapnBry sighting at this spot
Darkness Falls,249,mahr,2,15200,19282,0,35,no CapnBry sighting at this spot
Darkness Falls,249,mahr,2,19410,20083,0,35,no CapnBry sighting at this spot
Darkness Falls,249,mahr,2,19920,24454,0,35,no CapnBry sighting at this spot
Darkness Falls,249,mahr,1,17211,15488,0,35,no CapnBry sighting at this spot
Darkness Falls,249,chthonian crawler,2,15763,28383,0,17,no CapnBry sighting at this spot
Darkness Falls,249,chthonian crawler,2,17251,21743,0,17,no CapnBry sighting at this spot
Darkness Falls,249,chthonian crawler,2,21626,26505,0,17,no CapnBry sighting at this spot
Darkness Falls,249,chthonian crawler,1,21888,21253,0,17,no CapnBry sighting at this spot
Darkness Falls,249,chthonian crawler,2,19446,28427,0,17,no CapnBry sighting at this spot
Darkness Falls,249,chthonian crawler,2,19710,23877,0,17,no CapnBry sighting at this spot
Darkness Falls,249,chthonian crawler,2,15526,19524,0,17,no CapnBry sighting at this spot
Darkness Falls,249,chthonian crawler,1,24467,22567,0,17,no CapnBry sighting at this spot
Darkness Falls,249,umbrood warrior,2,21748,2814,0,28,no CapnBry sighting at this spot
Darkness Falls,249,condemned necyomancer,1,21478,8891,0,44,no CapnBry sighting at this spot
Darkness Falls,249,condemned necyomancer,2,23340,8955,0,44,no CapnBry sighting at this spot
Darkness Falls,249,soultorn norse flammen vakten,1,25232,34192,0,4,no CapnBry sighting at this spot
Darkness Falls,249,caisha,1,11733,16637,0,1,rare/named species (1-2 in whole zone)
Darkness Falls,249,soultorn albion eagle knight,1,29672,36956,0,14,no CapnBry sighting at this spot
Darkness Falls,249,soultorn albion eagle knight,1,29496,16338,1,14,matches CapnBry (1-2 seen here)
Darkness Falls,249,soultorn norse isen herra,2,29963,11581,0,5,no CapnBry sighting at this spot
Darkness Falls,249,soultorn norse stormur vakten,1,29474,16104,1,12,matches CapnBry (1-2 seen here)
Darkness Falls,249,lecherous gress,1,10508,23558,0,1,rare/named species (1-2 in whole zone)
Darkness Falls,249,tormented necyomancer,2,13685,18424,0,15,no CapnBry sighting at this spot
Darkness Falls,249,soultorn norse skiltvakten,1,5254,24380,0,1,rare/named species (1-2 in whole zone)
Darkness Falls,249,soultorn albion warder,2,25464,37067,0,7,no CapnBry sighting at this spot
Darkness Falls,249,soultorn albion guardian,2,24925,34548,0,9,no CapnBry sighting at this spot
Darkness Falls,249,soultorn albion guardian,2,25256,20304,3,9,likely short: CapnBry saw 3 here
Darkness Falls,249,soultorn albion guardian,1,26372,18911,3,9,likely short: CapnBry saw 3 here
Darkness Falls,249,soultorn norse elding herra,1,21410,13928,0,1,rare/named species (1-2 in whole zone)
Darkness Falls,249,soultorn hibernian gilded spear,1,21154,14184,1,1,matches CapnBry (1-2 seen here)
Darkness Falls,249,soultorn norse flammen herra,2,20166,14520,0,2,rare/named species (1-2 in whole zone)
Darkness Falls,249,soultorn hibernian grove protector,2,25849,11286,0,6,no CapnBry sighting at this spot
Darkness Falls,249,malroch the cook,1,30460,9635,0,1,rare/named species (1-2 in whole zone)
Darkness Falls,249,soultorn albion gryphon knight,2,26114,10750,0,10,no CapnBry sighting at this spot
Darkness Falls,249,soultorn albion alerion knight,2,19582,14474,0,2,rare/named species (1-2 in whole zone)
Darkness Falls,249,soultorn hibernian thunderer,1,19845,14451,1,1,matches CapnBry (1-2 seen here)
Darkness Falls,249,soultorn albion dragon knight,2,22197,11807,0,2,rare/named species (1-2 in whole zone)
