zone,zone_id,name,server_spawns_here,local_x,local_y,capnbry_nearby,capnbry_local_spawn_count,capnbry_sightings,levels,verdict
Camelot Hills,0,grass snake,1,15177,63726,False,0,0,5-5,not seen by CapnBry here
Camelot Hills,0,grass snake,1,23804,64173,True,1,1,5-5,matches CapnBry (small/rare camp)
Camelot Hills,0,grass snake,1,43550,56681,True,1,47,5-5,matches CapnBry (small/rare camp)
Camelot Hills,0,grass snake,1,20745,63634,False,0,0,5-5,not seen by CapnBry here
Camelot Hills,0,grass snake,1,41654,58552,True,1,47,5-5,matches CapnBry (small/rare camp)
Camelot Hills,0,grass snake,1,16804,61180,False,0,0,5-5,not seen by CapnBry here
Camelot Hills,0,grass snake,1,43724,61297,True,1,26,5-5,matches CapnBry (small/rare camp)
Camelot Hills,0,undead filidh,2,7097,59730,False,0,0,5-7,not seen by CapnBry here
Camelot Hills,0,small snake,2,19577,22919,False,0,0,0-0,not seen by CapnBry here
Camelot Hills,0,small snake,1,20063,10871,False,0,0,0-0,not seen by CapnBry here
Camelot Hills,0,small snake,1,1959,5245,False,0,0,0-0,not seen by CapnBry here
Camelot Hills,0,small snake,1,17046,36521,False,0,0,0-0,not seen by CapnBry here
Camelot Hills,0,small snake,2,17327,22993,False,0,0,0-0,not seen by CapnBry here
Camelot Hills,0,small snake,1,13777,19862,False,0,0,0-0,not seen by CapnBry here
Camelot Hills,0,small snake,1,16276,38445,False,0,0,0-0,not seen by CapnBry here
Camelot Hills,0,small snake,1,2980,8623,False,0,0,0-0,not seen by CapnBry here
Camelot Hills,0,small snake,1,51852,24429,False,0,0,0-0,not seen by CapnBry here
Camelot Hills,0,small snake,1,14742,21924,False,0,0,0-0,not seen by CapnBry here
Camelot Hills,0,small snake,1,4208,5119,False,0,0,0-0,not seen by CapnBry here
Camelot Hills,0,small snake,1,17685,16545,False,0,0,0-0,not seen by CapnBry here
Camelot Hills,0,gray wolf,2,31237,39510,True,1,12,4-4,matches CapnBry (small/rare camp)
Camelot Hills,0,gray wolf,2,31561,18066,True,1,8,4-4,matches CapnBry (small/rare camp)
Camelot Hills,0,gray wolf,1,33514,18023,True,1,4,4-4,matches CapnBry (small/rare camp)
Camelot Hills,0,gray wolf,1,36517,39458,True,1,12,4-4,matches CapnBry (small/rare camp)
Camelot Hills,0,gray wolf pup,2,14671,13178,True,1,4,1-1,matches CapnBry (small/rare camp)
Camelot Hills,0,gray wolf pup,1,17753,35348,False,0,0,1-1,not seen by CapnBry here
Camelot Hills,0,gray wolf pup,1,4240,9126,True,1,5,1-1,matches CapnBry (small/rare camp)
Camelot Hills,0,gray wolf pup,1,18643,33990,False,0,0,1-1,not seen by CapnBry here
Camelot Hills,0,gray wolf pup,2,20102,10357,True,1,5,1-1,matches CapnBry (small/rare camp)
Camelot Hills,0,gray wolf pup,1,26319,16405,False,0,0,1-1,not seen by CapnBry here
Camelot Hills,0,gray wolf pup,1,20235,22140,True,2,5,1-1,matches CapnBry (small/rare camp)
Camelot Hills,0,gray wolf pup,1,17517,13313,True,1,5,1-1,matches CapnBry (small/rare camp)
Camelot Hills,0,gray wolf pup,1,18904,25024,True,2,5,1-1,matches CapnBry (small/rare camp)
Camelot Hills,0,gray wolf pup,1,5053,5345,True,1,5,1-1,matches CapnBry (small/rare camp)
Camelot Hills,0,gray wolf pup,1,2237,4054,True,1,1,1-1,matches CapnBry (small/rare camp)
Camelot Hills,0,bandit,1,51319,13520,False,0,0,5-8,not seen by CapnBry here
Camelot Hills,0,bandit,2,51047,40409,True,3,79,5-8,likely short (CapnBry saw more here)
Camelot Hills,0,bandit,1,49388,11892,False,0,0,5-8,not seen by CapnBry here
Camelot Hills,0,bandit,1,42058,22884,True,2,9,5-8,matches CapnBry (small/rare camp)
Camelot Hills,0,bandit,2,7843,3969,True,3,10,5-8,likely short (CapnBry saw more here)
Camelot Hills,0,bandit,1,49549,19773,False,0,0,5-8,not seen by CapnBry here
Camelot Hills,0,bandit,1,32237,56018,True,3,48,5-8,likely short (CapnBry saw more here)
Camelot Hills,0,bandit,1,33588,57018,True,3,71,5-8,likely short (CapnBry saw more here)
Camelot Hills,0,bandit,1,46039,19886,False,0,0,5-8,not seen by CapnBry here
Camelot Hills,0,bandit,2,46742,43189,True,2,49,5-8,matches CapnBry (small/rare camp)
Camelot Hills,0,bandit,2,48642,17654,False,0,0,5-8,not seen by CapnBry here
Camelot Hills,0,bandit,2,48105,40368,True,3,70,5-8,likely short (CapnBry saw more here)
Camelot Hills,0,bandit,1,47123,14808,False,0,0,5-8,not seen by CapnBry here
Camelot Hills,0,bandit,1,51574,37173,True,3,30,5-8,likely short (CapnBry saw more here)
Camelot Hills,0,bandit,1,52729,38140,True,3,30,5-8,likely short (CapnBry saw more here)
Camelot Hills,0,bandit,1,43459,25022,True,9,16,5-8,likely short (CapnBry saw more here)
Camelot Hills,0,spriggarn,2,25403,40008,False,0,0,2-2,not seen by CapnBry here
Camelot Hills,0,spriggarn,2,31693,15185,False,0,0,2-2,not seen by CapnBry here
Camelot Hills,0,spriggarn,2,34432,21762,False,0,0,2-2,not seen by CapnBry here
Camelot Hills,0,spriggarn,1,2835,5670,True,1,3,2-2,matches CapnBry (small/rare camp)
Camelot Hills,0,spriggarn,1,11339,48206,False,0,0,2-2,not seen by CapnBry here
Camelot Hills,0,spriggarn,1,14931,14931,False,0,0,2-2,not seen by CapnBry here
Camelot Hills,0,spriggarn,1,35205,31846,True,1,3,2-2,matches CapnBry (small/rare camp)
Camelot Hills,0,spriggarn,1,15187,11835,False,0,0,2-2,not seen by CapnBry here
Camelot Hills,0,cutpurse,2,28964,42700,False,0,0,4-4,not seen by CapnBry here
Camelot Hills,0,cutpurse,1,32336,55562,True,1,10,4-4,matches CapnBry (small/rare camp)
Camelot Hills,0,river sprite,2,11658,44124,False,0,0,6-6,not seen by CapnBry here
Camelot Hills,0,river spriteling,2,20941,54992,False,0,0,3-4,not seen by CapnBry here
Camelot Hills,0,small bear,2,34405,48466,False,0,0,4-4,not seen by CapnBry here
Camelot Hills,0,small bear,2,21384,40257,False,0,0,4-4,not seen by CapnBry here
Camelot Hills,0,small bear,2,20787,37178,False,0,0,4-4,not seen by CapnBry here
Camelot Hills,0,small bear,2,32275,21243,True,1,4,4-4,matches CapnBry (small/rare camp)
Camelot Hills,0,small bear,2,32097,48487,False,0,0,4-4,not seen by CapnBry here
Camelot Hills,0,small bear,2,28081,26184,True,1,12,4-4,matches CapnBry (small/rare camp)
Camelot Hills,0,small bear,1,24043,23045,True,1,2,4-4,matches CapnBry (small/rare camp)
Camelot Hills,0,small bear,2,42024,49255,True,1,2,4-4,matches CapnBry (small/rare camp)
Camelot Hills,0,small bear,1,23390,24403,False,0,0,4-4,not seen by CapnBry here
Camelot Hills,0,small bear,2,33738,40024,True,1,18,4-4,matches CapnBry (small/rare camp)
Camelot Hills,0,small bear,1,32510,16996,True,1,4,4-4,matches CapnBry (small/rare camp)
Camelot Hills,0,faerie wolf-crier,1,33198,50811,True,2,29,4-4,matches CapnBry (small/rare camp)
Camelot Hills,0,large skeleton,2,49175,56052,True,2,16,5-5,matches CapnBry (small/rare camp)
Camelot Hills,0,river drake hatchling,1,7278,35551,False,0,0,3-3,not seen by CapnBry here
Camelot Hills,0,river drake hatchling,1,15646,43324,True,1,11,3-3,matches CapnBry (small/rare camp)
Camelot Hills,0,adder,2,40852,57988,True,2,50,7-7,matches CapnBry (small/rare camp)
Camelot Hills,0,adder,2,45507,40275,True,2,39,7-7,matches CapnBry (small/rare camp)
Camelot Hills,0,adder,1,42409,59830,True,2,50,7-7,matches CapnBry (small/rare camp)
Camelot Hills,0,adder,1,48659,11345,False,0,0,7-7,not seen by CapnBry here
Camelot Hills,0,adder,1,11676,63392,False,0,0,7-7,not seen by CapnBry here
Camelot Hills,0,adder,1,43876,61508,True,2,24,7-7,matches CapnBry (small/rare camp)
Camelot Hills,0,adder,1,14603,58807,False,0,0,7-7,not seen by CapnBry here
Camelot Hills,0,adder,1,51362,36926,True,1,68,7-7,matches CapnBry (small/rare camp)
Camelot Hills,0,adder,1,33227,16344,True,1,1,7-7,matches CapnBry (small/rare camp)
Camelot Hills,0,adder,1,53750,24303,False,0,0,7-7,not seen by CapnBry here
Camelot Hills,0,adder,1,15572,61768,False,0,0,7-7,not seen by CapnBry here
Camelot Hills,0,adder,1,27996,62438,False,0,0,7-7,not seen by CapnBry here
Camelot Hills,0,adder,2,45547,12943,False,0,0,7-7,not seen by CapnBry here
Camelot Hills,0,adder,1,28440,19043,True,1,4,7-7,matches CapnBry (small/rare camp)
Camelot Hills,0,adder,1,23269,63305,True,1,7,7-7,matches CapnBry (small/rare camp)
Camelot Hills,0,adder,1,43749,41656,True,2,3,7-7,matches CapnBry (small/rare camp)
Camelot Hills,0,adder,1,32630,17941,True,1,1,7-7,matches CapnBry (small/rare camp)
Camelot Hills,0,adder,1,9045,63570,False,0,0,7-7,not seen by CapnBry here
Camelot Hills,0,adder,1,51451,40843,True,1,57,7-7,matches CapnBry (small/rare camp)
Camelot Hills,0,adder,1,21471,60504,True,1,7,7-7,matches CapnBry (small/rare camp)
Camelot Hills,0,brownie,2,10176,39024,False,0,0,0-0,not seen by CapnBry here
Camelot Hills,0,brownie,1,17375,15837,False,0,0,0-0,not seen by CapnBry here
Camelot Hills,0,brownie,1,14964,36916,False,0,0,0-0,not seen by CapnBry here
Camelot Hills,0,brownie,2,2485,9659,False,0,0,0-0,not seen by CapnBry here
Camelot Hills,0,brownie,1,2835,5103,False,0,0,0-0,not seen by CapnBry here
Camelot Hills,0,brownie,1,35187,32417,False,0,0,0-0,not seen by CapnBry here
Camelot Hills,0,brownie,1,50168,23966,False,0,0,0-0,not seen by CapnBry here
Camelot Hills,0,brownie,1,20163,11056,False,0,0,0-0,not seen by CapnBry here
Camelot Hills,0,brownie,1,35366,42795,False,0,0,0-0,not seen by CapnBry here
Camelot Hills,0,brownie,1,16744,22862,False,0,0,0-0,not seen by CapnBry here
Camelot Hills,0,puny skeleton,2,11872,19299,True,2,3,1-1,matches CapnBry (small/rare camp)
Camelot Hills,0,puny skeleton,1,16667,35903,False,0,0,1-1,not seen by CapnBry here
Camelot Hills,0,puny skeleton,1,14039,33769,False,0,0,1-1,not seen by CapnBry here
Camelot Hills,0,puny skeleton,2,14651,17379,True,2,3,1-1,matches CapnBry (small/rare camp)
Camelot Hills,0,spriggarn elder,1,29375,51011,False,0,0,3-3,not seen by CapnBry here
Camelot Hills,0,zombie boar,1,29908,30437,False,0,0,5-5,not seen by CapnBry here
Camelot Hills,0,emerald snake,1,43236,55368,True,2,37,5-5,matches CapnBry (small/rare camp)
Camelot Hills,0,emerald snake,2,42326,60331,True,2,53,5-5,matches CapnBry (small/rare camp)
Camelot Hills,0,emerald snake,2,33394,43062,True,1,22,5-5,matches CapnBry (small/rare camp)
Camelot Hills,0,emerald snake,1,10716,62810,True,1,1,5-5,matches CapnBry (small/rare camp)
Camelot Hills,0,emerald snake,2,21966,63888,True,3,4,5-5,likely short (CapnBry saw more here)
Camelot Hills,0,emerald snake,1,29325,18030,True,2,12,5-5,matches CapnBry (small/rare camp)
Camelot Hills,0,emerald snake,2,47221,18028,False,0,0,5-5,not seen by CapnBry here
Camelot Hills,0,emerald snake,1,31267,18776,True,2,12,5-5,matches CapnBry (small/rare camp)
Camelot Hills,0,emerald snake,1,24209,65186,True,3,6,5-5,likely short (CapnBry saw more here)
Camelot Hills,0,emerald snake,2,43553,57496,True,2,53,5-5,matches CapnBry (small/rare camp)
Camelot Hills,0,emerald snake,1,51943,22643,False,0,0,5-5,not seen by CapnBry here
Camelot Hills,0,emerald snake,1,29519,21806,True,2,10,5-5,matches CapnBry (small/rare camp)
Camelot Hills,0,emerald snake,1,27752,19307,True,2,10,5-5,matches CapnBry (small/rare camp)
Camelot Hills,0,emerald snake,1,25393,63518,True,3,6,5-5,likely short (CapnBry saw more here)
Camelot Hills,0,emerald snake,1,48701,40594,True,4,24,5-5,likely short (CapnBry saw more here)
Camelot Hills,0,emerald snake,1,51708,18817,False,0,0,5-5,not seen by CapnBry here
Camelot Hills,0,emerald snake,1,33435,38500,True,1,17,5-5,matches CapnBry (small/rare camp)
Camelot Hills,0,emerald snake,1,52696,36248,True,1,12,5-5,matches CapnBry (small/rare camp)
Camelot Hills,0,emerald snake,1,11193,58297,True,1,1,5-5,matches CapnBry (small/rare camp)
Camelot Hills,0,emerald snake,1,49818,14034,False,0,0,5-5,not seen by CapnBry here
Camelot Hills,0,emerald snake,1,42331,62841,True,2,16,5-5,matches CapnBry (small/rare camp)
Camelot Hills,0,bandit henchman,2,13986,5106,True,2,4,9-9,matches CapnBry (small/rare camp)
Camelot Hills,0,bandit henchman,2,53196,20788,False,0,0,9-9,not seen by CapnBry here
Camelot Hills,0,putrid zombie,2,17079,44609,False,0,0,4-4,not seen by CapnBry here
Camelot Hills,0,putrid zombie,2,49110,49770,True,2,52,4-4,matches CapnBry (small/rare camp)
Camelot Hills,0,putrid zombie,1,45995,50318,True,2,52,4-4,matches CapnBry (small/rare camp)
Camelot Hills,0,putrid zombie,1,36687,20309,True,2,1,4-4,matches CapnBry (small/rare camp)
Camelot Hills,0,putrid zombie,1,35448,19425,True,2,1,4-4,matches CapnBry (small/rare camp)
Camelot Hills,0,young boar,1,52688,37738,True,1,5,6-6,matches CapnBry (small/rare camp)
Camelot Hills,0,young boar,2,45683,42828,True,3,24,6-6,likely short (CapnBry saw more here)
Camelot Hills,0,young boar,1,48340,19469,False,0,0,6-6,not seen by CapnBry here
Camelot Hills,0,young boar,1,16380,59627,True,1,1,6-6,matches CapnBry (small/rare camp)
Camelot Hills,0,young boar,1,18067,62297,True,1,1,6-6,matches CapnBry (small/rare camp)
Camelot Hills,0,young boar,1,50588,36155,True,3,28,6-6,likely short (CapnBry saw more here)
Camelot Hills,0,young boar,1,24116,62221,True,1,7,6-6,matches CapnBry (small/rare camp)
Camelot Hills,0,young boar,1,26156,64163,True,1,4,6-6,matches CapnBry (small/rare camp)
Camelot Hills,0,young boar,1,48965,16240,False,0,0,6-6,not seen by CapnBry here
Camelot Hills,0,young boar,1,50153,21458,False,0,0,6-6,not seen by CapnBry here
Camelot Hills,0,young boar,1,16187,64955,True,1,1,6-6,matches CapnBry (small/rare camp)
Camelot Hills,0,bandit lieutenant,2,44176,18247,True,2,1,9-9,matches CapnBry (small/rare camp)
Camelot Hills,0,bandit lieutenant,1,55545,23305,False,0,0,9-9,not seen by CapnBry here
Camelot Hills,0,bandit lieutenant,1,53621,20781,False,0,0,9-9,not seen by CapnBry here
Camelot Hills,0,bandit lieutenant,2,13979,5096,True,2,4,9-9,matches CapnBry (small/rare camp)
Camelot Hills,0,bandit lieutenant,2,35462,63358,True,1,18,9-9,matches CapnBry (small/rare camp)
Camelot Hills,0,dragon ant worker,2,42914,10982,True,2,3,5-5,matches CapnBry (small/rare camp)
Camelot Hills,0,bear,1,30151,63944,False,0,0,8-8,not seen by CapnBry here
Camelot Hills,0,bear,2,12570,61962,True,1,2,8-8,matches CapnBry (small/rare camp)
Camelot Hills,0,bear,1,43102,56607,True,2,43,8-8,matches CapnBry (small/rare camp)
Camelot Hills,0,bear,2,43832,60962,True,2,24,8-8,matches CapnBry (small/rare camp)
Camelot Hills,0,bear,1,23956,59015,True,2,11,8-8,matches CapnBry (small/rare camp)
Camelot Hills,0,bear,1,22932,61964,True,2,2,8-8,matches CapnBry (small/rare camp)
Camelot Hills,0,bear,1,9622,60589,True,1,2,8-8,matches CapnBry (small/rare camp)
Camelot Hills,0,bear,1,10460,63343,True,1,2,8-8,matches CapnBry (small/rare camp)
Camelot Hills,0,skeleton,2,47683,52311,True,1,29,2-2,matches CapnBry (small/rare camp)
Camelot Hills,0,skeleton,1,12217,19393,True,1,11,2-2,matches CapnBry (small/rare camp)
Camelot Hills,0,skeleton,1,37817,39487,True,1,6,2-2,matches CapnBry (small/rare camp)
Camelot Hills,0,faerie mischief-maker,1,25850,18497,False,0,0,3-3,not seen by CapnBry here
Camelot Hills,0,brownie nomad,1,16011,62415,False,0,0,8-9,not seen by CapnBry here
Camelot Hills,0,brownie nomad,1,21671,64610,True,1,2,8-9,matches CapnBry (small/rare camp)
Camelot Hills,0,brownie nomad,1,8555,62224,False,0,0,8-9,not seen by CapnBry here
Camelot Hills,0,brownie nomad,1,21366,60563,True,1,5,8-9,matches CapnBry (small/rare camp)
Camelot Hills,0,dragon ant drone,1,39662,12633,False,0,0,8-8,not seen by CapnBry here
Camelot Hills,0,bandit thaumaturge,2,14801,5162,True,2,4,8-8,matches CapnBry (small/rare camp)
Camelot Hills,0,giant frog,1,43934,49006,True,2,54,3-4,matches CapnBry (small/rare camp)
Camelot Hills,0,giant frog,2,11840,45356,True,1,2,3-4,matches CapnBry (small/rare camp)
Camelot Hills,0,giant frog,1,29000,19722,True,2,11,3-4,matches CapnBry (small/rare camp)
Camelot Hills,0,dragon ant soldier,1,41659,22184,False,0,0,7-7,not seen by CapnBry here
Camelot Hills,0,dragon ant soldier,2,43191,11753,True,1,5,7-7,matches CapnBry (small/rare camp)
Camelot Hills,0,dwarven priest,1,30769,10503,False,0,0,9-9,not seen by CapnBry here
Camelot Hills,0,dwarven priest,1,28846,10767,False,0,0,9-9,not seen by CapnBry here
Camelot Hills,0,dwarven priest,1,28485,8250,False,0,0,9-9,not seen by CapnBry here
Camelot Hills,0,snake,2,23145,36963,True,2,20,3-3,matches CapnBry (small/rare camp)
Camelot Hills,0,snake,1,31440,43959,False,0,0,3-3,not seen by CapnBry here
Camelot Hills,0,snake,2,28758,19348,True,1,18,3-3,matches CapnBry (small/rare camp)
Camelot Hills,0,snake,2,21158,37892,True,2,18,3-3,matches CapnBry (small/rare camp)
Camelot Hills,0,snake,1,23759,11730,False,0,0,3-3,not seen by CapnBry here
Camelot Hills,0,snake,1,46948,47293,True,3,34,3-3,likely short (CapnBry saw more here)
Camelot Hills,0,snake,1,29750,40164,False,0,0,3-3,not seen by CapnBry here
Camelot Hills,0,snake,1,28609,27240,True,1,11,3-3,matches CapnBry (small/rare camp)
Camelot Hills,0,snake,1,30868,22764,True,1,1,3-3,matches CapnBry (small/rare camp)
Camelot Hills,0,snake,1,35625,21759,True,1,3,3-3,matches CapnBry (small/rare camp)
Camelot Hills,0,brownie grassrunner,1,20153,65533,False,0,0,7-7,not seen by CapnBry here
Camelot Hills,0,filidh,1,21706,62811,False,0,0,7-8,not seen by CapnBry here
Camelot Hills,0,filidh,1,16375,63339,True,1,1,7-8,matches CapnBry (small/rare camp)
Camelot Hills,0,filidh,1,15062,58998,False,0,0,7-8,not seen by CapnBry here
Camelot Hills,0,grumoz demon,2,50460,53138,True,1,3,10-11,matches CapnBry (small/rare camp)
Camelot Hills,0,decayed zombie,2,11977,19154,False,0,0,3-3,not seen by CapnBry here
Camelot Hills,0,decayed zombie,2,46014,50256,True,1,31,3-3,matches CapnBry (small/rare camp)
Camelot Hills,0,decayed zombie,2,49041,49826,True,1,31,3-3,matches CapnBry (small/rare camp)
Camelot Hills,0,decayed zombie,1,16913,19190,False,0,0,3-3,not seen by CapnBry here
Camelot Hills,0,faerie bell-wether,1,31545,51476,True,1,8,5-5,matches CapnBry (small/rare camp)
Camelot Hills,0,wild sow,2,31031,44301,False,0,0,2-2,not seen by CapnBry here
Camelot Hills,0,wild sow,2,22140,36813,False,0,0,2-2,not seen by CapnBry here
Camelot Hills,0,wild sow,1,389,8369,False,0,0,2-2,not seen by CapnBry here
Camelot Hills,0,bear cub,1,108,9871,False,0,0,2-2,not seen by CapnBry here
Camelot Hills,0,bear cub,1,378,5145,False,0,0,2-2,not seen by CapnBry here
Camelot Hills,0,convert guard,2,28507,8293,True,2,2,9-9,matches CapnBry (small/rare camp)
Camelot Hills,0,black wolf,2,31857,46333,False,0,0,3-3,not seen by CapnBry here
Camelot Hills,0,black wolf,2,23450,38653,False,0,0,3-3,not seen by CapnBry here
Camelot Hills,0,black wolf,2,33005,49623,False,0,0,3-3,not seen by CapnBry here
Camelot Hills,0,black wolf,2,32953,23922,True,1,1,3-3,matches CapnBry (small/rare camp)
Camelot Hills,0,black wolf,1,44035,48557,True,1,20,3-3,matches CapnBry (small/rare camp)
Camelot Hills,0,black wolf,1,34966,22168,True,1,1,3-3,matches CapnBry (small/rare camp)
Camelot Hills,0,black wolf,1,46528,48546,True,1,20,3-3,matches CapnBry (small/rare camp)
Camelot Hills,0,black wolf,1,24533,10694,False,0,0,3-3,not seen by CapnBry here
Camelot Hills,0,thwori,1,11555,36069,False,0,0,7-8,not seen by CapnBry here
Camelot Hills,0,spirit,2,42149,57814,True,2,12,6-6,matches CapnBry (small/rare camp)
Camelot Hills,0,spirit,1,44027,57488,True,2,12,6-6,matches CapnBry (small/rare camp)
Camelot Hills,0,spirit,1,34434,37932,False,0,0,6-6,not seen by CapnBry here
Camelot Hills,0,spirit,1,37847,57888,True,2,12,6-6,matches CapnBry (small/rare camp)
Camelot Hills,0,spirit,1,47756,18914,False,0,0,6-6,not seen by CapnBry here
Camelot Hills,0,spirit,1,17040,59625,False,0,0,6-6,not seen by CapnBry here
Camelot Hills,0,spirit,1,22167,61398,True,2,2,6-6,matches CapnBry (small/rare camp)
Camelot Hills,0,spirit,1,37758,37854,False,0,0,6-6,not seen by CapnBry here
Camelot Hills,0,spirit,1,15666,60721,False,0,0,6-6,not seen by CapnBry here
Camelot Hills,0,spirit,1,45461,16462,False,0,0,6-6,not seen by CapnBry here
Camelot Hills,0,spirit,1,24687,61819,True,2,2,6-6,matches CapnBry (small/rare camp)
Camelot Hills,0,fading spirit,2,16452,46596,True,1,1,7-8,matches CapnBry (small/rare camp)
Camelot Hills,0,weakened demon,1,52192,51661,False,0,0,6-6,not seen by CapnBry here
Camelot Hills,0,red adder,1,20175,65442,False,0,0,10-10,not seen by CapnBry here
Camelot Hills,0,plague spider,1,20520,32251,False,0,0,0-0,not seen by CapnBry here
Camelot Hills,0,plague spider,1,28367,20295,False,0,0,0-0,not seen by CapnBry here
Camelot Hills,0,plague spider,1,19771,11345,False,0,0,0-0,not seen by CapnBry here
Camelot Hills,0,plague spider,1,21465,36436,False,0,0,0-0,not seen by CapnBry here
Camelot Hills,0,zombie farmer,1,26975,30471,False,0,0,7-7,not seen by CapnBry here
Camelot Hills,0,giant ant,1,47683,35317,False,0,0,21-24,not seen by CapnBry here
Camelot Hills,0,spirit hound,1,14084,13139,False,0,0,0-0,not seen by CapnBry here
Camelot Hills,0,spirit hound,1,4725,4815,False,0,0,0-0,not seen by CapnBry here
Camelot Hills,0,moldy skeleton,1,284,9285,False,0,0,2-2,not seen by CapnBry here
Camelot Hills,0,bandit leader,2,42008,41868,False,0,0,11-11,not seen by CapnBry here
Camelot Hills,0,young cutpurse,2,27230,23682,False,0,0,3-3,not seen by CapnBry here
Camelot Hills,0,undead druid,2,51387,47141,False,0,0,8-10,not seen by CapnBry here
Camelot Hills,0,lady leana,1,25493,17001,False,0,0,6-6,not seen by CapnBry here
Camelot Hills,0,ygwrch gyrg,1,30691,25388,False,0,0,7-7,not seen by CapnBry here
Camelot Hills,0,fielath,1,50277,52601,False,0,0,12-12,not seen by CapnBry here
Camelot Hills,0,dragon ant queen,1,41414,11420,False,0,0,10-10,not seen by CapnBry here
Camelot Hills,0,poacher,1,23252,9563,False,0,0,4-4,not seen by CapnBry here
Salisbury Plains,1,spriggarn howler,2,2097,60000,False,0,0,16-16,not seen by CapnBry here
Salisbury Plains,1,aged basilisk,1,33661,53027,False,0,0,19-19,not seen by CapnBry here
Salisbury Plains,1,aged basilisk,1,35794,53760,False,0,0,19-19,not seen by CapnBry here
Salisbury Plains,1,aged basilisk,1,38005,54135,False,0,0,19-19,not seen by CapnBry here
Salisbury Plains,1,aged basilisk,1,31088,55131,False,0,0,19-19,not seen by CapnBry here
Salisbury Plains,1,aged basilisk,1,52718,35260,False,0,0,19-19,not seen by CapnBry here
Salisbury Plains,1,aged basilisk,1,55534,34485,False,0,0,19-19,not seen by CapnBry here
Salisbury Plains,1,aged basilisk,1,36154,55931,False,0,0,19-19,not seen by CapnBry here
Salisbury Plains,1,aged basilisk,1,21515,51860,False,0,0,19-19,not seen by CapnBry here
Salisbury Plains,1,aged basilisk,1,41816,53024,False,0,0,19-19,not seen by CapnBry here
Salisbury Plains,1,aged basilisk,1,22604,53088,False,0,0,19-19,not seen by CapnBry here
Salisbury Plains,1,aged basilisk,1,16409,55070,False,0,0,19-19,not seen by CapnBry here
Salisbury Plains,1,aged basilisk,1,52706,47445,False,0,0,19-19,not seen by CapnBry here
Salisbury Plains,1,aged basilisk,1,28679,55973,False,0,0,19-19,not seen by CapnBry here
Salisbury Plains,1,aged basilisk,1,36783,58100,False,0,0,19-19,not seen by CapnBry here
Salisbury Plains,1,aged basilisk,2,36808,50347,False,0,0,19-19,not seen by CapnBry here
Salisbury Plains,1,aged basilisk,2,18914,55966,False,0,0,19-19,not seen by CapnBry here
Salisbury Plains,1,aged basilisk,1,16493,53164,False,0,0,19-19,not seen by CapnBry here
Salisbury Plains,1,aged basilisk,1,50653,39690,False,0,0,19-19,not seen by CapnBry here
Salisbury Plains,1,aged basilisk,1,31416,58068,False,0,0,19-19,not seen by CapnBry here
Salisbury Plains,1,aged basilisk,1,51509,51019,False,0,0,19-19,not seen by CapnBry here
Salisbury Plains,1,aged basilisk,1,53081,39428,False,0,0,19-19,not seen by CapnBry here
Salisbury Plains,1,wild boar,2,41867,12993,True,1,4,10-10,matches CapnBry (small/rare camp)
Salisbury Plains,1,wild boar,1,9725,21663,True,1,1,10-10,matches CapnBry (small/rare camp)
Salisbury Plains,1,wild boar,2,10967,4319,True,1,2,10-10,matches CapnBry (small/rare camp)
Salisbury Plains,1,wild boar,2,5633,29171,False,0,0,10-10,not seen by CapnBry here
Salisbury Plains,1,wild boar,1,47593,8119,True,1,35,10-10,matches CapnBry (small/rare camp)
Salisbury Plains,1,wild boar,1,18309,2624,True,1,4,10-10,matches CapnBry (small/rare camp)
Salisbury Plains,1,wild boar,1,54874,20434,False,0,0,10-10,not seen by CapnBry here
Salisbury Plains,1,wild boar,1,28888,33993,False,0,0,10-10,not seen by CapnBry here
Salisbury Plains,1,wild boar,1,24359,27576,True,1,1,10-10,matches CapnBry (small/rare camp)
Salisbury Plains,1,wild boar,1,31727,3760,True,1,8,10-10,matches CapnBry (small/rare camp)
Salisbury Plains,1,wild boar,1,17809,15510,True,1,4,10-10,matches CapnBry (small/rare camp)
Salisbury Plains,1,wild boar,1,12949,16879,True,1,1,10-10,matches CapnBry (small/rare camp)
Salisbury Plains,1,wild boar,1,39905,21959,False,0,0,10-10,not seen by CapnBry here
Salisbury Plains,1,wild boar,1,49577,16817,False,0,0,10-10,not seen by CapnBry here
Salisbury Plains,1,wild boar,1,26929,20913,True,1,2,10-10,matches CapnBry (small/rare camp)
Salisbury Plains,1,wild boar,1,24716,3414,True,1,2,10-10,matches CapnBry (small/rare camp)
Salisbury Plains,1,wild boar,1,15475,35845,True,1,2,10-10,matches CapnBry (small/rare camp)
Salisbury Plains,1,wild boar,1,2935,44318,True,1,1,10-10,matches CapnBry (small/rare camp)
Salisbury Plains,1,wild boar,1,8642,43163,False,0,0,10-10,not seen by CapnBry here
Salisbury Plains,1,wild boar,1,38054,26104,False,0,0,10-10,not seen by CapnBry here
Salisbury Plains,1,wild boar,1,44503,9036,True,1,35,10-10,matches CapnBry (small/rare camp)
Salisbury Plains,1,wild boar,1,47165,19715,False,0,0,10-10,not seen by CapnBry here
Salisbury Plains,1,wild boar,1,31228,17311,True,1,12,10-10,matches CapnBry (small/rare camp)
Salisbury Plains,1,wild boar,1,13397,38075,True,1,2,10-10,matches CapnBry (small/rare camp)
Salisbury Plains,1,wild boar,1,40612,16895,True,1,4,10-10,matches CapnBry (small/rare camp)
Salisbury Plains,1,wild boar,1,12070,25702,True,1,4,10-10,matches CapnBry (small/rare camp)
Salisbury Plains,1,bear,1,14869,5897,False,0,0,8-8,not seen by CapnBry here
Salisbury Plains,1,bear,2,39221,3749,True,2,14,8-8,matches CapnBry (small/rare camp)
Salisbury Plains,1,bear,1,13635,7373,False,0,0,8-8,not seen by CapnBry here
Salisbury Plains,1,bear,2,3592,8824,False,0,0,8-8,not seen by CapnBry here
Salisbury Plains,1,bear,1,3533,11018,False,0,0,8-8,not seen by CapnBry here
Salisbury Plains,1,bear,1,12561,4336,False,0,0,8-8,not seen by CapnBry here
Salisbury Plains,1,druid seer,2,27171,54322,False,0,0,8-20,not seen by CapnBry here
Salisbury Plains,1,disturbed presence,1,13150,44907,False,0,0,12-14,not seen by CapnBry here
Salisbury Plains,1,disturbed presence,1,15532,26843,False,0,0,12-14,not seen by CapnBry here
Salisbury Plains,1,disturbed presence,1,23435,47404,False,0,0,12-14,not seen by CapnBry here
Salisbury Plains,1,disturbed presence,1,12242,42679,False,0,0,12-14,not seen by CapnBry here
Salisbury Plains,1,disturbed presence,1,22626,44358,False,0,0,12-14,not seen by CapnBry here
Salisbury Plains,1,disturbed presence,1,20349,46512,False,0,0,12-14,not seen by CapnBry here
Salisbury Plains,1,devout filidh,2,36080,16056,False,0,0,8-9,not seen by CapnBry here
Salisbury Plains,1,tomb raider digger,1,24826,44996,True,1,13,10-13,matches CapnBry (small/rare camp)
Salisbury Plains,1,tomb raider digger,1,23243,46472,True,1,13,10-13,matches CapnBry (small/rare camp)
Salisbury Plains,1,pseudo basilisk,1,44155,14860,True,1,2,12-12,matches CapnBry (small/rare camp)
Salisbury Plains,1,pseudo basilisk,1,43100,35508,False,0,0,12-12,not seen by CapnBry here
Salisbury Plains,1,pseudo basilisk,1,30641,40724,True,2,4,12-12,matches CapnBry (small/rare camp)
Salisbury Plains,1,pseudo basilisk,2,30031,42210,True,2,4,12-12,matches CapnBry (small/rare camp)
Salisbury Plains,1,pseudo basilisk,2,1941,54943,True,1,3,12-12,matches CapnBry (small/rare camp)
Salisbury Plains,1,pseudo basilisk,1,16044,35501,False,0,0,12-12,not seen by CapnBry here
Salisbury Plains,1,pseudo basilisk,2,44614,42824,False,0,0,12-12,not seen by CapnBry here
Salisbury Plains,1,pseudo basilisk,1,48201,22087,True,1,1,12-12,matches CapnBry (small/rare camp)
Salisbury Plains,1,pseudo basilisk,1,42410,21294,True,1,1,12-12,matches CapnBry (small/rare camp)
Salisbury Plains,1,pseudo basilisk,1,46472,20531,True,1,1,12-12,matches CapnBry (small/rare camp)
Salisbury Plains,1,pseudo basilisk,1,31153,38965,True,2,6,12-12,matches CapnBry (small/rare camp)
Salisbury Plains,1,pseudo basilisk,1,46752,30437,True,1,1,12-12,matches CapnBry (small/rare camp)
Salisbury Plains,1,pseudo basilisk,1,4041,36483,False,0,0,12-12,not seen by CapnBry here
Salisbury Plains,1,pseudo basilisk,1,27744,27690,True,1,1,12-12,matches CapnBry (small/rare camp)
Salisbury Plains,1,pseudo basilisk,1,45035,16154,True,1,3,12-12,matches CapnBry (small/rare camp)
Salisbury Plains,1,pseudo basilisk,2,35396,28196,True,2,1,12-12,matches CapnBry (small/rare camp)
Salisbury Plains,1,pseudo basilisk,1,46850,10238,True,1,14,12-12,matches CapnBry (small/rare camp)
Salisbury Plains,1,pseudo basilisk,1,4347,44493,True,1,4,12-12,matches CapnBry (small/rare camp)
Salisbury Plains,1,pseudo basilisk,1,49910,16553,True,1,1,12-12,matches CapnBry (small/rare camp)
Salisbury Plains,1,pseudo basilisk,1,38532,23794,True,1,1,12-12,matches CapnBry (small/rare camp)
Salisbury Plains,1,pseudo basilisk,1,4564,41627,True,1,4,12-12,matches CapnBry (small/rare camp)
Salisbury Plains,1,pseudo basilisk,1,30675,34002,True,1,4,12-12,matches CapnBry (small/rare camp)
Salisbury Plains,1,pseudo basilisk,1,55162,19770,False,0,0,12-12,not seen by CapnBry here
Salisbury Plains,1,pseudo basilisk,1,34356,42482,True,2,4,12-12,matches CapnBry (small/rare camp)
Salisbury Plains,1,brownie rover,1,6875,29723,False,0,0,12-12,not seen by CapnBry here
Salisbury Plains,1,brownie rover,1,14292,36832,True,1,3,12-12,matches CapnBry (small/rare camp)
Salisbury Plains,1,brownie rover,1,48111,34272,True,1,2,12-12,matches CapnBry (small/rare camp)
Salisbury Plains,1,brownie rover,2,6294,22262,False,0,0,12-12,not seen by CapnBry here
Salisbury Plains,1,brownie rover,1,13772,26296,True,1,5,12-12,matches CapnBry (small/rare camp)
Salisbury Plains,1,brownie rover,1,44784,41002,False,0,0,12-12,not seen by CapnBry here
Salisbury Plains,1,brownie rover,1,30475,21859,False,0,0,12-12,not seen by CapnBry here
Salisbury Plains,1,brownie rover,1,31915,42494,True,1,1,12-12,matches CapnBry (small/rare camp)
Salisbury Plains,1,brownie rover,1,40318,27624,True,1,1,12-12,matches CapnBry (small/rare camp)
Salisbury Plains,1,brownie rover,2,1652,55127,True,2,2,12-12,matches CapnBry (small/rare camp)
Salisbury Plains,1,brownie rover,1,31650,17228,False,0,0,12-12,not seen by CapnBry here
Salisbury Plains,1,brownie rover,1,45385,30053,True,1,1,12-12,matches CapnBry (small/rare camp)
Salisbury Plains,1,brownie rover,1,56090,19154,False,0,0,12-12,not seen by CapnBry here
Salisbury Plains,1,brownie rover,1,54826,20684,False,0,0,12-12,not seen by CapnBry here
Salisbury Plains,1,brownie rover,1,27753,23129,False,0,0,12-12,not seen by CapnBry here
Salisbury Plains,1,brownie rover,2,1716,43116,True,2,3,12-12,matches CapnBry (small/rare camp)
Salisbury Plains,1,brownie rover,1,41055,41612,False,0,0,12-12,not seen by CapnBry here
Salisbury Plains,1,brownie rover,1,45312,37128,True,1,1,12-12,matches CapnBry (small/rare camp)
Salisbury Plains,1,brownie rover,1,40709,21040,True,1,2,12-12,matches CapnBry (small/rare camp)
Salisbury Plains,1,brownie rover,1,49299,15395,True,2,1,12-12,matches CapnBry (small/rare camp)
Salisbury Plains,1,brownie rover,1,5584,19515,False,0,0,12-12,not seen by CapnBry here
Salisbury Plains,1,brownie rover,1,10120,41525,False,0,0,12-12,not seen by CapnBry here
Salisbury Plains,1,brownie rover,2,29665,32047,True,2,3,12-12,matches CapnBry (small/rare camp)
Salisbury Plains,1,brownie rover,1,47217,30265,True,1,1,12-12,matches CapnBry (small/rare camp)
Salisbury Plains,1,brownie rover,1,5149,41547,False,0,0,12-12,not seen by CapnBry here
Salisbury Plains,1,brownie rover,1,6624,38420,False,0,0,12-12,not seen by CapnBry here
Salisbury Plains,1,brownie rover,1,44899,22585,True,1,2,12-12,matches CapnBry (small/rare camp)
Salisbury Plains,1,brownie rover,1,8161,28007,True,1,2,12-12,matches CapnBry (small/rare camp)
Salisbury Plains,1,brownie rover,1,49631,13239,True,2,1,12-12,matches CapnBry (small/rare camp)
Salisbury Plains,1,brownie rover,1,13269,22547,True,1,5,12-12,matches CapnBry (small/rare camp)
Salisbury Plains,1,brownie rover,1,34232,44243,True,1,1,12-12,matches CapnBry (small/rare camp)
Salisbury Plains,1,brownie rover,1,38597,16113,True,2,9,12-12,matches CapnBry (small/rare camp)
Salisbury Plains,1,brownie rover,1,41009,15253,True,2,9,12-12,matches CapnBry (small/rare camp)
Salisbury Plains,1,fading spirit,2,45484,11941,True,2,35,7-8,matches CapnBry (small/rare camp)
Salisbury Plains,1,fading spirit,1,10166,33084,True,1,2,7-8,matches CapnBry (small/rare camp)
Salisbury Plains,1,young bear,1,26189,36400,False,0,0,10-10,not seen by CapnBry here
Salisbury Plains,1,young bear,1,26943,24792,False,0,0,10-10,not seen by CapnBry here
Salisbury Plains,1,young bear,1,30174,32418,False,0,0,10-10,not seen by CapnBry here
Salisbury Plains,1,young bear,1,38821,13240,False,0,0,10-10,not seen by CapnBry here
Salisbury Plains,1,young bear,1,18912,30195,False,0,0,10-10,not seen by CapnBry here
Salisbury Plains,1,young bear,1,28712,27520,False,0,0,10-10,not seen by CapnBry here
Salisbury Plains,1,young bear,1,37385,24746,False,0,0,10-10,not seen by CapnBry here
Salisbury Plains,1,young bear,1,31991,28485,False,0,0,10-10,not seen by CapnBry here
Salisbury Plains,1,young bear,1,23687,18595,False,0,0,10-10,not seen by CapnBry here
Salisbury Plains,1,young bear,1,55084,23026,False,0,0,10-10,not seen by CapnBry here
Salisbury Plains,1,young bear,1,46672,22568,False,0,0,10-10,not seen by CapnBry here
Salisbury Plains,1,young bear,1,26652,32299,False,0,0,10-10,not seen by CapnBry here
Salisbury Plains,1,young bear,1,50090,18236,False,0,0,10-10,not seen by CapnBry here
Salisbury Plains,1,young bear,1,12909,17479,False,0,0,10-10,not seen by CapnBry here
Salisbury Plains,1,young boar,2,15673,40738,False,0,0,6-6,not seen by CapnBry here
Salisbury Plains,1,young boar,2,3380,20130,False,0,0,6-6,not seen by CapnBry here
Salisbury Plains,1,young boar,1,17201,1229,False,0,0,6-6,not seen by CapnBry here
Salisbury Plains,1,young boar,1,21392,38237,False,0,0,6-6,not seen by CapnBry here
Salisbury Plains,1,young boar,1,4717,17223,False,0,0,6-6,not seen by CapnBry here
Salisbury Plains,1,young boar,1,14442,34718,False,0,0,6-6,not seen by CapnBry here
Salisbury Plains,1,young boar,1,17069,38278,False,0,0,6-6,not seen by CapnBry here
Salisbury Plains,1,young boar,1,8784,19040,False,0,0,6-6,not seen by CapnBry here
Salisbury Plains,1,young boar,1,21861,32326,False,0,0,6-6,not seen by CapnBry here
Salisbury Plains,1,young boar,1,8007,26920,False,0,0,6-6,not seen by CapnBry here
Salisbury Plains,1,young boar,1,16323,42536,False,0,0,6-6,not seen by CapnBry here
Salisbury Plains,1,young boar,1,16291,24923,False,0,0,6-6,not seen by CapnBry here
Salisbury Plains,1,young boar,1,9089,33920,False,0,0,6-6,not seen by CapnBry here
Salisbury Plains,1,young boar,1,6804,23139,False,0,0,6-6,not seen by CapnBry here
Salisbury Plains,1,young boar,1,15921,21645,False,0,0,6-6,not seen by CapnBry here
Salisbury Plains,1,young boar,1,6231,31084,False,0,0,6-6,not seen by CapnBry here
Salisbury Plains,1,young boar,1,19245,31749,False,0,0,6-6,not seen by CapnBry here
Salisbury Plains,1,young boar,1,8313,24133,False,0,0,6-6,not seen by CapnBry here
Salisbury Plains,1,young boar,1,20214,35153,False,0,0,6-6,not seen by CapnBry here
Salisbury Plains,1,red adder,1,37340,16860,True,1,7,10-10,matches CapnBry (small/rare camp)
Salisbury Plains,1,red adder,1,31388,21372,False,0,0,10-10,not seen by CapnBry here
Salisbury Plains,1,red adder,1,31930,16274,True,1,11,10-10,matches CapnBry (small/rare camp)
Salisbury Plains,1,red adder,1,9819,41842,True,1,3,10-10,matches CapnBry (small/rare camp)
Salisbury Plains,1,red adder,1,30080,23438,False,0,0,10-10,not seen by CapnBry here
Salisbury Plains,1,red adder,1,8934,23867,True,1,4,10-10,matches CapnBry (small/rare camp)
Salisbury Plains,1,red adder,1,39932,49508,False,0,0,10-10,not seen by CapnBry here
Salisbury Plains,1,red adder,2,33349,46081,False,0,0,10-10,not seen by CapnBry here
Salisbury Plains,1,red adder,1,13980,40728,True,1,4,10-10,matches CapnBry (small/rare camp)
Salisbury Plains,1,red adder,1,31779,3951,True,1,16,10-10,matches CapnBry (small/rare camp)
Salisbury Plains,1,red adder,1,9251,4247,True,2,2,10-10,matches CapnBry (small/rare camp)
Salisbury Plains,1,red adder,1,43456,9901,True,2,3,10-10,matches CapnBry (small/rare camp)
Salisbury Plains,1,red adder,1,53903,21309,False,0,0,10-10,not seen by CapnBry here
Salisbury Plains,1,red adder,1,38859,22251,True,1,2,10-10,matches CapnBry (small/rare camp)
Salisbury Plains,1,red adder,1,5941,45255,False,0,0,10-10,not seen by CapnBry here
Salisbury Plains,1,red adder,1,47391,4703,True,1,20,10-10,matches CapnBry (small/rare camp)
Salisbury Plains,1,red adder,1,7525,24943,False,0,0,10-10,not seen by CapnBry here
Salisbury Plains,1,red adder,1,33960,52788,False,0,0,10-10,not seen by CapnBry here
Salisbury Plains,1,red adder,1,18516,1483,False,0,0,10-10,not seen by CapnBry here
Salisbury Plains,1,red adder,2,12636,25643,True,2,8,10-10,matches CapnBry (small/rare camp)
Salisbury Plains,1,red adder,1,10834,5590,True,2,2,10-10,matches CapnBry (small/rare camp)
Salisbury Plains,1,red adder,1,50470,14881,False,0,0,10-10,not seen by CapnBry here
Salisbury Plains,1,red adder,1,21915,4682,True,1,15,10-10,matches CapnBry (small/rare camp)
Salisbury Plains,1,red adder,1,12498,23214,True,2,8,10-10,matches CapnBry (small/rare camp)
Salisbury Plains,1,red adder,1,6699,41585,False,0,0,10-10,not seen by CapnBry here
Salisbury Plains,1,red adder,1,33886,15077,True,1,11,10-10,matches CapnBry (small/rare camp)
Salisbury Plains,1,red adder,1,51896,36058,False,0,0,10-10,not seen by CapnBry here
Salisbury Plains,1,red adder,1,8076,28833,False,0,0,10-10,not seen by CapnBry here
Salisbury Plains,1,red adder,1,14929,26375,True,2,8,10-10,matches CapnBry (small/rare camp)
Salisbury Plains,1,red adder,1,30797,27813,False,0,0,10-10,not seen by CapnBry here
Salisbury Plains,1,red adder,1,16910,12224,True,1,4,10-10,matches CapnBry (small/rare camp)
Salisbury Plains,1,red adder,1,35092,30892,True,1,2,10-10,matches CapnBry (small/rare camp)
Salisbury Plains,1,red adder,1,42245,41173,False,0,0,10-10,not seen by CapnBry here
Salisbury Plains,1,red adder,1,43777,12140,True,2,3,10-10,matches CapnBry (small/rare camp)
Salisbury Plains,1,red adder,1,33942,25230,False,0,0,10-10,not seen by CapnBry here
Salisbury Plains,1,red adder,1,25419,37198,False,0,0,10-10,not seen by CapnBry here
Salisbury Plains,1,red adder,1,20219,387,False,0,0,10-10,not seen by CapnBry here
Salisbury Plains,1,filidh,2,30844,49735,False,0,0,7-8,not seen by CapnBry here
Salisbury Plains,1,filidh,1,9449,6221,True,1,2,7-8,matches CapnBry (small/rare camp)
Salisbury Plains,1,brownie grassrunner,1,42342,12452,True,3,21,7-7,likely short (CapnBry saw more here)
Salisbury Plains,1,brownie grassrunner,1,37196,14124,False,0,0,7-7,not seen by CapnBry here
Salisbury Plains,1,brownie grassrunner,2,45124,10063,True,3,66,7-7,likely short (CapnBry saw more here)
Salisbury Plains,1,brownie grassrunner,1,9639,5667,True,1,2,7-7,matches CapnBry (small/rare camp)
Salisbury Plains,1,brownie grassrunner,1,19779,5411,True,1,8,7-7,matches CapnBry (small/rare camp)
Salisbury Plains,1,brownie grassrunner,1,38550,20153,True,2,4,7-7,matches CapnBry (small/rare camp)
Salisbury Plains,1,brownie grassrunner,1,37009,56094,False,0,0,7-7,not seen by CapnBry here
Salisbury Plains,1,brownie grassrunner,1,39809,17706,True,2,4,7-7,matches CapnBry (small/rare camp)
Salisbury Plains,1,brownie grassrunner,1,28090,28062,False,0,0,7-7,not seen by CapnBry here
Salisbury Plains,1,brownie grassrunner,1,46918,10699,True,3,66,7-7,likely short (CapnBry saw more here)
Salisbury Plains,1,brownie grassrunner,1,49134,16542,False,0,0,7-7,not seen by CapnBry here
Salisbury Plains,1,brownie grassrunner,2,6936,25281,False,0,0,7-7,not seen by CapnBry here
Salisbury Plains,1,brownie grassrunner,2,49454,7657,True,2,45,7-7,matches CapnBry (small/rare camp)
Salisbury Plains,1,brownie grassrunner,1,39519,4614,True,1,11,7-7,matches CapnBry (small/rare camp)
Salisbury Plains,1,brownie grassrunner,1,7211,19860,False,0,0,7-7,not seen by CapnBry here
Salisbury Plains,1,brownie grassrunner,1,19373,13238,True,1,1,7-7,matches CapnBry (small/rare camp)
Salisbury Plains,1,brownie grassrunner,1,32168,4088,True,1,29,7-7,matches CapnBry (small/rare camp)
Salisbury Plains,1,brownie grassrunner,1,49846,30628,False,0,0,7-7,not seen by CapnBry here
Salisbury Plains,1,brownie grassrunner,1,30440,46360,False,0,0,7-7,not seen by CapnBry here
Salisbury Plains,1,brownie grassrunner,1,24424,3551,True,3,3,7-7,likely short (CapnBry saw more here)
Salisbury Plains,1,brownie grassrunner,1,13362,21734,True,1,2,7-7,matches CapnBry (small/rare camp)
Salisbury Plains,1,brownie grassrunner,1,13451,11670,False,0,0,7-7,not seen by CapnBry here
Salisbury Plains,1,brownie grassrunner,1,16620,14783,True,1,1,7-7,matches CapnBry (small/rare camp)
Salisbury Plains,1,brownie grassrunner,1,9957,3763,True,1,2,7-7,matches CapnBry (small/rare camp)
Salisbury Plains,1,brownie grassrunner,1,43221,42290,False,0,0,7-7,not seen by CapnBry here
Salisbury Plains,1,brownie grassrunner,1,23303,1678,True,3,7,7-7,likely short (CapnBry saw more here)
Salisbury Plains,1,brownie grassrunner,1,8757,19428,False,0,0,7-7,not seen by CapnBry here
Salisbury Plains,1,brownie grassrunner,1,21272,1101,True,3,7,7-7,likely short (CapnBry saw more here)
Salisbury Plains,1,grass snake,1,22272,634,True,1,2,5-5,matches CapnBry (small/rare camp)
Salisbury Plains,1,grass snake,1,41081,47572,False,0,0,5-5,not seen by CapnBry here
Salisbury Plains,1,grass snake,1,31088,1246,True,1,13,5-5,matches CapnBry (small/rare camp)
Salisbury Plains,1,grass snake,1,25528,35752,False,0,0,5-5,not seen by CapnBry here
Salisbury Plains,1,grass snake,1,39417,4294,True,1,14,5-5,matches CapnBry (small/rare camp)
Salisbury Plains,1,grass snake,1,56559,24760,False,0,0,5-5,not seen by CapnBry here
Salisbury Plains,1,grass snake,1,17736,16620,True,1,4,5-5,matches CapnBry (small/rare camp)
Salisbury Plains,1,grass snake,1,42481,49148,False,0,0,5-5,not seen by CapnBry here
Salisbury Plains,1,grass snake,1,47281,39174,False,0,0,5-5,not seen by CapnBry here
Salisbury Plains,1,grass snake,1,5627,12442,True,1,1,5-5,matches CapnBry (small/rare camp)
Salisbury Plains,1,grass snake,1,33985,44054,False,0,0,5-5,not seen by CapnBry here
Salisbury Plains,1,wind mephit,1,7905,38469,False,0,0,14-14,not seen by CapnBry here
Salisbury Plains,1,wind mephit,2,33349,47464,False,0,0,14-14,not seen by CapnBry here
Salisbury Plains,1,wind mephit,1,5744,44544,True,2,2,14-14,matches CapnBry (small/rare camp)
Salisbury Plains,1,wind mephit,1,18639,38764,True,1,2,14-14,matches CapnBry (small/rare camp)
Salisbury Plains,1,wind mephit,1,31266,43311,True,1,6,14-14,matches CapnBry (small/rare camp)
Salisbury Plains,1,wind mephit,1,31060,32094,True,1,2,14-14,matches CapnBry (small/rare camp)
Salisbury Plains,1,wind mephit,1,40596,21564,True,1,4,14-14,matches CapnBry (small/rare camp)
Salisbury Plains,1,wind mephit,1,41127,41901,False,0,0,14-14,not seen by CapnBry here
Salisbury Plains,1,wind mephit,1,52743,50525,False,0,0,14-14,not seen by CapnBry here
Salisbury Plains,1,wind mephit,1,29444,37328,True,1,1,14-14,matches CapnBry (small/rare camp)
Salisbury Plains,1,wind mephit,1,29799,39852,True,1,6,14-14,matches CapnBry (small/rare camp)
Salisbury Plains,1,wind mephit,1,448,41439,True,2,1,14-14,matches CapnBry (small/rare camp)
Salisbury Plains,1,wind mephit,1,4479,43352,True,2,2,14-14,matches CapnBry (small/rare camp)
Salisbury Plains,1,wind mephit,1,39912,46918,False,0,0,14-14,not seen by CapnBry here
Salisbury Plains,1,wind mephit,1,47333,32470,True,1,1,14-14,matches CapnBry (small/rare camp)
Salisbury Plains,1,wind mephit,1,53425,35757,False,0,0,14-14,not seen by CapnBry here
Salisbury Plains,1,wind mephit,1,48412,35321,False,0,0,14-14,not seen by CapnBry here
Salisbury Plains,1,wind mephit,1,32854,57428,False,0,0,14-14,not seen by CapnBry here
Salisbury Plains,1,wind mephit,1,38035,56751,False,0,0,14-14,not seen by CapnBry here
Salisbury Plains,1,wind mephit,1,6158,35473,False,0,0,14-14,not seen by CapnBry here
Salisbury Plains,1,wind mephit,2,38149,54481,False,0,0,14-14,not seen by CapnBry here
Salisbury Plains,1,wind mephit,1,47304,21216,True,1,1,14-14,matches CapnBry (small/rare camp)
Salisbury Plains,1,wind mephit,1,45082,31219,True,1,1,14-14,matches CapnBry (small/rare camp)
Salisbury Plains,1,wind mephit,1,36426,45575,False,0,0,14-14,not seen by CapnBry here
Salisbury Plains,1,wind mephit,1,42962,43334,False,0,0,14-14,not seen by CapnBry here
Salisbury Plains,1,wind mephit,1,48789,19852,True,1,1,14-14,matches CapnBry (small/rare camp)
Salisbury Plains,1,wind mephit,1,13700,34303,False,0,0,14-14,not seen by CapnBry here
Salisbury Plains,1,wind mephit,1,34615,31842,True,1,2,14-14,matches CapnBry (small/rare camp)
Salisbury Plains,1,wild mare,1,31795,18288,True,1,3,9-9,matches CapnBry (small/rare camp)
Salisbury Plains,1,wild mare,1,18467,268,False,0,0,9-9,not seen by CapnBry here
Salisbury Plains,1,wild mare,1,12409,23033,True,2,3,9-9,matches CapnBry (small/rare camp)
Salisbury Plains,1,wild mare,1,10835,5534,True,1,4,9-9,matches CapnBry (small/rare camp)
Salisbury Plains,1,wild mare,1,8860,22678,True,2,3,9-9,matches CapnBry (small/rare camp)
Salisbury Plains,1,wild mare,1,29270,13236,True,1,3,9-9,matches CapnBry (small/rare camp)
Salisbury Plains,1,salisbury giant,1,33644,40891,False,0,0,18-21,not seen by CapnBry here
Salisbury Plains,1,salisbury giant,1,21111,58198,False,0,0,18-21,not seen by CapnBry here
Salisbury Plains,1,salisbury giant,1,42711,29078,False,0,0,18-21,not seen by CapnBry here
Salisbury Plains,1,salisbury giant,2,50395,38394,False,0,0,18-21,not seen by CapnBry here
Salisbury Plains,1,salisbury giant,2,30647,55492,False,0,0,18-21,not seen by CapnBry here
Salisbury Plains,1,salisbury giant,1,20523,53569,False,0,0,18-21,not seen by CapnBry here
Salisbury Plains,1,salisbury giant,1,41177,47842,False,0,0,18-21,not seen by CapnBry here
Salisbury Plains,1,salisbury giant,1,22034,52020,False,0,0,18-21,not seen by CapnBry here
Salisbury Plains,1,salisbury giant,1,34408,50868,False,0,0,18-21,not seen by CapnBry here
Salisbury Plains,1,salisbury giant,1,44306,36463,False,0,0,18-21,not seen by CapnBry here
Salisbury Plains,1,salisbury giant,1,17646,56271,False,0,0,18-21,not seen by CapnBry here
Salisbury Plains,1,salisbury giant,1,46661,33570,False,0,0,18-21,not seen by CapnBry here
Salisbury Plains,1,salisbury giant,1,29787,39241,False,0,0,18-21,not seen by CapnBry here
Salisbury Plains,1,salisbury giant,2,37411,48291,False,0,0,18-21,not seen by CapnBry here
Salisbury Plains,1,salisbury giant,1,41391,52890,False,0,0,18-21,not seen by CapnBry here
Salisbury Plains,1,salisbury giant,1,39995,55248,False,0,0,18-21,not seen by CapnBry here
Salisbury Plains,1,salisbury giant,1,21809,55723,False,0,0,18-21,not seen by CapnBry here
Salisbury Plains,1,salisbury giant,1,53731,48309,False,0,0,18-21,not seen by CapnBry here
Salisbury Plains,1,archdruid glasan,1,41394,30808,False,0,0,29-30,not seen by CapnBry here
Salisbury Plains,1,huge boar,2,52245,37273,False,0,0,18-19,not seen by CapnBry here
Salisbury Plains,1,huge boar,2,37256,57492,False,0,0,18-19,not seen by CapnBry here
Salisbury Plains,1,huge boar,1,38302,53935,False,0,0,18-19,not seen by CapnBry here
Salisbury Plains,1,huge boar,1,52483,49652,False,0,0,18-19,not seen by CapnBry here
Salisbury Plains,1,huge boar,1,37139,47443,False,0,0,18-19,not seen by CapnBry here
Salisbury Plains,1,huge boar,2,54534,33214,False,0,0,18-19,not seen by CapnBry here
Salisbury Plains,1,huge boar,1,18597,54643,False,0,0,18-19,not seen by CapnBry here
Salisbury Plains,1,huge boar,1,36844,49243,False,0,0,18-19,not seen by CapnBry here
Salisbury Plains,1,huge boar,1,29569,55112,False,0,0,18-19,not seen by CapnBry here
Salisbury Plains,1,huge boar,2,35110,45917,True,1,2,18-19,matches CapnBry (small/rare camp)
Salisbury Plains,1,huge boar,1,36750,55701,False,0,0,18-19,not seen by CapnBry here
Salisbury Plains,1,huge boar,1,41270,56993,False,0,0,18-19,not seen by CapnBry here
Salisbury Plains,1,huge boar,1,39726,47828,False,0,0,18-19,not seen by CapnBry here
Salisbury Plains,1,huge boar,1,47806,35658,True,1,1,18-19,matches CapnBry (small/rare camp)
Salisbury Plains,1,huge boar,1,54083,35511,False,0,0,18-19,not seen by CapnBry here
Salisbury Plains,1,huge boar,1,44366,26002,False,0,0,18-19,not seen by CapnBry here
Salisbury Plains,1,huge boar,1,41452,53707,False,0,0,18-19,not seen by CapnBry here
Salisbury Plains,1,huge boar,1,2798,54860,True,3,3,18-19,likely short (CapnBry saw more here)
Salisbury Plains,1,huge boar,1,34031,56623,False,0,0,18-19,not seen by CapnBry here
Salisbury Plains,1,spriggarn waylayer,1,5289,59950,True,2,1,14-14,matches CapnBry (small/rare camp)
Salisbury Plains,1,green ghast,2,20440,43778,True,1,11,12-14,matches CapnBry (small/rare camp)
Salisbury Plains,1,green ghast,1,22662,47269,True,1,9,12-14,matches CapnBry (small/rare camp)
Salisbury Plains,1,green ghast,1,12492,27495,True,1,6,12-14,matches CapnBry (small/rare camp)
Salisbury Plains,1,green ghast,1,12856,47782,False,0,0,12-14,not seen by CapnBry here
Salisbury Plains,1,adder,1,23133,704,False,0,0,7-7,not seen by CapnBry here
Salisbury Plains,1,adder,1,27656,307,False,0,0,7-7,not seen by CapnBry here
Salisbury Plains,1,tomb raider scout,1,25128,46729,False,0,0,13-15,not seen by CapnBry here
Salisbury Plains,1,tomb raider scout,1,47038,20797,False,0,0,13-15,not seen by CapnBry here
Salisbury Plains,1,tomb raider scout,1,29485,32829,False,0,0,13-15,not seen by CapnBry here
Salisbury Plains,1,tomb raider scout,1,40475,57413,False,0,0,13-15,not seen by CapnBry here
Salisbury Plains,1,tomb raider scout,1,42780,22363,True,1,3,13-15,matches CapnBry (small/rare camp)
Salisbury Plains,1,tomb raider scout,2,38421,21614,True,1,2,13-15,matches CapnBry (small/rare camp)
Salisbury Plains,1,tomb raider scout,1,33706,27861,False,0,0,13-15,not seen by CapnBry here
Salisbury Plains,1,tomb raider scout,1,36551,30943,True,1,2,13-15,matches CapnBry (small/rare camp)
Salisbury Plains,1,tomb raider scout,1,15025,36257,True,1,1,13-15,matches CapnBry (small/rare camp)
Salisbury Plains,1,tomb raider scout,1,46826,14883,False,0,0,13-15,not seen by CapnBry here
Salisbury Plains,1,tomb raider scout,1,41112,53799,False,0,0,13-15,not seen by CapnBry here
Salisbury Plains,1,tomb raider scout,1,43256,20323,True,1,3,13-15,matches CapnBry (small/rare camp)
Salisbury Plains,1,tomb raider scout,1,55390,20430,False,0,0,13-15,not seen by CapnBry here
Salisbury Plains,1,carrion drake,1,3318,3030,True,1,1,8-9,matches CapnBry (small/rare camp)
Salisbury Plains,1,basilisk,1,46771,28640,True,1,1,15-15,matches CapnBry (small/rare camp)
Salisbury Plains,1,basilisk,2,29589,41727,True,2,6,15-15,matches CapnBry (small/rare camp)
Salisbury Plains,1,basilisk,2,49095,21725,False,0,0,15-15,not seen by CapnBry here
Salisbury Plains,1,basilisk,1,34469,42711,True,1,4,15-15,matches CapnBry (small/rare camp)
Salisbury Plains,1,basilisk,1,44036,37424,True,2,1,15-15,matches CapnBry (small/rare camp)
Salisbury Plains,1,basilisk,1,2742,53831,True,2,3,15-15,matches CapnBry (small/rare camp)
Salisbury Plains,1,basilisk,1,41528,36897,True,2,1,15-15,matches CapnBry (small/rare camp)
Salisbury Plains,1,basilisk,1,3084,41635,False,0,0,15-15,not seen by CapnBry here
Salisbury Plains,1,basilisk,1,32823,45503,True,1,4,15-15,matches CapnBry (small/rare camp)
Salisbury Plains,1,basilisk,1,43342,41477,False,0,0,15-15,not seen by CapnBry here
Salisbury Plains,1,basilisk,1,44515,31891,True,2,2,15-15,matches CapnBry (small/rare camp)
Salisbury Plains,1,basilisk,1,39824,20534,False,0,0,15-15,not seen by CapnBry here
Salisbury Plains,1,basilisk,1,48004,15223,True,1,2,15-15,matches CapnBry (small/rare camp)
Salisbury Plains,1,basilisk,1,3769,55010,True,2,3,15-15,matches CapnBry (small/rare camp)
Salisbury Plains,1,basilisk,1,31593,27793,False,0,0,15-15,not seen by CapnBry here
Salisbury Plains,1,basilisk,1,33313,56134,False,0,0,15-15,not seen by CapnBry here
Salisbury Plains,1,basilisk,1,46318,38787,True,2,1,15-15,matches CapnBry (small/rare camp)
Salisbury Plains,1,basilisk,1,38151,56663,False,0,0,15-15,not seen by CapnBry here
Salisbury Plains,1,basilisk,1,29945,39457,True,2,1,15-15,matches CapnBry (small/rare camp)
Salisbury Plains,1,basilisk,1,39232,55249,False,0,0,15-15,not seen by CapnBry here
Salisbury Plains,1,basilisk,1,33931,54505,False,0,0,15-15,not seen by CapnBry here
Salisbury Plains,1,basilisk,1,33498,29240,False,0,0,15-15,not seen by CapnBry here
Salisbury Plains,1,basilisk,1,45615,35821,True,2,2,15-15,matches CapnBry (small/rare camp)
Salisbury Plains,1,basilisk,1,38643,29710,False,0,0,15-15,not seen by CapnBry here
Salisbury Plains,1,basilisk,1,4017,52039,True,2,3,15-15,matches CapnBry (small/rare camp)
Salisbury Plains,1,basilisk,1,3930,36952,False,0,0,15-15,not seen by CapnBry here
Salisbury Plains,1,basilisk,1,34098,31279,False,0,0,15-15,not seen by CapnBry here
Salisbury Plains,1,basilisk,1,7642,41731,False,0,0,15-15,not seen by CapnBry here
Salisbury Plains,1,basilisk,1,33732,48019,True,1,3,15-15,matches CapnBry (small/rare camp)
Salisbury Plains,1,basilisk,1,43423,21673,False,0,0,15-15,not seen by CapnBry here
Salisbury Plains,1,basilisk,1,16675,36514,True,1,2,15-15,matches CapnBry (small/rare camp)
Salisbury Plains,1,basilisk,1,54875,35946,False,0,0,15-15,not seen by CapnBry here
Salisbury Plains,1,river racer,2,45591,9741,True,4,57,7-7,likely short (CapnBry saw more here)
Salisbury Plains,1,river racer,1,50788,5690,True,4,31,7-7,likely short (CapnBry saw more here)
Salisbury Plains,1,river racer,1,40146,4716,True,1,9,7-7,matches CapnBry (small/rare camp)
Salisbury Plains,1,wild stallion,2,41304,13406,False,0,0,10-10,not seen by CapnBry here
Salisbury Plains,1,wild stallion,1,33223,25287,False,0,0,10-10,not seen by CapnBry here
Salisbury Plains,1,wild stallion,1,29856,20199,False,0,0,10-10,not seen by CapnBry here
Salisbury Plains,1,wild stallion,1,9934,4843,True,1,3,10-10,matches CapnBry (small/rare camp)
Salisbury Plains,1,wild stallion,1,32383,4783,True,1,3,10-10,matches CapnBry (small/rare camp)
Salisbury Plains,1,wild stallion,1,7006,31364,False,0,0,10-10,not seen by CapnBry here
Salisbury Plains,1,wild stallion,1,12766,24314,True,1,5,10-10,matches CapnBry (small/rare camp)
Salisbury Plains,1,wild stallion,1,10215,22132,True,1,1,10-10,matches CapnBry (small/rare camp)
Salisbury Plains,1,young brown bear,1,1212,40840,True,2,2,13-13,matches CapnBry (small/rare camp)
Salisbury Plains,1,young brown bear,1,48637,51267,False,0,0,13-13,not seen by CapnBry here
Salisbury Plains,1,young brown bear,1,48461,52877,False,0,0,13-13,not seen by CapnBry here
Salisbury Plains,1,young brown bear,1,30392,37284,False,0,0,13-13,not seen by CapnBry here
Salisbury Plains,1,young brown bear,1,47481,50301,False,0,0,13-13,not seen by CapnBry here
Salisbury Plains,1,young brown bear,1,2547,42385,True,2,2,13-13,matches CapnBry (small/rare camp)
Salisbury Plains,1,young brown bear,2,49654,58045,False,0,0,13-13,not seen by CapnBry here
Salisbury Plains,1,young brown bear,1,1423,43546,True,2,2,13-13,matches CapnBry (small/rare camp)
Salisbury Plains,1,young brown bear,1,48030,45225,False,0,0,13-13,not seen by CapnBry here
Salisbury Plains,1,young brown bear,1,43604,39366,False,0,0,13-13,not seen by CapnBry here
Salisbury Plains,1,young brown bear,1,4492,36744,False,0,0,13-13,not seen by CapnBry here
Salisbury Plains,1,young brown bear,1,44759,50476,False,0,0,13-13,not seen by CapnBry here
Salisbury Plains,1,young brown bear,1,51569,60391,False,0,0,13-13,not seen by CapnBry here
Salisbury Plains,1,young brown bear,1,44065,45149,False,0,0,13-13,not seen by CapnBry here
Salisbury Plains,1,abagu,1,29459,20749,False,0,0,14-15,not seen by CapnBry here
Salisbury Plains,1,undead filidh,1,5731,13216,True,1,2,5-7,matches CapnBry (small/rare camp)
Salisbury Plains,1,black dog,1,49615,20117,False,0,0,9-10,not seen by CapnBry here
Salisbury Plains,1,black dog,1,52671,18561,False,0,0,9-10,not seen by CapnBry here
Salisbury Plains,1,black dog,1,52280,25824,False,0,0,9-10,not seen by CapnBry here
Salisbury Plains,1,black dog,1,54486,29595,False,0,0,9-10,not seen by CapnBry here
Salisbury Plains,1,brownie nomad,1,32317,15769,False,0,0,8-9,not seen by CapnBry here
Salisbury Plains,1,brownie nomad,1,12410,25802,True,1,11,8-9,matches CapnBry (small/rare camp)
Salisbury Plains,1,brownie nomad,1,12380,3878,True,1,9,8-9,matches CapnBry (small/rare camp)
Salisbury Plains,1,brownie nomad,1,7525,17713,True,2,2,8-9,matches CapnBry (small/rare camp)
Salisbury Plains,1,brownie nomad,1,9702,18699,True,2,2,8-9,matches CapnBry (small/rare camp)
Salisbury Plains,1,brownie nomad,1,41273,16302,True,3,17,8-9,likely short (CapnBry saw more here)
Salisbury Plains,1,brownie nomad,2,7146,23758,True,2,2,8-9,matches CapnBry (small/rare camp)
Salisbury Plains,1,brownie nomad,1,5293,18540,True,2,2,8-9,matches CapnBry (small/rare camp)
Salisbury Plains,1,brownie nomad,1,6367,26889,False,0,0,8-9,not seen by CapnBry here
Salisbury Plains,1,brownie nomad,1,38189,13796,True,3,18,8-9,likely short (CapnBry saw more here)
Salisbury Plains,1,brownie nomad,1,23411,4020,True,3,36,8-9,likely short (CapnBry saw more here)
Salisbury Plains,1,brownie nomad,1,31794,11412,False,0,0,8-9,not seen by CapnBry here
Salisbury Plains,1,brownie nomad,1,16590,12403,True,1,2,8-9,matches CapnBry (small/rare camp)
Salisbury Plains,1,brownie nomad,1,6171,25353,True,2,2,8-9,matches CapnBry (small/rare camp)
Salisbury Plains,1,brownie nomad,1,28715,28844,False,0,0,8-9,not seen by CapnBry here
Salisbury Plains,1,brownie nomad,1,15232,24043,True,1,11,8-9,matches CapnBry (small/rare camp)
Salisbury Plains,1,brownie nomad,1,39988,14530,True,3,18,8-9,likely short (CapnBry saw more here)
Salisbury Plains,1,brownie nomad,2,18676,17491,True,2,2,8-9,matches CapnBry (small/rare camp)
Salisbury Plains,1,brownie nomad,1,22423,8747,True,3,16,8-9,likely short (CapnBry saw more here)
Salisbury Plains,1,brownie nomad,1,30856,24694,False,0,0,8-9,not seen by CapnBry here
Salisbury Plains,1,brownie nomad,1,21275,4078,True,3,36,8-9,likely short (CapnBry saw more here)
Salisbury Plains,1,brownie nomad,1,35936,11590,True,1,1,8-9,matches CapnBry (small/rare camp)
Salisbury Plains,1,brownie nomad,1,12260,7981,True,1,4,8-9,matches CapnBry (small/rare camp)
Salisbury Plains,1,wandering spirit,1,31063,31736,True,2,1,9-11,matches CapnBry (small/rare camp)
Salisbury Plains,1,wandering spirit,1,7086,43870,True,1,3,9-11,matches CapnBry (small/rare camp)
Salisbury Plains,1,wandering spirit,1,3652,40549,True,1,3,9-11,matches CapnBry (small/rare camp)
Salisbury Plains,1,wandering spirit,1,2651,43198,True,1,3,9-11,matches CapnBry (small/rare camp)
Salisbury Plains,1,wandering spirit,1,48915,17151,True,1,2,9-11,matches CapnBry (small/rare camp)
Salisbury Plains,1,wandering spirit,1,37339,30411,True,2,2,9-11,matches CapnBry (small/rare camp)
Salisbury Plains,1,wandering spirit,1,45055,20907,True,1,2,9-11,matches CapnBry (small/rare camp)
Salisbury Plains,1,wandering spirit,1,53669,19328,True,1,1,9-11,matches CapnBry (small/rare camp)
Salisbury Plains,1,wandering spirit,1,13641,37269,True,1,6,9-11,matches CapnBry (small/rare camp)
Salisbury Plains,1,wandering spirit,1,34444,30338,True,2,2,9-11,matches CapnBry (small/rare camp)
Salisbury Plains,1,wandering spirit,1,29498,32841,True,2,1,9-11,matches CapnBry (small/rare camp)
Salisbury Plains,1,wandering spirit,1,1790,37805,False,0,0,9-11,not seen by CapnBry here
Salisbury Plains,1,wandering spirit,1,5850,13528,True,1,1,9-11,matches CapnBry (small/rare camp)
Salisbury Plains,1,druidic spirit,2,26591,54567,False,0,0,21-21,not seen by CapnBry here
Salisbury Plains,1,filidh sacrificer,1,35260,16477,False,0,0,9-10,not seen by CapnBry here
Salisbury Plains,1,filidh sacrificer,2,4895,15543,True,5,4,9-10,likely short (CapnBry saw more here)
Salisbury Plains,1,bandit,1,39897,4709,True,1,9,5-8,matches CapnBry (small/rare camp)
Salisbury Plains,1,yell hound,1,55211,28680,False,0,0,15-16,not seen by CapnBry here
Salisbury Plains,1,escaped bandit leader,1,24680,59098,False,0,0,19-19,not seen by CapnBry here
Salisbury Plains,1,emerald snake,1,14684,1799,False,0,0,5-5,not seen by CapnBry here
Salisbury Plains,1,emerald snake,1,16342,401,False,0,0,5-5,not seen by CapnBry here
Salisbury Plains,1,emerald snake,1,22769,1711,False,0,0,5-5,not seen by CapnBry here
Salisbury Plains,1,growler,1,7297,2611,False,0,0,11-11,not seen by CapnBry here
Salisbury Plains,1,slythcur,1,12146,12443,False,0,0,12-12,not seen by CapnBry here
Salisbury Plains,1,small skeletal legionnaire,1,37062,39414,False,0,0,14-14,not seen by CapnBry here
Salisbury Plains,1,water spider gleek,1,52757,57471,False,0,0,27-32,not seen by CapnBry here
Salisbury Plains,1,white horse,1,31915,46611,False,0,0,18-18,not seen by CapnBry here
Salisbury Plains,1,bandit leader,1,37364,4363,True,1,17,11-11,matches CapnBry (small/rare camp)
Salisbury Plains,1,kedalinde teanidd,1,28170,1783,False,0,0,10-10,not seen by CapnBry here
Salisbury Plains,1,bandit lieutenant,2,36103,3748,True,2,3,9-9,matches CapnBry (small/rare camp)
Salisbury Plains,1,berik liglim,1,51589,54887,False,0,0,30-30,not seen by CapnBry here
Salisbury Plains,1,cart horse,2,56580,15995,False,0,0,10-10,not seen by CapnBry here
Salisbury Plains,1,seer,1,38655,51099,False,0,0,2-2,not seen by CapnBry here
Black Mtns. South,2,goblin shaman,1,3546,5342,False,0,0,9-10,not seen by CapnBry here
Black Mtns. South,2,goblin shaman,1,10628,8764,False,0,0,9-10,not seen by CapnBry here
Black Mtns. South,2,goblin shaman,1,10088,10528,False,0,0,9-10,not seen by CapnBry here
Black Mtns. South,2,goblin shaman,2,4986,6513,False,0,0,9-10,not seen by CapnBry here
Black Mtns. South,2,green snake,2,38005,35453,False,0,0,0-0,not seen by CapnBry here
Black Mtns. South,2,green snake,1,40775,32099,False,0,0,0-0,not seen by CapnBry here
Black Mtns. South,2,green snake,2,18250,54144,False,0,0,0-0,not seen by CapnBry here
Black Mtns. South,2,green snake,2,34776,44201,False,0,0,0-0,not seen by CapnBry here
Black Mtns. South,2,green snake,1,39907,34842,False,0,0,0-0,not seen by CapnBry here
Black Mtns. South,2,green snake,1,33359,33191,False,0,0,0-0,not seen by CapnBry here
Black Mtns. South,2,green snake,1,16917,53682,False,0,0,0-0,not seen by CapnBry here
Black Mtns. South,2,green snake,1,12828,45270,False,0,0,0-0,not seen by CapnBry here
Black Mtns. South,2,green snake,2,28439,52443,False,0,0,0-0,not seen by CapnBry here
Black Mtns. South,2,green snake,2,17377,37631,False,0,0,0-0,not seen by CapnBry here
Black Mtns. South,2,green snake,1,31338,48602,False,0,0,0-0,not seen by CapnBry here
Black Mtns. South,2,green snake,1,18688,43810,False,0,0,0-0,not seen by CapnBry here
Black Mtns. South,2,green snake,1,11593,52239,False,0,0,0-0,not seen by CapnBry here
Black Mtns. South,2,green snake,1,17534,51906,False,0,0,0-0,not seen by CapnBry here
Black Mtns. South,2,green snake,1,39404,57869,False,0,0,0-0,not seen by CapnBry here
Black Mtns. South,2,green snake,2,19953,45246,False,0,0,0-0,not seen by CapnBry here
Black Mtns. South,2,green snake,1,13808,56254,False,0,0,0-0,not seen by CapnBry here
Black Mtns. South,2,green snake,1,15063,46009,False,0,0,0-0,not seen by CapnBry here
Black Mtns. South,2,green snake,1,33358,40611,False,0,0,0-0,not seen by CapnBry here
Black Mtns. South,2,green snake,1,56263,38456,False,0,0,0-0,not seen by CapnBry here
Black Mtns. South,2,green snake,1,59524,44817,False,0,0,0-0,not seen by CapnBry here
Black Mtns. South,2,green snake,2,14482,53347,False,0,0,0-0,not seen by CapnBry here
Black Mtns. South,2,green snake,1,38639,59685,False,0,0,0-0,not seen by CapnBry here
Black Mtns. South,2,red dwarf chief,1,53975,17346,False,0,0,10-10,not seen by CapnBry here
Black Mtns. South,2,moldy skeleton,1,6658,51353,False,0,0,2-2,not seen by CapnBry here
Black Mtns. South,2,moldy skeleton,1,6641,57505,False,0,0,2-2,not seen by CapnBry here
Black Mtns. South,2,moldy skeleton,1,8803,57050,False,0,0,2-2,not seen by CapnBry here
Black Mtns. South,2,moldy skeleton,2,64326,57387,False,0,0,2-2,not seen by CapnBry here
Black Mtns. South,2,boar piglet,2,42871,53507,True,1,3,1-1,matches CapnBry (small/rare camp)
Black Mtns. South,2,boar piglet,1,36500,37115,True,3,13,1-1,likely short (CapnBry saw more here)
Black Mtns. South,2,boar piglet,1,41357,56764,True,1,4,1-1,matches CapnBry (small/rare camp)
Black Mtns. South,2,boar piglet,1,48079,35561,True,2,1,1-1,matches CapnBry (small/rare camp)
Black Mtns. South,2,boar piglet,1,53701,42993,True,1,10,1-1,matches CapnBry (small/rare camp)
Black Mtns. South,2,boar piglet,1,38640,39095,True,3,4,1-1,likely short (CapnBry saw more here)
Black Mtns. South,2,boar piglet,2,46850,38436,True,2,1,1-1,matches CapnBry (small/rare camp)
Black Mtns. South,2,boar piglet,1,16572,56137,False,0,0,1-1,not seen by CapnBry here
Black Mtns. South,2,boar piglet,1,29644,52091,False,0,0,1-1,not seen by CapnBry here
Black Mtns. South,2,boar piglet,1,55389,42355,True,1,10,1-1,matches CapnBry (small/rare camp)
Black Mtns. South,2,boar piglet,1,61294,48629,False,0,0,1-1,not seen by CapnBry here
Black Mtns. South,2,boar piglet,1,60170,43142,False,0,0,1-1,not seen by CapnBry here
Black Mtns. South,2,boar piglet,1,6826,48424,False,0,0,1-1,not seen by CapnBry here
Black Mtns. South,2,boar piglet,1,25981,55260,True,4,1,1-1,likely short (CapnBry saw more here)
Black Mtns. South,2,boar piglet,1,28603,59505,True,4,5,1-1,likely short (CapnBry saw more here)
Black Mtns. South,2,boar piglet,1,20303,45660,False,0,0,1-1,not seen by CapnBry here
Black Mtns. South,2,boar piglet,1,41213,52169,True,1,2,1-1,matches CapnBry (small/rare camp)
Black Mtns. South,2,boar piglet,1,22354,47268,False,0,0,1-1,not seen by CapnBry here
Black Mtns. South,2,highwayman,2,46494,29643,True,1,1,7-7,matches CapnBry (small/rare camp)
Black Mtns. South,2,highwayman,1,47980,29215,True,1,1,7-7,matches CapnBry (small/rare camp)
Black Mtns. South,2,weak skeleton,1,59455,39502,False,0,0,1-1,not seen by CapnBry here
Black Mtns. South,2,weak skeleton,1,55637,42757,False,0,0,1-1,not seen by CapnBry here
Black Mtns. South,2,weak skeleton,2,5595,55324,False,0,0,1-1,not seen by CapnBry here
Black Mtns. South,2,weak skeleton,2,7981,55260,False,0,0,1-1,not seen by CapnBry here
Black Mtns. South,2,weak skeleton,1,11178,56879,False,0,0,1-1,not seen by CapnBry here
Black Mtns. South,2,weak skeleton,2,60550,42913,False,0,0,1-1,not seen by CapnBry here
Black Mtns. South,2,weak skeleton,1,53608,42537,False,0,0,1-1,not seen by CapnBry here
Black Mtns. South,2,weak skeleton,1,8345,58768,False,0,0,1-1,not seen by CapnBry here
Black Mtns. South,2,weak skeleton,1,6623,53246,False,0,0,1-1,not seen by CapnBry here
Black Mtns. South,2,weak skeleton,1,57448,40300,False,0,0,1-1,not seen by CapnBry here
Black Mtns. South,2,weak skeleton,1,5539,52166,False,0,0,1-1,not seen by CapnBry here
Black Mtns. South,2,wild sow,1,62379,54726,True,3,1,2-2,likely short (CapnBry saw more here)
Black Mtns. South,2,wild sow,1,58974,42065,False,0,0,2-2,not seen by CapnBry here
Black Mtns. South,2,wild sow,1,61102,46188,False,0,0,2-2,not seen by CapnBry here
Black Mtns. South,2,wild sow,1,6819,54407,False,0,0,2-2,not seen by CapnBry here
Black Mtns. South,2,wild sow,1,6107,56285,False,0,0,2-2,not seen by CapnBry here
Black Mtns. South,2,wild sow,1,8368,56143,False,0,0,2-2,not seen by CapnBry here
Black Mtns. South,2,wild sow,1,14037,48890,False,0,0,2-2,not seen by CapnBry here
Black Mtns. South,2,wild sow,1,16083,57932,False,0,0,2-2,not seen by CapnBry here
Black Mtns. South,2,wild sow,2,8884,52799,False,0,0,2-2,not seen by CapnBry here
Black Mtns. South,2,wild sow,1,8385,58329,False,0,0,2-2,not seen by CapnBry here
Black Mtns. South,2,wild sow,1,59995,45065,False,0,0,2-2,not seen by CapnBry here
Black Mtns. South,2,wild sow,1,10514,55438,False,0,0,2-2,not seen by CapnBry here
Black Mtns. South,2,wild sow,1,17973,52024,False,0,0,2-2,not seen by CapnBry here
Black Mtns. South,2,forest snake,2,28640,4239,True,1,1,3-3,matches CapnBry (small/rare camp)
Black Mtns. South,2,forest snake,2,46049,19997,False,0,0,3-3,not seen by CapnBry here
Black Mtns. South,2,forest snake,1,27502,6962,False,0,0,3-3,not seen by CapnBry here
Black Mtns. South,2,forest snake,1,21137,14241,False,0,0,3-3,not seen by CapnBry here
Black Mtns. South,2,forest snake,2,59906,41039,False,0,0,3-3,not seen by CapnBry here
Black Mtns. South,2,forest snake,2,25806,16989,True,3,6,3-3,likely short (CapnBry saw more here)
Black Mtns. South,2,forest snake,1,22733,15611,True,3,6,3-3,likely short (CapnBry saw more here)
Black Mtns. South,2,forest snake,1,27877,14827,True,3,6,3-3,likely short (CapnBry saw more here)
Black Mtns. South,2,forest snake,1,30381,3838,True,1,1,3-3,matches CapnBry (small/rare camp)
Black Mtns. South,2,forest snake,1,42700,37417,True,1,12,3-3,matches CapnBry (small/rare camp)
Black Mtns. South,2,forest snake,1,37541,9463,True,3,15,3-3,likely short (CapnBry saw more here)
Black Mtns. South,2,forest snake,2,33472,9823,True,3,13,3-3,likely short (CapnBry saw more here)
Black Mtns. South,2,forest snake,1,6198,57429,False,0,0,3-3,not seen by CapnBry here
Black Mtns. South,2,forest snake,1,27827,16398,True,3,6,3-3,likely short (CapnBry saw more here)
Black Mtns. South,2,large ant,2,25218,61143,False,0,0,1-1,not seen by CapnBry here
Black Mtns. South,2,large ant,2,32798,48810,False,0,0,1-1,not seen by CapnBry here
Black Mtns. South,2,large ant,2,40846,53958,True,2,3,1-1,matches CapnBry (small/rare camp)
Black Mtns. South,2,large ant,1,40157,60676,True,1,1,1-1,matches CapnBry (small/rare camp)
Black Mtns. South,2,large ant,1,41099,37790,True,1,3,1-1,matches CapnBry (small/rare camp)
Black Mtns. South,2,large ant,2,37642,53222,True,4,10,1-1,likely short (CapnBry saw more here)
Black Mtns. South,2,large ant,1,24576,58165,False,0,0,1-1,not seen by CapnBry here
Black Mtns. South,2,large ant,2,34428,51854,True,4,7,1-1,likely short (CapnBry saw more here)
Black Mtns. South,2,large ant,1,50539,50231,True,1,4,1-1,matches CapnBry (small/rare camp)
Black Mtns. South,2,large ant,1,19165,62271,False,0,0,1-1,not seen by CapnBry here
Black Mtns. South,2,large ant,1,53233,45529,True,1,5,1-1,matches CapnBry (small/rare camp)
Black Mtns. South,2,water snake,1,34216,24489,False,0,0,0-0,not seen by CapnBry here
Black Mtns. South,2,skeleton,2,49182,39455,True,1,1,2-2,matches CapnBry (small/rare camp)
Black Mtns. South,2,skeleton,2,45156,37759,True,1,1,2-2,matches CapnBry (small/rare camp)
Black Mtns. South,2,red dwarf thief,1,33642,9793,False,0,0,5-7,not seen by CapnBry here
Black Mtns. South,2,red dwarf thief,1,49203,30449,False,0,0,5-7,not seen by CapnBry here
Black Mtns. South,2,red dwarf thief,1,51769,32366,False,0,0,5-7,not seen by CapnBry here
Black Mtns. South,2,forest lion,1,54018,21309,False,0,0,6-6,not seen by CapnBry here
Black Mtns. South,2,forest lion,2,18467,16120,False,0,0,6-6,not seen by CapnBry here
Black Mtns. South,2,forest lion,1,28381,145,False,0,0,6-6,not seen by CapnBry here
Black Mtns. South,2,forest lion,1,33841,89,False,0,0,6-6,not seen by CapnBry here
Black Mtns. South,2,goblin,2,10344,9389,True,1,2,8-32,matches CapnBry (small/rare camp)
Black Mtns. South,2,goblin,2,8583,10095,False,0,0,8-32,not seen by CapnBry here
Black Mtns. South,2,goblin,2,12525,11455,True,1,2,8-32,matches CapnBry (small/rare camp)
Black Mtns. South,2,goblin,1,11891,13438,True,1,2,8-32,matches CapnBry (small/rare camp)
Black Mtns. South,2,undead goblin fisherman,2,14986,21058,False,0,0,4-4,not seen by CapnBry here
Black Mtns. South,2,undead goblin fisherman,1,32004,30993,False,0,0,4-4,not seen by CapnBry here
Black Mtns. South,2,undead goblin fisherman,2,20367,19954,True,2,1,4-4,matches CapnBry (small/rare camp)
Black Mtns. South,2,undead goblin fisherman,2,22514,27709,True,2,4,4-4,matches CapnBry (small/rare camp)
Black Mtns. South,2,goblin fisherman,2,46665,14969,False,0,0,4-6,not seen by CapnBry here
Black Mtns. South,2,goblin fisherman,1,32735,21012,True,1,3,4-6,matches CapnBry (small/rare camp)
Black Mtns. South,2,goblin fisherman,2,22483,22267,False,0,0,4-6,not seen by CapnBry here
Black Mtns. South,2,goblin fisherman,1,13534,29224,False,0,0,4-6,not seen by CapnBry here
Black Mtns. South,2,giant spider,1,53433,19607,False,0,0,6-8,not seen by CapnBry here
Black Mtns. South,2,giant spider,1,54182,16212,False,0,0,6-8,not seen by CapnBry here
Black Mtns. South,2,red lion,2,9265,55108,False,0,0,3-3,not seen by CapnBry here
Black Mtns. South,2,red lion,1,42887,37392,False,0,0,3-3,not seen by CapnBry here
Black Mtns. South,2,red lion,1,5440,60553,False,0,0,3-3,not seen by CapnBry here
Black Mtns. South,2,red lion,1,4441,51881,False,0,0,3-3,not seen by CapnBry here
Black Mtns. South,2,red lion,1,8029,50132,False,0,0,3-3,not seen by CapnBry here
Black Mtns. South,2,red lion,1,11732,58070,False,0,0,3-3,not seen by CapnBry here
Black Mtns. South,2,red lion,2,8627,57937,False,0,0,3-3,not seen by CapnBry here
Black Mtns. South,2,red lion,1,8349,52264,False,0,0,3-3,not seen by CapnBry here
Black Mtns. South,2,red lion,2,10842,59879,False,0,0,3-3,not seen by CapnBry here
Black Mtns. South,2,red lion,1,7042,53835,False,0,0,3-3,not seen by CapnBry here
Black Mtns. South,2,robber,1,13311,34236,False,0,0,0-0,not seen by CapnBry here
Black Mtns. South,2,robber,1,17888,34375,False,0,0,0-0,not seen by CapnBry here
Black Mtns. South,2,robber,1,30324,16800,False,0,0,0-0,not seen by CapnBry here
Black Mtns. South,2,robber,1,27656,15289,False,0,0,0-0,not seen by CapnBry here
Black Mtns. South,2,worker ant,2,22040,36649,False,0,0,0-0,not seen by CapnBry here
Black Mtns. South,2,worker ant,2,37347,52901,False,0,0,0-0,not seen by CapnBry here
Black Mtns. South,2,worker ant,1,56377,41595,False,0,0,0-0,not seen by CapnBry here
Black Mtns. South,2,worker ant,1,54412,42925,False,0,0,0-0,not seen by CapnBry here
Black Mtns. South,2,worker ant,1,59506,43982,False,0,0,0-0,not seen by CapnBry here
Black Mtns. South,2,worker ant,1,45919,37511,False,0,0,0-0,not seen by CapnBry here
Black Mtns. South,2,worker ant,2,39544,34038,False,0,0,0-0,not seen by CapnBry here
Black Mtns. South,2,worker ant,1,40972,59210,False,0,0,0-0,not seen by CapnBry here
Black Mtns. South,2,worker ant,2,26935,41626,False,0,0,0-0,not seen by CapnBry here
Black Mtns. South,2,worker ant,2,34648,51803,False,0,0,0-0,not seen by CapnBry here
Black Mtns. South,2,worker ant,2,30234,57705,False,0,0,0-0,not seen by CapnBry here
Black Mtns. South,2,worker ant,1,57883,48891,False,0,0,0-0,not seen by CapnBry here
Black Mtns. South,2,worker ant,2,29726,47856,False,0,0,0-0,not seen by CapnBry here
Black Mtns. South,2,worker ant,1,29011,58846,False,0,0,0-0,not seen by CapnBry here
Black Mtns. South,2,worker ant,2,57599,39720,False,0,0,0-0,not seen by CapnBry here
Black Mtns. South,2,worker ant,1,46765,36244,False,0,0,0-0,not seen by CapnBry here
Black Mtns. South,2,worker ant,1,12041,52652,False,0,0,0-0,not seen by CapnBry here
Black Mtns. South,2,worker ant,1,48525,39311,False,0,0,0-0,not seen by CapnBry here
Black Mtns. South,2,worker ant,1,24881,58359,False,0,0,0-0,not seen by CapnBry here
Black Mtns. South,2,worker ant,1,29844,52716,False,0,0,0-0,not seen by CapnBry here
Black Mtns. South,2,worker ant,2,27339,56913,False,0,0,0-0,not seen by CapnBry here
Black Mtns. South,2,worker ant,2,32823,48998,False,0,0,0-0,not seen by CapnBry here
Black Mtns. South,2,worker ant,1,46777,39119,False,0,0,0-0,not seen by CapnBry here
Black Mtns. South,2,worker ant,2,25023,61364,False,0,0,0-0,not seen by CapnBry here
Black Mtns. South,2,worker ant,1,28162,47879,False,0,0,0-0,not seen by CapnBry here
Black Mtns. South,2,worker ant,1,36529,35883,False,0,0,0-0,not seen by CapnBry here
Black Mtns. South,2,worker ant,1,38919,36589,False,0,0,0-0,not seen by CapnBry here
Black Mtns. South,2,worker ant,1,17144,36467,False,0,0,0-0,not seen by CapnBry here
Black Mtns. South,2,filidh sacrificer,2,37319,342,True,2,4,9-10,matches CapnBry (small/rare camp)
Black Mtns. South,2,young cutpurse,1,48872,31721,True,1,6,3-3,matches CapnBry (small/rare camp)
Black Mtns. South,2,black wolf pup,1,21693,45140,False,0,0,1-1,not seen by CapnBry here
Black Mtns. South,2,black wolf pup,1,44995,39084,True,1,13,1-1,matches CapnBry (small/rare camp)
Black Mtns. South,2,black wolf pup,2,39257,33098,True,2,6,1-1,matches CapnBry (small/rare camp)
Black Mtns. South,2,black wolf pup,2,23351,46596,False,0,0,1-1,not seen by CapnBry here
Black Mtns. South,2,black wolf pup,1,57326,45980,True,2,10,1-1,matches CapnBry (small/rare camp)
Black Mtns. South,2,black wolf pup,1,34657,38196,True,1,3,1-1,matches CapnBry (small/rare camp)
Black Mtns. South,2,black wolf pup,1,53118,41980,True,2,10,1-1,matches CapnBry (small/rare camp)
Black Mtns. South,2,black wolf pup,2,41504,55696,True,5,6,1-1,likely short (CapnBry saw more here)
Black Mtns. South,2,black wolf pup,2,41082,53563,True,2,5,1-1,matches CapnBry (small/rare camp)
Black Mtns. South,2,black wolf pup,2,60785,42000,False,0,0,1-1,not seen by CapnBry here
Black Mtns. South,2,black wolf pup,1,54343,43960,True,2,10,1-1,matches CapnBry (small/rare camp)
Black Mtns. South,2,black wolf pup,1,56381,44666,True,2,10,1-1,matches CapnBry (small/rare camp)
Black Mtns. South,2,black wolf pup,1,7750,53675,False,0,0,1-1,not seen by CapnBry here
Black Mtns. South,2,black wolf pup,1,37856,38306,True,2,14,1-1,matches CapnBry (small/rare camp)
Black Mtns. South,2,black wolf pup,1,51338,45074,True,2,10,1-1,matches CapnBry (small/rare camp)
Black Mtns. South,2,black wolf pup,1,34652,42376,True,1,3,1-1,matches CapnBry (small/rare camp)
Black Mtns. South,2,eel,1,46122,23922,True,10,4,2-2,likely short (CapnBry saw more here)
Black Mtns. South,2,devout filidh,2,41885,527,True,1,7,8-9,matches CapnBry (small/rare camp)
Black Mtns. South,2,devout filidh,1,36701,886,True,1,5,8-9,matches CapnBry (small/rare camp)
Black Mtns. South,2,bear cub,1,63441,58261,False,0,0,2-2,not seen by CapnBry here
Black Mtns. South,2,bear cub,2,59958,44113,False,0,0,2-2,not seen by CapnBry here
Black Mtns. South,2,bear cub,2,61112,46606,False,0,0,2-2,not seen by CapnBry here
Black Mtns. South,2,bear cub,1,64901,54769,False,0,0,2-2,not seen by CapnBry here
Black Mtns. South,2,dwarf brawler,2,18127,54693,False,0,0,3-4,not seen by CapnBry here
Black Mtns. South,2,dwarf brawler,2,13471,51858,False,0,0,3-4,not seen by CapnBry here
Black Mtns. South,2,dwarf brawler,1,11775,54161,False,0,0,3-4,not seen by CapnBry here
Black Mtns. South,2,dwarf brawler,2,10350,58951,False,0,0,3-4,not seen by CapnBry here
Black Mtns. South,2,dwarf brawler,1,9814,45026,False,0,0,3-4,not seen by CapnBry here
Black Mtns. South,2,dwarf brawler,1,15412,45175,False,0,0,3-4,not seen by CapnBry here
Black Mtns. South,2,dwarf brawler,1,17008,52280,False,0,0,3-4,not seen by CapnBry here
Black Mtns. South,2,dwarf brawler,1,4711,54702,False,0,0,3-4,not seen by CapnBry here
Black Mtns. South,2,red dwarf matron,1,54617,18262,False,0,0,6-8,not seen by CapnBry here
Black Mtns. South,2,small gray wolf,2,53327,47372,False,0,0,3-3,not seen by CapnBry here
Black Mtns. South,2,small gray wolf,1,53964,50571,False,0,0,3-3,not seen by CapnBry here
Black Mtns. South,2,undead goblin warrior,1,20423,19593,True,1,1,5-5,matches CapnBry (small/rare camp)
Black Mtns. South,2,undead goblin warrior,1,29288,21604,True,1,4,5-5,matches CapnBry (small/rare camp)
Black Mtns. South,2,undead goblin warrior,2,31967,27393,False,0,0,5-5,not seen by CapnBry here
Black Mtns. South,2,undead goblin warrior,1,15461,20768,False,0,0,5-5,not seen by CapnBry here
Black Mtns. South,2,undead goblin warrior,1,22106,27727,False,0,0,5-5,not seen by CapnBry here
Black Mtns. South,2,cutpurse,2,57953,40912,False,0,0,4-4,not seen by CapnBry here
Black Mtns. South,2,cutpurse,1,4686,49570,False,0,0,4-4,not seen by CapnBry here
Black Mtns. South,2,cutpurse,1,56806,42302,False,0,0,4-4,not seen by CapnBry here
Black Mtns. South,2,aldous wynedd,1,49798,32515,False,0,0,10-10,not seen by CapnBry here
Black Mtns. South,2,great gobzini,1,2979,703,False,0,0,11-16,not seen by CapnBry here
Black Mtns. South,2,young poacher,1,60161,53403,True,1,1,3-3,matches CapnBry (small/rare camp)
Black Mtns. South,2,young poacher,1,3104,49814,False,0,0,3-3,not seen by CapnBry here
Black Mtns. South,2,dwarf raider,1,4269,56182,False,0,0,5-6,not seen by CapnBry here
Black Mtns. South,2,dwarf raider,2,5550,54797,False,0,0,5-6,not seen by CapnBry here
Black Mtns. South,2,dwarf raider,1,9572,50377,False,0,0,5-6,not seen by CapnBry here
Black Mtns. South,2,poacher,1,15464,41222,False,0,0,4-4,not seen by CapnBry here
Black Mtns. South,2,poacher,2,3293,50577,False,0,0,4-4,not seen by CapnBry here
Black Mtns. South,2,frund,1,8608,50568,False,0,0,12-13,not seen by CapnBry here
Black Mtns. South,2,bouditha wynedd,1,49841,32069,False,0,0,9-10,not seen by CapnBry here
Black Mtns. South,2,grilk's bonescraper,1,5305,6176,False,0,0,8-8,not seen by CapnBry here
Black Mtns. South,2,summoned centurion,1,12459,41631,False,0,0,17-17,not seen by CapnBry here
Black Mtns. South,2,goblin lord,1,4330,6383,False,0,0,11-11,not seen by CapnBry here
Black Mtns. South,2,ant drone,2,34497,53792,True,2,3,2-2,matches CapnBry (small/rare camp)
Black Mtns. South,2,ant drone,1,53535,45531,True,1,8,2-2,matches CapnBry (small/rare camp)
Black Mtns. South,2,ant drone,2,50530,50267,True,2,7,2-2,matches CapnBry (small/rare camp)
Black Mtns. South,2,ant drone,1,40829,53885,True,1,3,2-2,matches CapnBry (small/rare camp)
Black Mtns. South,2,ant drone,1,41206,37689,True,1,3,2-2,matches CapnBry (small/rare camp)
Black Mtns. South,2,goblin scout,2,12305,11247,False,0,0,7-7,not seen by CapnBry here
Black Mtns. South,2,goblin scout,1,4938,4745,False,0,0,7-7,not seen by CapnBry here
Black Mtns. South,2,filidh,1,37752,1012,False,0,0,7-8,not seen by CapnBry here
Black Mtns. South,2,filidh,1,48739,377,True,1,3,7-8,matches CapnBry (small/rare camp)
Black Mtns. South,2,goblin lookout,1,1535,6075,False,0,0,8-8,not seen by CapnBry here
Black Mtns. South,2,goblin lookout,2,7287,1150,False,0,0,8-8,not seen by CapnBry here
Black Mtns. South,2,goblin lookout,1,7913,10332,False,0,0,8-8,not seen by CapnBry here
Black Mtns. South,2,goblin lookout,1,12794,11511,False,0,0,8-8,not seen by CapnBry here
Black Mtns. South,2,goblin lookout,1,9770,10952,False,0,0,8-8,not seen by CapnBry here
Black Mtns. South,2,shaman aslis,1,53961,17219,False,0,0,18-18,not seen by CapnBry here
Black Mtns. South,2,spectral hound,1,38873,58774,False,0,0,6-7,not seen by CapnBry here
Black Mtns. South,2,spectral hound,1,40758,54850,False,0,0,6-7,not seen by CapnBry here
Black Mtns. South,2,spectral hound,1,52047,40329,False,0,0,6-7,not seen by CapnBry here
Black Mtns. South,2,spectral hound,1,41979,58985,False,0,0,6-7,not seen by CapnBry here
Black Mtns. South,2,spectral hound,1,22044,35321,False,0,0,6-7,not seen by CapnBry here
Black Mtns. South,2,spectral hound,1,29793,58265,False,0,0,6-7,not seen by CapnBry here
Black Mtns. South,2,spectral hound,1,13444,54718,False,0,0,6-7,not seen by CapnBry here
Black Mtns. South,2,spectral hound,1,24316,38553,False,0,0,6-7,not seen by CapnBry here
Black Mtns. South,2,spectral hound,1,30378,53595,False,0,0,6-7,not seen by CapnBry here
Black Mtns. South,2,spectral hound,1,46320,37149,False,0,0,6-7,not seen by CapnBry here
Black Mtns. South,2,grilk's ratmaker,1,4368,6097,False,0,0,8-8,not seen by CapnBry here
Black Mtns. South,2,gundron mccory,1,51952,33620,False,0,0,9-11,not seen by CapnBry here
Black Mtns. South,2,dwarf pillager,2,6404,54822,False,0,0,4-5,not seen by CapnBry here
Black Mtns. South,2,throatripper,1,6368,48045,False,0,0,11-11,not seen by CapnBry here
Black Mtns. South,2,decayed zombie,1,28777,33763,False,0,0,3-3,not seen by CapnBry here
Black Mtns. South,2,sacrificer harish,1,42469,121,False,0,0,15-15,not seen by CapnBry here
Black Mtns. South,2,spriggarn stalker,1,59506,45688,False,0,0,5-5,not seen by CapnBry here
Black Mtns. South,2,summoned rat,1,12634,41739,False,0,0,1-1,not seen by CapnBry here
Black Mtns. South,2,grilk's footscratcher,1,4219,4864,False,0,0,9-9,not seen by CapnBry here
Black Mtns. South,2,summoned spirit,1,12601,41406,False,0,0,10-11,not seen by CapnBry here
Black Mtns. South,2,fusnup,1,18532,30737,False,0,0,7-7,not seen by CapnBry here
Black Mtns. South,2,grilo,1,18668,30971,False,0,0,7-9,not seen by CapnBry here
Black Mtns. South,2,bullyboy,1,50473,33394,True,1,1,5-6,matches CapnBry (small/rare camp)
Black Mtns. South,2,jari,1,7439,54953,False,0,0,11-12,not seen by CapnBry here
Black Mtns. South,2,summoned skeleton,1,12635,41771,False,0,0,20-21,not seen by CapnBry here
Black Mtns. South,2,slith,1,42551,55887,False,0,0,7-7,not seen by CapnBry here
Black Mtns. South,2,welsh hobgoblin,1,57504,39462,False,0,0,17-19,not seen by CapnBry here
Black Mtns. South,2,summoner salizern,1,12631,41633,False,0,0,10-10,not seen by CapnBry here
Black Mtns. South,2,poacher leader,1,4694,50038,False,0,0,5-5,not seen by CapnBry here
Black Mtns. South,2,red dwarf leader,1,58280,51663,False,0,0,9-13,not seen by CapnBry here
Black Mtns. South,2,goblin storm shaman,1,25105,20451,False,0,0,10-11,not seen by CapnBry here
Black Mtns. South,2,grilk,1,4225,5592,False,0,0,13-13,not seen by CapnBry here
Black Mtns. North,3,hill guard,1,8072,18289,False,0,0,11-11,not seen by CapnBry here
Black Mtns. North,3,hill guard,1,6125,14119,False,0,0,11-11,not seen by CapnBry here
Black Mtns. North,3,hill guard,1,3280,45399,False,0,0,11-11,not seen by CapnBry here
Black Mtns. North,3,hill guard,2,4291,43985,False,0,0,11-11,not seen by CapnBry here
Black Mtns. North,3,hill guard,1,2281,43310,False,0,0,11-11,not seen by CapnBry here
Black Mtns. North,3,hill guard,1,9145,14016,False,0,0,11-11,not seen by CapnBry here
Black Mtns. North,3,hill guard,1,12478,12072,False,0,0,11-11,not seen by CapnBry here
Black Mtns. North,3,hill avenger,1,2392,46433,False,0,0,12-12,not seen by CapnBry here
Black Mtns. North,3,hill avenger,2,5474,13477,False,0,0,12-12,not seen by CapnBry here
Black Mtns. North,3,hill avenger,1,9248,19125,False,0,0,12-12,not seen by CapnBry here
Black Mtns. North,3,hill avenger,1,5680,42991,False,0,0,12-12,not seen by CapnBry here
Black Mtns. North,3,enraged cockatrice,1,29184,24795,False,0,0,12-12,not seen by CapnBry here
Black Mtns. North,3,enraged cockatrice,1,7341,20063,False,0,0,12-12,not seen by CapnBry here
Black Mtns. North,3,enraged cockatrice,2,12803,33286,False,0,0,12-12,not seen by CapnBry here
Black Mtns. North,3,enraged cockatrice,2,7798,21869,False,0,0,12-12,not seen by CapnBry here
Black Mtns. North,3,enraged cockatrice,1,37634,14044,True,1,5,12-12,matches CapnBry (small/rare camp)
Black Mtns. North,3,filidh,2,38028,64977,True,1,1,7-8,matches CapnBry (small/rare camp)
Black Mtns. North,3,filidh,1,45708,64535,False,0,0,7-8,not seen by CapnBry here
Black Mtns. North,3,filidh,1,11137,43425,False,0,0,7-8,not seen by CapnBry here
Black Mtns. North,3,filidh,1,12077,41759,False,0,0,7-8,not seen by CapnBry here
Black Mtns. North,3,trimbeak,1,25949,25131,False,0,0,15-15,not seen by CapnBry here
Black Mtns. North,3,undead druid,2,55717,38281,True,2,1,8-10,matches CapnBry (small/rare camp)
Black Mtns. North,3,small bear,2,12239,31318,False,0,0,4-4,not seen by CapnBry here
Black Mtns. North,3,small bear,1,23238,61115,True,2,7,4-4,matches CapnBry (small/rare camp)
Black Mtns. North,3,small bear,1,48294,42956,False,0,0,4-4,not seen by CapnBry here
Black Mtns. North,3,small bear,1,28072,51104,False,0,0,4-4,not seen by CapnBry here
Black Mtns. North,3,small bear,1,24767,31970,True,1,6,4-4,matches CapnBry (small/rare camp)
Black Mtns. North,3,small bear,1,45221,46344,False,0,0,4-4,not seen by CapnBry here
Black Mtns. North,3,small bear,2,25219,63005,True,2,7,4-4,matches CapnBry (small/rare camp)
Black Mtns. North,3,small bear,1,35393,32647,True,1,3,4-4,matches CapnBry (small/rare camp)
Black Mtns. North,3,small bear,1,26367,31612,True,1,6,4-4,matches CapnBry (small/rare camp)
Black Mtns. North,3,small bear,1,17606,59289,True,4,12,4-4,likely short (CapnBry saw more here)
Black Mtns. North,3,small bear,1,37871,15710,False,0,0,4-4,not seen by CapnBry here
Black Mtns. North,3,small bear,1,50004,38169,False,0,0,4-4,not seen by CapnBry here
Black Mtns. North,3,small bear,1,38654,31106,True,2,5,4-4,matches CapnBry (small/rare camp)
Black Mtns. North,3,small bear,2,15137,29323,False,0,0,4-4,not seen by CapnBry here
Black Mtns. North,3,small bear,1,38538,32830,True,2,5,4-4,matches CapnBry (small/rare camp)
Black Mtns. North,3,small bear,1,19706,61101,True,4,12,4-4,likely short (CapnBry saw more here)
Black Mtns. North,3,small bear,1,18322,61746,True,4,8,4-4,likely short (CapnBry saw more here)
Black Mtns. North,3,small bear,1,28488,22794,True,1,4,4-4,matches CapnBry (small/rare camp)
Black Mtns. North,3,small bear,2,12569,33441,False,0,0,4-4,not seen by CapnBry here
Black Mtns. North,3,small bear,1,31925,53792,False,0,0,4-4,not seen by CapnBry here
Black Mtns. North,3,small bear,1,21920,55432,True,2,5,4-4,matches CapnBry (small/rare camp)
Black Mtns. North,3,small bear,1,25982,29338,True,1,5,4-4,matches CapnBry (small/rare camp)
Black Mtns. North,3,small bear,1,13125,29945,False,0,0,4-4,not seen by CapnBry here
Black Mtns. North,3,giant spider,2,19978,38353,True,1,2,6-8,matches CapnBry (small/rare camp)
Black Mtns. North,3,giant spider,1,27629,46801,False,0,0,6-8,not seen by CapnBry here
Black Mtns. North,3,giant spider,1,25987,29737,True,2,2,6-8,matches CapnBry (small/rare camp)
Black Mtns. North,3,giant spider,1,21721,41079,True,1,1,6-8,matches CapnBry (small/rare camp)
Black Mtns. North,3,giant spider,1,46020,44743,True,1,7,6-8,matches CapnBry (small/rare camp)
Black Mtns. North,3,giant spider,1,27383,32648,True,2,2,6-8,matches CapnBry (small/rare camp)
Black Mtns. North,3,giant spider,1,22133,36140,True,1,1,6-8,matches CapnBry (small/rare camp)
Black Mtns. North,3,giant spider,2,50006,45416,True,1,7,6-8,matches CapnBry (small/rare camp)
Black Mtns. North,3,giant spider,1,20861,62734,False,0,0,6-8,not seen by CapnBry here
Black Mtns. North,3,giant spider,1,17195,39515,True,1,1,6-8,matches CapnBry (small/rare camp)
Black Mtns. North,3,giant spider,1,27108,58319,False,0,0,6-8,not seen by CapnBry here
Black Mtns. North,3,giant spider,1,26447,45525,False,0,0,6-8,not seen by CapnBry here
Black Mtns. North,3,giant spider,1,29973,51084,False,0,0,6-8,not seen by CapnBry here
Black Mtns. North,3,giant spider,1,30719,65443,True,3,2,6-8,likely short (CapnBry saw more here)
Black Mtns. North,3,giant spider,1,23901,61316,False,0,0,6-8,not seen by CapnBry here
Black Mtns. North,3,forest tracker,1,48387,42792,True,1,1,15-15,matches CapnBry (small/rare camp)
Black Mtns. North,3,forest tracker,1,35854,30346,True,1,2,15-15,matches CapnBry (small/rare camp)
Black Mtns. North,3,forest tracker,1,50048,51008,False,0,0,15-15,not seen by CapnBry here
Black Mtns. North,3,forest tracker,2,49951,41532,True,1,1,15-15,matches CapnBry (small/rare camp)
Black Mtns. North,3,forest tracker,1,49338,44749,True,1,1,15-15,matches CapnBry (small/rare camp)
Black Mtns. North,3,forest tracker,1,53984,53792,False,0,0,15-15,not seen by CapnBry here
Black Mtns. North,3,gray warg,2,18222,29467,True,2,2,9-11,matches CapnBry (small/rare camp)
Black Mtns. North,3,gray warg,1,3224,44358,False,0,0,9-11,not seen by CapnBry here
Black Mtns. North,3,gray warg,1,22151,32422,True,2,2,9-11,matches CapnBry (small/rare camp)
Black Mtns. North,3,gray warg,1,22119,30741,True,2,2,9-11,matches CapnBry (small/rare camp)
Black Mtns. North,3,gray warg,1,19063,32176,True,2,2,9-11,matches CapnBry (small/rare camp)
Black Mtns. North,3,gray warg,1,21782,28131,True,2,2,9-11,matches CapnBry (small/rare camp)
Black Mtns. North,3,gray warg,2,18835,34516,True,2,2,9-11,matches CapnBry (small/rare camp)
Black Mtns. North,3,forest chief,1,38662,28867,True,1,2,19-19,matches CapnBry (small/rare camp)
Black Mtns. North,3,forest chief,1,33643,16693,True,1,3,19-19,matches CapnBry (small/rare camp)
Black Mtns. North,3,bear,1,13128,29738,False,0,0,8-8,not seen by CapnBry here
Black Mtns. North,3,bear,1,37062,51561,True,1,1,8-8,matches CapnBry (small/rare camp)
Black Mtns. North,3,bear,1,37015,47031,False,0,0,8-8,not seen by CapnBry here
Black Mtns. North,3,bear,2,50984,59461,False,0,0,8-8,not seen by CapnBry here
Black Mtns. North,3,bear,1,33860,31992,True,2,1,8-8,matches CapnBry (small/rare camp)
Black Mtns. North,3,bear,1,50598,57159,False,0,0,8-8,not seen by CapnBry here
Black Mtns. North,3,bear,2,14499,31165,False,0,0,8-8,not seen by CapnBry here
Black Mtns. North,3,bear,1,34632,26624,False,0,0,8-8,not seen by CapnBry here
Black Mtns. North,3,bear,1,47746,55522,False,0,0,8-8,not seen by CapnBry here
Black Mtns. North,3,bear,1,38926,52892,True,1,1,8-8,matches CapnBry (small/rare camp)
Black Mtns. North,3,bear,1,32598,22023,True,1,6,8-8,matches CapnBry (small/rare camp)
Black Mtns. North,3,bear,1,50551,44794,False,0,0,8-8,not seen by CapnBry here
Black Mtns. North,3,bear,1,27608,47948,True,1,1,8-8,matches CapnBry (small/rare camp)
Black Mtns. North,3,bear,1,27482,62870,True,2,7,8-8,matches CapnBry (small/rare camp)
Black Mtns. North,3,bear,1,41121,43813,False,0,0,8-8,not seen by CapnBry here
Black Mtns. North,3,bear,1,25744,60312,True,2,7,8-8,matches CapnBry (small/rare camp)
Black Mtns. North,3,bear,1,15978,62008,True,2,3,8-8,matches CapnBry (small/rare camp)
Black Mtns. North,3,bear,2,24731,62546,True,2,7,8-8,matches CapnBry (small/rare camp)
Black Mtns. North,3,bear,1,36585,30702,True,2,1,8-8,matches CapnBry (small/rare camp)
Black Mtns. North,3,bear,1,18165,61286,True,2,3,8-8,matches CapnBry (small/rare camp)
Black Mtns. North,3,bear,1,47337,45276,False,0,0,8-8,not seen by CapnBry here
Black Mtns. North,3,bear,1,19315,60091,True,2,3,8-8,matches CapnBry (small/rare camp)
Black Mtns. North,3,bear,1,19100,63099,True,2,3,8-8,matches CapnBry (small/rare camp)
Black Mtns. North,3,forest smuggler,1,50812,41939,True,1,6,17-17,matches CapnBry (small/rare camp)
Black Mtns. North,3,forest smuggler,2,48511,41877,True,1,6,17-17,matches CapnBry (small/rare camp)
Black Mtns. North,3,forest smuggler,1,24383,29018,False,0,0,17-17,not seen by CapnBry here
Black Mtns. North,3,forest smuggler,1,35378,28947,True,1,5,17-17,matches CapnBry (small/rare camp)
Black Mtns. North,3,forest smuggler,1,50519,43445,True,1,6,17-17,matches CapnBry (small/rare camp)
Black Mtns. North,3,dryad,1,20228,52300,False,0,0,7-9,not seen by CapnBry here
Black Mtns. North,3,dryad,1,21604,31934,False,0,0,7-9,not seen by CapnBry here
Black Mtns. North,3,forest lion,1,23232,36271,True,2,1,6-6,matches CapnBry (small/rare camp)
Black Mtns. North,3,forest lion,1,28027,65376,False,0,0,6-6,not seen by CapnBry here
Black Mtns. North,3,forest lion,1,22100,41346,False,0,0,6-6,not seen by CapnBry here
Black Mtns. North,3,forest lion,1,23820,57395,False,0,0,6-6,not seen by CapnBry here
Black Mtns. North,3,forest lion,2,17686,60369,True,4,2,6-6,likely short (CapnBry saw more here)
Black Mtns. North,3,forest lion,1,13711,30699,False,0,0,6-6,not seen by CapnBry here
Black Mtns. North,3,forest lion,1,36160,42199,False,0,0,6-6,not seen by CapnBry here
Black Mtns. North,3,forest lion,1,21982,53578,False,0,0,6-6,not seen by CapnBry here
Black Mtns. North,3,forest lion,2,33351,64462,False,0,0,6-6,not seen by CapnBry here
Black Mtns. North,3,forest lion,1,31883,56865,True,1,1,6-6,matches CapnBry (small/rare camp)
Black Mtns. North,3,forest lion,1,26810,45128,False,0,0,6-6,not seen by CapnBry here
Black Mtns. North,3,forest lion,1,31550,44077,False,0,0,6-6,not seen by CapnBry here
Black Mtns. North,3,forest lion,1,20010,36630,True,2,1,6-6,matches CapnBry (small/rare camp)
Black Mtns. North,3,forest lion,1,52436,57548,False,0,0,6-6,not seen by CapnBry here
Black Mtns. North,3,forest lion,1,29022,20129,False,0,0,6-6,not seen by CapnBry here
Black Mtns. North,3,forest lion,1,24398,60505,True,1,5,6-6,matches CapnBry (small/rare camp)
Black Mtns. North,3,forest lion,1,20113,58812,True,4,2,6-6,likely short (CapnBry saw more here)
Black Mtns. North,3,forest lion,1,20024,62965,True,4,3,6-6,likely short (CapnBry saw more here)
Black Mtns. North,3,forest lion,1,19923,34915,True,2,1,6-6,matches CapnBry (small/rare camp)
Black Mtns. North,3,forest lion,1,22632,31005,True,2,1,6-6,matches CapnBry (small/rare camp)
Black Mtns. North,3,filidh sacrificer,1,48608,30391,True,1,1,9-10,matches CapnBry (small/rare camp)
Black Mtns. North,3,filidh sacrificer,1,56608,30816,False,0,0,9-10,not seen by CapnBry here
Black Mtns. North,3,filidh sacrificer,1,10669,46175,False,0,0,9-10,not seen by CapnBry here
Black Mtns. North,3,filidh sacrificer,1,46196,65102,False,0,0,9-10,not seen by CapnBry here
Black Mtns. North,3,filidh sacrificer,1,10456,43947,False,0,0,9-10,not seen by CapnBry here
Black Mtns. North,3,filidh sacrificer,1,47916,65018,False,0,0,9-10,not seen by CapnBry here
Black Mtns. North,3,hill warrior,2,10553,13373,False,0,0,10-10,not seen by CapnBry here
Black Mtns. North,3,hill warrior,1,11699,11858,False,0,0,10-10,not seen by CapnBry here
Black Mtns. North,3,hill warrior,1,5911,14341,False,0,0,10-10,not seen by CapnBry here
Black Mtns. North,3,goblin,1,7513,65373,False,0,0,8-32,not seen by CapnBry here
Black Mtns. North,3,goblin,1,16342,31308,False,0,0,8-32,not seen by CapnBry here
Black Mtns. North,3,mystic ulfwag,1,18547,26634,False,0,0,12-12,not seen by CapnBry here
Black Mtns. North,3,erick redbeard,1,26597,40894,False,0,0,12-12,not seen by CapnBry here
Black Mtns. North,3,pixie scout,1,18139,46259,True,1,4,8-8,matches CapnBry (small/rare camp)
Black Mtns. North,3,pixie scout,1,27941,29987,False,0,0,8-8,not seen by CapnBry here
Black Mtns. North,3,pixie scout,1,26150,31261,False,0,0,8-8,not seen by CapnBry here
Black Mtns. North,3,dryad invert,1,32572,48487,True,1,1,9-9,matches CapnBry (small/rare camp)
Black Mtns. North,3,leorcelis grant,1,11969,39434,False,0,0,51-52,not seen by CapnBry here
Black Mtns. North,3,devout filidh,2,46175,64693,True,2,1,8-9,matches CapnBry (small/rare camp)
Black Mtns. North,3,devout filidh,1,36951,64423,True,1,3,8-9,matches CapnBry (small/rare camp)
Black Mtns. North,3,devout filidh,1,11663,42698,False,0,0,8-9,not seen by CapnBry here
Black Mtns. North,3,devout filidh,1,48171,64456,True,2,1,8-9,matches CapnBry (small/rare camp)
Black Mtns. North,3,dragon ant drone,2,32002,26752,True,2,7,8-8,matches CapnBry (small/rare camp)
Black Mtns. North,3,sergeant cosworth,1,11481,39707,False,0,0,10-11,not seen by CapnBry here
Black Mtns. North,3,goblin scout,1,19470,25602,False,0,0,7-7,not seen by CapnBry here
Black Mtns. North,3,goblin scout,1,15888,27480,False,0,0,7-7,not seen by CapnBry here
Black Mtns. North,3,necromancer,2,11630,49355,False,0,0,31-33,not seen by CapnBry here
Black Mtns. North,3,goblin warrior,2,19365,27090,True,1,2,8-8,matches CapnBry (small/rare camp)
Black Mtns. North,3,goblin warrior,1,21353,32545,True,1,1,8-8,matches CapnBry (small/rare camp)
Black Mtns. North,3,goblin warrior,1,18686,34469,False,0,0,8-8,not seen by CapnBry here
Black Mtns. North,3,goblin warrior,1,19257,30214,True,1,2,8-8,matches CapnBry (small/rare camp)
Black Mtns. North,3,sir gerenth,1,11949,39662,False,0,0,10-10,not seen by CapnBry here
Black Mtns. North,3,heretic elam,1,50816,39056,False,0,0,15-15,not seen by CapnBry here
Black Mtns. North,3,hill chief alrek,1,5725,14459,False,0,0,15-15,not seen by CapnBry here
Black Mtns. North,3,cauld lad,1,45019,37915,False,0,0,53-55,not seen by CapnBry here
Black Mtns. North,3,crimson initiate,1,5658,46102,False,0,0,28-30,not seen by CapnBry here
Black Mtns. North,3,crimson initiate,1,6366,13128,False,0,0,28-30,not seen by CapnBry here
Black Mtns. North,3,glimbeak,1,34373,18202,False,0,0,15-15,not seen by CapnBry here
Black Mtns. North,3,slimbeak,1,34424,14590,False,0,0,15-15,not seen by CapnBry here
Black Mtns. North,3,hill shaman,2,5711,14099,False,0,0,12-12,not seen by CapnBry here
Black Mtns. North,3,hill shaman,1,4689,44392,False,0,0,12-12,not seen by CapnBry here
Black Mtns. North,3,druid pet,1,43239,65022,False,0,0,4-4,not seen by CapnBry here
Black Mtns. North,3,grimbeak,1,34390,18066,False,0,0,15-15,not seen by CapnBry here
Black Mtns. North,3,poacher leader,1,20008,52243,True,1,1,5-5,matches CapnBry (small/rare camp)
Cornwall,6,bucca,1,41586,38284,False,0,0,23-24,not seen by CapnBry here
Cornwall,6,bucca,1,37923,35423,False,0,0,23-24,not seen by CapnBry here
Cornwall,6,bucca,1,43303,28899,False,0,0,23-24,not seen by CapnBry here
Cornwall,6,bucca,1,38344,31646,False,0,0,23-24,not seen by CapnBry here
Cornwall,6,bucca,1,43366,30579,False,0,0,23-24,not seen by CapnBry here
Cornwall,6,bucca,2,43981,33668,False,0,0,23-24,not seen by CapnBry here
Cornwall,6,bucca,1,57366,44919,False,0,0,23-24,not seen by CapnBry here
Cornwall,6,bucca,1,55440,45020,False,0,0,23-24,not seen by CapnBry here
Cornwall,6,black bear,1,30037,26808,False,0,0,16-21,not seen by CapnBry here
Cornwall,6,black bear,2,42997,21864,False,0,0,16-21,not seen by CapnBry here
Cornwall,6,black bear,1,18999,36228,True,5,4,16-21,likely short (CapnBry saw more here)
Cornwall,6,black bear,2,44049,23067,False,0,0,16-21,not seen by CapnBry here
Cornwall,6,black bear,1,20826,36909,True,5,4,16-21,likely short (CapnBry saw more here)
Cornwall,6,black bear,1,22701,44393,False,0,0,16-21,not seen by CapnBry here
Cornwall,6,black bear,1,23709,37688,True,5,4,16-21,likely short (CapnBry saw more here)
Cornwall,6,black bear,1,37900,47828,False,0,0,16-21,not seen by CapnBry here
Cornwall,6,black bear,1,55491,33304,False,0,0,16-21,not seen by CapnBry here
Cornwall,6,black bear,1,48175,21582,False,0,0,16-21,not seen by CapnBry here
Cornwall,6,black bear,1,64595,32488,False,0,0,16-21,not seen by CapnBry here
Cornwall,6,black bear,1,43047,49506,False,0,0,16-21,not seen by CapnBry here
Cornwall,6,black bear,1,43772,43908,False,0,0,16-21,not seen by CapnBry here
Cornwall,6,black bear,2,32796,29866,True,6,1,16-21,likely short (CapnBry saw more here)
Cornwall,6,black bear,1,62591,27387,False,0,0,16-21,not seen by CapnBry here
Cornwall,6,black bear,2,62095,35745,False,0,0,16-21,not seen by CapnBry here
Cornwall,6,black bear,1,53504,31292,False,0,0,16-21,not seen by CapnBry here
Cornwall,6,black bear,1,60924,32788,False,0,0,16-21,not seen by CapnBry here
Cornwall,6,black bear,2,25534,45123,False,0,0,16-21,not seen by CapnBry here
Cornwall,6,black bear,1,22901,35412,True,5,4,16-21,likely short (CapnBry saw more here)
Cornwall,6,black bear,1,47828,30271,False,0,0,16-21,not seen by CapnBry here
Cornwall,6,black bear,1,61348,26520,False,0,0,16-21,not seen by CapnBry here
Cornwall,6,black bear,1,28466,43732,False,0,0,16-21,not seen by CapnBry here
Cornwall,6,black bear,1,29486,46606,False,0,0,16-21,not seen by CapnBry here
Cornwall,6,black bear,1,41560,47512,False,0,0,16-21,not seen by CapnBry here
Cornwall,6,black bear,1,39758,47151,False,0,0,16-21,not seen by CapnBry here
Cornwall,6,black bear,1,28723,48189,False,0,0,16-21,not seen by CapnBry here
Cornwall,6,moor boogey,1,36421,36907,False,0,0,25-30,not seen by CapnBry here
Cornwall,6,moor boogey,1,59998,47526,False,0,0,25-30,not seen by CapnBry here
Cornwall,6,moor boogey,2,36063,44393,False,0,0,25-30,not seen by CapnBry here
Cornwall,6,moor boogey,2,33456,59277,False,0,0,25-30,not seen by CapnBry here
Cornwall,6,brown bear,2,62888,26820,False,0,0,15-15,not seen by CapnBry here
Cornwall,6,brown bear,1,36875,25179,False,0,0,15-15,not seen by CapnBry here
Cornwall,6,brown bear,1,49755,19052,True,1,1,15-15,matches CapnBry (small/rare camp)
Cornwall,6,brown bear,1,44321,22977,False,0,0,15-15,not seen by CapnBry here
Cornwall,6,brown bear,1,63570,18668,True,1,3,15-15,matches CapnBry (small/rare camp)
Cornwall,6,brown bear,1,42169,45931,False,0,0,15-15,not seen by CapnBry here
Cornwall,6,brown bear,1,51432,29563,False,0,0,15-15,not seen by CapnBry here
Cornwall,6,brown bear,1,64948,19462,True,1,3,15-15,matches CapnBry (small/rare camp)
Cornwall,6,brown bear,2,56990,7250,False,0,0,15-15,not seen by CapnBry here
Cornwall,6,brown bear,1,29673,30067,False,0,0,15-15,not seen by CapnBry here
Cornwall,6,brown bear,1,56735,14387,False,0,0,15-15,not seen by CapnBry here
Cornwall,6,brown bear,1,48936,27831,False,0,0,15-15,not seen by CapnBry here
Cornwall,6,brown bear,2,53936,29533,False,0,0,15-15,not seen by CapnBry here
Cornwall,6,brown bear,1,60341,15695,True,1,3,15-15,matches CapnBry (small/rare camp)
Cornwall,6,brown bear,2,48091,4109,False,0,0,15-15,not seen by CapnBry here
Cornwall,6,brown bear,1,53722,19481,True,1,1,15-15,matches CapnBry (small/rare camp)
Cornwall,6,brown bear,2,63001,20478,True,1,3,15-15,matches CapnBry (small/rare camp)
Cornwall,6,brown bear,1,25781,47365,False,0,0,15-15,not seen by CapnBry here
Cornwall,6,brown bear,1,54226,15862,False,0,0,15-15,not seen by CapnBry here
Cornwall,6,brown bear,1,50549,8180,False,0,0,15-15,not seen by CapnBry here
Cornwall,6,brown bear,1,48598,7003,False,0,0,15-15,not seen by CapnBry here
Cornwall,6,brown bear,1,24053,41449,False,0,0,15-15,not seen by CapnBry here
Cornwall,6,moor wolf,1,53382,20035,True,1,2,14-14,matches CapnBry (small/rare camp)
Cornwall,6,moor wolf,1,61362,30110,False,0,0,14-14,not seen by CapnBry here
Cornwall,6,moor wolf,1,49788,26280,False,0,0,14-14,not seen by CapnBry here
Cornwall,6,moor wolf,1,57932,15726,False,0,0,14-14,not seen by CapnBry here
Cornwall,6,moor wolf,2,61588,20148,True,2,3,14-14,matches CapnBry (small/rare camp)
Cornwall,6,moor wolf,1,58689,29772,False,0,0,14-14,not seen by CapnBry here
Cornwall,6,moor wolf,1,37830,22549,False,0,0,14-14,not seen by CapnBry here
Cornwall,6,moor wolf,1,34818,30942,False,0,0,14-14,not seen by CapnBry here
Cornwall,6,moor wolf,1,23986,47131,False,0,0,14-14,not seen by CapnBry here
Cornwall,6,moor wolf,2,54597,29709,False,0,0,14-14,not seen by CapnBry here
Cornwall,6,moor wolf,1,61527,28603,False,0,0,14-14,not seen by CapnBry here
Cornwall,6,moor wolf,1,49891,19608,True,1,2,14-14,matches CapnBry (small/rare camp)
Cornwall,6,moor wolf,2,60290,15739,True,2,3,14-14,matches CapnBry (small/rare camp)
Cornwall,6,moor wolf,2,64354,19349,True,2,3,14-14,matches CapnBry (small/rare camp)
Cornwall,6,moor wolf,1,41864,24905,False,0,0,14-14,not seen by CapnBry here
Cornwall,6,moor wolf,1,60956,12931,False,0,0,14-14,not seen by CapnBry here
Cornwall,6,moor wolf,1,28751,31650,False,0,0,14-14,not seen by CapnBry here
Cornwall,6,moor wolf,1,63742,26033,False,0,0,14-14,not seen by CapnBry here
Cornwall,6,moor wolf,1,48598,28665,False,0,0,14-14,not seen by CapnBry here
Cornwall,6,moor wolf,1,56863,29648,False,0,0,14-14,not seen by CapnBry here
Cornwall,6,moor wolf,1,64286,28177,False,0,0,14-14,not seen by CapnBry here
Cornwall,6,elder beech,2,24625,33134,True,1,6,23-28,matches CapnBry (small/rare camp)
Cornwall,6,elder beech,2,58350,41822,False,0,0,23-28,not seen by CapnBry here
Cornwall,6,elder beech,1,38393,27996,False,0,0,23-28,not seen by CapnBry here
Cornwall,6,elder beech,1,39982,58378,False,0,0,23-28,not seen by CapnBry here
Cornwall,6,elder beech,1,59040,39722,False,0,0,23-28,not seen by CapnBry here
Cornwall,6,elder beech,1,25026,31173,True,1,6,23-28,matches CapnBry (small/rare camp)
Cornwall,6,young brown bear,1,53252,30992,False,0,0,13-13,not seen by CapnBry here
Cornwall,6,young brown bear,2,60673,20092,True,2,2,13-13,matches CapnBry (small/rare camp)
Cornwall,6,young brown bear,1,53690,16333,False,0,0,13-13,not seen by CapnBry here
Cornwall,6,young brown bear,1,61104,25793,False,0,0,13-13,not seen by CapnBry here
Cornwall,6,young brown bear,1,59468,15325,True,2,2,13-13,matches CapnBry (small/rare camp)
Cornwall,6,young brown bear,1,61397,30191,False,0,0,13-13,not seen by CapnBry here
Cornwall,6,young brown bear,1,56665,12667,False,0,0,13-13,not seen by CapnBry here
Cornwall,6,young brown bear,1,56413,29093,False,0,0,13-13,not seen by CapnBry here
Cornwall,6,young brown bear,1,50886,7539,False,0,0,13-13,not seen by CapnBry here
Cornwall,6,young brown bear,1,54622,30042,False,0,0,13-13,not seen by CapnBry here
Cornwall,6,giant rooter,2,41785,56735,False,0,0,30-34,not seen by CapnBry here
Cornwall,6,giant rooter,1,16337,46242,True,1,3,30-34,matches CapnBry (small/rare camp)
Cornwall,6,giant rooter,2,17288,51482,False,0,0,30-34,not seen by CapnBry here
Cornwall,6,giant rooter,1,61048,40428,False,0,0,30-34,not seen by CapnBry here
Cornwall,6,giant rooter,2,35913,57341,False,0,0,30-34,not seen by CapnBry here
Cornwall,6,giant rooter,1,33948,57275,False,0,0,30-34,not seen by CapnBry here
Cornwall,6,giant rooter,1,51131,53805,False,0,0,30-34,not seen by CapnBry here
Cornwall,6,giant rooter,1,60498,43271,False,0,0,30-34,not seen by CapnBry here
Cornwall,6,giant rooter,1,46405,50975,False,0,0,30-34,not seen by CapnBry here
Cornwall,6,giant rooter,1,61649,38865,False,0,0,30-34,not seen by CapnBry here
Cornwall,6,giant skeleton,1,17942,38658,False,0,0,27-28,not seen by CapnBry here
Cornwall,6,giant skeleton,2,25230,52894,False,0,0,27-28,not seen by CapnBry here
Cornwall,6,cornwall drake,1,7294,47956,False,0,0,40-44,not seen by CapnBry here
Cornwall,6,cornwall drake,1,9078,56933,False,0,0,40-44,not seen by CapnBry here
Cornwall,6,death stalker,1,33873,30044,False,0,0,18-19,not seen by CapnBry here
Cornwall,6,death stalker,1,38188,48710,False,0,0,18-19,not seen by CapnBry here
Cornwall,6,death stalker,2,23847,43750,False,0,0,18-19,not seen by CapnBry here
Cornwall,6,death stalker,1,46471,21834,False,0,0,18-19,not seen by CapnBry here
Cornwall,6,death stalker,1,41590,44925,False,0,0,18-19,not seen by CapnBry here
Cornwall,6,death stalker,1,27416,33394,False,0,0,18-19,not seen by CapnBry here
Cornwall,6,death stalker,1,27279,46049,False,0,0,18-19,not seen by CapnBry here
Cornwall,6,death stalker,1,40435,23862,False,0,0,18-19,not seen by CapnBry here
Cornwall,6,death stalker,1,36425,24311,False,0,0,18-19,not seen by CapnBry here
Cornwall,6,death stalker,1,35820,27387,False,0,0,18-19,not seen by CapnBry here
Cornwall,6,moor pack leader,2,29144,32163,False,0,0,15-15,not seen by CapnBry here
Cornwall,6,moor pack leader,2,38332,46823,False,0,0,15-15,not seen by CapnBry here
Cornwall,6,moor pack leader,1,41879,24934,False,0,0,15-15,not seen by CapnBry here
Cornwall,6,moor pack leader,1,37742,22098,False,0,0,15-15,not seen by CapnBry here
Cornwall,6,moor pack leader,2,47181,20646,False,0,0,15-15,not seen by CapnBry here
Cornwall,6,moor pack leader,1,25005,42132,False,0,0,15-15,not seen by CapnBry here
Cornwall,6,moor pack leader,1,35392,25622,True,1,2,15-15,matches CapnBry (small/rare camp)
Cornwall,6,moor pack leader,1,32325,30619,True,1,2,15-15,matches CapnBry (small/rare camp)
Cornwall,6,cornish frog,1,62897,27680,False,0,0,13-13,not seen by CapnBry here
Cornwall,6,cornish frog,1,48913,10349,False,0,0,13-13,not seen by CapnBry here
Cornwall,6,cornish frog,1,57298,7206,False,0,0,13-13,not seen by CapnBry here
Cornwall,6,cornish frog,1,50896,19875,False,0,0,13-13,not seen by CapnBry here
Cornwall,6,cornish frog,1,61450,28481,False,0,0,13-13,not seen by CapnBry here
Cornwall,6,cornish frog,1,51694,17539,False,0,0,13-13,not seen by CapnBry here
Cornwall,6,cornish frog,1,61467,26767,False,0,0,13-13,not seen by CapnBry here
Cornwall,6,cornish frog,1,64121,19357,False,0,0,13-13,not seen by CapnBry here
Cornwall,6,cornish frog,1,60751,16678,False,0,0,13-13,not seen by CapnBry here
Cornwall,6,cornish frog,1,62478,20712,False,0,0,13-13,not seen by CapnBry here
Cornwall,6,cornish frog,1,52180,29644,False,0,0,13-13,not seen by CapnBry here
Cornwall,6,cornish frog,1,51113,9822,False,0,0,13-13,not seen by CapnBry here
Cornwall,6,cornish frog,1,53114,19030,False,0,0,13-13,not seen by CapnBry here
Cornwall,6,cornish frog,1,52282,6515,False,0,0,13-13,not seen by CapnBry here
Cornwall,6,cornish frog,1,58561,15190,False,0,0,13-13,not seen by CapnBry here
Cornwall,6,cornish frog,1,54929,30955,False,0,0,13-13,not seen by CapnBry here
Cornwall,6,cornish frog,1,59803,13115,False,0,0,13-13,not seen by CapnBry here
Cornwall,6,cornish frog,1,50137,28205,False,0,0,13-13,not seen by CapnBry here
Cornwall,6,greater boogey,1,51900,60069,False,0,0,35-41,not seen by CapnBry here
Cornwall,6,greater boogey,1,17477,55728,False,0,0,35-41,not seen by CapnBry here
Cornwall,6,muryan,2,61858,31280,False,0,0,18-20,not seen by CapnBry here
Cornwall,6,muryan,1,65206,34791,False,0,0,18-20,not seen by CapnBry here
Cornwall,6,cornwall hunter,1,50621,12296,False,0,0,23-25,not seen by CapnBry here
Cornwall,6,cornwall hunter,1,54688,12003,False,0,0,23-25,not seen by CapnBry here
Cornwall,6,cornwall hunter,2,38199,34346,False,0,0,23-25,not seen by CapnBry here
Cornwall,6,cornwall hunter,2,50649,44498,False,0,0,23-25,not seen by CapnBry here
Cornwall,6,cornwall hunter,1,43296,29580,False,0,0,23-25,not seen by CapnBry here
Cornwall,6,cornwall hunter,1,38351,32256,False,0,0,23-25,not seen by CapnBry here
Cornwall,6,cornwall hunter,1,57646,45105,False,0,0,23-25,not seen by CapnBry here
Cornwall,6,forest cat,1,39633,21514,False,0,0,16-16,not seen by CapnBry here
Cornwall,6,forest cat,1,27346,42398,False,0,0,16-16,not seen by CapnBry here
Cornwall,6,forest cat,1,26094,46182,False,0,0,16-16,not seen by CapnBry here
Cornwall,6,forest cat,2,24109,44150,False,0,0,16-16,not seen by CapnBry here
Cornwall,6,forest cat,1,29227,31429,True,1,1,16-16,matches CapnBry (small/rare camp)
Cornwall,6,forest cat,1,38061,24240,False,0,0,16-16,not seen by CapnBry here
Cornwall,6,forest cat,1,30893,32226,True,1,1,16-16,matches CapnBry (small/rare camp)
Cornwall,6,forest cat,1,43871,22987,False,0,0,16-16,not seen by CapnBry here
Cornwall,6,forest cat,1,40908,48088,False,0,0,16-16,not seen by CapnBry here
Cornwall,6,forest cat,1,27644,44560,False,0,0,16-16,not seen by CapnBry here
Cornwall,6,forest cat,1,40281,25063,False,0,0,16-16,not seen by CapnBry here
Cornwall,6,kalnraw,1,40669,23120,False,0,0,40-45,not seen by CapnBry here
Cornwall,6,muryan trickster,1,53205,36980,False,0,0,20-21,not seen by CapnBry here
Cornwall,6,skeletal centurion,1,52868,49312,False,0,0,21-21,not seen by CapnBry here
Cornwall,6,cliff spiderling,1,34294,21731,False,0,0,14-14,not seen by CapnBry here
Cornwall,6,cliff spiderling,1,49002,10401,False,0,0,14-14,not seen by CapnBry here
Cornwall,6,cornish hen,1,42482,29192,False,0,0,24-24,not seen by CapnBry here
Cornwall,6,cornish hen,1,51171,42844,False,0,0,24-24,not seen by CapnBry here
Cornwall,6,cornish hen,1,49915,44382,False,0,0,24-24,not seen by CapnBry here
Cornwall,6,cornish hen,2,39188,32469,False,0,0,24-24,not seen by CapnBry here
Cornwall,6,cornish hen,1,44317,31269,False,0,0,24-24,not seen by CapnBry here
Cornwall,6,moor den mother,1,42062,49095,False,0,0,17-17,not seen by CapnBry here
Cornwall,6,moor den mother,1,27759,42732,False,0,0,17-17,not seen by CapnBry here
Cornwall,6,moor den mother,1,40079,48279,False,0,0,17-17,not seen by CapnBry here
Cornwall,6,moor den mother,1,33061,28611,True,1,3,17-17,matches CapnBry (small/rare camp)
Cornwall,6,moor den mother,1,35426,25417,True,1,1,17-17,matches CapnBry (small/rare camp)
Cornwall,6,moor den mother,1,30708,40532,False,0,0,17-17,not seen by CapnBry here
Cornwall,6,moor den mother,1,39989,24175,False,0,0,17-17,not seen by CapnBry here
Cornwall,6,moor den mother,1,43074,22473,False,0,0,17-17,not seen by CapnBry here
Cornwall,6,moor den mother,1,28424,29950,True,1,2,17-17,matches CapnBry (small/rare camp)
Cornwall,6,moor den mother,1,43299,47349,False,0,0,17-17,not seen by CapnBry here
Cornwall,6,cornish giant,1,3144,32758,False,0,0,40-40,not seen by CapnBry here
Cornwall,6,cornish giant,1,5179,45736,False,0,0,40-40,not seen by CapnBry here
Cornwall,6,tusker,1,18922,51223,False,0,0,45-45,not seen by CapnBry here
Cornwall,6,cirfans,1,4465,50118,False,0,0,50-50,not seen by CapnBry here
Cornwall,6,brother jarrel,1,47635,15060,False,0,0,14-14,not seen by CapnBry here
Campacorentin Forest,8,river spriteling,1,5393,30492,False,0,0,3-4,not seen by CapnBry here
Campacorentin Forest,8,swamp slime,2,5576,41094,False,0,0,3-3,not seen by CapnBry here
Campacorentin Forest,8,bloated spider,1,50628,49959,False,0,0,10-11,not seen by CapnBry here
Campacorentin Forest,8,bloated spider,1,51135,29800,True,10,34,10-11,likely short (CapnBry saw more here)
Campacorentin Forest,8,bloated spider,1,51688,32349,True,6,12,10-11,likely short (CapnBry saw more here)
Campacorentin Forest,8,bloated spider,2,37999,45567,True,1,1,10-11,matches CapnBry (small/rare camp)
Campacorentin Forest,8,bloated spider,1,40650,47322,True,1,1,10-11,matches CapnBry (small/rare camp)
Campacorentin Forest,8,bloated spider,1,56717,30650,True,3,1,10-11,likely short (CapnBry saw more here)
Campacorentin Forest,8,bloated spider,1,49814,28462,True,10,33,10-11,likely short (CapnBry saw more here)
Campacorentin Forest,8,bloated spider,1,57234,26641,True,3,1,10-11,likely short (CapnBry saw more here)
Campacorentin Forest,8,forest cat,1,36183,62605,False,0,0,16-16,not seen by CapnBry here
Campacorentin Forest,8,forest cat,1,38271,62252,False,0,0,16-16,not seen by CapnBry here
Campacorentin Forest,8,forest cat,2,34071,56750,False,0,0,16-16,not seen by CapnBry here
Campacorentin Forest,8,forest cat,1,30871,59612,False,0,0,16-16,not seen by CapnBry here
Campacorentin Forest,8,forest cat,1,32370,59929,False,0,0,16-16,not seen by CapnBry here
Campacorentin Forest,8,forest cat,1,30953,58104,False,0,0,16-16,not seen by CapnBry here
Campacorentin Forest,8,gray wolf pup,2,30442,14195,False,0,0,1-1,not seen by CapnBry here
Campacorentin Forest,8,tree spider,1,2846,51894,True,3,2,2-2,likely short (CapnBry saw more here)
Campacorentin Forest,8,tree spider,1,18670,5388,False,0,0,2-2,not seen by CapnBry here
Campacorentin Forest,8,gray wolf,1,8239,17170,False,0,0,4-4,not seen by CapnBry here
Campacorentin Forest,8,large bloated spider,1,55709,45071,False,0,0,13-14,not seen by CapnBry here
Campacorentin Forest,8,dappled lynx,2,13369,21575,False,0,0,2-3,not seen by CapnBry here
Campacorentin Forest,8,dappled lynx,1,23124,11479,False,0,0,2-3,not seen by CapnBry here
Campacorentin Forest,8,dappled lynx,2,19586,5352,False,0,0,2-3,not seen by CapnBry here
Campacorentin Forest,8,dappled lynx,1,31510,24362,False,0,0,2-3,not seen by CapnBry here
Campacorentin Forest,8,dappled lynx,1,30556,5085,False,0,0,2-3,not seen by CapnBry here
Campacorentin Forest,8,dappled lynx,2,828,52499,True,1,1,2-3,matches CapnBry (small/rare camp)
Campacorentin Forest,8,dappled lynx,1,2445,50254,True,1,1,2-3,matches CapnBry (small/rare camp)
Campacorentin Forest,8,dappled lynx,1,20786,13229,False,0,0,2-3,not seen by CapnBry here
Campacorentin Forest,8,dappled lynx,2,30279,26745,True,2,1,2-3,matches CapnBry (small/rare camp)
Campacorentin Forest,8,dappled lynx,1,28976,5928,False,0,0,2-3,not seen by CapnBry here
Campacorentin Forest,8,dappled lynx,1,17257,13395,False,0,0,2-3,not seen by CapnBry here
Campacorentin Forest,8,dappled lynx,1,30040,23952,False,0,0,2-3,not seen by CapnBry here
Campacorentin Forest,8,dappled lynx,1,19075,12519,False,0,0,2-3,not seen by CapnBry here
Campacorentin Forest,8,creeping crud,2,3409,56837,False,0,0,2-2,not seen by CapnBry here
Campacorentin Forest,8,filidh,1,56528,40648,False,0,0,7-8,not seen by CapnBry here
Campacorentin Forest,8,filidh,2,54084,36872,False,0,0,7-8,not seen by CapnBry here
Campacorentin Forest,8,filidh,2,55444,38332,False,0,0,7-8,not seen by CapnBry here
Campacorentin Forest,8,filidh,1,54838,40136,False,0,0,7-8,not seen by CapnBry here
Campacorentin Forest,8,mindless minion,2,57405,37563,True,2,1,8-10,matches CapnBry (small/rare camp)
Campacorentin Forest,8,undead goblin warrior,1,23374,35426,False,0,0,5-5,not seen by CapnBry here
Campacorentin Forest,8,poacher,1,27457,23594,False,0,0,4-4,not seen by CapnBry here
Campacorentin Forest,8,poacher,2,32397,28344,False,0,0,4-4,not seen by CapnBry here
Campacorentin Forest,8,poacher,1,33241,9640,False,0,0,4-4,not seen by CapnBry here
Campacorentin Forest,8,poacher,2,32416,26463,False,0,0,4-4,not seen by CapnBry here
Campacorentin Forest,8,poacher,1,26990,8886,False,0,0,4-4,not seen by CapnBry here
Campacorentin Forest,8,poacher,1,38320,9953,True,1,1,4-4,matches CapnBry (small/rare camp)
Campacorentin Forest,8,poacher,2,29646,6073,False,0,0,4-4,not seen by CapnBry here
Campacorentin Forest,8,poacher,1,28993,8499,False,0,0,4-4,not seen by CapnBry here
Campacorentin Forest,8,poacher,1,33138,13647,False,0,0,4-4,not seen by CapnBry here
Campacorentin Forest,8,giant spider,1,31574,3407,False,0,0,6-8,not seen by CapnBry here
Campacorentin Forest,8,giant spider,1,17770,13045,False,0,0,6-8,not seen by CapnBry here
Campacorentin Forest,8,giant spider,1,13819,9662,False,0,0,6-8,not seen by CapnBry here
Campacorentin Forest,8,giant spider,1,29535,3115,False,0,0,6-8,not seen by CapnBry here
Campacorentin Forest,8,giant spider,1,20720,5299,False,0,0,6-8,not seen by CapnBry here
Campacorentin Forest,8,giant spider,1,31713,5225,False,0,0,6-8,not seen by CapnBry here
Campacorentin Forest,8,filidh sacrificer,1,62000,37974,False,0,0,9-10,not seen by CapnBry here
Campacorentin Forest,8,filidh sacrificer,1,61322,33883,False,0,0,9-10,not seen by CapnBry here
Campacorentin Forest,8,filidh sacrificer,1,61709,35951,False,0,0,9-10,not seen by CapnBry here
Campacorentin Forest,8,sylvan goblin,2,27239,10274,False,0,0,5-5,not seen by CapnBry here
Campacorentin Forest,8,sylvan goblin,2,28996,6001,False,0,0,5-5,not seen by CapnBry here
Campacorentin Forest,8,sylvan goblin,2,33951,20741,False,0,0,5-5,not seen by CapnBry here
Campacorentin Forest,8,sylvan goblin,1,39475,6372,False,0,0,5-5,not seen by CapnBry here
Campacorentin Forest,8,sylvan goblin,2,31654,23838,True,4,1,5-5,likely short (CapnBry saw more here)
Campacorentin Forest,8,sylvan goblin,2,29748,22447,True,4,1,5-5,likely short (CapnBry saw more here)
Campacorentin Forest,8,sylvan goblin,2,29596,3482,False,0,0,5-5,not seen by CapnBry here
Campacorentin Forest,8,sylvan goblin,1,24623,9802,False,0,0,5-5,not seen by CapnBry here
Campacorentin Forest,8,sylvan goblin,1,37925,9157,False,0,0,5-5,not seen by CapnBry here
Campacorentin Forest,8,sylvan goblin,2,24626,11873,False,0,0,5-5,not seen by CapnBry here
Campacorentin Forest,8,sylvan goblin,1,8808,60313,False,0,0,5-5,not seen by CapnBry here
Campacorentin Forest,8,sylvan goblin,1,7445,59264,False,0,0,5-5,not seen by CapnBry here
Campacorentin Forest,8,sylvan goblin,1,30545,28229,False,0,0,5-5,not seen by CapnBry here
Campacorentin Forest,8,undead filidh,2,31550,28321,False,0,0,5-7,not seen by CapnBry here
Campacorentin Forest,8,oak man,2,57359,4147,True,14,13,7-9,likely short (CapnBry saw more here)
Campacorentin Forest,8,oak man,2,57941,9195,True,14,43,7-9,likely short (CapnBry saw more here)
Campacorentin Forest,8,oak man,1,50650,20698,True,2,1,7-9,matches CapnBry (small/rare camp)
Campacorentin Forest,8,oak man,1,60153,11864,True,8,43,7-9,likely short (CapnBry saw more here)
Campacorentin Forest,8,oak man,1,53758,11988,True,3,13,7-9,likely short (CapnBry saw more here)
Campacorentin Forest,8,oak man,1,59562,13470,True,8,43,7-9,likely short (CapnBry saw more here)
Campacorentin Forest,8,oak man,1,47043,16825,False,0,0,7-9,not seen by CapnBry here
Campacorentin Forest,8,oak man,1,61065,13892,True,8,35,7-9,likely short (CapnBry saw more here)
Campacorentin Forest,8,oak man,2,49351,22241,True,2,1,7-9,matches CapnBry (small/rare camp)
Campacorentin Forest,8,brownie nomad,1,35777,23026,False,0,0,8-9,not seen by CapnBry here
Campacorentin Forest,8,brownie nomad,2,25518,24867,False,0,0,8-9,not seen by CapnBry here
Campacorentin Forest,8,brownie nomad,1,33417,20033,False,0,0,8-9,not seen by CapnBry here
Campacorentin Forest,8,brownie nomad,1,34982,21137,False,0,0,8-9,not seen by CapnBry here
Campacorentin Forest,8,brownie nomad,1,36242,24946,False,0,0,8-9,not seen by CapnBry here
Campacorentin Forest,8,bandit,1,23226,35405,False,0,0,5-8,not seen by CapnBry here
Campacorentin Forest,8,sylvan goblin warrior,1,37644,47791,False,0,0,9-12,not seen by CapnBry here
Campacorentin Forest,8,sylvan goblin warrior,2,51529,20826,True,4,10,9-12,likely short (CapnBry saw more here)
Campacorentin Forest,8,sylvan goblin warrior,1,34401,39868,True,2,2,9-12,matches CapnBry (small/rare camp)
Campacorentin Forest,8,sylvan goblin warrior,1,41829,20241,False,0,0,9-12,not seen by CapnBry here
Campacorentin Forest,8,sylvan goblin warrior,1,50292,22991,True,4,1,9-12,likely short (CapnBry saw more here)
Campacorentin Forest,8,sylvan goblin warrior,1,53125,19027,True,4,13,9-12,likely short (CapnBry saw more here)
Campacorentin Forest,8,sylvan goblin warrior,2,53788,20941,True,4,13,9-12,likely short (CapnBry saw more here)
Campacorentin Forest,8,sylvan goblin warrior,1,37120,41076,True,7,3,9-12,likely short (CapnBry saw more here)
Campacorentin Forest,8,sylvan goblin warrior,1,50243,48891,False,0,0,9-12,not seen by CapnBry here
Campacorentin Forest,8,sylvan goblin whelp,1,17875,20264,False,0,0,3-3,not seen by CapnBry here
Campacorentin Forest,8,sylvan goblin whelp,2,32688,24202,False,0,0,3-3,not seen by CapnBry here
Campacorentin Forest,8,sylvan goblin whelp,2,7744,20005,False,0,0,3-3,not seen by CapnBry here
Campacorentin Forest,8,sylvan goblin whelp,2,30702,22382,False,0,0,3-3,not seen by CapnBry here
Campacorentin Forest,8,sylvan goblin whelp,1,20693,21814,False,0,0,3-3,not seen by CapnBry here
Campacorentin Forest,8,sylvan goblin whelp,1,19430,23900,False,0,0,3-3,not seen by CapnBry here
Campacorentin Forest,8,sylvan goblin whelp,2,25198,14511,False,0,0,3-3,not seen by CapnBry here
Campacorentin Forest,8,sylvan goblin whelp,1,28100,19027,False,0,0,3-3,not seen by CapnBry here
Campacorentin Forest,8,scrawny red lion,1,13510,17622,False,0,0,3-3,not seen by CapnBry here
Campacorentin Forest,8,scrawny red lion,1,16988,19092,False,0,0,3-3,not seen by CapnBry here
Campacorentin Forest,8,scrawny red lion,1,13592,19460,False,0,0,3-3,not seen by CapnBry here
Campacorentin Forest,8,scrawny red lion,1,18248,20227,False,0,0,3-3,not seen by CapnBry here
Campacorentin Forest,8,scrawny red lion,1,20326,3586,False,0,0,3-3,not seen by CapnBry here
Campacorentin Forest,8,scrawny red lion,1,1304,51718,True,5,1,3-3,likely short (CapnBry saw more here)
Campacorentin Forest,8,scrawny red lion,1,16233,15446,False,0,0,3-3,not seen by CapnBry here
Campacorentin Forest,8,undead druid,1,46206,27708,False,0,0,8-10,not seen by CapnBry here
Campacorentin Forest,8,devout filidh,2,53547,40947,False,0,0,8-9,not seen by CapnBry here
Campacorentin Forest,8,devout filidh,1,36889,41483,True,1,5,8-9,matches CapnBry (small/rare camp)
Campacorentin Forest,8,devout filidh,1,54026,37832,True,8,2,8-9,likely short (CapnBry saw more here)
Campacorentin Forest,8,devout filidh,1,38374,39094,True,1,5,8-9,matches CapnBry (small/rare camp)
Campacorentin Forest,8,wood ogre scourge,1,28905,48096,False,0,0,12-13,not seen by CapnBry here
Campacorentin Forest,8,wood ogre scourge,1,28314,41398,False,0,0,12-13,not seen by CapnBry here
Campacorentin Forest,8,wood ogre scourge,1,23520,40892,False,0,0,12-13,not seen by CapnBry here
Campacorentin Forest,8,wild boar,2,25835,30767,False,0,0,10-10,not seen by CapnBry here
Campacorentin Forest,8,tree spirit,1,40992,10957,False,0,0,6-7,not seen by CapnBry here
Campacorentin Forest,8,tree spirit,1,43754,9575,False,0,0,6-7,not seen by CapnBry here
Campacorentin Forest,8,tree spirit,1,42048,6725,False,0,0,6-7,not seen by CapnBry here
Campacorentin Forest,8,tree spirit,2,44357,5378,False,0,0,6-7,not seen by CapnBry here
Campacorentin Forest,8,tree spirit,2,42866,4145,False,0,0,6-7,not seen by CapnBry here
Campacorentin Forest,8,dryad twig,2,19505,21210,False,0,0,1-1,not seen by CapnBry here
Campacorentin Forest,8,dryad twig,1,29239,11532,False,0,0,1-1,not seen by CapnBry here
Campacorentin Forest,8,dryad twig,1,20392,5416,False,0,0,1-1,not seen by CapnBry here
Campacorentin Forest,8,dryad twig,1,20228,3698,False,0,0,1-1,not seen by CapnBry here
Campacorentin Forest,8,dryad twig,1,27493,16175,False,0,0,1-1,not seen by CapnBry here
Campacorentin Forest,8,wood ogre mystic,2,25277,43916,False,0,0,11-11,not seen by CapnBry here
Campacorentin Forest,8,wood ogre mystic,1,28520,47724,True,1,1,11-11,matches CapnBry (small/rare camp)
Campacorentin Forest,8,wood ogre mystic,1,22863,38884,False,0,0,11-11,not seen by CapnBry here
Campacorentin Forest,8,putrid zombie,1,32465,33924,True,1,3,4-4,matches CapnBry (small/rare camp)
Campacorentin Forest,8,faerie bell-wether,1,48381,50931,False,0,0,5-5,not seen by CapnBry here
Campacorentin Forest,8,small gray wolf,1,21756,16832,False,0,0,3-3,not seen by CapnBry here
Campacorentin Forest,8,small gray wolf,2,29611,14115,False,0,0,3-3,not seen by CapnBry here
Campacorentin Forest,8,small gray wolf,1,19742,5418,False,0,0,3-3,not seen by CapnBry here
Campacorentin Forest,8,small gray wolf,2,27082,12768,False,0,0,3-3,not seen by CapnBry here
Campacorentin Forest,8,small gray wolf,2,19452,14826,False,0,0,3-3,not seen by CapnBry here
Campacorentin Forest,8,small gray wolf,1,23860,19278,False,0,0,3-3,not seen by CapnBry here
Campacorentin Forest,8,small gray wolf,1,21151,6343,False,0,0,3-3,not seen by CapnBry here
Campacorentin Forest,8,druid,1,54511,52391,False,0,0,22-25,not seen by CapnBry here
Campacorentin Forest,8,druid,2,58443,51175,False,0,0,22-25,not seen by CapnBry here
Campacorentin Forest,8,druid,1,61801,52433,False,0,0,22-25,not seen by CapnBry here
Campacorentin Forest,8,druid,2,60934,50361,False,0,0,22-25,not seen by CapnBry here
Campacorentin Forest,8,aonghas prirerd,1,47055,55358,False,0,0,20-22,not seen by CapnBry here
Campacorentin Forest,8,dappled lynx cub,1,17493,12467,False,0,0,0-0,not seen by CapnBry here
Campacorentin Forest,8,dappled lynx cub,1,13327,12235,False,0,0,0-0,not seen by CapnBry here
Campacorentin Forest,8,dappled lynx cub,1,19436,12042,False,0,0,0-0,not seen by CapnBry here
Campacorentin Forest,8,dappled lynx cub,1,21319,3634,False,0,0,0-0,not seen by CapnBry here
Campacorentin Forest,8,dappled lynx cub,1,9907,8125,False,0,0,0-0,not seen by CapnBry here
Campacorentin Forest,8,dappled lynx cub,1,17370,5447,False,0,0,0-0,not seen by CapnBry here
Campacorentin Forest,8,wood ogre berserker,2,25216,44109,False,0,0,14-15,not seen by CapnBry here
Campacorentin Forest,8,wood ogre seer,1,23214,40690,False,0,0,14-14,not seen by CapnBry here
Campacorentin Forest,8,forest bear,1,40611,24063,True,1,1,7-9,matches CapnBry (small/rare camp)
Campacorentin Forest,8,forest bear,1,56109,22269,True,1,8,7-9,matches CapnBry (small/rare camp)
Campacorentin Forest,8,forest bear,2,47808,3760,False,0,0,7-9,not seen by CapnBry here
Campacorentin Forest,8,forest bear,1,50325,18888,True,3,11,7-9,likely short (CapnBry saw more here)
Campacorentin Forest,8,forest bear,2,52761,22759,True,2,14,7-9,matches CapnBry (small/rare camp)
Campacorentin Forest,8,forest bear,1,44178,6595,False,0,0,7-9,not seen by CapnBry here
Campacorentin Forest,8,forest bear,2,55545,24460,False,0,0,7-9,not seen by CapnBry here
Campacorentin Forest,8,forest bear,2,55513,20453,True,1,8,7-9,matches CapnBry (small/rare camp)
Campacorentin Forest,8,forest bear,2,50369,20418,True,3,17,7-9,likely short (CapnBry saw more here)
Campacorentin Forest,8,forest bear,1,46554,9417,False,0,0,7-9,not seen by CapnBry here
Campacorentin Forest,8,forest bear,1,47562,20102,True,3,3,7-9,likely short (CapnBry saw more here)
Campacorentin Forest,8,druid sacrificer,1,52784,36757,True,1,2,20-24,matches CapnBry (small/rare camp)
Campacorentin Forest,8,druid sacrificer,1,59917,48742,False,0,0,20-24,not seen by CapnBry here
Campacorentin Forest,8,druid sacrificer,1,58956,46718,False,0,0,20-24,not seen by CapnBry here
Campacorentin Forest,8,druid sacrificer,1,47296,55275,True,1,1,20-24,matches CapnBry (small/rare camp)
Campacorentin Forest,8,druid sacrificer,1,58949,50061,False,0,0,20-24,not seen by CapnBry here
Campacorentin Forest,8,druid sacrificer,2,60575,51525,False,0,0,20-24,not seen by CapnBry here
Campacorentin Forest,8,wandering spirit,2,50018,17552,False,0,0,9-11,not seen by CapnBry here
Campacorentin Forest,8,wandering spirit,1,48998,15006,False,0,0,9-11,not seen by CapnBry here
Campacorentin Forest,8,wandering spirit,2,46156,12713,False,0,0,9-11,not seen by CapnBry here
Campacorentin Forest,8,wandering spirit,2,45294,14930,False,0,0,9-11,not seen by CapnBry here
Campacorentin Forest,8,wandering spirit,2,47176,27133,False,0,0,9-11,not seen by CapnBry here
Campacorentin Forest,8,ghostly knight,2,48139,25518,False,0,0,8-10,not seen by CapnBry here
Campacorentin Forest,8,sylvan goblin hunter,1,51708,60516,False,0,0,6-8,not seen by CapnBry here
Campacorentin Forest,8,sylvan goblin hunter,1,36853,41492,False,0,0,6-8,not seen by CapnBry here
Campacorentin Forest,8,sylvan goblin hunter,1,45389,2536,True,3,4,6-8,likely short (CapnBry saw more here)
Campacorentin Forest,8,sylvan goblin hunter,1,30630,56774,False,0,0,6-8,not seen by CapnBry here
Campacorentin Forest,8,sylvan goblin hunter,1,43536,6785,True,3,4,6-8,likely short (CapnBry saw more here)
Campacorentin Forest,8,sylvan goblin hunter,1,50077,21148,False,0,0,6-8,not seen by CapnBry here
Campacorentin Forest,8,sylvan goblin hunter,1,29764,58044,False,0,0,6-8,not seen by CapnBry here
Campacorentin Forest,8,sylvan goblin hunter,1,27606,10161,False,0,0,6-8,not seen by CapnBry here
Campacorentin Forest,8,sylvan goblin hunter,1,42224,20962,True,1,1,6-8,matches CapnBry (small/rare camp)
Campacorentin Forest,8,sylvan goblin hunter,1,31017,55254,False,0,0,6-8,not seen by CapnBry here
Campacorentin Forest,8,ashen fellwood,2,57314,5910,False,0,0,16-17,not seen by CapnBry here
Campacorentin Forest,8,ashen fellwood,1,65132,7137,False,0,0,16-17,not seen by CapnBry here
Campacorentin Forest,8,ashen fellwood,1,56762,2435,False,0,0,16-17,not seen by CapnBry here
Campacorentin Forest,8,ashen fellwood,2,61720,7294,False,0,0,16-17,not seen by CapnBry here
Campacorentin Forest,8,ashen fellwood,2,61938,9902,False,0,0,16-17,not seen by CapnBry here
Campacorentin Forest,8,ashen fellwood,1,62572,5232,False,0,0,16-17,not seen by CapnBry here
Campacorentin Forest,8,ashen fellwood,1,59247,6490,False,0,0,16-17,not seen by CapnBry here
Campacorentin Forest,8,decayed zombie,2,21287,2327,False,0,0,3-3,not seen by CapnBry here
Campacorentin Forest,8,elithralia nodith,1,58352,53326,False,0,0,21-23,not seen by CapnBry here
Campacorentin Forest,8,outcast rogue,2,3357,48106,False,0,0,1-1,not seen by CapnBry here
Campacorentin Forest,8,oaken knight,1,59916,9815,False,0,0,22-22,not seen by CapnBry here
Campacorentin Forest,8,druid seer,1,47633,55320,False,0,0,8-20,not seen by CapnBry here
Campacorentin Forest,8,phantom page,1,49631,27430,False,0,0,4-5,not seen by CapnBry here
Campacorentin Forest,8,phantom page,1,45238,30591,False,0,0,4-5,not seen by CapnBry here
Campacorentin Forest,8,sylvan goblin magician,1,34365,39786,False,0,0,10-10,not seen by CapnBry here
Campacorentin Forest,8,sylvan goblin magician,1,50243,22949,True,4,6,10-10,likely short (CapnBry saw more here)
Campacorentin Forest,8,sylvan goblin magician,1,50612,49392,False,0,0,10-10,not seen by CapnBry here
Campacorentin Forest,8,elder fellwood,1,46145,18476,False,0,0,21-23,not seen by CapnBry here
Campacorentin Forest,8,emerald snake,2,7202,13589,False,0,0,5-5,not seen by CapnBry here
Campacorentin Forest,8,ancient brownie,1,22711,7146,False,0,0,22-30,not seen by CapnBry here
Campacorentin Forest,8,wood ogre lord,1,23674,42542,False,0,0,16-16,not seen by CapnBry here
Campacorentin Forest,8,sylvan goblin chief,1,32870,45138,False,0,0,16-17,not seen by CapnBry here
Campacorentin Forest,8,grizzletooth,1,14534,47118,False,0,0,23-24,not seen by CapnBry here
Campacorentin Forest,8,heretical hermit,1,13916,46399,False,0,0,20-20,not seen by CapnBry here
Campacorentin Forest,8,thornpaw,1,13190,48131,False,0,0,24-25,not seen by CapnBry here
Campacorentin Forest,8,pixie queen,1,33363,58642,False,0,0,27-27,not seen by CapnBry here
Campacorentin Forest,8,green witch,1,55757,39739,False,0,0,14-14,not seen by CapnBry here
Avalon Marsh,9,dooben,1,15675,46316,False,0,0,14-14,not seen by CapnBry here
Avalon Marsh,9,will o' wisp,1,35099,58034,False,0,0,9-11,not seen by CapnBry here
Avalon Marsh,9,will o' wisp,2,18962,58069,False,0,0,9-11,not seen by CapnBry here
Avalon Marsh,9,will o' wisp,1,20239,61319,False,0,0,9-11,not seen by CapnBry here
Avalon Marsh,9,will o' wisp,1,25231,59595,False,0,0,9-11,not seen by CapnBry here
Avalon Marsh,9,will o' wisp,1,34384,59399,False,0,0,9-11,not seen by CapnBry here
Avalon Marsh,9,will o' wisp,2,39953,60945,False,0,0,9-11,not seen by CapnBry here
Avalon Marsh,9,will o' wisp,1,26831,56636,False,0,0,9-11,not seen by CapnBry here
Avalon Marsh,9,will o' wisp,1,21461,60234,False,0,0,9-11,not seen by CapnBry here
Avalon Marsh,9,phantom page,2,58463,33222,False,0,0,4-5,not seen by CapnBry here
Avalon Marsh,9,phantom page,1,36956,35465,False,0,0,4-5,not seen by CapnBry here
Avalon Marsh,9,phantom page,1,58949,37138,False,0,0,4-5,not seen by CapnBry here
Avalon Marsh,9,slough serpent,1,31709,5292,False,0,0,0-0,not seen by CapnBry here
Avalon Marsh,9,slough serpent,1,41958,15120,False,0,0,0-0,not seen by CapnBry here
Avalon Marsh,9,marsh scrag,1,13695,54726,False,0,0,11-11,not seen by CapnBry here
Avalon Marsh,9,marsh scrag,1,14526,29818,True,1,1,11-11,matches CapnBry (small/rare camp)
Avalon Marsh,9,marsh scrag,1,11637,51776,False,0,0,11-11,not seen by CapnBry here
Avalon Marsh,9,marsh scrag,2,45289,41093,False,0,0,11-11,not seen by CapnBry here
Avalon Marsh,9,marsh scrag,1,11247,53353,False,0,0,11-11,not seen by CapnBry here
Avalon Marsh,9,marsh scrag,1,11950,30857,True,1,1,11-11,matches CapnBry (small/rare camp)
Avalon Marsh,9,ghoul knight,2,9208,8218,False,0,0,18-18,not seen by CapnBry here
Avalon Marsh,9,ghoul knight,1,17045,7247,False,0,0,18-18,not seen by CapnBry here
Avalon Marsh,9,ghoul knight,1,14208,7017,False,0,0,18-18,not seen by CapnBry here
Avalon Marsh,9,ghoul knight,1,22113,10206,False,0,0,18-18,not seen by CapnBry here
Avalon Marsh,9,ghoul knight,2,16042,3045,False,0,0,18-18,not seen by CapnBry here
Avalon Marsh,9,ghoul knight,2,19356,6813,False,0,0,18-18,not seen by CapnBry here
Avalon Marsh,9,ghoul knight,2,11226,4810,False,0,0,18-18,not seen by CapnBry here
Avalon Marsh,9,ghoul knight,1,12214,9552,False,0,0,18-18,not seen by CapnBry here
Avalon Marsh,9,ghoul knight,2,16615,11210,False,0,0,18-18,not seen by CapnBry here
Avalon Marsh,9,ghoul knight,1,14208,17506,False,0,0,18-18,not seen by CapnBry here
Avalon Marsh,9,ghoul knight,1,20611,12418,False,0,0,18-18,not seen by CapnBry here
Avalon Marsh,9,water leaper,1,52362,51850,False,0,0,8-10,not seen by CapnBry here
Avalon Marsh,9,water leaper,2,33772,47824,False,0,0,8-10,not seen by CapnBry here
Avalon Marsh,9,water leaper,1,49122,50683,False,0,0,8-10,not seen by CapnBry here
Avalon Marsh,9,water leaper,1,42460,46068,False,0,0,8-10,not seen by CapnBry here
Avalon Marsh,9,water leaper,1,49581,53158,False,0,0,8-10,not seen by CapnBry here
Avalon Marsh,9,creeping crud,1,42624,21842,True,3,9,2-2,likely short (CapnBry saw more here)
Avalon Marsh,9,creeping crud,1,59161,6731,False,0,0,2-2,not seen by CapnBry here
Avalon Marsh,9,creeping crud,2,47583,18249,True,2,4,2-2,matches CapnBry (small/rare camp)
Avalon Marsh,9,creeping crud,1,40187,23713,True,1,2,2-2,matches CapnBry (small/rare camp)
Avalon Marsh,9,creeping crud,2,59924,15989,True,2,3,2-2,matches CapnBry (small/rare camp)
Avalon Marsh,9,creeping crud,2,39748,13239,False,0,0,2-2,not seen by CapnBry here
Avalon Marsh,9,creeping crud,2,45117,22181,True,3,9,2-2,likely short (CapnBry saw more here)
Avalon Marsh,9,creeping crud,1,35161,11261,False,0,0,2-2,not seen by CapnBry here
Avalon Marsh,9,creeping crud,1,36778,10038,False,0,0,2-2,not seen by CapnBry here
Avalon Marsh,9,creeping crud,1,36855,13041,False,0,0,2-2,not seen by CapnBry here
Avalon Marsh,9,creeping crud,1,44174,20327,True,3,9,2-2,likely short (CapnBry saw more here)
Avalon Marsh,9,creeping crud,1,42426,14082,True,5,1,2-2,likely short (CapnBry saw more here)
Avalon Marsh,9,creeping crud,2,61472,22797,True,3,9,2-2,likely short (CapnBry saw more here)
Avalon Marsh,9,quicksand,2,22680,19089,False,0,0,16-16,not seen by CapnBry here
Avalon Marsh,9,giant frog,2,33061,6084,False,0,0,3-4,not seen by CapnBry here
Avalon Marsh,9,ghoul footman,1,15057,13143,False,0,0,17-17,not seen by CapnBry here
Avalon Marsh,9,ghoul footman,1,12290,14088,False,0,0,17-17,not seen by CapnBry here
Avalon Marsh,9,ghoul footman,1,13772,17652,False,0,0,17-17,not seen by CapnBry here
Avalon Marsh,9,ghoul footman,1,16510,17676,False,0,0,17-17,not seen by CapnBry here
Avalon Marsh,9,bogman,2,60001,29373,True,4,2,3-4,likely short (CapnBry saw more here)
Avalon Marsh,9,bogman,1,33642,6237,False,0,0,3-4,not seen by CapnBry here
Avalon Marsh,9,bogman,1,61301,7422,True,1,1,3-4,matches CapnBry (small/rare camp)
Avalon Marsh,9,bogman,1,56659,6744,False,0,0,3-4,not seen by CapnBry here
Avalon Marsh,9,bogman,2,57070,24859,True,4,9,3-4,likely short (CapnBry saw more here)
Avalon Marsh,9,bogman,1,58184,23518,True,2,7,3-4,matches CapnBry (small/rare camp)
Avalon Marsh,9,bogman,1,64343,9730,True,1,2,3-4,matches CapnBry (small/rare camp)
Avalon Marsh,9,bogman,1,45166,32435,False,0,0,3-4,not seen by CapnBry here
Avalon Marsh,9,bogman,1,46890,6207,False,0,0,3-4,not seen by CapnBry here
Avalon Marsh,9,bogman,1,44226,8519,False,0,0,3-4,not seen by CapnBry here
Avalon Marsh,9,bogman,2,63363,5790,True,1,1,3-4,matches CapnBry (small/rare camp)
Avalon Marsh,9,slime lizard,1,57470,21439,False,0,0,1-1,not seen by CapnBry here
Avalon Marsh,9,slime lizard,1,50476,19226,True,2,1,1-1,matches CapnBry (small/rare camp)
Avalon Marsh,9,slime lizard,1,54350,17879,False,0,0,1-1,not seen by CapnBry here
Avalon Marsh,9,slime lizard,1,52956,19047,True,2,1,1-1,matches CapnBry (small/rare camp)
Avalon Marsh,9,slime lizard,1,48111,10445,False,0,0,1-1,not seen by CapnBry here
Avalon Marsh,9,slime lizard,1,58065,7013,False,0,0,1-1,not seen by CapnBry here
Avalon Marsh,9,slime lizard,1,44226,20867,True,1,1,1-1,matches CapnBry (small/rare camp)
Avalon Marsh,9,slime lizard,2,46184,14567,True,3,3,1-1,likely short (CapnBry saw more here)
Avalon Marsh,9,slime lizard,1,58913,17308,True,1,1,1-1,matches CapnBry (small/rare camp)
Avalon Marsh,9,muck snake,1,44657,13750,True,1,3,1-1,matches CapnBry (small/rare camp)
Avalon Marsh,9,muck snake,1,50158,18481,True,1,4,1-1,matches CapnBry (small/rare camp)
Avalon Marsh,9,muck snake,1,49873,9324,False,0,0,1-1,not seen by CapnBry here
Avalon Marsh,9,muck snake,1,36708,11343,False,0,0,1-1,not seen by CapnBry here
Avalon Marsh,9,muck snake,1,47041,13888,True,1,3,1-1,matches CapnBry (small/rare camp)
Avalon Marsh,9,muck snake,1,58947,16756,True,1,5,1-1,matches CapnBry (small/rare camp)
Avalon Marsh,9,muck snake,1,47539,8149,False,0,0,1-1,not seen by CapnBry here
Avalon Marsh,9,carrion crab,1,43285,21707,True,2,2,2-2,matches CapnBry (small/rare camp)
Avalon Marsh,9,carrion crab,1,55399,17940,True,2,2,2-2,matches CapnBry (small/rare camp)
Avalon Marsh,9,carrion crab,1,44604,7749,False,0,0,2-2,not seen by CapnBry here
Avalon Marsh,9,carrion crab,2,45428,20893,True,2,2,2-2,matches CapnBry (small/rare camp)
Avalon Marsh,9,carrion crab,1,59830,18021,True,1,1,2-2,matches CapnBry (small/rare camp)
Avalon Marsh,9,carrion crab,1,45872,5956,False,0,0,2-2,not seen by CapnBry here
Avalon Marsh,9,carrion crab,1,35532,12663,False,0,0,2-2,not seen by CapnBry here
Avalon Marsh,9,carrion crab,1,48981,10154,False,0,0,2-2,not seen by CapnBry here
Avalon Marsh,9,carrion crab,2,36301,9333,False,0,0,2-2,not seen by CapnBry here
Avalon Marsh,9,carrion crab,1,50918,14502,False,0,0,2-2,not seen by CapnBry here
Avalon Marsh,9,black bear,1,7548,25897,False,0,0,16-21,not seen by CapnBry here
Avalon Marsh,9,black bear,1,5649,24026,False,0,0,16-21,not seen by CapnBry here
Avalon Marsh,9,black bear,1,8144,22385,False,0,0,16-21,not seen by CapnBry here
Avalon Marsh,9,black bear,1,7131,16759,False,0,0,16-21,not seen by CapnBry here
Avalon Marsh,9,black bear,1,9310,20618,False,0,0,16-21,not seen by CapnBry here
Avalon Marsh,9,black bear,1,7928,29253,False,0,0,16-21,not seen by CapnBry here
Avalon Marsh,9,black bear,1,10114,26273,False,0,0,16-21,not seen by CapnBry here
Avalon Marsh,9,bogman hunter,2,32662,43156,False,0,0,11-11,not seen by CapnBry here
Avalon Marsh,9,bogman hunter,2,29393,50992,False,0,0,11-11,not seen by CapnBry here
Avalon Marsh,9,bogman hunter,1,32542,37580,False,0,0,11-11,not seen by CapnBry here
Avalon Marsh,9,death grip vines,1,34867,58350,False,0,0,7-7,not seen by CapnBry here
Avalon Marsh,9,death grip vines,1,45457,61036,False,0,0,7-7,not seen by CapnBry here
Avalon Marsh,9,death grip vines,1,22697,14051,False,0,0,7-7,not seen by CapnBry here
Avalon Marsh,9,death grip vines,1,25462,16463,False,0,0,7-7,not seen by CapnBry here
Avalon Marsh,9,death grip vines,1,9993,54035,False,0,0,7-7,not seen by CapnBry here
Avalon Marsh,9,river racer,2,48218,46028,False,0,0,7-7,not seen by CapnBry here
Avalon Marsh,9,river racer,1,47948,47726,False,0,0,7-7,not seen by CapnBry here
Avalon Marsh,9,river racer,2,22875,13488,False,0,0,7-7,not seen by CapnBry here
Avalon Marsh,9,river racer,1,22762,10395,False,0,0,7-7,not seen by CapnBry here
Avalon Marsh,9,river racer,1,22428,5103,False,0,0,7-7,not seen by CapnBry here
Avalon Marsh,9,river racer,1,49534,47449,False,0,0,7-7,not seen by CapnBry here
Avalon Marsh,9,giant wolf,1,12592,23091,False,0,0,15-17,not seen by CapnBry here
Avalon Marsh,9,giant wolf,2,18825,33468,True,2,3,15-17,matches CapnBry (small/rare camp)
Avalon Marsh,9,giant wolf,1,11636,27508,True,1,3,15-17,matches CapnBry (small/rare camp)
Avalon Marsh,9,giant wolf,1,23491,27614,True,1,4,15-17,matches CapnBry (small/rare camp)
Avalon Marsh,9,giant wolf,1,8007,23749,False,0,0,15-17,not seen by CapnBry here
Avalon Marsh,9,giant wolf,1,9421,27533,False,0,0,15-17,not seen by CapnBry here
Avalon Marsh,9,giant wolf,1,10904,25626,False,0,0,15-17,not seen by CapnBry here
Avalon Marsh,9,giant wolf,1,7289,27504,False,0,0,15-17,not seen by CapnBry here
Avalon Marsh,9,giant wolf,1,14173,24798,False,0,0,15-17,not seen by CapnBry here
Avalon Marsh,9,giant wolf,1,17149,30253,True,4,8,15-17,likely short (CapnBry saw more here)
Avalon Marsh,9,giant wolf,1,18533,28997,True,4,8,15-17,likely short (CapnBry saw more here)
Avalon Marsh,9,rot worm,1,47035,33946,False,0,0,5-5,not seen by CapnBry here
Avalon Marsh,9,rot worm,1,35671,7995,False,0,0,5-5,not seen by CapnBry here
Avalon Marsh,9,rot worm,1,40419,35301,False,0,0,5-5,not seen by CapnBry here
Avalon Marsh,9,rot worm,1,51560,35825,False,0,0,5-5,not seen by CapnBry here
Avalon Marsh,9,bloody-bones,1,49571,46265,False,0,0,7-7,not seen by CapnBry here
Avalon Marsh,9,bloody-bones,1,50735,47352,False,0,0,7-7,not seen by CapnBry here
Avalon Marsh,9,shambler,1,8782,44817,False,0,0,12-13,not seen by CapnBry here
Avalon Marsh,9,shambler,1,13374,32961,True,8,13,12-13,likely short (CapnBry saw more here)
Avalon Marsh,9,shambler,1,12516,49500,False,0,0,12-13,not seen by CapnBry here
Avalon Marsh,9,bogman trapper,1,29435,50953,False,0,0,10-10,not seen by CapnBry here
Avalon Marsh,9,bogman trapper,1,29896,47402,False,0,0,10-10,not seen by CapnBry here
Avalon Marsh,9,bogman trapper,1,29796,37918,False,0,0,10-10,not seen by CapnBry here
Avalon Marsh,9,spiny eel,2,39973,9922,False,0,0,3-3,not seen by CapnBry here
Avalon Marsh,9,spiny eel,1,32534,9439,False,0,0,3-3,not seen by CapnBry here
Avalon Marsh,9,spiny eel,1,30807,8149,False,0,0,3-3,not seen by CapnBry here
Avalon Marsh,9,river spriteling,1,62494,7658,False,0,0,3-4,not seen by CapnBry here
Avalon Marsh,9,outcast rogue,2,62119,7280,True,1,2,1-1,matches CapnBry (small/rare camp)
Avalon Marsh,9,outcast rogue,2,60834,9226,True,1,2,1-1,matches CapnBry (small/rare camp)
Avalon Marsh,9,outcast rogue,1,58787,8984,False,0,0,1-1,not seen by CapnBry here
Avalon Marsh,9,outcast rogue,2,63925,11771,True,1,2,1-1,matches CapnBry (small/rare camp)
Avalon Marsh,9,outcast rogue,1,62623,10490,True,1,2,1-1,matches CapnBry (small/rare camp)
Avalon Marsh,9,outcast rogue,1,60943,5909,False,0,0,1-1,not seen by CapnBry here
Avalon Marsh,9,outcast rogue,1,22562,32556,False,0,0,1-1,not seen by CapnBry here
Avalon Marsh,9,mist monster,1,9462,27164,False,0,0,16-16,not seen by CapnBry here
Avalon Marsh,9,mist monster,1,7215,26420,False,0,0,16-16,not seen by CapnBry here
Avalon Marsh,9,mist monster,1,5893,19134,False,0,0,16-16,not seen by CapnBry here
Avalon Marsh,9,mist monster,1,4503,27835,False,0,0,16-16,not seen by CapnBry here
Avalon Marsh,9,mist monster,1,7729,24696,False,0,0,16-16,not seen by CapnBry here
Avalon Marsh,9,mist monster,1,7210,16719,False,0,0,16-16,not seen by CapnBry here
Avalon Marsh,9,mist monster,1,9226,18682,False,0,0,16-16,not seen by CapnBry here
Avalon Marsh,9,mist monster,1,9989,21405,False,0,0,16-16,not seen by CapnBry here
Avalon Marsh,9,swamp rat,1,41941,23918,True,1,3,4-4,matches CapnBry (small/rare camp)
Avalon Marsh,9,swamp rat,1,38623,26888,True,1,3,4-4,matches CapnBry (small/rare camp)
Avalon Marsh,9,swamp rat,2,54842,46455,False,0,0,4-4,not seen by CapnBry here
Avalon Marsh,9,swamp rat,1,38394,59179,False,0,0,4-4,not seen by CapnBry here
Avalon Marsh,9,swamp rat,1,43719,24027,False,0,0,4-4,not seen by CapnBry here
Avalon Marsh,9,swamp rat,1,40357,61246,False,0,0,4-4,not seen by CapnBry here
Avalon Marsh,9,swamp rat,1,56230,44768,False,0,0,4-4,not seen by CapnBry here
Avalon Marsh,9,scragling,2,45704,38492,False,0,0,6-6,not seen by CapnBry here
Avalon Marsh,9,scragling,1,55739,51285,False,0,0,6-6,not seen by CapnBry here
Avalon Marsh,9,scum toad,2,44655,10796,False,0,0,0-0,not seen by CapnBry here
Avalon Marsh,9,scum toad,1,57236,19841,False,0,0,0-0,not seen by CapnBry here
Avalon Marsh,9,scum toad,1,59023,17857,False,0,0,0-0,not seen by CapnBry here
Avalon Marsh,9,scum toad,2,42577,12831,False,0,0,0-0,not seen by CapnBry here
Avalon Marsh,9,scum toad,2,50231,17759,False,0,0,0-0,not seen by CapnBry here
Avalon Marsh,9,river drake hatchling,2,58803,4103,False,0,0,3-3,not seen by CapnBry here
Avalon Marsh,9,river drake hatchling,2,63546,6555,False,0,0,3-3,not seen by CapnBry here
Avalon Marsh,9,river drake hatchling,2,56213,3073,False,0,0,3-3,not seen by CapnBry here
Avalon Marsh,9,river drake hatchling,2,33736,18900,False,0,0,3-3,not seen by CapnBry here
Avalon Marsh,9,scrawny bogman,1,39690,13230,False,0,0,2-2,not seen by CapnBry here
Avalon Marsh,9,scrawny bogman,2,58636,9741,True,3,1,2-2,likely short (CapnBry saw more here)
Avalon Marsh,9,scrawny bogman,2,45635,21370,True,3,3,2-2,likely short (CapnBry saw more here)
Avalon Marsh,9,bogman gatherer,1,29346,59810,False,0,0,8-8,not seen by CapnBry here
Avalon Marsh,9,bogman gatherer,2,32312,35642,False,0,0,8-8,not seen by CapnBry here
Avalon Marsh,9,bogman gatherer,2,39448,60057,False,0,0,8-8,not seen by CapnBry here
Avalon Marsh,9,bogman gatherer,1,36736,55537,False,0,0,8-8,not seen by CapnBry here
Avalon Marsh,9,bogman gatherer,2,29524,38034,False,0,0,8-8,not seen by CapnBry here
Avalon Marsh,9,bogman gatherer,1,29638,51526,False,0,0,8-8,not seen by CapnBry here
Avalon Marsh,9,bogman gatherer,2,60153,16166,False,0,0,8-8,not seen by CapnBry here
Avalon Marsh,9,bogman gatherer,1,43073,61049,False,0,0,8-8,not seen by CapnBry here
Avalon Marsh,9,bogman gatherer,1,28696,47672,False,0,0,8-8,not seen by CapnBry here
Avalon Marsh,9,bogman gatherer,1,31965,45025,False,0,0,8-8,not seen by CapnBry here
Avalon Marsh,9,bogman gatherer,1,40225,56971,False,0,0,8-8,not seen by CapnBry here
Avalon Marsh,9,putrid zombie,2,36517,35545,False,0,0,4-4,not seen by CapnBry here
Avalon Marsh,9,bogman grappler,1,59377,27284,False,0,0,5-5,not seen by CapnBry here
Avalon Marsh,9,bogman grappler,1,52286,30357,False,0,0,5-5,not seen by CapnBry here
Avalon Marsh,9,bogman grappler,1,37692,32651,True,3,1,5-5,likely short (CapnBry saw more here)
Avalon Marsh,9,mud worm,2,54482,17191,False,0,0,0-0,not seen by CapnBry here
Avalon Marsh,9,mud worm,2,43590,13589,False,0,0,0-0,not seen by CapnBry here
Avalon Marsh,9,mud worm,1,52512,19349,False,0,0,0-0,not seen by CapnBry here
Avalon Marsh,9,mud worm,1,44604,11387,False,0,0,0-0,not seen by CapnBry here
Avalon Marsh,9,mud worm,1,59858,17536,False,0,0,0-0,not seen by CapnBry here
Avalon Marsh,9,mud worm,1,44779,9889,False,0,0,0-0,not seen by CapnBry here
Avalon Marsh,9,mud worm,1,49536,15349,False,0,0,0-0,not seen by CapnBry here
Avalon Marsh,9,wood ogre scourge,1,4325,44712,False,0,0,12-13,not seen by CapnBry here
Avalon Marsh,9,mud golem,2,27192,34360,False,0,0,14-14,not seen by CapnBry here
Avalon Marsh,9,scrag,1,41987,58435,False,0,0,8-8,not seen by CapnBry here
Avalon Marsh,9,scrag,1,43571,59078,False,0,0,8-8,not seen by CapnBry here
Avalon Marsh,9,ghoul lord,1,16750,7521,False,0,0,19-19,not seen by CapnBry here
Avalon Marsh,9,ghoul lord,1,12038,9624,False,0,0,19-19,not seen by CapnBry here
Avalon Marsh,9,ghoul lord,1,20714,12508,False,0,0,19-19,not seen by CapnBry here
Avalon Marsh,9,ghoul lord,1,16657,11134,False,0,0,19-19,not seen by CapnBry here
Avalon Marsh,9,ghoul lord,1,19576,6715,False,0,0,19-19,not seen by CapnBry here
Avalon Marsh,9,ghoul lord,1,22134,10132,False,0,0,19-19,not seen by CapnBry here
Avalon Marsh,9,ghoul lord,1,12063,12392,False,0,0,19-19,not seen by CapnBry here
Avalon Marsh,9,ghoul lord,1,7456,9904,False,0,0,19-19,not seen by CapnBry here
Avalon Marsh,9,ghoul lord,1,18993,9558,False,0,0,19-19,not seen by CapnBry here
Avalon Marsh,9,ghoul lord,1,16000,3155,False,0,0,19-19,not seen by CapnBry here
Avalon Marsh,9,ghoul lord,1,11415,4875,False,0,0,19-19,not seen by CapnBry here
Avalon Marsh,9,ghoul lord,1,7025,11751,False,0,0,19-19,not seen by CapnBry here
Avalon Marsh,9,ghoul lord,1,8945,8135,False,0,0,19-19,not seen by CapnBry here
Avalon Marsh,9,ghoul lord,1,13915,3821,False,0,0,19-19,not seen by CapnBry here
Avalon Marsh,9,giant water leaper,2,25651,35726,False,0,0,15-15,not seen by CapnBry here
Avalon Marsh,9,giant water leaper,1,27165,23921,False,0,0,15-15,not seen by CapnBry here
Avalon Marsh,9,giant water leaper,1,30809,27335,False,0,0,15-15,not seen by CapnBry here
Avalon Marsh,9,mist sprite,1,43026,59772,False,0,0,6-6,not seen by CapnBry here
Avalon Marsh,9,mist sprite,1,21842,16212,False,0,0,6-6,not seen by CapnBry here
Avalon Marsh,9,mist sprite,1,25784,15496,False,0,0,6-6,not seen by CapnBry here
Avalon Marsh,9,mist sprite,1,23697,16218,False,0,0,6-6,not seen by CapnBry here
Avalon Marsh,9,swamp slime,2,60823,16283,True,1,5,3-3,matches CapnBry (small/rare camp)
Avalon Marsh,9,swamp slime,2,49520,9325,False,0,0,3-3,not seen by CapnBry here
Avalon Marsh,9,swamp slime,2,36108,11991,False,0,0,3-3,not seen by CapnBry here
Avalon Marsh,9,swamp slime,2,61070,7212,False,0,0,3-3,not seen by CapnBry here
Avalon Marsh,9,swamp slime,1,61970,5178,False,0,0,3-3,not seen by CapnBry here
Avalon Marsh,9,swamp slime,1,59039,4138,False,0,0,3-3,not seen by CapnBry here
Avalon Marsh,9,marsh lord,1,11931,54302,False,0,0,32-35,not seen by CapnBry here
Avalon Marsh,9,phantom squire,1,50144,46319,False,0,0,6-7,not seen by CapnBry here
Avalon Marsh,9,phantom squire,1,43219,39302,False,0,0,6-7,not seen by CapnBry here
Avalon Marsh,9,phantom squire,1,42905,49138,False,0,0,6-7,not seen by CapnBry here
Avalon Marsh,9,phantom squire,2,41376,47831,False,0,0,6-7,not seen by CapnBry here
Avalon Marsh,9,dappled lynx,1,64841,19686,False,0,0,2-3,not seen by CapnBry here
Avalon Marsh,9,bogman fisher,1,43573,56345,False,0,0,9-9,not seen by CapnBry here
Avalon Marsh,9,bogman fisher,1,31278,62169,False,0,0,9-9,not seen by CapnBry here
Avalon Marsh,9,bogman fisher,2,42196,61389,False,0,0,9-9,not seen by CapnBry here
Avalon Marsh,9,bogman fisher,1,36758,43171,False,0,0,9-9,not seen by CapnBry here
Avalon Marsh,9,bogman fisher,2,33776,58884,False,0,0,9-9,not seen by CapnBry here
Avalon Marsh,9,bogman fisher,1,30442,45712,False,0,0,9-9,not seen by CapnBry here
Avalon Marsh,9,fallen paladin,2,40806,48297,False,0,0,11-11,not seen by CapnBry here
Avalon Marsh,9,wood ogre berserker,1,2631,42866,False,0,0,14-15,not seen by CapnBry here
Avalon Marsh,9,impling,2,59843,17779,False,0,0,0-0,not seen by CapnBry here
Avalon Marsh,9,impling,1,57546,19471,False,0,0,0-0,not seen by CapnBry here
Avalon Marsh,9,wisp ghoul,1,57714,18690,False,0,0,0-0,not seen by CapnBry here
Avalon Marsh,9,marsh worm,1,19244,62118,False,0,0,9-11,not seen by CapnBry here
Avalon Marsh,9,marsh worm,1,25454,49105,False,0,0,9-11,not seen by CapnBry here
Avalon Marsh,9,pixie,2,51513,42361,False,0,0,6-7,not seen by CapnBry here
Avalon Marsh,9,undead knight fiedel,1,41116,47240,False,0,0,28-30,not seen by CapnBry here
Avalon Marsh,9,vagdush,1,3966,36120,False,0,0,14-14,not seen by CapnBry here
Avalon Marsh,9,skeleton,2,42533,22401,False,0,0,2-2,not seen by CapnBry here
Lyonesse,10,moorlich,2,38245,24431,False,0,0,48-48,not seen by CapnBry here
Lyonesse,10,shepherd,1,49263,28854,False,0,0,34-34,not seen by CapnBry here
Lyonesse,10,shepherd,1,48048,27935,False,0,0,34-34,not seen by CapnBry here
Lyonesse,10,shepherd,1,49517,26530,False,0,0,34-34,not seen by CapnBry here
Lyonesse,10,shepherd,1,48250,30136,False,0,0,34-34,not seen by CapnBry here
Lyonesse,10,dunter,1,54658,46669,False,0,0,30-34,not seen by CapnBry here
Lyonesse,10,freybug,1,46413,27973,False,0,0,35-38,not seen by CapnBry here
Lyonesse,10,freybug,1,44812,26612,False,0,0,35-38,not seen by CapnBry here
Lyonesse,10,freybug,1,44822,25051,False,0,0,35-38,not seen by CapnBry here
Lyonesse,10,danaoin fisherman,1,30344,15006,False,0,0,40-42,not seen by CapnBry here
Lyonesse,10,peallaidh,1,59633,22902,False,0,0,35-41,not seen by CapnBry here
Lyonesse,10,peallaidh,2,54561,57105,False,0,0,35-41,not seen by CapnBry here
Lyonesse,10,bone snapper,1,30819,46718,False,0,0,63-63,not seen by CapnBry here
Lyonesse,10,bone snapper,1,42657,57424,False,0,0,63-63,not seen by CapnBry here
Lyonesse,10,bone snapper,1,44019,6034,False,0,0,63-63,not seen by CapnBry here
Lyonesse,10,bone snapper,1,12591,55390,False,0,0,63-63,not seen by CapnBry here
Lyonesse,10,bone snapper,1,9559,36434,False,0,0,63-63,not seen by CapnBry here
Lyonesse,10,bone snapper,2,4097,48865,False,0,0,63-63,not seen by CapnBry here
Lyonesse,10,bone snapper,1,32779,56241,False,0,0,63-63,not seen by CapnBry here
Lyonesse,10,bone snapper,2,34167,47697,False,0,0,63-63,not seen by CapnBry here
Lyonesse,10,bone snapper,1,34627,58793,False,0,0,63-63,not seen by CapnBry here
Lyonesse,10,bone snapper,1,23247,57710,False,0,0,63-63,not seen by CapnBry here
Lyonesse,10,bone snapper,1,30742,55988,False,0,0,63-63,not seen by CapnBry here
Lyonesse,10,bone snapper,2,37120,7439,False,0,0,63-63,not seen by CapnBry here
Lyonesse,10,bone snapper,1,27263,53397,False,0,0,63-63,not seen by CapnBry here
Lyonesse,10,bone snapper,2,40765,8426,False,0,0,63-63,not seen by CapnBry here
Lyonesse,10,bone snapper,1,27690,50020,False,0,0,63-63,not seen by CapnBry here
Lyonesse,10,bone snapper,2,7835,37190,False,0,0,63-63,not seen by CapnBry here
Lyonesse,10,bone snapper,1,36435,59780,False,0,0,63-63,not seen by CapnBry here
Lyonesse,10,bone snapper,1,35990,50496,False,0,0,63-63,not seen by CapnBry here
Lyonesse,10,bone snapper,2,9676,55544,False,0,0,63-63,not seen by CapnBry here
Lyonesse,10,bone snapper,1,15257,32917,False,0,0,63-63,not seen by CapnBry here
Lyonesse,10,cailleach priest,1,31635,34521,False,0,0,60-67,not seen by CapnBry here
Lyonesse,10,pygmy goblin tangler,2,40695,48111,False,0,0,45-45,not seen by CapnBry here
Lyonesse,10,pygmy goblin tangler,2,63722,57497,False,0,0,45-45,not seen by CapnBry here
Lyonesse,10,pygmy goblin tangler,1,39877,51182,False,0,0,45-45,not seen by CapnBry here
Lyonesse,10,hamadryad,2,63581,51076,False,0,0,30-38,not seen by CapnBry here
Lyonesse,10,danaoin soldier,2,21412,20224,False,0,0,50-54,not seen by CapnBry here
Lyonesse,10,danaoin soldier,1,22987,18687,False,0,0,50-54,not seen by CapnBry here
Lyonesse,10,danaoin farmer,1,30624,20035,False,0,0,44-46,not seen by CapnBry here
Lyonesse,10,danaoin farmer,2,30008,14636,False,0,0,44-46,not seen by CapnBry here
Lyonesse,10,knight,2,13510,26873,False,0,0,0-0,not seen by CapnBry here
Lyonesse,10,townsman,2,48921,29581,False,0,0,30-30,not seen by CapnBry here
Lyonesse,10,pygmy goblin,1,34624,53352,False,0,0,43-43,not seen by CapnBry here
Lyonesse,10,arawnite warrior,2,57455,29784,False,0,0,34-35,not seen by CapnBry here
Lyonesse,10,cailleach guard,2,29148,34559,False,0,0,60-66,not seen by CapnBry here
Lyonesse,10,cailleach guard,1,30789,31394,False,0,0,60-66,not seen by CapnBry here
Lyonesse,10,cailleach uragaig,1,29498,33700,False,0,0,70-70,not seen by CapnBry here
Forest Sauvage,11,hitback dummy - right click to reset,1,19221,58763,False,0,0,50-50,not seen by CapnBry here
Forest Sauvage,11,forest ettin,2,49700,18926,False,0,0,12-16,not seen by CapnBry here
Forest Sauvage,11,forest ettin,2,48173,20948,False,0,0,12-16,not seen by CapnBry here
Forest Sauvage,11,forest ettin,1,50359,20575,False,0,0,12-16,not seen by CapnBry here
Forest Sauvage,11,forest adder,2,24746,54659,False,0,0,16-17,not seen by CapnBry here
Forest Sauvage,11,forest adder,2,24568,52899,False,0,0,16-17,not seen by CapnBry here
Forest Sauvage,11,forest hunter,1,54323,48290,False,0,0,21-24,not seen by CapnBry here
Forest Sauvage,11,forest hunter,2,52953,47322,False,0,0,21-24,not seen by CapnBry here
Forest Sauvage,11,forest hunter,1,57489,20866,False,0,0,21-24,not seen by CapnBry here
Forest Sauvage,11,forest giant,1,45468,4983,False,0,0,18-21,not seen by CapnBry here
Forest Sauvage,11,forest giant,1,46114,6815,False,0,0,18-21,not seen by CapnBry here
Forest Sauvage,11,forest giant,2,53473,10389,False,0,0,18-21,not seen by CapnBry here
Forest Sauvage,11,forest giant,1,36540,48152,False,0,0,18-21,not seen by CapnBry here
Forest Sauvage,11,forest giant,1,51393,11921,False,0,0,18-21,not seen by CapnBry here
Forest Sauvage,11,forest giant,1,33090,50776,False,0,0,18-21,not seen by CapnBry here
Forest Sauvage,11,forest giant,1,35376,46508,False,0,0,18-21,not seen by CapnBry here
Forest Sauvage,11,rob ria,1,60067,29924,False,0,0,40-40,not seen by CapnBry here
Snowdonia,12,faerie frog,2,46427,53301,False,0,0,28-30,not seen by CapnBry here
Snowdonia,12,faerie frog,1,48330,54144,False,0,0,28-30,not seen by CapnBry here
Snowdonia,12,faerie frog,2,49041,51789,False,0,0,28-30,not seen by CapnBry here
Pennine Mountains,14,draco magnificens,1,40665,29008,False,0,0,61-61,not seen by CapnBry here
Pennine Mountains,14,isolationist cleric,2,58978,44663,False,0,0,46-48,not seen by CapnBry here
Pennine Mountains,14,gnarled fellwood,1,44082,57252,False,0,0,45-49,not seen by CapnBry here
Pennine Mountains,14,hollow man,1,5080,8012,False,0,0,39-41,not seen by CapnBry here
Pennine Mountains,14,isolationist scout,1,59232,46816,False,0,0,47-47,not seen by CapnBry here
Pennine Mountains,14,young brown drake,2,48404,35081,False,0,0,47-47,not seen by CapnBry here
Pennine Mountains,14,young brown drake,1,46719,34525,False,0,0,47-47,not seen by CapnBry here
Hadrian's Wall,15,cave fairy,2,37626,22687,False,0,0,40-46,not seen by CapnBry here
Stonehenge Barrows,19,ossuary guardian,2,23478,13809,False,0,0,48-48,not seen by CapnBry here
Stonehenge Barrows,19,repentant follower,2,18286,24442,True,11,3,37-37,likely short (CapnBry saw more here)
Stonehenge Barrows,19,skeletal druidess,2,26317,17239,False,0,0,44-44,not seen by CapnBry here
Stonehenge Barrows,19,fiery fiend,2,22918,19040,False,0,0,41-43,not seen by CapnBry here
Stonehenge Barrows,19,cave hound,1,25348,19506,True,7,4,38-38,likely short (CapnBry saw more here)
Stonehenge Barrows,19,pendragon ardent,2,17713,23549,True,2,1,48-48,matches CapnBry (small/rare camp)
Stonehenge Barrows,19,decayed barbarian,1,21174,25335,True,1,2,40-40,matches CapnBry (small/rare camp)
Stonehenge Barrows,19,priestess of purity,2,18970,23552,False,0,0,44-44,not seen by CapnBry here
Stonehenge Barrows,19,spectral wizard,2,17500,23576,False,0,0,47-47,not seen by CapnBry here
Stonehenge Barrows,19,shade of ambrosius aurelianus,1,17843,24152,False,0,0,54-54,not seen by CapnBry here
Stonehenge Barrows,19,pendrake,2,17715,23528,True,2,2,48-48,matches CapnBry (small/rare camp)
Stonehenge Barrows,19,diseased rat,1,21629,25442,False,0,0,38-38,not seen by CapnBry here
Stonehenge Barrows,19,skeletal high priestess,1,26408,17139,False,0,0,46-46,not seen by CapnBry here
Tomb of Mithra,21,anilius,1,18118,21750,False,0,0,14-14,not seen by CapnBry here
Tomb of Mithra,21,erisus,1,17269,21560,False,0,0,13-13,not seen by CapnBry here
Tomb of Mithra,21,virilis,1,19980,21671,False,0,0,15-15,not seen by CapnBry here
Tomb of Mithra,21,haunting gloom,2,23563,23165,True,1,21,8-8,matches CapnBry (small/rare camp)
Tomb of Mithra,21,cursed believer,1,18818,21215,False,0,0,13-13,not seen by CapnBry here
Tomb of Mithra,21,cursed believer,1,18863,22760,False,0,0,13-13,not seen by CapnBry here
Tomb of Mithra,21,cursed believer,1,16352,23988,False,0,0,13-13,not seen by CapnBry here
Tomb of Mithra,21,decaying cadaver,1,18796,24182,False,0,0,8-8,not seen by CapnBry here
Tomb of Mithra,21,high priest andania,1,14724,26221,False,0,0,15-15,not seen by CapnBry here
Tomb of Mithra,21,virilus,1,19978,21802,False,0,0,15-15,not seen by CapnBry here
Tomb of Mithra,21,living entombed,2,19691,20740,False,0,0,11-11,not seen by CapnBry here
Tomb of Mithra,21,undead builder,1,18413,23504,False,0,0,9-9,not seen by CapnBry here
Tomb of Mithra,21,menacing presense,1,21770,21196,False,0,0,8-13,not seen by CapnBry here
Tomb of Mithra,21,menacing presense,1,23085,22119,False,0,0,8-13,not seen by CapnBry here
Tomb of Mithra,21,menacing presense,1,21953,23447,False,0,0,8-13,not seen by CapnBry here
Tomb of Mithra,21,forgotten promise,1,20223,24536,False,0,0,9-9,not seen by CapnBry here
Tomb of Mithra,21,dreadful cadaver,2,20521,20749,False,0,0,8-8,not seen by CapnBry here
Tomb of Mithra,21,dreadful cadaver,2,22564,21772,False,0,0,8-8,not seen by CapnBry here
Tomb of Mithra,21,dreadful cadaver,2,24180,22919,False,0,0,8-8,not seen by CapnBry here
Tomb of Mithra,21,fallen paladin,1,17307,24152,False,0,0,11-11,not seen by CapnBry here
Tomb of Mithra,21,botched sacrifice,1,18766,20687,False,0,0,11-11,not seen by CapnBry here
Tomb of Mithra,21,acolyte nascita,1,19570,24740,False,0,0,13-16,not seen by CapnBry here
Tomb of Mithra,21,undead poacher,2,21429,23547,False,0,0,9-9,not seen by CapnBry here
Tomb of Mithra,21,doomed minion,1,20778,23941,False,0,0,12-12,not seen by CapnBry here
Tomb of Mithra,21,doomed minion,1,18749,22825,False,0,0,12-12,not seen by CapnBry here
Tomb of Mithra,21,bleeder broodmother,1,19682,24033,False,0,0,11-12,not seen by CapnBry here
Tomb of Mithra,21,bleeder broodmother,1,17340,26219,False,0,0,11-12,not seen by CapnBry here
Tomb of Mithra,21,tortured soul,1,21685,21778,False,0,0,9-9,not seen by CapnBry here
Tomb of Mithra,21,lingering shade,2,18792,26228,False,0,0,11-11,not seen by CapnBry here
Tomb of Mithra,21,favonius facilis,1,20051,21735,False,0,0,16-16,not seen by CapnBry here
Isle of Glass,51,torrent,1,53613,33411,False,0,0,7-7,not seen by CapnBry here
Isle of Glass,51,svarm,1,13374,54636,False,0,0,12-12,not seen by CapnBry here
Isle of Glass,51,large dragonfly,1,30838,46460,True,1,4,0-1,matches CapnBry (small/rare camp)
Isle of Glass,51,large dragonfly,1,22597,57985,False,0,0,0-1,not seen by CapnBry here
Isle of Glass,51,large dragonfly,1,39943,43530,True,8,26,0-1,likely short (CapnBry saw more here)
Isle of Glass,51,large dragonfly,1,30094,42853,True,1,2,0-1,matches CapnBry (small/rare camp)
Isle of Glass,51,large dragonfly,2,28070,49159,True,2,13,0-1,matches CapnBry (small/rare camp)
Isle of Glass,51,large dragonfly,1,34110,51976,True,1,26,0-1,matches CapnBry (small/rare camp)
Isle of Glass,51,large dragonfly,1,39312,45254,True,8,25,0-1,likely short (CapnBry saw more here)
Isle of Glass,51,grindylow,1,41605,24714,False,0,0,9-13,not seen by CapnBry here
Isle of Glass,51,grindylow,1,44610,28984,True,6,12,9-13,likely short (CapnBry saw more here)
Isle of Glass,51,grindylow,1,45602,26847,True,2,10,9-13,matches CapnBry (small/rare camp)
Isle of Glass,51,corpse flicker,1,48107,37345,True,2,2,3-5,matches CapnBry (small/rare camp)
Isle of Glass,51,corpse flicker,1,41650,40134,False,0,0,3-5,not seen by CapnBry here
Isle of Glass,51,corpse flicker,2,51014,42612,False,0,0,3-5,not seen by CapnBry here
Isle of Glass,51,corpse flicker,1,49642,38486,True,2,2,3-5,matches CapnBry (small/rare camp)
Isle of Glass,51,corpse flicker,1,50169,36878,True,2,2,3-5,matches CapnBry (small/rare camp)
Isle of Glass,51,corpse flicker,1,24979,43322,False,0,0,3-5,not seen by CapnBry here
Isle of Glass,51,corpse light,1,24809,12634,False,0,0,13-18,not seen by CapnBry here
Isle of Glass,51,corpse light,1,27096,13430,False,0,0,13-18,not seen by CapnBry here
Isle of Glass,51,flood,1,11795,46244,False,0,0,20-20,not seen by CapnBry here
Isle of Glass,51,sodden warrior,1,22980,35985,False,0,0,11-17,not seen by CapnBry here
Isle of Glass,51,lesser water elemental,1,33098,43763,True,4,3,4-8,likely short (CapnBry saw more here)
Isle of Glass,51,drakoran mage,2,24197,24731,False,0,0,18-21,not seen by CapnBry here
Isle of Glass,51,headless corpse,1,49092,36189,False,0,0,3-5,not seen by CapnBry here
Isle of Glass,51,headless corpse,1,35907,39281,True,1,7,3-5,matches CapnBry (small/rare camp)
Isle of Glass,51,biting dragonfly,2,14928,46072,False,0,0,11-13,not seen by CapnBry here
Isle of Glass,51,biting dragonfly,1,14562,44091,False,0,0,11-13,not seen by CapnBry here
Isle of Glass,51,biting dragonfly,2,16228,49378,False,0,0,11-13,not seen by CapnBry here
Isle of Glass,51,biting dragonfly,1,11479,45195,False,0,0,11-13,not seen by CapnBry here
Isle of Glass,51,headless dead,1,31911,42605,True,9,2,1-3,likely short (CapnBry saw more here)
Isle of Glass,51,urchin hooligan,1,33621,26134,False,0,0,11-14,not seen by CapnBry here
Isle of Glass,51,ewart haralder,1,32740,21197,False,0,0,22-22,not seen by CapnBry here
Isle of Glass,51,guagaran whelp,1,4044,41581,False,0,0,10-13,not seen by CapnBry here
Isle of Glass,51,urchin ambusher,1,41155,24067,False,0,0,12-12,not seen by CapnBry here
Isle of Glass,51,corpse glow,1,45932,50647,False,0,0,1-2,not seen by CapnBry here
Isle of Glass,51,corpse glow,1,49369,48783,False,0,0,1-2,not seen by CapnBry here
Isle of Glass,51,drakoran plunderer,2,5740,12821,False,0,0,16-21,not seen by CapnBry here
Isle of Glass,51,drakoran plunderer,1,20450,15119,False,0,0,16-21,not seen by CapnBry here
Isle of Glass,51,soggy skeleton,1,41034,40665,False,0,0,4-7,not seen by CapnBry here
Isle of Glass,51,soggy skeleton,1,22769,50956,False,0,0,4-7,not seen by CapnBry here
Isle of Glass,51,ghost,1,39484,25701,False,0,0,7-10,not seen by CapnBry here
Isle of Glass,51,drakoran pillager,1,4895,12014,False,0,0,16-19,not seen by CapnBry here
Isle of Glass,51,araich,1,5209,31242,False,0,0,11-11,not seen by CapnBry here
Isle of Glass,51,caldech,1,47020,32817,False,0,0,10-10,not seen by CapnBry here
Isle of Glass,51,sogrot,1,45182,42992,False,0,0,2-2,not seen by CapnBry here
Isle of Glass,51,swamp goo,2,38875,46193,True,4,23,0-1,likely short (CapnBry saw more here)
Isle of Glass,51,swamp goo,1,41013,48045,True,4,23,0-1,likely short (CapnBry saw more here)
Isle of Glass,51,swamp goo,1,41754,46650,True,4,23,0-1,likely short (CapnBry saw more here)
Isle of Glass,51,lieutenant grrar,1,24295,25137,False,0,0,28-28,not seen by CapnBry here
Isle of Glass,51,drakoran border watcher,1,9456,31341,False,0,0,11-13,not seen by CapnBry here
Isle of Glass,51,lieutenant yal'ris,1,34843,13666,False,0,0,27-27,not seen by CapnBry here
Isle of Glass,51,alluvian,1,54784,24951,False,0,0,15-15,not seen by CapnBry here
Isle of Glass,51,lieutenant zudd,1,13752,35437,False,0,0,25-25,not seen by CapnBry here
Isle of Glass,51,jocias,1,46752,48257,False,0,0,2-2,not seen by CapnBry here
Isle of Glass,51,martley,1,5299,31748,False,0,0,11-11,not seen by CapnBry here
Isle of Glass,51,commander slor'vid,1,24372,24692,False,0,0,31-31,not seen by CapnBry here
Avalon Isle,52,barak,1,46126,49641,False,0,0,26-26,not seen by CapnBry here
Avalon Isle,52,nalsor,1,15712,10976,False,0,0,35-35,not seen by CapnBry here
Avalon Isle,52,drakoran thaumaturge,2,20831,20474,False,0,0,32-34,not seen by CapnBry here
Avalon Isle,52,drakoran thaumaturge,1,8093,30408,False,0,0,32-34,not seen by CapnBry here
Avalon Isle,52,drakoran thaumaturge,1,33964,18146,False,0,0,32-34,not seen by CapnBry here
Avalon Isle,52,drakoran thaumaturge,2,25915,20368,False,0,0,32-34,not seen by CapnBry here
Avalon Isle,52,drakoran thaumaturge,1,40395,23275,True,1,1,32-34,matches CapnBry (small/rare camp)
Avalon Isle,52,drakoran thaumaturge,2,21993,28581,False,0,0,32-34,not seen by CapnBry here
Avalon Isle,52,drakoran thaumaturge,1,33782,32268,False,0,0,32-34,not seen by CapnBry here
Avalon Isle,52,drakoran thaumaturge,1,34870,24901,False,0,0,32-34,not seen by CapnBry here
Avalon Isle,52,drakoran thaumaturge,1,23652,24310,False,0,0,32-34,not seen by CapnBry here
Avalon Isle,52,drakoran thaumaturge,1,33030,16523,False,0,0,32-34,not seen by CapnBry here
Avalon Isle,52,drakoran thaumaturge,2,34709,36437,False,0,0,32-34,not seen by CapnBry here
Avalon Isle,52,drakoran thaumaturge,1,24447,35046,False,0,0,32-34,not seen by CapnBry here
Avalon Isle,52,drakoran marauder,1,44447,41068,True,1,3,22-25,matches CapnBry (small/rare camp)
Avalon Isle,52,drakoran marauder,1,50716,53298,True,1,56,22-25,matches CapnBry (small/rare camp)
Avalon Isle,52,drakoran marauder,1,47593,28911,True,1,14,22-25,matches CapnBry (small/rare camp)
Avalon Isle,52,drakoran marauder,1,44007,29440,True,1,14,22-25,matches CapnBry (small/rare camp)
Avalon Isle,52,drakoran marauder,2,52435,36467,True,2,5,22-25,matches CapnBry (small/rare camp)
Avalon Isle,52,drakoran marauder,1,48825,55146,True,1,56,22-25,matches CapnBry (small/rare camp)
Avalon Isle,52,gray ghost,1,54638,30433,True,1,6,24-31,matches CapnBry (small/rare camp)
Avalon Isle,52,drakoran grunt,2,56000,16517,False,0,0,21-26,not seen by CapnBry here
Avalon Isle,52,drakoran grunt,1,57180,18159,False,0,0,21-26,not seen by CapnBry here
Avalon Isle,52,drakoran grunt,1,47900,52832,True,7,55,21-26,likely short (CapnBry saw more here)
Avalon Isle,52,drakoran grunt,1,34708,36353,False,0,0,21-26,not seen by CapnBry here
Avalon Isle,52,drakoran grunt,1,44839,28747,True,1,3,21-26,matches CapnBry (small/rare camp)
Avalon Isle,52,drakoran grunt,1,52352,52255,True,3,39,21-26,likely short (CapnBry saw more here)
Avalon Isle,52,drakoran grunt,1,42421,48302,True,5,8,21-26,likely short (CapnBry saw more here)
Avalon Isle,52,drakoran grunt,1,47631,28859,True,1,3,21-26,matches CapnBry (small/rare camp)
Avalon Isle,52,drakoran grunt,1,48062,57371,True,7,9,21-26,likely short (CapnBry saw more here)
Avalon Isle,52,drakoran grunt,2,46238,41449,True,1,7,21-26,matches CapnBry (small/rare camp)
Avalon Isle,52,caer caddug footsoldier,1,48971,19779,False,0,0,35-41,not seen by CapnBry here
Avalon Isle,52,caer caddug footsoldier,1,49432,17430,False,0,0,35-41,not seen by CapnBry here
Avalon Isle,52,caer caddug footsoldier,1,58350,7413,False,0,0,35-41,not seen by CapnBry here
Avalon Isle,52,caer caddug footsoldier,1,51396,6313,False,0,0,35-41,not seen by CapnBry here
Avalon Isle,52,caer caddug footsoldier,1,52471,17755,False,0,0,35-41,not seen by CapnBry here
Avalon Isle,52,caer caddug footsoldier,1,57582,10895,False,0,0,35-41,not seen by CapnBry here
Avalon Isle,52,caer caddug priest,1,47896,21686,True,1,1,39-44,matches CapnBry (small/rare camp)
Avalon Isle,52,caer caddug priest,1,52891,18230,False,0,0,39-44,not seen by CapnBry here
Avalon Isle,52,caer caddug priest,1,49690,15912,False,0,0,39-44,not seen by CapnBry here
Avalon Isle,52,caer caddug baille,1,49430,22927,True,1,1,36-42,matches CapnBry (small/rare camp)
Avalon Isle,52,caer caddug baille,1,57730,8168,False,0,0,36-42,not seen by CapnBry here
Avalon Isle,52,kovos,1,35574,31174,False,0,0,35-35,not seen by CapnBry here
Avalon Isle,52,drakoran looter,1,36460,28492,False,0,0,31-35,not seen by CapnBry here
Avalon Isle,52,drakoran looter,1,26193,20367,False,0,0,31-35,not seen by CapnBry here
Avalon Isle,52,drakoran looter,1,35578,31111,False,0,0,31-35,not seen by CapnBry here
Avalon Isle,52,drakoran looter,1,39751,14436,False,0,0,31-35,not seen by CapnBry here
Avalon Isle,52,drakoran looter,1,24913,36764,False,0,0,31-35,not seen by CapnBry here
Avalon Isle,52,drakoran looter,2,32943,32387,False,0,0,31-35,not seen by CapnBry here
Avalon Isle,52,drakoran looter,1,23381,24527,False,0,0,31-35,not seen by CapnBry here
Avalon Isle,52,drakoran looter,1,12058,24908,False,0,0,31-35,not seen by CapnBry here
Avalon Isle,52,drakoran looter,1,33293,22548,False,0,0,31-35,not seen by CapnBry here
Avalon Isle,52,drakoran looter,2,24953,32872,False,0,0,31-35,not seen by CapnBry here
Avalon Isle,52,drakoran looter,1,42846,22423,True,1,4,31-35,matches CapnBry (small/rare camp)
Avalon Isle,52,drakoran looter,1,22311,28838,False,0,0,31-35,not seen by CapnBry here
Avalon Isle,52,drakoran looter,1,34720,6531,False,0,0,31-35,not seen by CapnBry here
Avalon Isle,52,drakoran fighter,1,12405,39585,True,2,1,32-36,matches CapnBry (small/rare camp)
Avalon Isle,52,drakoran fighter,1,10872,40244,True,2,1,32-36,matches CapnBry (small/rare camp)
Avalon Isle,52,drakoran fighter,1,15734,11025,False,0,0,32-36,not seen by CapnBry here
Avalon Isle,52,drakoran fighter,1,25383,32846,False,0,0,32-36,not seen by CapnBry here
Avalon Isle,52,drakoran fighter,1,40445,25820,True,2,2,32-36,matches CapnBry (small/rare camp)
Avalon Isle,52,drakoran fighter,2,39171,23457,True,2,2,32-36,matches CapnBry (small/rare camp)
Avalon Isle,52,drakoran fighter,2,36694,16855,False,0,0,32-36,not seen by CapnBry here
Avalon Isle,52,drakoran fighter,1,14582,24020,False,0,0,32-36,not seen by CapnBry here
Avalon Isle,52,drakoran fighter,1,24392,21971,False,0,0,32-36,not seen by CapnBry here
Avalon Isle,52,drakoran fighter,1,34725,36415,False,0,0,32-36,not seen by CapnBry here
Avalon Isle,52,drakoran fighter,1,34994,25112,False,0,0,32-36,not seen by CapnBry here
Avalon Isle,52,drakoran fighter,1,30520,37237,False,0,0,32-36,not seen by CapnBry here
Avalon Isle,52,drakoran fighter,1,31438,19952,False,0,0,32-36,not seen by CapnBry here
Avalon Isle,52,drakoran fighter,1,24355,31127,False,0,0,32-36,not seen by CapnBry here
Avalon Isle,52,drakoran fighter,1,33230,22536,False,0,0,32-36,not seen by CapnBry here
Avalon Isle,52,caer caddug seer,1,50560,18614,False,0,0,35-40,not seen by CapnBry here
Avalon Isle,52,caer caddug seer,2,52490,17774,False,0,0,35-40,not seen by CapnBry here
Avalon Isle,52,caer caddug bodyguard,1,49176,19811,False,0,0,40-44,not seen by CapnBry here
Avalon Isle,52,caer caddug bodyguard,2,51465,16669,False,0,0,40-44,not seen by CapnBry here
Avalon Isle,52,drakoran sawbone,1,13404,38558,True,1,1,31-35,matches CapnBry (small/rare camp)
Avalon Isle,52,drakoran sawbone,1,33965,18210,False,0,0,31-35,not seen by CapnBry here
Avalon Isle,52,drakoran sawbone,2,17574,36443,False,0,0,31-35,not seen by CapnBry here
Avalon Isle,52,drakoran sawbone,1,34430,36265,False,0,0,31-35,not seen by CapnBry here
Avalon Isle,52,drakoran sawbone,1,23398,31692,False,0,0,31-35,not seen by CapnBry here
Avalon Isle,52,drakoran sawbone,1,21701,28854,False,0,0,31-35,not seen by CapnBry here
Avalon Isle,52,drakoran sawbone,1,36726,16530,False,0,0,31-35,not seen by CapnBry here
Avalon Isle,52,drakoran sawbone,1,22853,23123,False,0,0,31-35,not seen by CapnBry here
Avalon Isle,52,drakoran sawbone,1,24352,21909,False,0,0,31-35,not seen by CapnBry here
Avalon Isle,52,drakoran sawbone,2,34368,32147,False,0,0,31-35,not seen by CapnBry here
Avalon Isle,52,drakoran sawbone,1,25565,20539,False,0,0,31-35,not seen by CapnBry here
Avalon Isle,52,drakoran sawbone,1,36507,28535,False,0,0,31-35,not seen by CapnBry here
Avalon Isle,52,drakoran sawbone,1,34886,24963,False,0,0,31-35,not seen by CapnBry here
Avalon Isle,52,drakoran sawbone,1,24815,35927,False,0,0,31-35,not seen by CapnBry here
Avalon Isle,52,caer caddug knight,1,53152,15857,False,0,0,40-46,not seen by CapnBry here
Avalon Isle,52,caer caddug knight,1,49516,24194,True,1,3,40-46,matches CapnBry (small/rare camp)
Avalon Isle,52,caer caddug knight,1,51160,18710,False,0,0,40-46,not seen by CapnBry here
Avalon Isle,52,drakoran elementalist,1,52383,52199,True,8,22,21-25,likely short (CapnBry saw more here)
Avalon Isle,52,drakoran elementalist,1,47056,54410,True,8,19,21-25,likely short (CapnBry saw more here)
Avalon Isle,52,drakoran elementalist,1,47098,38428,False,0,0,21-25,not seen by CapnBry here
Avalon Isle,52,drakoran elementalist,1,38950,44501,True,10,9,21-25,likely short (CapnBry saw more here)
Avalon Isle,52,drakoran elementalist,1,43936,29431,True,1,6,21-25,matches CapnBry (small/rare camp)
Avalon Isle,52,drakoran elementalist,1,49676,34717,True,1,13,21-25,matches CapnBry (small/rare camp)
Avalon Isle,52,drakoran elementalist,1,40572,49227,True,10,3,21-25,likely short (CapnBry saw more here)
Avalon Isle,52,drakoran elementalist,1,41681,46312,True,10,4,21-25,likely short (CapnBry saw more here)
Avalon Isle,52,drakoran leech,1,47235,38797,True,1,1,31-32,matches CapnBry (small/rare camp)
Avalon Isle,52,drakoran leech,1,43215,46061,True,11,3,31-32,likely short (CapnBry saw more here)
Avalon Isle,52,drakoran leech,1,51200,36237,True,1,5,31-32,matches CapnBry (small/rare camp)
Avalon Isle,52,caer caddug equerry,1,48152,17664,False,0,0,38-41,not seen by CapnBry here
Avalon Isle,52,caer caddug equerry,1,53023,15760,False,0,0,38-41,not seen by CapnBry here
Avalon Isle,52,undead apple harvester,2,14243,18405,False,0,0,30-34,not seen by CapnBry here
Avalon Isle,52,undead apple gatherer,1,14272,9390,False,0,0,29-35,not seen by CapnBry here
Avalon Isle,52,undead apple gatherer,1,12259,19171,False,0,0,29-35,not seen by CapnBry here
Avalon Isle,52,undead apple gatherer,2,13802,19408,False,0,0,29-35,not seen by CapnBry here
Avalon Isle,52,urchin filcher,1,39267,61525,False,0,0,28-33,not seen by CapnBry here
Avalon Isle,52,urchin filcher,1,35855,56458,False,0,0,28-33,not seen by CapnBry here
Avalon Isle,52,torvarg,1,27446,19401,False,0,0,35-35,not seen by CapnBry here
Avalon Isle,52,kelsanor,1,27750,48689,False,0,0,42-42,not seen by CapnBry here
Avalon Isle,52,drakoran patrol,1,20261,20393,False,0,0,32-34,not seen by CapnBry here
Avalon Isle,52,undead ganger,1,24508,53586,False,0,0,32-37,not seen by CapnBry here
Avalon Isle,52,undead seedsmen,2,55782,49301,False,0,0,19-22,not seen by CapnBry here
Avalon Isle,52,vask,1,9941,16920,False,0,0,33-33,not seen by CapnBry here
Avalon Isle,52,prios,1,58396,39548,False,0,0,28-28,not seen by CapnBry here
Avalon Isle,52,lord caddug,1,51580,16460,False,0,0,68-68,not seen by CapnBry here
Avalon Isle,52,bolin,1,46469,49255,False,0,0,33-33,not seen by CapnBry here
Vale of Mularn,100,small hill cat,1,61806,37266,True,3,12,7-7,likely short (CapnBry saw more here)
Vale of Mularn,100,small hill cat,2,45725,21597,True,2,16,7-7,matches CapnBry (small/rare camp)
Vale of Mularn,100,small hill cat,1,59490,24597,False,0,0,7-7,not seen by CapnBry here
Vale of Mularn,100,small hill cat,1,32395,37437,True,5,331,7-7,likely short (CapnBry saw more here)
Vale of Mularn,100,small hill cat,1,60679,35778,True,6,44,7-7,likely short (CapnBry saw more here)
Vale of Mularn,100,small hill cat,1,25302,42589,True,3,171,7-7,likely short (CapnBry saw more here)
Vale of Mularn,100,small hill cat,1,60494,17133,True,2,3,7-7,matches CapnBry (small/rare camp)
Vale of Mularn,100,small hill cat,1,55777,37096,True,7,115,7-7,likely short (CapnBry saw more here)
Vale of Mularn,100,small hill cat,1,30838,12664,True,1,20,7-7,matches CapnBry (small/rare camp)
Vale of Mularn,100,small hill cat,1,62303,16217,True,2,3,7-7,matches CapnBry (small/rare camp)
Vale of Mularn,100,small hill cat,1,18528,14218,True,3,249,7-7,likely short (CapnBry saw more here)
Vale of Mularn,100,small hill cat,1,60104,38169,True,6,44,7-7,likely short (CapnBry saw more here)
Vale of Mularn,100,small hill cat,1,12898,27664,True,1,136,7-7,matches CapnBry (small/rare camp)
Vale of Mularn,100,small hill cat,2,36148,36302,True,5,304,7-7,likely short (CapnBry saw more here)
Vale of Mularn,100,small hill cat,1,30535,51470,True,1,56,7-7,matches CapnBry (small/rare camp)
Vale of Mularn,100,small hill cat,1,5914,53520,True,2,29,7-7,matches CapnBry (small/rare camp)
Vale of Mularn,100,small hill cat,1,28877,30741,True,1,33,7-7,matches CapnBry (small/rare camp)
Vale of Mularn,100,small hill cat,1,30541,32065,True,1,15,7-7,matches CapnBry (small/rare camp)
Vale of Mularn,100,small hill cat,1,21917,45928,True,3,104,7-7,likely short (CapnBry saw more here)
Vale of Mularn,100,small hill cat,1,32831,18190,True,1,20,7-7,matches CapnBry (small/rare camp)
Vale of Mularn,100,small hill cat,1,16611,35460,True,1,1,7-7,matches CapnBry (small/rare camp)
Vale of Mularn,100,small hill cat,2,21328,48351,True,1,64,7-7,matches CapnBry (small/rare camp)
Vale of Mularn,100,small hill cat,1,51207,36288,True,7,82,7-7,likely short (CapnBry saw more here)
Vale of Mularn,100,small hill cat,1,62390,14168,True,2,2,7-7,matches CapnBry (small/rare camp)
Vale of Mularn,100,small hill cat,2,22607,41757,True,3,171,7-7,likely short (CapnBry saw more here)
Vale of Mularn,100,small hill cat,1,56027,35412,True,7,80,7-7,likely short (CapnBry saw more here)
Vale of Mularn,100,small hill cat,1,48119,20110,True,1,5,7-7,matches CapnBry (small/rare camp)
Vale of Mularn,100,small hill cat,2,53684,7771,True,3,5,7-7,likely short (CapnBry saw more here)
Vale of Mularn,100,small hill cat,1,53966,4824,True,3,5,7-7,likely short (CapnBry saw more here)
Vale of Mularn,100,small hill cat,1,29199,48228,True,1,56,7-7,matches CapnBry (small/rare camp)
Vale of Mularn,100,small hill cat,1,21968,44343,True,3,100,7-7,likely short (CapnBry saw more here)
Vale of Mularn,100,small hill cat,2,3760,52735,True,2,29,7-7,matches CapnBry (small/rare camp)
Vale of Mularn,100,small hill cat,2,35698,27816,True,2,10,7-7,matches CapnBry (small/rare camp)
Vale of Mularn,100,small hill cat,1,60600,22802,False,0,0,7-7,not seen by CapnBry here
Vale of Mularn,100,small hill cat,1,22122,54922,True,2,41,7-7,matches CapnBry (small/rare camp)
Vale of Mularn,100,small hill cat,1,23888,20558,True,4,250,7-7,likely short (CapnBry saw more here)
Vale of Mularn,100,small hill cat,1,24255,40891,True,3,171,7-7,likely short (CapnBry saw more here)
Vale of Mularn,100,small hill cat,1,21563,57216,True,2,41,7-7,matches CapnBry (small/rare camp)
Vale of Mularn,100,small hill cat,1,26238,25361,True,1,33,7-7,matches CapnBry (small/rare camp)
Vale of Mularn,100,black mauler cub,1,55328,25376,False,0,0,0-0,not seen by CapnBry here
Vale of Mularn,100,black mauler cub,1,50539,26672,False,0,0,0-0,not seen by CapnBry here
Vale of Mularn,100,black mauler cub,2,44662,51987,False,0,0,0-0,not seen by CapnBry here
Vale of Mularn,100,black mauler cub,1,54410,27433,False,0,0,0-0,not seen by CapnBry here
Vale of Mularn,100,black mauler cub,1,56070,45485,False,0,0,0-0,not seen by CapnBry here
Vale of Mularn,100,black mauler cub,1,56670,53938,False,0,0,0-0,not seen by CapnBry here
Vale of Mularn,100,black mauler cub,2,53516,23437,False,0,0,0-0,not seen by CapnBry here
Vale of Mularn,100,black mauler cub,1,48019,47299,False,0,0,0-0,not seen by CapnBry here
Vale of Mularn,100,black mauler cub,2,52287,46160,False,0,0,0-0,not seen by CapnBry here
Vale of Mularn,100,black mauler cub,1,44791,25779,False,0,0,0-0,not seen by CapnBry here
Vale of Mularn,100,black mauler cub,1,40210,32593,False,0,0,0-0,not seen by CapnBry here
Vale of Mularn,100,vein spider,2,36446,30745,True,4,281,5-5,likely short (CapnBry saw more here)
Vale of Mularn,100,vein spider,1,38046,31197,True,2,178,5-5,matches CapnBry (small/rare camp)
Vale of Mularn,100,vein spider,1,45657,19788,True,1,1,5-5,matches CapnBry (small/rare camp)
Vale of Mularn,100,vein spider,1,22688,42851,True,2,83,5-5,matches CapnBry (small/rare camp)
Vale of Mularn,100,vein spider,1,19566,42037,True,2,83,5-5,matches CapnBry (small/rare camp)
Vale of Mularn,100,vein spider,1,20975,44545,True,2,64,5-5,matches CapnBry (small/rare camp)
Vale of Mularn,100,vein spider,1,13263,41529,True,1,7,5-5,matches CapnBry (small/rare camp)
Vale of Mularn,100,vein spider,1,59300,10180,True,1,1,5-5,matches CapnBry (small/rare camp)
Vale of Mularn,100,vein spider,2,28454,51468,True,2,54,5-5,matches CapnBry (small/rare camp)
Vale of Mularn,100,vein spider,1,58952,40910,True,2,6,5-5,matches CapnBry (small/rare camp)
Vale of Mularn,100,vein spider,1,38774,29420,True,4,281,5-5,likely short (CapnBry saw more here)
Vale of Mularn,100,vein spider,1,26694,33106,True,1,17,5-5,matches CapnBry (small/rare camp)
Vale of Mularn,100,vein spider,1,57153,41869,True,2,6,5-5,matches CapnBry (small/rare camp)
Vale of Mularn,100,vein spider,1,36125,28102,True,4,286,5-5,likely short (CapnBry saw more here)
Vale of Mularn,100,vein spider,1,27336,49547,True,2,54,5-5,matches CapnBry (small/rare camp)
Vale of Mularn,100,vein spider,1,37084,40774,True,4,22,5-5,likely short (CapnBry saw more here)
Vale of Mularn,100,vein spider,1,22103,55548,True,2,53,5-5,matches CapnBry (small/rare camp)
Vale of Mularn,100,vein spider,1,61916,23577,False,0,0,5-5,not seen by CapnBry here
Vale of Mularn,100,vein spider,1,36180,39317,True,4,22,5-5,likely short (CapnBry saw more here)
Vale of Mularn,100,vein spider,1,58229,37801,True,2,6,5-5,matches CapnBry (small/rare camp)
Vale of Mularn,100,vein spider,1,22243,58084,True,2,53,5-5,matches CapnBry (small/rare camp)
Vale of Mularn,100,vein spider,1,22720,27393,True,1,6,5-5,matches CapnBry (small/rare camp)
Vale of Mularn,100,vein spider,1,34547,41027,True,4,22,5-5,likely short (CapnBry saw more here)
Vale of Mularn,100,vein spider,1,59497,16549,False,0,0,5-5,not seen by CapnBry here
Vale of Mularn,100,vein spider,1,26793,58854,True,1,7,5-5,matches CapnBry (small/rare camp)
Vale of Mularn,100,vein spider,1,33785,38607,True,4,22,5-5,likely short (CapnBry saw more here)
Vale of Mularn,100,vein spider,1,29698,33593,True,1,17,5-5,matches CapnBry (small/rare camp)
Vale of Mularn,100,young lynx,1,53510,48078,False,0,0,2-2,not seen by CapnBry here
Vale of Mularn,100,young lynx,1,46114,35818,True,1,37,2-2,matches CapnBry (small/rare camp)
Vale of Mularn,100,young lynx,1,38387,32494,True,3,344,2-2,likely short (CapnBry saw more here)
Vale of Mularn,100,young lynx,1,33938,28841,True,1,85,2-2,matches CapnBry (small/rare camp)
Vale of Mularn,100,young lynx,2,57553,46701,False,0,0,2-2,not seen by CapnBry here
Vale of Mularn,100,young lynx,1,34389,30863,True,1,85,2-2,matches CapnBry (small/rare camp)
Vale of Mularn,100,young lynx,2,56717,21825,True,2,30,2-2,matches CapnBry (small/rare camp)
Vale of Mularn,100,young grendelorm,1,27382,45950,True,2,108,7-7,matches CapnBry (small/rare camp)
Vale of Mularn,100,young grendelorm,2,27887,59135,True,2,46,7-7,matches CapnBry (small/rare camp)
Vale of Mularn,100,young grendelorm,1,60752,21626,False,0,0,7-7,not seen by CapnBry here
Vale of Mularn,100,young grendelorm,1,59123,12373,False,0,0,7-7,not seen by CapnBry here
Vale of Mularn,100,young grendelorm,1,33901,39146,True,1,36,7-7,matches CapnBry (small/rare camp)
Vale of Mularn,100,young grendelorm,2,33032,33792,True,1,28,7-7,matches CapnBry (small/rare camp)
Vale of Mularn,100,young grendelorm,1,47558,13010,True,1,8,7-7,matches CapnBry (small/rare camp)
Vale of Mularn,100,young grendelorm,1,62323,21447,False,0,0,7-7,not seen by CapnBry here
Vale of Mularn,100,young grendelorm,1,31230,49944,True,3,229,7-7,likely short (CapnBry saw more here)
Vale of Mularn,100,young grendelorm,1,27468,51433,True,3,152,7-7,likely short (CapnBry saw more here)
Vale of Mularn,100,young grendelorm,2,24577,30362,True,1,11,7-7,matches CapnBry (small/rare camp)
Vale of Mularn,100,young grendelorm,1,52139,12058,True,1,8,7-7,matches CapnBry (small/rare camp)
Vale of Mularn,100,young grendelorm,1,59012,5021,False,0,0,7-7,not seen by CapnBry here
Vale of Mularn,100,young grendelorm,1,59246,31502,True,2,41,7-7,matches CapnBry (small/rare camp)
Vale of Mularn,100,young grendelorm,2,24371,40785,True,2,44,7-7,matches CapnBry (small/rare camp)
Vale of Mularn,100,young grendelorm,1,20584,50365,True,3,274,7-7,likely short (CapnBry saw more here)
Vale of Mularn,100,young grendelorm,1,27961,29213,True,1,11,7-7,matches CapnBry (small/rare camp)
Vale of Mularn,100,young grendelorm,1,59733,37737,True,1,8,7-7,matches CapnBry (small/rare camp)
Vale of Mularn,100,young grendelorm,1,56711,39795,True,1,8,7-7,matches CapnBry (small/rare camp)
Vale of Mularn,100,young grendelorm,1,17371,44129,True,1,120,7-7,matches CapnBry (small/rare camp)
Vale of Mularn,100,young grendelorm,2,56838,32072,True,2,41,7-7,matches CapnBry (small/rare camp)
Vale of Mularn,100,young grendelorm,1,22996,42251,True,2,44,7-7,matches CapnBry (small/rare camp)
Vale of Mularn,100,young grendelorm,1,46918,18265,True,1,6,7-7,matches CapnBry (small/rare camp)
Vale of Mularn,100,young grendelorm,1,45763,19913,True,1,11,7-7,matches CapnBry (small/rare camp)
Vale of Mularn,100,young grendelorm,1,20770,40681,True,2,164,7-7,matches CapnBry (small/rare camp)
Vale of Mularn,100,vein spiderling,1,44737,51461,False,0,0,0-0,not seen by CapnBry here
Vale of Mularn,100,vein spiderling,1,56923,26894,False,0,0,0-0,not seen by CapnBry here
Vale of Mularn,100,vein spiderling,1,57060,45662,False,0,0,0-0,not seen by CapnBry here
Vale of Mularn,100,vein spiderling,1,44466,54426,False,0,0,0-0,not seen by CapnBry here
Vale of Mularn,100,vein spiderling,2,54638,56480,False,0,0,0-0,not seen by CapnBry here
Vale of Mularn,100,vein spiderling,1,57219,47747,False,0,0,0-0,not seen by CapnBry here
Vale of Mularn,100,vein spiderling,2,52634,26473,False,0,0,0-0,not seen by CapnBry here
Vale of Mularn,100,vein spiderling,2,50767,27182,False,0,0,0-0,not seen by CapnBry here
Vale of Mularn,100,vein spiderling,2,47539,30011,False,0,0,0-0,not seen by CapnBry here
Vale of Mularn,100,vein spiderling,1,42814,52256,False,0,0,0-0,not seen by CapnBry here
Vale of Mularn,100,vein spiderling,1,53938,47921,False,0,0,0-0,not seen by CapnBry here
Vale of Mularn,100,vein spiderling,1,46121,54987,False,0,0,0-0,not seen by CapnBry here
Vale of Mularn,100,vein spiderling,1,43903,56376,False,0,0,0-0,not seen by CapnBry here
Vale of Mularn,100,vein spiderling,1,45407,24756,False,0,0,0-0,not seen by CapnBry here
Vale of Mularn,100,vein spiderling,1,46935,49195,False,0,0,0-0,not seen by CapnBry here
Vale of Mularn,100,huldu outcast,2,54538,47897,True,2,48,1-1,matches CapnBry (small/rare camp)
Vale of Mularn,100,huldu outcast,1,54229,44621,True,2,2,1-1,matches CapnBry (small/rare camp)
Vale of Mularn,100,huldu outcast,2,59067,52488,True,2,14,1-1,matches CapnBry (small/rare camp)
Vale of Mularn,100,huldu outcast,2,58188,45098,True,2,36,1-1,matches CapnBry (small/rare camp)
Vale of Mularn,100,huldu outcast,1,54437,43121,True,2,2,1-1,matches CapnBry (small/rare camp)
Vale of Mularn,100,huldu outcast,1,57191,48158,True,2,49,1-1,matches CapnBry (small/rare camp)
Vale of Mularn,100,huldu outcast,1,57886,49962,True,2,47,1-1,matches CapnBry (small/rare camp)
Vale of Mularn,100,huldu lurker,1,37217,54109,True,1,57,2-2,matches CapnBry (small/rare camp)
Vale of Mularn,100,huldu lurker,1,41303,46194,True,1,253,2-2,matches CapnBry (small/rare camp)
Vale of Mularn,100,huldu lurker,1,21201,34414,True,1,228,2-2,matches CapnBry (small/rare camp)
Vale of Mularn,100,huldu lurker,2,58298,45482,True,2,6,2-2,matches CapnBry (small/rare camp)
Vale of Mularn,100,huldu lurker,1,12212,41908,True,1,50,2-2,matches CapnBry (small/rare camp)
Vale of Mularn,100,huldu lurker,1,42623,47071,True,1,253,2-2,matches CapnBry (small/rare camp)
Vale of Mularn,100,huldu lurker,1,17292,33307,True,1,179,2-2,matches CapnBry (small/rare camp)
Vale of Mularn,100,huldu lurker,1,19750,35870,True,1,237,2-2,matches CapnBry (small/rare camp)
Vale of Mularn,100,huldu hunter,1,38755,60625,True,1,6,4-4,matches CapnBry (small/rare camp)
Vale of Mularn,100,huldu hunter,1,12405,40340,True,4,185,4-4,likely short (CapnBry saw more here)
Vale of Mularn,100,huldu hunter,1,34988,61637,True,1,6,4-4,matches CapnBry (small/rare camp)
Vale of Mularn,100,huldu hunter,2,11084,43692,True,4,185,4-4,likely short (CapnBry saw more here)
Vale of Mularn,100,huldu hunter,2,44503,35999,True,3,107,4-4,likely short (CapnBry saw more here)
Vale of Mularn,100,huldu hunter,2,20849,35778,True,4,645,4-4,likely short (CapnBry saw more here)
Vale of Mularn,100,huldu hunter,1,54530,12299,True,1,19,4-4,matches CapnBry (small/rare camp)
Vale of Mularn,100,huldu hunter,1,34869,55002,True,5,34,4-4,likely short (CapnBry saw more here)
Vale of Mularn,100,huldu hunter,1,9145,38887,True,2,18,4-4,matches CapnBry (small/rare camp)
Vale of Mularn,100,huldu hunter,1,33852,30320,True,2,254,4-4,matches CapnBry (small/rare camp)
Vale of Mularn,100,huldu hunter,1,18182,38868,True,3,291,4-4,likely short (CapnBry saw more here)
Vale of Mularn,100,huldu hunter,1,43329,18568,True,1,7,4-4,matches CapnBry (small/rare camp)
Vale of Mularn,100,huldu hunter,2,7600,45957,False,0,0,4-4,not seen by CapnBry here
Vale of Mularn,100,huldu hunter,1,36640,56053,True,5,40,4-4,likely short (CapnBry saw more here)
Vale of Mularn,100,huldu hunter,1,7802,41102,True,2,18,4-4,matches CapnBry (small/rare camp)
Vale of Mularn,100,huldu hunter,1,11820,32830,True,1,101,4-4,matches CapnBry (small/rare camp)
Vale of Mularn,100,huldu hunter,1,45865,37449,True,3,107,4-4,likely short (CapnBry saw more here)
Vale of Mularn,100,huldu hunter,1,35986,31724,True,2,250,4-4,matches CapnBry (small/rare camp)
Vale of Mularn,100,huldu hunter,1,38153,41376,True,1,44,4-4,matches CapnBry (small/rare camp)
Vale of Mularn,100,huldu hunter,1,17635,32352,True,4,494,4-4,likely short (CapnBry saw more here)
Vale of Mularn,100,huldu hunter,1,34354,27798,True,2,254,4-4,matches CapnBry (small/rare camp)
Vale of Mularn,100,huldu hunter,1,39076,25143,True,1,62,4-4,matches CapnBry (small/rare camp)
Vale of Mularn,100,huldu hunter,1,4922,41491,False,0,0,4-4,not seen by CapnBry here
Vale of Mularn,100,huldu hunter,1,15114,43593,True,4,185,4-4,likely short (CapnBry saw more here)
Vale of Mularn,100,huldu hunter,1,13014,43148,True,4,185,4-4,likely short (CapnBry saw more here)
Vale of Mularn,100,huldu stalker,1,19541,42643,True,1,25,5-5,matches CapnBry (small/rare camp)
Vale of Mularn,100,huldu stalker,1,20093,34722,True,3,554,5-5,likely short (CapnBry saw more here)
Vale of Mularn,100,huldu stalker,1,31636,58246,False,0,0,5-5,not seen by CapnBry here
Vale of Mularn,100,huldu stalker,1,35394,33820,True,2,82,5-5,matches CapnBry (small/rare camp)
Vale of Mularn,100,huldu stalker,2,27981,48965,True,2,30,5-5,matches CapnBry (small/rare camp)
Vale of Mularn,100,huldu stalker,2,36947,27890,True,2,23,5-5,matches CapnBry (small/rare camp)
Vale of Mularn,100,huldu stalker,1,10698,46166,True,4,149,5-5,likely short (CapnBry saw more here)
Vale of Mularn,100,huldu stalker,1,20798,31715,True,3,554,5-5,likely short (CapnBry saw more here)
Vale of Mularn,100,huldu stalker,1,21139,56114,True,1,22,5-5,matches CapnBry (small/rare camp)
Vale of Mularn,100,huldu stalker,1,13891,42370,True,4,151,5-5,likely short (CapnBry saw more here)
Vale of Mularn,100,huldu stalker,1,20924,36264,True,2,348,5-5,matches CapnBry (small/rare camp)
Vale of Mularn,100,huldu stalker,1,57146,11354,True,1,4,5-5,matches CapnBry (small/rare camp)
Vale of Mularn,100,huldu stalker,1,8325,48100,True,1,42,5-5,matches CapnBry (small/rare camp)
Vale of Mularn,100,huldu stalker,1,32918,29731,True,2,38,5-5,matches CapnBry (small/rare camp)
Vale of Mularn,100,huldu stalker,1,33324,36807,True,2,51,5-5,matches CapnBry (small/rare camp)
Vale of Mularn,100,huldu stalker,1,9786,48969,True,1,42,5-5,matches CapnBry (small/rare camp)
Vale of Mularn,100,huldu stalker,1,18481,32038,True,3,467,5-5,likely short (CapnBry saw more here)
Vale of Mularn,100,huldu stalker,2,22258,34063,True,3,554,5-5,likely short (CapnBry saw more here)
Vale of Mularn,100,huldu stalker,1,30709,36856,True,2,16,5-5,matches CapnBry (small/rare camp)
Vale of Mularn,100,huldu stalker,1,29992,57187,False,0,0,5-5,not seen by CapnBry here
Vale of Mularn,100,huldu stalker,1,7645,44798,True,4,47,5-5,likely short (CapnBry saw more here)
Vale of Mularn,100,huldu stalker,1,17007,33290,True,3,420,5-5,likely short (CapnBry saw more here)
Vale of Mularn,100,rabid wolfhound,2,29698,18975,True,6,294,11-11,likely short (CapnBry saw more here)
Vale of Mularn,100,rabid wolfhound,2,30254,11480,True,2,30,11-11,matches CapnBry (small/rare camp)
Vale of Mularn,100,rabid wolfhound,1,31436,23335,True,6,212,11-11,likely short (CapnBry saw more here)
Vale of Mularn,100,rabid wolfhound,1,29780,30663,True,9,393,11-11,likely short (CapnBry saw more here)
Vale of Mularn,100,rabid wolfhound,1,31317,13646,True,2,30,11-11,matches CapnBry (small/rare camp)
Vale of Mularn,100,wood-eater,1,47133,37502,True,4,197,3-3,likely short (CapnBry saw more here)
Vale of Mularn,100,wood-eater,2,44600,35936,True,4,197,3-3,likely short (CapnBry saw more here)
Vale of Mularn,100,wood-eater,2,57728,53051,False,0,0,3-3,not seen by CapnBry here
Vale of Mularn,100,wood-eater,1,36533,45347,True,2,395,3-3,matches CapnBry (small/rare camp)
Vale of Mularn,100,wood-eater,1,37509,26372,True,1,35,3-3,matches CapnBry (small/rare camp)
Vale of Mularn,100,wood-eater,1,30161,46362,True,1,302,3-3,matches CapnBry (small/rare camp)
Vale of Mularn,100,wood-eater,2,34616,51309,True,2,156,3-3,matches CapnBry (small/rare camp)
Vale of Mularn,100,wood-eater,1,44304,18319,True,1,18,3-3,matches CapnBry (small/rare camp)
Vale of Mularn,100,wood-eater,1,58514,54901,False,0,0,3-3,not seen by CapnBry here
Vale of Mularn,100,wood-eater,1,33386,44502,True,1,401,3-3,matches CapnBry (small/rare camp)
Vale of Mularn,100,wood-eater,1,40612,40744,True,2,396,3-3,matches CapnBry (small/rare camp)
Vale of Mularn,100,hobgoblin snake-finder,2,46418,47706,False,0,0,1-1,not seen by CapnBry here
Vale of Mularn,100,hobgoblin snake-finder,1,48082,32939,True,1,144,1-1,matches CapnBry (small/rare camp)
Vale of Mularn,100,hobgoblin snake-finder,2,49279,23454,True,2,118,1-1,matches CapnBry (small/rare camp)
Vale of Mularn,100,hobgoblin snake-finder,1,38732,32081,True,1,5,1-1,matches CapnBry (small/rare camp)
Vale of Mularn,100,hobgoblin snake-finder,1,44487,57026,False,0,0,1-1,not seen by CapnBry here
Vale of Mularn,100,hill person,2,55644,31808,True,4,14,6-6,likely short (CapnBry saw more here)
Vale of Mularn,100,hill person,1,22685,39473,True,2,36,6-6,matches CapnBry (small/rare camp)
Vale of Mularn,100,hill person,1,55599,5031,False,0,0,6-6,not seen by CapnBry here
Vale of Mularn,100,hill person,1,23423,29991,True,1,7,6-6,matches CapnBry (small/rare camp)
Vale of Mularn,100,hill person,1,58637,39596,True,3,4,6-6,likely short (CapnBry saw more here)
Vale of Mularn,100,hill person,1,33631,37733,True,2,31,6-6,matches CapnBry (small/rare camp)
Vale of Mularn,100,hill person,2,47532,20340,True,5,94,6-6,likely short (CapnBry saw more here)
Vale of Mularn,100,hill person,1,58269,7808,False,0,0,6-6,not seen by CapnBry here
Vale of Mularn,100,hill person,2,21158,55283,True,4,95,6-6,likely short (CapnBry saw more here)
Vale of Mularn,100,hill person,1,35598,32552,True,2,57,6-6,matches CapnBry (small/rare camp)
Vale of Mularn,100,hill person,1,24844,41866,True,2,42,6-6,matches CapnBry (small/rare camp)
Vale of Mularn,100,hill person,1,28795,50534,True,2,103,6-6,matches CapnBry (small/rare camp)
Vale of Mularn,100,hill person,1,36044,29176,True,1,56,6-6,matches CapnBry (small/rare camp)
Vale of Mularn,100,hill person,1,27366,58446,True,1,14,6-6,matches CapnBry (small/rare camp)
Vale of Mularn,100,hill person,1,19315,43875,True,3,66,6-6,likely short (CapnBry saw more here)
Vale of Mularn,100,hill person,1,30100,59063,True,1,14,6-6,matches CapnBry (small/rare camp)
Vale of Mularn,100,hill person,2,22137,57059,True,4,95,6-6,likely short (CapnBry saw more here)
Vale of Mularn,100,hill person,1,25513,38921,True,2,36,6-6,matches CapnBry (small/rare camp)
Vale of Mularn,100,hill person,1,21887,42084,True,3,84,6-6,likely short (CapnBry saw more here)
Vale of Mularn,100,hill person,2,23571,48153,True,2,155,6-6,matches CapnBry (small/rare camp)
Vale of Mularn,100,hill person,1,19094,46016,True,3,51,6-6,likely short (CapnBry saw more here)
Vale of Mularn,100,hill person,1,36188,34237,True,2,57,6-6,matches CapnBry (small/rare camp)
Vale of Mularn,100,hill person,1,23098,42992,True,2,33,6-6,matches CapnBry (small/rare camp)
Vale of Mularn,100,hill person,1,47365,17929,True,5,40,6-6,likely short (CapnBry saw more here)
Vale of Mularn,100,hill person,2,57231,39906,True,3,4,6-6,likely short (CapnBry saw more here)
Vale of Mularn,100,hill person,1,30846,50725,True,2,41,6-6,matches CapnBry (small/rare camp)
Vale of Mularn,100,hill person,1,17452,45121,True,3,51,6-6,likely short (CapnBry saw more here)
Vale of Mularn,100,hill person,1,59839,24459,False,0,0,6-6,not seen by CapnBry here
Vale of Mularn,100,hill person,1,38187,41024,True,1,105,6-6,matches CapnBry (small/rare camp)
Vale of Mularn,100,hill person,1,23184,34124,True,1,13,6-6,matches CapnBry (small/rare camp)
Vale of Mularn,100,mud snake,1,56413,23507,False,0,0,0-0,not seen by CapnBry here
Vale of Mularn,100,mud snake,1,56695,50156,False,0,0,0-0,not seen by CapnBry here
Vale of Mularn,100,mud snake,2,55241,55657,False,0,0,0-0,not seen by CapnBry here
Vale of Mularn,100,mud snake,2,45867,26406,False,0,0,0-0,not seen by CapnBry here
Vale of Mularn,100,mud snake,1,47305,46841,False,0,0,0-0,not seen by CapnBry here
Vale of Mularn,100,mud snake,1,43970,53425,False,0,0,0-0,not seen by CapnBry here
Vale of Mularn,100,mud snake,1,43656,51807,False,0,0,0-0,not seen by CapnBry here
Vale of Mularn,100,mud snake,1,50290,21562,False,0,0,0-0,not seen by CapnBry here
Vale of Mularn,100,mud snake,1,56201,48057,False,0,0,0-0,not seen by CapnBry here
Vale of Mularn,100,mud snake,2,53712,27128,False,0,0,0-0,not seen by CapnBry here
Vale of Mularn,100,mud snake,1,54394,46539,False,0,0,0-0,not seen by CapnBry here
Vale of Mularn,100,mud snake,2,46068,48934,False,0,0,0-0,not seen by CapnBry here
Vale of Mularn,100,mud snake,1,52349,19801,False,0,0,0-0,not seen by CapnBry here
Vale of Mularn,100,phantom hound,1,32043,48052,True,1,60,3-3,matches CapnBry (small/rare camp)
Vale of Mularn,100,phantom hound,1,58271,14402,True,1,2,3-3,matches CapnBry (small/rare camp)
Vale of Mularn,100,phantom hound,1,35448,24208,True,1,25,3-3,matches CapnBry (small/rare camp)
Vale of Mularn,100,phantom hound,1,60502,38428,True,1,2,3-3,matches CapnBry (small/rare camp)
Vale of Mularn,100,phantom hound,1,35462,26322,True,1,25,3-3,matches CapnBry (small/rare camp)
Vale of Mularn,100,phantom hound,2,21972,43314,True,2,7,3-3,matches CapnBry (small/rare camp)
Vale of Mularn,100,phantom hound,1,26714,61518,True,2,4,3-3,matches CapnBry (small/rare camp)
Vale of Mularn,100,phantom hound,1,29019,60395,True,2,4,3-3,matches CapnBry (small/rare camp)
Vale of Mularn,100,phantom hound,1,26971,48216,True,1,38,3-3,matches CapnBry (small/rare camp)
Vale of Mularn,100,phantom hound,1,41400,41237,True,1,27,3-3,matches CapnBry (small/rare camp)
Vale of Mularn,100,phantom hound,1,27566,51037,True,1,38,3-3,matches CapnBry (small/rare camp)
Vale of Mularn,100,phantom hound,1,21164,34660,True,1,68,3-3,matches CapnBry (small/rare camp)
Vale of Mularn,100,phantom hound,1,45878,38379,True,1,27,3-3,matches CapnBry (small/rare camp)
Vale of Mularn,100,wild hog,1,38129,27202,True,5,140,2-2,likely short (CapnBry saw more here)
Vale of Mularn,100,wild hog,1,56254,20452,True,4,28,2-2,likely short (CapnBry saw more here)
Vale of Mularn,100,wild hog,1,44129,32137,True,1,12,2-2,matches CapnBry (small/rare camp)
Vale of Mularn,100,wild hog,1,38037,34947,True,5,198,2-2,likely short (CapnBry saw more here)
Vale of Mularn,100,hill cat,1,23394,19913,True,2,49,10-10,matches CapnBry (small/rare camp)
Vale of Mularn,100,hill cat,1,29695,49591,True,1,63,10-10,matches CapnBry (small/rare camp)
Vale of Mularn,100,hill cat,2,26319,26611,True,2,24,10-10,matches CapnBry (small/rare camp)
Vale of Mularn,100,hill cat,2,32011,16617,True,5,168,10-10,likely short (CapnBry saw more here)
Vale of Mularn,100,hill cat,1,21657,16546,True,2,96,10-10,matches CapnBry (small/rare camp)
Vale of Mularn,100,hill cat,1,17700,62087,True,1,6,10-10,matches CapnBry (small/rare camp)
Vale of Mularn,100,hill cat,1,58741,38644,False,0,0,10-10,not seen by CapnBry here
Vale of Mularn,100,hill cat,1,26368,42350,True,1,15,10-10,matches CapnBry (small/rare camp)
Vale of Mularn,100,hill cat,1,21835,57320,True,1,25,10-10,matches CapnBry (small/rare camp)
Vale of Mularn,100,hill cat,1,32952,13694,True,2,82,10-10,matches CapnBry (small/rare camp)
Vale of Mularn,100,hill cat,1,37385,18975,True,5,134,10-10,likely short (CapnBry saw more here)
Vale of Mularn,100,hill cat,1,34477,14107,True,2,82,10-10,matches CapnBry (small/rare camp)
Vale of Mularn,100,hill cat,1,9393,27000,True,1,155,10-10,matches CapnBry (small/rare camp)
Vale of Mularn,100,hill cat,1,26497,51596,True,1,36,10-10,matches CapnBry (small/rare camp)
Vale of Mularn,100,hill cat,1,21979,14803,True,2,96,10-10,matches CapnBry (small/rare camp)
Vale of Mularn,100,hill cat,1,36892,11650,True,2,73,10-10,matches CapnBry (small/rare camp)
Vale of Mularn,100,hill cat,1,20932,48882,True,1,42,10-10,matches CapnBry (small/rare camp)
Vale of Mularn,100,hill cat,1,42393,10255,True,2,19,10-10,matches CapnBry (small/rare camp)
Vale of Mularn,100,hill cat,1,33883,16943,True,5,168,10-10,likely short (CapnBry saw more here)
Vale of Mularn,100,hill cat,1,24399,18337,True,2,80,10-10,matches CapnBry (small/rare camp)
Vale of Mularn,100,hill cat,1,30262,29131,True,1,5,10-10,matches CapnBry (small/rare camp)
Vale of Mularn,100,hill cat,1,42027,22327,True,1,10,10-10,matches CapnBry (small/rare camp)
Vale of Mularn,100,hill cat,2,40641,9607,True,2,26,10-10,matches CapnBry (small/rare camp)
Vale of Mularn,100,hill cat,1,18356,33325,True,1,44,10-10,matches CapnBry (small/rare camp)
Vale of Mularn,100,hobgoblin biter,1,38773,30654,True,1,12,6-6,matches CapnBry (small/rare camp)
Vale of Mularn,100,gors,1,10701,28600,False,0,0,6-6,not seen by CapnBry here
Vale of Mularn,100,vasa,1,16665,56086,False,0,0,9-9,not seen by CapnBry here
Vale of Mularn,100,rasczel,1,41295,8860,False,0,0,10-10,not seen by CapnBry here
Vale of Mularn,100,hobyah,1,43991,11669,True,1,8,10-13,matches CapnBry (small/rare camp)
Vale of Mularn,100,little water goblin,1,40031,25721,True,2,26,2-2,matches CapnBry (small/rare camp)
Vale of Mularn,100,little water goblin,1,46755,38258,True,1,25,2-2,matches CapnBry (small/rare camp)
Vale of Mularn,100,little water goblin,1,38791,27415,True,2,26,2-2,matches CapnBry (small/rare camp)
Vale of Mularn,100,little water goblin,1,58185,20371,False,0,0,2-2,not seen by CapnBry here
Vale of Mularn,100,little water goblin,1,37706,54473,True,1,12,2-2,matches CapnBry (small/rare camp)
Vale of Mularn,100,little water goblin,1,39437,35166,True,1,58,2-2,matches CapnBry (small/rare camp)
Vale of Mularn,100,wood-eater alate,1,32880,43926,True,1,130,7-7,matches CapnBry (small/rare camp)
Vale of Mularn,100,wood-eater alate,1,38239,47237,True,1,97,7-7,matches CapnBry (small/rare camp)
Vale of Mularn,100,vrede,1,25702,37133,False,0,0,12-12,not seen by CapnBry here
Vale of Mularn,100,scout haurg,1,19970,45798,False,0,0,9-9,not seen by CapnBry here
Vale of Mularn,100,hobgoblin prankster,1,39627,45644,True,1,176,3-3,matches CapnBry (small/rare camp)
Vale of Mularn,100,hobgoblin prankster,1,32178,55612,True,5,55,3-3,likely short (CapnBry saw more here)
Vale of Mularn,100,hobgoblin prankster,1,44105,36063,True,1,75,3-3,matches CapnBry (small/rare camp)
Vale of Mularn,100,hobgoblin prankster,2,57252,14779,True,2,23,3-3,matches CapnBry (small/rare camp)
Vale of Mularn,100,hobgoblin prankster,1,35967,61517,True,2,9,3-3,matches CapnBry (small/rare camp)
Vale of Mularn,100,hobgoblin prankster,1,38438,58140,True,5,43,3-3,likely short (CapnBry saw more here)
Vale of Mularn,100,hobgoblin prankster,1,40401,40819,True,1,254,3-3,matches CapnBry (small/rare camp)
Vale of Mularn,100,hobgoblin prankster,2,45496,15477,True,3,52,3-3,likely short (CapnBry saw more here)
Vale of Mularn,100,vendo shaman,2,39090,12257,True,2,17,10-10,matches CapnBry (small/rare camp)
Vale of Mularn,100,vendo shaman,1,38238,6954,True,2,15,10-10,matches CapnBry (small/rare camp)
Vale of Mularn,100,vendo shaman,1,42499,10042,True,2,17,10-10,matches CapnBry (small/rare camp)
Vale of Mularn,100,rattling skeleton,2,45469,53882,True,2,402,1-1,matches CapnBry (small/rare camp)
Vale of Mularn,100,rattling skeleton,1,46715,47817,True,1,321,1-1,matches CapnBry (small/rare camp)
Vale of Mularn,100,rattling skeleton,1,54972,56122,True,1,99,1-1,matches CapnBry (small/rare camp)
Vale of Mularn,100,meandering spirit,2,46523,26269,True,2,147,1-1,matches CapnBry (small/rare camp)
Vale of Mularn,100,wood-eater worker,1,34171,50867,True,3,278,4-4,likely short (CapnBry saw more here)
Vale of Mularn,100,wood-eater worker,2,33500,54151,True,3,278,4-4,likely short (CapnBry saw more here)
Vale of Mularn,100,wood-eater worker,1,36031,53644,True,3,278,4-4,likely short (CapnBry saw more here)
Vale of Mularn,100,vendo bone-collector,1,29732,15504,True,1,14,13-13,matches CapnBry (small/rare camp)
Vale of Mularn,100,vendo bone-collector,2,16598,10381,True,1,60,13-13,matches CapnBry (small/rare camp)
Vale of Mularn,100,vendo bone-collector,1,24261,9303,True,1,19,13-13,matches CapnBry (small/rare camp)
Vale of Mularn,100,spat,1,34045,40966,False,0,0,8-8,not seen by CapnBry here
Vale of Mularn,100,wood-eater royal guard,1,29557,56331,True,2,8,16-16,matches CapnBry (small/rare camp)
Vale of Mularn,100,wood-eater royal guard,1,33504,55526,True,2,8,16-16,matches CapnBry (small/rare camp)
Vale of Mularn,100,gulak,1,35120,60068,False,0,0,5-5,not seen by CapnBry here
Vale of Mularn,100,wood-eater soldier,2,38714,47558,True,2,104,6-6,matches CapnBry (small/rare camp)
Vale of Mularn,100,wood-eater soldier,1,41893,42365,True,1,20,6-6,matches CapnBry (small/rare camp)
Vale of Mularn,100,votan,1,45211,54720,False,0,0,1-1,not seen by CapnBry here
Vale of Mularn,100,vendo stalker,1,25934,23562,True,1,8,12-12,matches CapnBry (small/rare camp)
Vale of Mularn,100,galkvinne,1,40774,6970,False,0,0,22-22,not seen by CapnBry here
Vale of Mularn,100,hobgoblin prowler,1,39808,30579,True,1,19,8-8,matches CapnBry (small/rare camp)
Vale of Mularn,100,prugor,1,29081,16892,False,0,0,11-11,not seen by CapnBry here
Vale of Mularn,100,asbjom,1,26424,3596,False,0,0,22-22,not seen by CapnBry here
Vale of Mularn,100,hobgoblin fish-catcher,1,46207,48325,False,0,0,0-0,not seen by CapnBry here
Vale of Mularn,100,birk,1,9466,13081,False,0,0,14-14,not seen by CapnBry here
Vale of Mularn,100,wood-eater hunter,1,34540,43288,True,1,12,5-5,matches CapnBry (small/rare camp)
Vale of Mularn,100,wood-eater hunter,1,34954,50699,True,1,20,5-5,matches CapnBry (small/rare camp)
Vale of Mularn,100,scout grogor,1,43374,24768,False,0,0,9-9,not seen by CapnBry here
Vale of Mularn,100,nordic dirge,1,12268,61476,False,0,0,6-6,not seen by CapnBry here
Vale of Mularn,100,smyga,1,38592,32000,False,0,0,9-9,not seen by CapnBry here
East Svealand,101,roaming dirge,2,2175,34258,True,3,16,8-8,likely short (CapnBry saw more here)
East Svealand,101,roaming dirge,2,23835,7571,True,7,22,8-8,likely short (CapnBry saw more here)
East Svealand,101,roaming dirge,1,17496,28141,False,0,0,8-8,not seen by CapnBry here
East Svealand,101,roaming dirge,1,22507,33216,True,2,3,8-8,matches CapnBry (small/rare camp)
East Svealand,101,roaming dirge,1,24738,10751,True,7,22,8-8,likely short (CapnBry saw more here)
East Svealand,101,roaming dirge,1,13230,48084,True,1,16,8-8,matches CapnBry (small/rare camp)
East Svealand,101,roaming dirge,1,26343,32079,True,2,12,8-8,matches CapnBry (small/rare camp)
East Svealand,101,roaming dirge,1,23712,30114,True,2,12,8-8,matches CapnBry (small/rare camp)
East Svealand,101,roaming dirge,1,20299,35488,False,0,0,8-8,not seen by CapnBry here
East Svealand,101,roaming dirge,1,29584,3679,False,0,0,8-8,not seen by CapnBry here
East Svealand,101,roaming dirge,1,38780,30708,True,1,5,8-8,matches CapnBry (small/rare camp)
East Svealand,101,roaming dirge,2,37125,2358,True,2,35,8-8,matches CapnBry (small/rare camp)
East Svealand,101,roaming dirge,1,36763,30719,True,1,5,8-8,matches CapnBry (small/rare camp)
East Svealand,101,roaming dirge,1,1781,37756,True,3,16,8-8,likely short (CapnBry saw more here)
East Svealand,101,nordic dirge,1,12072,10732,True,1,19,6-6,matches CapnBry (small/rare camp)
East Svealand,101,nordic dirge,2,16638,6314,False,0,0,6-6,not seen by CapnBry here
East Svealand,101,nordic dirge,1,19895,8703,True,4,11,6-6,likely short (CapnBry saw more here)
East Svealand,101,nordic dirge,2,11097,49832,True,2,44,6-6,matches CapnBry (small/rare camp)
East Svealand,101,nordic dirge,2,25321,6919,True,4,3,6-6,likely short (CapnBry saw more here)
East Svealand,101,nordic dirge,2,29183,28739,True,3,13,6-6,likely short (CapnBry saw more here)
East Svealand,101,nordic dirge,1,20705,35898,False,0,0,6-6,not seen by CapnBry here
East Svealand,101,nordic dirge,1,33143,2909,True,2,26,6-6,matches CapnBry (small/rare camp)
East Svealand,101,nordic dirge,1,672,13330,True,2,10,6-6,matches CapnBry (small/rare camp)
East Svealand,101,nordic dirge,1,13758,7724,True,1,19,6-6,matches CapnBry (small/rare camp)
East Svealand,101,nordic dirge,1,14297,10977,True,1,19,6-6,matches CapnBry (small/rare camp)
East Svealand,101,nordic dirge,1,22431,29043,True,1,8,6-6,matches CapnBry (small/rare camp)
East Svealand,101,nordic dirge,1,18653,7128,False,0,0,6-6,not seen by CapnBry here
East Svealand,101,nordic dirge,2,33651,4753,True,2,26,6-6,matches CapnBry (small/rare camp)
East Svealand,101,nordic dirge,1,37419,1543,True,2,24,6-6,matches CapnBry (small/rare camp)
East Svealand,101,nordic dirge,1,34411,34231,True,1,8,6-6,matches CapnBry (small/rare camp)
East Svealand,101,nordic dirge,2,28882,8855,True,4,5,6-6,likely short (CapnBry saw more here)
East Svealand,101,nordic dirge,1,579,11464,True,2,10,6-6,matches CapnBry (small/rare camp)
East Svealand,101,nordic dirge,1,35947,3312,True,2,24,6-6,matches CapnBry (small/rare camp)
East Svealand,101,nordic dirge,1,25558,28060,True,3,21,6-6,likely short (CapnBry saw more here)
East Svealand,101,nordic dirge,1,2080,9872,True,2,6,6-6,matches CapnBry (small/rare camp)
East Svealand,101,nordic dirge,1,21770,37160,False,0,0,6-6,not seen by CapnBry here
East Svealand,101,nordic dirge,1,15719,31378,True,1,4,6-6,matches CapnBry (small/rare camp)
East Svealand,101,nordic dirge,1,22835,6737,True,4,14,6-6,likely short (CapnBry saw more here)
East Svealand,101,fragile skeleton,1,27357,8107,True,1,12,3-3,matches CapnBry (small/rare camp)
East Svealand,101,fragile skeleton,1,9612,9308,True,3,16,3-3,likely short (CapnBry saw more here)
East Svealand,101,fragile skeleton,1,25515,9108,True,1,12,3-3,matches CapnBry (small/rare camp)
East Svealand,101,fragile skeleton,2,2576,12118,True,5,6,3-3,likely short (CapnBry saw more here)
East Svealand,101,rock crab,1,12262,63613,True,2,35,7-7,matches CapnBry (small/rare camp)
East Svealand,101,rock crab,2,10006,35928,False,0,0,7-7,not seen by CapnBry here
East Svealand,101,rock crab,1,39526,50421,True,1,12,7-7,matches CapnBry (small/rare camp)
East Svealand,101,rock crab,1,25526,8503,True,1,18,7-7,matches CapnBry (small/rare camp)
East Svealand,101,rock crab,1,29894,30547,True,1,6,7-7,matches CapnBry (small/rare camp)
East Svealand,101,rock crab,2,49233,43318,True,3,23,7-7,likely short (CapnBry saw more here)
East Svealand,101,rock crab,1,34832,32187,True,1,13,7-7,matches CapnBry (small/rare camp)
East Svealand,101,rock crab,2,2065,35115,True,2,24,7-7,matches CapnBry (small/rare camp)
East Svealand,101,rock crab,1,7374,63133,True,2,42,7-7,matches CapnBry (small/rare camp)
East Svealand,101,rock crab,1,57990,28752,False,0,0,7-7,not seen by CapnBry here
East Svealand,101,rock crab,2,45902,46788,True,3,38,7-7,likely short (CapnBry saw more here)
East Svealand,101,rock crab,1,6934,65165,True,2,42,7-7,matches CapnBry (small/rare camp)
East Svealand,101,rock crab,2,21715,8318,True,1,18,7-7,matches CapnBry (small/rare camp)
East Svealand,101,rock crab,1,43392,36012,True,1,8,7-7,matches CapnBry (small/rare camp)
East Svealand,101,rock crab,1,7136,32000,False,0,0,7-7,not seen by CapnBry here
East Svealand,101,rock crab,1,9837,64264,True,2,44,7-7,matches CapnBry (small/rare camp)
East Svealand,101,rock crab,1,15417,11508,True,2,37,7-7,matches CapnBry (small/rare camp)
East Svealand,101,rock crab,1,28964,51045,True,1,24,7-7,matches CapnBry (small/rare camp)
East Svealand,101,rock crab,1,50299,38726,True,1,5,7-7,matches CapnBry (small/rare camp)
East Svealand,101,rock crab,1,33337,2323,True,1,38,7-7,matches CapnBry (small/rare camp)
East Svealand,101,rock crab,1,17071,35773,True,1,1,7-7,matches CapnBry (small/rare camp)
East Svealand,101,rock crab,1,29430,47606,True,1,24,7-7,matches CapnBry (small/rare camp)
East Svealand,101,rock crab,1,23557,7090,True,1,18,7-7,matches CapnBry (small/rare camp)
East Svealand,101,rock crab,2,34792,4362,True,1,38,7-7,matches CapnBry (small/rare camp)
East Svealand,101,rock crab,1,19716,31380,True,1,4,7-7,matches CapnBry (small/rare camp)
East Svealand,101,rock crab,1,58192,35005,True,9,10,7-7,likely short (CapnBry saw more here)
East Svealand,101,rock crab,1,17458,43059,True,1,8,7-7,matches CapnBry (small/rare camp)
East Svealand,101,rock crab,1,11695,35509,False,0,0,7-7,not seen by CapnBry here
East Svealand,101,rock crab,1,6713,47983,True,1,6,7-7,matches CapnBry (small/rare camp)
East Svealand,101,rock crab,1,24605,44728,True,1,4,7-7,matches CapnBry (small/rare camp)
East Svealand,101,rock crab,1,43340,47791,True,3,29,7-7,likely short (CapnBry saw more here)
East Svealand,101,rock crab,1,23537,41584,True,1,4,7-7,matches CapnBry (small/rare camp)
East Svealand,101,bonk,1,47990,30066,False,0,0,11-11,not seen by CapnBry here
East Svealand,101,wind wisp,2,1580,51219,False,0,0,9-9,not seen by CapnBry here
East Svealand,101,sveawolf,1,3986,15968,True,1,9,3-3,matches CapnBry (small/rare camp)
East Svealand,101,sveawolf,1,1144,10180,False,0,0,3-3,not seen by CapnBry here
East Svealand,101,lupine snarler,1,2007,11345,True,1,2,2-2,matches CapnBry (small/rare camp)
East Svealand,101,lupine snarler,2,17379,7653,True,3,5,2-2,likely short (CapnBry saw more here)
East Svealand,101,lupine snarler,1,8774,8962,True,2,12,2-2,matches CapnBry (small/rare camp)
East Svealand,101,lupine snarler,1,38676,14268,True,1,261,2-2,matches CapnBry (small/rare camp)
East Svealand,101,lupine snarler,1,41080,6009,True,2,157,2-2,matches CapnBry (small/rare camp)
East Svealand,101,lupine snarler,2,11057,7240,True,2,6,2-2,matches CapnBry (small/rare camp)
East Svealand,101,lupine snarler,1,45926,8192,True,2,51,2-2,matches CapnBry (small/rare camp)
East Svealand,101,lupine snarler,1,29160,7406,True,3,14,2-2,likely short (CapnBry saw more here)
East Svealand,101,lupine snarler,1,43878,8241,True,2,51,2-2,matches CapnBry (small/rare camp)
East Svealand,101,lupine snarler,1,20570,6155,True,3,5,2-2,likely short (CapnBry saw more here)
East Svealand,101,lupine snarler,1,27023,7314,True,3,14,2-2,likely short (CapnBry saw more here)
East Svealand,101,lupine snarler,1,28008,5490,True,3,14,2-2,likely short (CapnBry saw more here)
East Svealand,101,lupine snarler,2,39321,3437,True,2,124,2-2,matches CapnBry (small/rare camp)
East Svealand,101,lupine snarler,1,35443,7487,True,2,78,2-2,matches CapnBry (small/rare camp)
East Svealand,101,lupine snarler,1,34663,5047,True,2,78,2-2,matches CapnBry (small/rare camp)
East Svealand,101,lupine snarler,1,61099,30964,True,2,4,2-2,matches CapnBry (small/rare camp)
East Svealand,101,spindly rock crab,1,7887,56413,True,2,53,9-9,matches CapnBry (small/rare camp)
East Svealand,101,spindly rock crab,1,28131,44786,True,1,9,9-9,matches CapnBry (small/rare camp)
East Svealand,101,spindly rock crab,1,27929,54807,True,1,10,9-9,matches CapnBry (small/rare camp)
East Svealand,101,spindly rock crab,2,27688,61290,True,2,11,9-9,matches CapnBry (small/rare camp)
East Svealand,101,spindly rock crab,1,23107,55204,True,2,25,9-9,matches CapnBry (small/rare camp)
East Svealand,101,spindly rock crab,1,29182,65215,True,1,1,9-9,matches CapnBry (small/rare camp)
East Svealand,101,spindly rock crab,1,41919,49317,True,2,9,9-9,matches CapnBry (small/rare camp)
East Svealand,101,spindly rock crab,2,14264,57400,True,2,8,9-9,matches CapnBry (small/rare camp)
East Svealand,101,spindly rock crab,2,12297,53926,True,2,33,9-9,matches CapnBry (small/rare camp)
East Svealand,101,spindly rock crab,2,25024,59001,True,2,31,9-9,matches CapnBry (small/rare camp)
East Svealand,101,spindly rock crab,1,50246,40047,True,2,9,9-9,matches CapnBry (small/rare camp)
East Svealand,101,spindly rock crab,1,39735,50287,True,2,9,9-9,matches CapnBry (small/rare camp)
East Svealand,101,spindly rock crab,2,55770,36642,True,2,1,9-9,matches CapnBry (small/rare camp)
East Svealand,101,spindly rock crab,1,17777,56860,True,2,27,9-9,matches CapnBry (small/rare camp)
East Svealand,101,spindly rock crab,1,24549,44574,True,1,9,9-9,matches CapnBry (small/rare camp)
East Svealand,101,spindly rock crab,1,16284,47625,True,1,8,9-9,matches CapnBry (small/rare camp)
East Svealand,101,spindly rock crab,2,23538,41453,True,1,4,9-9,matches CapnBry (small/rare camp)
East Svealand,101,spindly rock crab,1,31365,54017,True,1,25,9-9,matches CapnBry (small/rare camp)
East Svealand,101,spindly rock crab,1,23169,57928,True,2,25,9-9,matches CapnBry (small/rare camp)
East Svealand,101,spindly rock crab,1,46349,42396,True,2,12,9-9,matches CapnBry (small/rare camp)
East Svealand,101,spindly rock crab,1,50449,38198,True,1,1,9-9,matches CapnBry (small/rare camp)
East Svealand,101,spindly rock crab,1,20014,57413,True,2,40,9-9,matches CapnBry (small/rare camp)
East Svealand,101,spindly rock crab,1,49340,43404,True,2,12,9-9,matches CapnBry (small/rare camp)
East Svealand,101,army ant worker,2,16892,63473,True,9,26,6-6,likely short (CapnBry saw more here)
East Svealand,101,army ant worker,1,2751,51307,True,3,47,6-6,likely short (CapnBry saw more here)
East Svealand,101,army ant worker,2,8288,43650,True,2,30,6-6,matches CapnBry (small/rare camp)
East Svealand,101,army ant worker,1,920,51570,True,2,37,6-6,matches CapnBry (small/rare camp)
East Svealand,101,army ant worker,2,2019,48346,True,3,47,6-6,likely short (CapnBry saw more here)
East Svealand,101,army ant worker,2,8215,46297,True,3,40,6-6,likely short (CapnBry saw more here)
East Svealand,101,army ant worker,1,8779,30751,False,0,0,6-6,not seen by CapnBry here
East Svealand,101,army ant worker,1,8253,61119,True,2,109,6-6,matches CapnBry (small/rare camp)
East Svealand,101,army ant worker,2,11356,62579,True,2,104,6-6,matches CapnBry (small/rare camp)
East Svealand,101,army ant worker,1,13702,64458,True,2,40,6-6,matches CapnBry (small/rare camp)
East Svealand,101,army ant worker,2,8451,62872,True,2,108,6-6,matches CapnBry (small/rare camp)
East Svealand,101,army ant worker,1,5174,36667,True,1,26,6-6,matches CapnBry (small/rare camp)
East Svealand,101,army ant worker,1,19726,59691,True,9,21,6-6,likely short (CapnBry saw more here)
East Svealand,101,army ant worker,2,10559,32859,False,0,0,6-6,not seen by CapnBry here
East Svealand,101,army ant worker,2,4890,47741,True,3,55,6-6,likely short (CapnBry saw more here)
East Svealand,101,army ant worker,1,1569,33792,True,1,25,6-6,matches CapnBry (small/rare camp)
East Svealand,101,army ant worker,1,25301,51789,True,1,55,6-6,matches CapnBry (small/rare camp)
East Svealand,101,army ant worker,1,11769,37232,False,0,0,6-6,not seen by CapnBry here
East Svealand,101,army ant worker,1,35359,48382,True,1,2,6-6,matches CapnBry (small/rare camp)
East Svealand,101,army ant worker,1,10611,44297,True,2,30,6-6,matches CapnBry (small/rare camp)
East Svealand,101,army ant worker,1,27263,50100,True,1,55,6-6,matches CapnBry (small/rare camp)
East Svealand,101,army ant worker,1,12083,65468,True,2,40,6-6,matches CapnBry (small/rare camp)
East Svealand,101,tomte aggressor,1,48750,30064,False,0,0,9-9,not seen by CapnBry here
East Svealand,101,smiera-gatto,2,45926,36793,True,2,11,4-4,matches CapnBry (small/rare camp)
East Svealand,101,smiera-gatto,1,45190,32742,True,2,14,4-4,matches CapnBry (small/rare camp)
East Svealand,101,smiera-gatto,1,1063,51762,True,5,70,4-4,likely short (CapnBry saw more here)
East Svealand,101,smiera-gatto,1,11368,64500,True,1,10,4-4,matches CapnBry (small/rare camp)
East Svealand,101,smiera-gatto,1,2492,10119,True,2,2,4-4,matches CapnBry (small/rare camp)
East Svealand,101,smiera-gatto,1,1205,34879,True,1,20,4-4,matches CapnBry (small/rare camp)
East Svealand,101,smiera-gatto,1,27067,28579,True,1,26,4-4,matches CapnBry (small/rare camp)
East Svealand,101,smiera-gatto,2,24543,8282,True,1,8,4-4,matches CapnBry (small/rare camp)
East Svealand,101,smiera-gatto,2,32709,9047,True,2,138,4-4,matches CapnBry (small/rare camp)
East Svealand,101,smiera-gatto,1,976,8677,True,2,2,4-4,matches CapnBry (small/rare camp)
East Svealand,101,smiera-gatto,1,16131,8725,True,3,62,4-4,likely short (CapnBry saw more here)
East Svealand,101,smiera-gatto,1,36571,9459,True,2,151,4-4,matches CapnBry (small/rare camp)
East Svealand,101,smiera-gatto,1,6333,32883,True,1,5,4-4,matches CapnBry (small/rare camp)
East Svealand,101,smiera-gatto,1,8880,10843,True,1,23,4-4,matches CapnBry (small/rare camp)
East Svealand,101,smiera-gatto,1,839,26269,True,1,22,4-4,matches CapnBry (small/rare camp)
East Svealand,101,black mauler juvenile,2,21316,14834,True,2,36,5-5,matches CapnBry (small/rare camp)
East Svealand,101,black mauler juvenile,1,44399,36416,True,2,13,5-5,matches CapnBry (small/rare camp)
East Svealand,101,black mauler juvenile,2,11074,63911,True,2,13,5-5,matches CapnBry (small/rare camp)
East Svealand,101,black mauler juvenile,1,45890,36716,True,2,13,5-5,matches CapnBry (small/rare camp)
East Svealand,101,black mauler juvenile,1,17280,36502,False,0,0,5-5,not seen by CapnBry here
East Svealand,101,black mauler juvenile,1,26301,50954,True,1,62,5-5,matches CapnBry (small/rare camp)
East Svealand,101,black mauler juvenile,1,24650,8511,True,2,3,5-5,matches CapnBry (small/rare camp)
East Svealand,101,black mauler juvenile,1,1765,10832,True,1,10,5-5,matches CapnBry (small/rare camp)
East Svealand,101,black mauler juvenile,1,27363,28958,True,1,12,5-5,matches CapnBry (small/rare camp)
East Svealand,101,black mauler juvenile,1,3136,32966,True,2,29,5-5,matches CapnBry (small/rare camp)
East Svealand,101,black mauler juvenile,1,36642,9834,True,1,149,5-5,matches CapnBry (small/rare camp)
East Svealand,101,black mauler juvenile,1,33333,9732,True,1,122,5-5,matches CapnBry (small/rare camp)
East Svealand,101,black mauler juvenile,2,3801,37013,True,2,26,5-5,matches CapnBry (small/rare camp)
East Svealand,101,black mauler juvenile,2,1777,51883,True,2,12,5-5,matches CapnBry (small/rare camp)
East Svealand,101,black mauler juvenile,1,7382,44087,True,1,1,5-5,matches CapnBry (small/rare camp)
East Svealand,101,black mauler juvenile,1,23966,11550,True,2,33,5-5,matches CapnBry (small/rare camp)
East Svealand,101,black mauler juvenile,1,36274,46621,True,1,10,5-5,matches CapnBry (small/rare camp)
East Svealand,101,black mauler juvenile,1,18548,62276,False,0,0,5-5,not seen by CapnBry here
East Svealand,101,black mauler juvenile,1,918,37153,True,2,19,5-5,matches CapnBry (small/rare camp)
East Svealand,101,black mauler juvenile,1,37057,34818,True,1,12,5-5,matches CapnBry (small/rare camp)
East Svealand,101,black mauler juvenile,1,23358,10072,True,2,54,5-5,matches CapnBry (small/rare camp)
East Svealand,101,black mauler juvenile,1,14878,21988,True,1,10,5-5,matches CapnBry (small/rare camp)
East Svealand,101,black mauler juvenile,1,21002,22431,True,1,9,5-5,matches CapnBry (small/rare camp)
East Svealand,101,black mauler juvenile,1,3445,13152,True,1,9,5-5,matches CapnBry (small/rare camp)
East Svealand,101,soft-shelled crab,1,49963,19605,True,1,31,1-1,matches CapnBry (small/rare camp)
East Svealand,101,soft-shelled crab,2,54702,14080,True,1,24,1-1,matches CapnBry (small/rare camp)
East Svealand,101,soft-shelled crab,1,52132,19987,True,1,31,1-1,matches CapnBry (small/rare camp)
East Svealand,101,tomte skirmisher,1,37591,26693,True,1,23,7-7,matches CapnBry (small/rare camp)
East Svealand,101,tomte skirmisher,2,37668,36213,True,2,18,7-7,matches CapnBry (small/rare camp)
East Svealand,101,tomte skirmisher,1,31319,31128,True,1,20,7-7,matches CapnBry (small/rare camp)
East Svealand,101,envy drakeling,2,31821,44659,False,0,0,9-9,not seen by CapnBry here
East Svealand,101,vein spiderling,2,42676,10704,False,0,0,0-0,not seen by CapnBry here
East Svealand,101,vein spiderling,1,46311,12565,False,0,0,0-0,not seen by CapnBry here
East Svealand,101,vein spiderling,1,61343,21241,False,0,0,0-0,not seen by CapnBry here
East Svealand,101,vein spiderling,1,50088,12174,False,0,0,0-0,not seen by CapnBry here
East Svealand,101,army ant soldier,1,26223,49426,True,1,23,8-8,matches CapnBry (small/rare camp)
East Svealand,101,whirlwind,2,57394,50308,False,0,0,6-6,not seen by CapnBry here
East Svealand,101,green serpent,1,41196,10280,True,3,356,2-2,likely short (CapnBry saw more here)
East Svealand,101,green serpent,1,60174,37852,True,1,1,2-2,matches CapnBry (small/rare camp)
East Svealand,101,green serpent,1,27112,4530,True,2,7,2-2,matches CapnBry (small/rare camp)
East Svealand,101,green serpent,1,9131,7945,True,1,11,2-2,matches CapnBry (small/rare camp)
East Svealand,101,green serpent,1,37025,6357,True,2,158,2-2,matches CapnBry (small/rare camp)
East Svealand,101,green serpent,2,7665,8570,True,1,11,2-2,matches CapnBry (small/rare camp)
East Svealand,101,green serpent,1,742,9084,True,1,2,2-2,matches CapnBry (small/rare camp)
East Svealand,101,green serpent,2,35286,8606,True,2,110,2-2,matches CapnBry (small/rare camp)
East Svealand,101,green serpent,2,19741,6569,True,3,4,2-2,likely short (CapnBry saw more here)
East Svealand,101,green serpent,1,2736,12972,True,1,3,2-2,matches CapnBry (small/rare camp)
East Svealand,101,green serpent,2,40751,5585,True,3,241,2-2,likely short (CapnBry saw more here)
East Svealand,101,green serpent,1,17916,7884,True,3,4,2-2,likely short (CapnBry saw more here)
East Svealand,101,green serpent,1,28722,5706,True,2,7,2-2,matches CapnBry (small/rare camp)
East Svealand,101,tomte pillager,1,23779,63761,True,3,7,8-8,likely short (CapnBry saw more here)
East Svealand,101,tomte pillager,1,35438,55756,True,1,4,8-8,matches CapnBry (small/rare camp)
East Svealand,101,tomte pillager,2,22785,62707,True,3,7,8-8,likely short (CapnBry saw more here)
East Svealand,101,tomte pillager,1,48193,30320,False,0,0,8-8,not seen by CapnBry here
East Svealand,101,tomte pillager,1,22345,60554,True,3,5,8-8,likely short (CapnBry saw more here)
East Svealand,101,tomte pillager,1,30592,30591,True,1,14,8-8,matches CapnBry (small/rare camp)
East Svealand,101,young sveawolf,1,44370,7573,True,2,79,1-1,matches CapnBry (small/rare camp)
East Svealand,101,young sveawolf,1,47173,13141,True,1,63,1-1,matches CapnBry (small/rare camp)
East Svealand,101,young sveawolf,1,50013,11521,True,1,102,1-1,matches CapnBry (small/rare camp)
East Svealand,101,young sveawolf,1,61638,20179,True,1,13,1-1,matches CapnBry (small/rare camp)
East Svealand,101,young sveawolf,1,62472,14390,True,1,7,1-1,matches CapnBry (small/rare camp)
East Svealand,101,young sveawolf,1,41183,39914,True,1,2,1-1,matches CapnBry (small/rare camp)
East Svealand,101,young sveawolf,2,43087,9980,True,2,79,1-1,matches CapnBry (small/rare camp)
East Svealand,101,young sveawolf,1,51694,8407,True,1,98,1-1,matches CapnBry (small/rare camp)
East Svealand,101,riv,1,20444,46076,False,0,0,10-10,not seen by CapnBry here
East Svealand,101,sveawolf mother,2,8158,8348,True,3,76,5-5,likely short (CapnBry saw more here)
East Svealand,101,sveawolf mother,1,53,16708,True,2,10,5-5,matches CapnBry (small/rare camp)
East Svealand,101,sveawolf mother,1,15255,35036,False,0,0,5-5,not seen by CapnBry here
East Svealand,101,sveawolf mother,1,34105,42899,True,1,10,5-5,matches CapnBry (small/rare camp)
East Svealand,101,sveawolf mother,1,25188,10942,True,2,18,5-5,matches CapnBry (small/rare camp)
East Svealand,101,sveawolf mother,1,19576,35012,False,0,0,5-5,not seen by CapnBry here
East Svealand,101,sveawolf mother,1,47518,33559,True,1,18,5-5,matches CapnBry (small/rare camp)
East Svealand,101,sveawolf mother,1,10586,62583,True,1,26,5-5,matches CapnBry (small/rare camp)
East Svealand,101,sveawolf mother,1,4018,14635,True,2,13,5-5,matches CapnBry (small/rare camp)
East Svealand,101,sveawolf mother,2,1490,34034,True,1,14,5-5,matches CapnBry (small/rare camp)
East Svealand,101,sveawolf mother,1,21751,10358,True,2,18,5-5,matches CapnBry (small/rare camp)
East Svealand,101,sveawolf mother,1,3359,9390,True,1,3,5-5,matches CapnBry (small/rare camp)
East Svealand,101,sveawolf mother,1,11186,64975,True,1,26,5-5,matches CapnBry (small/rare camp)
East Svealand,101,sveawolf mother,1,8724,10296,True,3,76,5-5,likely short (CapnBry saw more here)
East Svealand,101,sveawolf mother,1,45502,37350,True,1,26,5-5,matches CapnBry (small/rare camp)
East Svealand,101,sveawolf mother,1,21253,33506,False,0,0,5-5,not seen by CapnBry here
East Svealand,101,sveawolf mother,1,15993,8365,True,1,1,5-5,matches CapnBry (small/rare camp)
East Svealand,101,lupine gnawer,1,59273,33429,False,0,0,0-0,not seen by CapnBry here
East Svealand,101,lupine gnawer,1,46868,11818,False,0,0,0-0,not seen by CapnBry here
East Svealand,101,lupine gnawer,1,50124,11660,False,0,0,0-0,not seen by CapnBry here
East Svealand,101,lupine gnawer,1,57629,31348,False,0,0,0-0,not seen by CapnBry here
East Svealand,101,lupine gnawer,2,62272,14784,False,0,0,0-0,not seen by CapnBry here
East Svealand,101,lupine gnawer,1,62140,19938,False,0,0,0-0,not seen by CapnBry here
East Svealand,101,tawny lynx cub,1,62718,14189,False,0,0,0-0,not seen by CapnBry here
East Svealand,101,young lynx,1,36571,5980,True,4,150,2-2,likely short (CapnBry saw more here)
East Svealand,101,young lynx,1,46036,8630,True,3,75,2-2,likely short (CapnBry saw more here)
East Svealand,101,young lynx,1,40924,13874,True,3,256,2-2,likely short (CapnBry saw more here)
East Svealand,101,young lynx,1,41776,2176,True,1,113,2-2,matches CapnBry (small/rare camp)
East Svealand,101,young lynx,1,59354,37775,True,1,1,2-2,matches CapnBry (small/rare camp)
East Svealand,101,young lynx,2,38648,13269,True,3,256,2-2,likely short (CapnBry saw more here)
East Svealand,101,young lynx,2,41758,10510,True,3,314,2-2,likely short (CapnBry saw more here)
East Svealand,101,young lynx,1,35873,7595,True,4,150,2-2,likely short (CapnBry saw more here)
East Svealand,101,wildling,2,47687,12836,False,0,0,0-0,not seen by CapnBry here
East Svealand,101,wildling,1,43263,10531,False,0,0,0-0,not seen by CapnBry here
East Svealand,101,wildling,1,62300,20450,False,0,0,0-0,not seen by CapnBry here
East Svealand,101,wildling,1,40458,1727,False,0,0,0-0,not seen by CapnBry here
East Svealand,101,wildling,1,40225,5828,False,0,0,0-0,not seen by CapnBry here
East Svealand,101,wildling,2,5223,10161,False,0,0,0-0,not seen by CapnBry here
East Svealand,101,water snake,2,2627,41538,False,0,0,0-0,not seen by CapnBry here
East Svealand,101,water snake,1,4650,41383,False,0,0,0-0,not seen by CapnBry here
East Svealand,101,rugged dwarven pony,2,20875,10871,True,1,103,4-4,matches CapnBry (small/rare camp)
East Svealand,101,rugged dwarven pony,2,21022,15120,True,1,28,4-4,matches CapnBry (small/rare camp)
East Svealand,101,rugged dwarven pony,1,27880,8551,True,1,16,4-4,matches CapnBry (small/rare camp)
East Svealand,101,wayward ghoul,1,1618,8575,True,1,1,4-4,matches CapnBry (small/rare camp)
East Svealand,101,wayward ghoul,1,29860,3176,False,0,0,4-4,not seen by CapnBry here
East Svealand,101,wayward ghoul,1,20091,8302,True,2,2,4-4,matches CapnBry (small/rare camp)
East Svealand,101,wayward ghoul,1,18500,5363,True,2,2,4-4,matches CapnBry (small/rare camp)
East Svealand,101,tomte thug,2,36094,27099,True,2,44,5-5,matches CapnBry (small/rare camp)
East Svealand,101,tomte thug,2,30587,31079,True,2,25,5-5,matches CapnBry (small/rare camp)
East Svealand,101,tomte thug,1,47813,30338,False,0,0,5-5,not seen by CapnBry here
East Svealand,101,tomte thug,1,28942,54764,True,1,20,5-5,matches CapnBry (small/rare camp)
East Svealand,101,tomte thug,2,37252,35714,True,2,13,5-5,matches CapnBry (small/rare camp)
East Svealand,101,tawny lynx,1,27918,9746,False,0,0,8-8,not seen by CapnBry here
East Svealand,101,mud snake,1,49998,11781,False,0,0,0-0,not seen by CapnBry here
East Svealand,101,mud snake,1,59282,33307,False,0,0,0-0,not seen by CapnBry here
East Svealand,101,mud snake,1,61712,20029,False,0,0,0-0,not seen by CapnBry here
East Svealand,101,mud snake,1,46829,12330,False,0,0,0-0,not seen by CapnBry here
East Svealand,101,escaped thrall,1,1404,14335,True,1,2,3-3,matches CapnBry (small/rare camp)
East Svealand,101,escaped thrall,1,59806,38606,True,1,1,3-3,matches CapnBry (small/rare camp)
East Svealand,101,harvestman,1,43056,15218,True,1,22,3-3,matches CapnBry (small/rare camp)
East Svealand,101,harvestman,1,36500,7772,True,1,76,3-3,matches CapnBry (small/rare camp)
East Svealand,101,harvestman,1,39262,12950,True,1,55,3-3,matches CapnBry (small/rare camp)
East Svealand,101,harvestman,1,14378,22476,True,1,53,3-3,matches CapnBry (small/rare camp)
East Svealand,101,harvestman,1,37965,7150,True,1,76,3-3,matches CapnBry (small/rare camp)
East Svealand,101,harvestman,1,39288,4173,True,1,31,3-3,matches CapnBry (small/rare camp)
East Svealand,101,harvestman,2,20284,21485,True,2,53,3-3,matches CapnBry (small/rare camp)
East Svealand,101,vein spider,1,61690,20719,False,0,0,5-5,not seen by CapnBry here
East Svealand,101,vein spider,1,61772,14804,False,0,0,5-5,not seen by CapnBry here
East Svealand,101,queen major,1,18614,50707,False,0,0,15-15,not seen by CapnBry here
East Svealand,101,roaming thrall,1,10729,35207,True,1,1,7-7,matches CapnBry (small/rare camp)
East Svealand,101,roaming thrall,1,35205,47476,True,1,13,7-7,matches CapnBry (small/rare camp)
East Svealand,101,roaming thrall,1,4640,37314,True,2,20,7-7,matches CapnBry (small/rare camp)
East Svealand,101,roaming thrall,1,9720,64481,True,2,62,7-7,matches CapnBry (small/rare camp)
East Svealand,101,roaming thrall,1,48460,34874,True,1,17,7-7,matches CapnBry (small/rare camp)
East Svealand,101,roaming thrall,1,9170,38999,True,1,1,7-7,matches CapnBry (small/rare camp)
East Svealand,101,roaming thrall,1,914,35527,True,2,15,7-7,matches CapnBry (small/rare camp)
East Svealand,101,roaming thrall,1,44090,37475,True,1,8,7-7,matches CapnBry (small/rare camp)
East Svealand,101,roaming thrall,1,1522,48197,True,2,19,7-7,matches CapnBry (small/rare camp)
East Svealand,101,roaming thrall,1,9058,62679,True,2,62,7-7,matches CapnBry (small/rare camp)
East Svealand,101,roaming thrall,1,47612,32848,True,1,17,7-7,matches CapnBry (small/rare camp)
East Svealand,101,roaming thrall,1,5009,50174,True,2,19,7-7,matches CapnBry (small/rare camp)
East Svealand,101,roaming thrall,1,10987,63608,True,2,62,7-7,matches CapnBry (small/rare camp)
East Svealand,101,roaming thrall,2,3020,33516,True,2,23,7-7,matches CapnBry (small/rare camp)
East Svealand,101,roaming thrall,1,10844,33013,True,1,1,7-7,matches CapnBry (small/rare camp)
East Svealand,101,roaming thrall,1,3425,48673,True,2,19,7-7,matches CapnBry (small/rare camp)
East Svealand,101,rattling skeleton,2,61130,20836,True,1,93,1-1,matches CapnBry (small/rare camp)
East Svealand,101,rattling skeleton,2,792,11960,True,4,4,1-1,likely short (CapnBry saw more here)
East Svealand,101,rattling skeleton,1,61728,13571,True,1,42,1-1,matches CapnBry (small/rare camp)
East Svealand,101,rattling skeleton,1,2603,8406,True,4,4,1-1,likely short (CapnBry saw more here)
East Svealand,101,rattling skeleton,1,2774,11559,True,4,4,1-1,likely short (CapnBry saw more here)
East Svealand,101,scrip,1,36152,9522,False,0,0,0-0,not seen by CapnBry here
East Svealand,101,lake serpent,1,12,18292,False,0,0,10-11,not seen by CapnBry here
East Svealand,101,phantom hound,1,34244,9469,True,1,56,3-3,matches CapnBry (small/rare camp)
East Svealand,101,phantom hound,1,40766,6111,True,1,21,3-3,matches CapnBry (small/rare camp)
East Svealand,101,phantom hound,1,39022,12571,True,1,37,3-3,matches CapnBry (small/rare camp)
East Svealand,101,phantom hound,1,37413,7417,True,1,96,3-3,matches CapnBry (small/rare camp)
East Svealand,101,snarls,1,40678,12457,False,0,0,7-7,not seen by CapnBry here
East Svealand,101,ick,1,30415,24813,False,0,0,8-8,not seen by CapnBry here
East Svealand,101,little water goblin,1,36172,9443,True,1,6,2-2,matches CapnBry (small/rare camp)
East Svealand,101,ocug,1,25686,62827,False,0,0,9-9,not seen by CapnBry here
East Svealand,101,giant water strider,1,36718,20575,True,1,5,5-5,matches CapnBry (small/rare camp)
East Svealand,101,gib,1,36103,9557,False,0,0,2-2,not seen by CapnBry here
East Svealand,101,wood-eater hunter,1,35596,5548,True,1,15,5-5,matches CapnBry (small/rare camp)
West Svealand,102,minor fideal,2,6873,52092,False,0,0,15-16,not seen by CapnBry here
West Svealand,102,blodfelag henchman,2,56022,34251,True,9,28,12-13,likely short (CapnBry saw more here)
West Svealand,102,blodfelag henchman,1,58480,34140,True,3,9,12-13,likely short (CapnBry saw more here)
West Svealand,102,blodfelag henchman,1,64504,43817,False,0,0,12-13,not seen by CapnBry here
West Svealand,102,savage lynx,2,11581,58579,False,0,0,17-18,not seen by CapnBry here
West Svealand,102,savage lynx,1,26040,35625,True,2,7,17-18,matches CapnBry (small/rare camp)
West Svealand,102,savage lynx,1,26661,33057,True,2,7,17-18,matches CapnBry (small/rare camp)
West Svealand,102,savage lynx,1,23964,43529,True,1,7,17-18,matches CapnBry (small/rare camp)
West Svealand,102,savage lynx,1,26784,48780,True,1,1,17-18,matches CapnBry (small/rare camp)
West Svealand,102,savage lynx,1,30108,14085,False,0,0,17-18,not seen by CapnBry here
West Svealand,102,savage lynx,1,19598,45606,True,1,7,17-18,matches CapnBry (small/rare camp)
West Svealand,102,savage lynx,1,35471,51189,False,0,0,17-18,not seen by CapnBry here
West Svealand,102,savage lynx,1,24596,19285,True,1,16,17-18,matches CapnBry (small/rare camp)
West Svealand,102,savage lynx,1,61691,16233,True,1,3,17-18,matches CapnBry (small/rare camp)
West Svealand,102,savage lynx,1,35963,48831,False,0,0,17-18,not seen by CapnBry here
West Svealand,102,savage lynx,1,22515,6573,False,0,0,17-18,not seen by CapnBry here
West Svealand,102,savage lynx,1,27052,44114,True,1,7,17-18,matches CapnBry (small/rare camp)
West Svealand,102,savage lynx,1,40159,33834,True,1,1,17-18,matches CapnBry (small/rare camp)
West Svealand,102,savage lynx,2,23800,32270,True,2,2,17-18,matches CapnBry (small/rare camp)
West Svealand,102,savage lynx,1,33982,35450,True,1,3,17-18,matches CapnBry (small/rare camp)
West Svealand,102,savage lynx,1,19336,35077,True,1,1,17-18,matches CapnBry (small/rare camp)
West Svealand,102,savage lynx,1,13912,58002,False,0,0,17-18,not seen by CapnBry here
West Svealand,102,savage lynx,1,30570,51763,False,0,0,17-18,not seen by CapnBry here
West Svealand,102,savage lynx,1,23713,15172,True,1,8,17-18,matches CapnBry (small/rare camp)
West Svealand,102,savage lynx,1,13705,60167,False,0,0,17-18,not seen by CapnBry here
West Svealand,102,savage lynx,1,21083,36366,True,2,3,17-18,matches CapnBry (small/rare camp)
West Svealand,102,savage lynx,1,20322,59086,False,0,0,17-18,not seen by CapnBry here
West Svealand,102,cold light,2,9843,58668,False,0,0,20-25,not seen by CapnBry here
West Svealand,102,cold light,1,16827,61566,True,1,4,20-25,matches CapnBry (small/rare camp)
West Svealand,102,cold light,1,15634,58821,True,1,4,20-25,matches CapnBry (small/rare camp)
West Svealand,102,blodfelag windcaller,2,13925,34064,True,2,4,17-18,matches CapnBry (small/rare camp)
West Svealand,102,blodfelag windcaller,2,36249,33833,True,2,1,17-18,matches CapnBry (small/rare camp)
West Svealand,102,blodfelag windcaller,1,25337,17398,True,1,2,17-18,matches CapnBry (small/rare camp)
West Svealand,102,blodfelag windcaller,1,16937,28950,True,1,4,17-18,matches CapnBry (small/rare camp)
West Svealand,102,blodfelag windcaller,1,6382,23350,True,1,6,17-18,matches CapnBry (small/rare camp)
West Svealand,102,blodfelag windcaller,1,16909,30860,True,1,4,17-18,matches CapnBry (small/rare camp)
West Svealand,102,blodfelag windcaller,1,6016,26240,True,1,6,17-18,matches CapnBry (small/rare camp)
West Svealand,102,blodfelag windcaller,1,15502,43025,False,0,0,17-18,not seen by CapnBry here
West Svealand,102,blodfelag windcaller,1,16670,27106,True,1,3,17-18,matches CapnBry (small/rare camp)
West Svealand,102,blodfelag windcaller,1,14385,32117,True,2,6,17-18,matches CapnBry (small/rare camp)
West Svealand,102,grass viper,1,48595,49251,True,2,10,12-12,matches CapnBry (small/rare camp)
West Svealand,102,grass viper,2,47871,18438,False,0,0,12-12,not seen by CapnBry here
West Svealand,102,grass viper,2,61690,51180,True,2,108,12-12,matches CapnBry (small/rare camp)
West Svealand,102,grass viper,2,51186,54127,True,2,30,12-12,matches CapnBry (small/rare camp)
West Svealand,102,grass viper,1,47048,49444,True,2,10,12-12,matches CapnBry (small/rare camp)
West Svealand,102,shadow,2,57023,53933,False,0,0,10-11,not seen by CapnBry here
West Svealand,102,shadow,1,64147,46177,False,0,0,10-11,not seen by CapnBry here
West Svealand,102,shadow,1,52345,51588,False,0,0,10-11,not seen by CapnBry here
West Svealand,102,wind sprite,1,39288,43514,True,1,6,14-15,matches CapnBry (small/rare camp)
West Svealand,102,wind sprite,1,33046,55119,True,2,3,14-15,matches CapnBry (small/rare camp)
West Svealand,102,wind sprite,1,55755,4738,True,5,31,14-15,likely short (CapnBry saw more here)
West Svealand,102,wind sprite,2,39551,33602,False,0,0,14-15,not seen by CapnBry here
West Svealand,102,wind sprite,2,24730,8365,False,0,0,14-15,not seen by CapnBry here
West Svealand,102,wind sprite,1,62444,2633,True,4,5,14-15,likely short (CapnBry saw more here)
West Svealand,102,wind sprite,1,31465,40859,True,1,3,14-15,matches CapnBry (small/rare camp)
West Svealand,102,wind sprite,1,31970,50634,True,2,4,14-15,matches CapnBry (small/rare camp)
West Svealand,102,wind sprite,1,37257,40142,True,1,4,14-15,matches CapnBry (small/rare camp)
West Svealand,102,wind sprite,1,43830,37442,True,1,2,14-15,matches CapnBry (small/rare camp)
West Svealand,102,wind sprite,1,30438,51487,True,2,4,14-15,matches CapnBry (small/rare camp)
West Svealand,102,wind sprite,1,39533,40673,True,1,6,14-15,matches CapnBry (small/rare camp)
West Svealand,102,wind sprite,1,54310,54173,True,1,30,14-15,matches CapnBry (small/rare camp)
West Svealand,102,wind sprite,1,54825,6187,True,5,31,14-15,likely short (CapnBry saw more here)
West Svealand,102,skogsfru,1,26799,57373,False,0,0,13-14,not seen by CapnBry here
West Svealand,102,skogsfru,1,40605,38814,True,1,3,13-14,matches CapnBry (small/rare camp)
West Svealand,102,skogsfru,2,29950,53252,True,3,3,13-14,likely short (CapnBry saw more here)
West Svealand,102,skogsfru,1,24850,8577,False,0,0,13-14,not seen by CapnBry here
West Svealand,102,skogsfru,1,31849,36997,True,2,3,13-14,matches CapnBry (small/rare camp)
West Svealand,102,skogsfru,1,35175,41210,True,2,13,13-14,matches CapnBry (small/rare camp)
West Svealand,102,skogsfru,1,31317,50434,True,3,3,13-14,likely short (CapnBry saw more here)
West Svealand,102,skogsfru,1,30313,35659,True,2,3,13-14,matches CapnBry (small/rare camp)
West Svealand,102,skogsfru,1,33778,7047,False,0,0,13-14,not seen by CapnBry here
West Svealand,102,skogsfru,1,26860,8182,False,0,0,13-14,not seen by CapnBry here
West Svealand,102,skogsfru,1,32078,7561,False,0,0,13-14,not seen by CapnBry here
West Svealand,102,skogsfru,1,38502,43379,True,2,9,13-14,matches CapnBry (small/rare camp)
West Svealand,102,skogsfru,2,34268,9965,False,0,0,13-14,not seen by CapnBry here
West Svealand,102,skogsfru,1,36648,40328,True,2,15,13-14,matches CapnBry (small/rare camp)
West Svealand,102,skogsfru,1,28352,11078,False,0,0,13-14,not seen by CapnBry here
West Svealand,102,large sveawolf,1,53970,54980,True,1,28,11-11,matches CapnBry (small/rare camp)
West Svealand,102,large sveawolf,1,64078,51547,True,3,94,11-11,likely short (CapnBry saw more here)
West Svealand,102,large sveawolf,1,53350,15624,True,1,18,11-11,matches CapnBry (small/rare camp)
West Svealand,102,large sveawolf,1,32574,29395,True,1,7,11-11,matches CapnBry (small/rare camp)
West Svealand,102,large sveawolf,1,37718,23167,True,1,2,11-11,matches CapnBry (small/rare camp)
West Svealand,102,large sveawolf,1,57190,15573,True,1,17,11-11,matches CapnBry (small/rare camp)
West Svealand,102,large sveawolf,1,47772,16093,False,0,0,11-11,not seen by CapnBry here
West Svealand,102,large sveawolf,2,63728,45145,True,3,110,11-11,likely short (CapnBry saw more here)
West Svealand,102,large sveawolf,1,47289,45575,True,2,25,11-11,matches CapnBry (small/rare camp)
West Svealand,102,large sveawolf,1,47802,47263,True,2,25,11-11,matches CapnBry (small/rare camp)
West Svealand,102,large sveawolf,1,61916,34268,True,2,8,11-11,matches CapnBry (small/rare camp)
West Svealand,102,large sveawolf,1,46874,49131,True,2,23,11-11,matches CapnBry (small/rare camp)
West Svealand,102,large sveawolf,1,58144,16841,True,1,7,11-11,matches CapnBry (small/rare camp)
West Svealand,102,large sveawolf,1,34189,29457,True,1,7,11-11,matches CapnBry (small/rare camp)
West Svealand,102,large sveawolf,1,30453,23650,True,1,3,11-11,matches CapnBry (small/rare camp)
West Svealand,102,svartalf hunter,2,41007,54842,True,8,11,14-15,likely short (CapnBry saw more here)
West Svealand,102,svartalf hunter,1,53014,56951,False,0,0,14-15,not seen by CapnBry here
West Svealand,102,svartalf hunter,2,16825,59831,False,0,0,14-15,not seen by CapnBry here
West Svealand,102,svartalf hunter,1,58374,59183,False,0,0,14-15,not seen by CapnBry here
West Svealand,102,svartalf hunter,1,12724,61398,False,0,0,14-15,not seen by CapnBry here
West Svealand,102,wind wisp,1,14706,40179,True,1,8,9-9,matches CapnBry (small/rare camp)
West Svealand,102,wind wisp,1,15548,34564,True,1,4,9-9,matches CapnBry (small/rare camp)
West Svealand,102,wind wisp,1,17108,30743,True,1,5,9-9,matches CapnBry (small/rare camp)
West Svealand,102,wind wisp,1,16763,26563,True,1,3,9-9,matches CapnBry (small/rare camp)
West Svealand,102,wind wisp,1,47196,15780,False,0,0,9-9,not seen by CapnBry here
West Svealand,102,wind wisp,1,65091,47981,False,0,0,9-9,not seen by CapnBry here
West Svealand,102,phantom wolf,1,23200,28157,True,2,10,17-19,matches CapnBry (small/rare camp)
West Svealand,102,phantom wolf,1,26102,32753,True,2,10,17-19,matches CapnBry (small/rare camp)
West Svealand,102,phantom wolf,1,20258,35577,True,1,6,17-19,matches CapnBry (small/rare camp)
West Svealand,102,phantom wolf,2,23290,32956,True,2,15,17-19,matches CapnBry (small/rare camp)
West Svealand,102,phantom wolf,1,23044,35633,True,1,7,17-19,matches CapnBry (small/rare camp)
West Svealand,102,phantom wolf,1,28028,31937,True,2,9,17-19,matches CapnBry (small/rare camp)
West Svealand,102,phantom wolf,1,27265,35383,True,2,2,17-19,matches CapnBry (small/rare camp)
West Svealand,102,blodfelag partisan,1,54073,35221,True,1,7,13-15,matches CapnBry (small/rare camp)
West Svealand,102,blodfelag partisan,2,35560,34052,True,2,3,13-15,matches CapnBry (small/rare camp)
West Svealand,102,blodfelag partisan,1,6430,37609,True,1,1,13-15,matches CapnBry (small/rare camp)
West Svealand,102,ribbon toad,2,63454,49250,True,3,46,12-13,likely short (CapnBry saw more here)
West Svealand,102,ribbon toad,1,44932,48007,False,0,0,12-13,not seen by CapnBry here
West Svealand,102,ribbon toad,1,63441,47033,True,3,46,12-13,likely short (CapnBry saw more here)
West Svealand,102,ribbon toad,2,63712,21625,False,0,0,12-13,not seen by CapnBry here
West Svealand,102,blodfelag warhound,1,33441,38588,True,1,4,10-10,matches CapnBry (small/rare camp)
West Svealand,102,blodfelag warhound,1,14404,45217,True,1,1,10-10,matches CapnBry (small/rare camp)
West Svealand,102,blodfelag warhound,2,5938,8505,False,0,0,10-10,not seen by CapnBry here
West Svealand,102,blodfelag warhound,1,17109,21271,True,1,11,10-10,matches CapnBry (small/rare camp)
West Svealand,102,blodfelag warhound,1,18955,20916,True,1,11,10-10,matches CapnBry (small/rare camp)
West Svealand,102,blodfelag warhound,1,35776,38062,True,1,4,10-10,matches CapnBry (small/rare camp)
West Svealand,102,blodfelag warhound,2,17458,14455,True,2,4,10-10,matches CapnBry (small/rare camp)
West Svealand,102,blodfelag warhound,1,64401,43841,True,1,1,10-10,matches CapnBry (small/rare camp)
West Svealand,102,water sprite,2,51448,39526,True,2,4,13-14,matches CapnBry (small/rare camp)
West Svealand,102,water sprite,1,53797,58944,True,1,1,13-14,matches CapnBry (small/rare camp)
West Svealand,102,rock crab,2,64656,35648,True,2,1,7-7,matches CapnBry (small/rare camp)
West Svealand,102,escaped thrall,1,65305,14675,True,1,1,3-3,matches CapnBry (small/rare camp)
West Svealand,102,escaped thrall,1,61342,14667,True,1,1,3-3,matches CapnBry (small/rare camp)
West Svealand,102,sveawolf mother,1,63451,11995,True,1,8,5-5,matches CapnBry (small/rare camp)
West Svealand,102,squirt,1,54752,36598,False,0,0,15-15,not seen by CapnBry here
West Svealand,102,lake serpent,1,64924,18717,True,4,9,10-11,likely short (CapnBry saw more here)
West Svealand,102,lake serpent,2,62732,28980,False,0,0,10-11,not seen by CapnBry here
West Svealand,102,lake serpent,1,62437,8499,True,1,9,10-11,matches CapnBry (small/rare camp)
West Svealand,102,blodfelag oathbreaker,1,58820,26519,False,0,0,10-12,not seen by CapnBry here
West Svealand,102,blodfelag oathbreaker,1,49438,52798,False,0,0,10-12,not seen by CapnBry here
West Svealand,102,blodfelag oathbreaker,2,62123,45448,True,2,35,10-12,matches CapnBry (small/rare camp)
West Svealand,102,blodfelag oathbreaker,1,50865,25398,False,0,0,10-12,not seen by CapnBry here
West Svealand,102,blodfelag oathbreaker,1,47142,48631,True,1,8,10-12,matches CapnBry (small/rare camp)
West Svealand,102,blodfelag oathbreaker,1,64548,47381,True,2,35,10-12,matches CapnBry (small/rare camp)
West Svealand,102,blodfelag thralldriver,1,58478,36937,True,1,5,14-15,matches CapnBry (small/rare camp)
West Svealand,102,guthr,1,49408,20224,False,0,0,14-14,not seen by CapnBry here
West Svealand,102,blodfelag wolfwarrior,1,23086,13591,False,0,0,18-19,not seen by CapnBry here
West Svealand,102,blodfelag wolfwarrior,1,24766,28949,True,1,4,18-19,matches CapnBry (small/rare camp)
West Svealand,102,wounded sveawolf,1,42338,51254,True,1,1,11-11,matches CapnBry (small/rare camp)
West Svealand,102,bloodthirsty she-wolf,1,34762,28383,True,1,1,12-12,matches CapnBry (small/rare camp)
West Svealand,102,bloodthirsty she-wolf,1,61376,9480,True,1,1,12-12,matches CapnBry (small/rare camp)
West Svealand,102,bloodthirsty she-wolf,1,39915,24527,True,1,2,12-12,matches CapnBry (small/rare camp)
West Svealand,102,bloodthirsty she-wolf,1,31435,27694,True,1,4,12-12,matches CapnBry (small/rare camp)
West Svealand,102,bloodthirsty she-wolf,1,30739,30809,True,1,1,12-12,matches CapnBry (small/rare camp)
West Svealand,102,bloodthirsty she-wolf,1,56750,13372,True,1,10,12-12,matches CapnBry (small/rare camp)
West Svealand,102,bloodthirsty she-wolf,1,63238,35985,True,1,3,12-12,matches CapnBry (small/rare camp)
West Svealand,102,frothing sveawolf,1,6203,14860,True,4,4,19-19,likely short (CapnBry saw more here)
West Svealand,102,frothing sveawolf,1,19766,45002,True,1,7,19-19,matches CapnBry (small/rare camp)
West Svealand,102,frothing sveawolf,1,23566,47406,True,1,14,19-19,matches CapnBry (small/rare camp)
West Svealand,102,frothing sveawolf,1,24023,33639,True,2,1,19-19,matches CapnBry (small/rare camp)
West Svealand,102,frothing sveawolf,2,11087,14032,True,4,4,19-19,likely short (CapnBry saw more here)
West Svealand,102,frothing sveawolf,1,8454,13410,True,4,4,19-19,likely short (CapnBry saw more here)
West Svealand,102,frothing sveawolf,1,21975,42706,True,1,3,19-19,matches CapnBry (small/rare camp)
West Svealand,102,frothing sveawolf,2,7960,17277,True,4,4,19-19,likely short (CapnBry saw more here)
West Svealand,102,frothing sveawolf,1,20017,49515,True,1,14,19-19,matches CapnBry (small/rare camp)
West Svealand,102,frothing sveawolf,1,7329,12409,True,4,4,19-19,likely short (CapnBry saw more here)
West Svealand,102,frothing sveawolf,1,11207,16212,True,4,4,19-19,likely short (CapnBry saw more here)
West Svealand,102,frothing sveawolf,2,24813,36422,True,2,2,19-19,matches CapnBry (small/rare camp)
West Svealand,102,grass cat,1,61773,50577,True,2,29,11-12,matches CapnBry (small/rare camp)
West Svealand,102,grass cat,1,60909,7968,True,1,4,11-12,matches CapnBry (small/rare camp)
West Svealand,102,grass cat,2,64123,48258,True,2,35,11-12,matches CapnBry (small/rare camp)
West Svealand,102,grass cat,1,46662,16675,True,1,3,11-12,matches CapnBry (small/rare camp)
West Svealand,102,grass cat,1,46417,49674,True,1,7,11-12,matches CapnBry (small/rare camp)
West Svealand,102,black mauler,1,48345,16494,True,1,1,12-14,matches CapnBry (small/rare camp)
West Svealand,102,black mauler,1,46198,47726,False,0,0,12-14,not seen by CapnBry here
West Svealand,102,black mauler,1,34537,6448,False,0,0,12-14,not seen by CapnBry here
West Svealand,102,black mauler,2,26669,8169,False,0,0,12-14,not seen by CapnBry here
West Svealand,102,black mauler,2,38804,42373,True,2,5,12-14,matches CapnBry (small/rare camp)
West Svealand,102,black mauler,1,49929,53560,True,1,12,12-14,matches CapnBry (small/rare camp)
West Svealand,102,black mauler,2,63073,47496,True,2,30,12-14,matches CapnBry (small/rare camp)
West Svealand,102,black mauler,1,32150,41206,True,2,7,12-14,matches CapnBry (small/rare camp)
West Svealand,102,black mauler,2,63325,9958,True,1,2,12-14,matches CapnBry (small/rare camp)
West Svealand,102,black mauler,1,28166,51911,True,2,5,12-14,matches CapnBry (small/rare camp)
West Svealand,102,black mauler,2,31263,9052,False,0,0,12-14,not seen by CapnBry here
West Svealand,102,black mauler,1,34410,9002,False,0,0,12-14,not seen by CapnBry here
West Svealand,102,black mauler,1,30020,40991,True,2,7,12-14,matches CapnBry (small/rare camp)
West Svealand,102,black mauler,1,30360,51130,True,2,5,12-14,matches CapnBry (small/rare camp)
West Svealand,102,black mauler,1,37272,41104,True,2,5,12-14,matches CapnBry (small/rare camp)
West Svealand,102,black mauler,1,62108,34350,True,1,2,12-14,matches CapnBry (small/rare camp)
West Svealand,102,black mauler,1,31992,42723,True,2,7,12-14,matches CapnBry (small/rare camp)
West Svealand,102,black mauler,1,62089,50274,True,2,31,12-14,matches CapnBry (small/rare camp)
West Svealand,102,black mauler,1,29757,54060,True,2,5,12-14,matches CapnBry (small/rare camp)
West Svealand,102,blodfelag dreng,2,24021,29161,True,2,4,14-16,matches CapnBry (small/rare camp)
West Svealand,102,blodfelag dreng,1,7171,23596,True,1,9,14-16,matches CapnBry (small/rare camp)
West Svealand,102,blodfelag dreng,2,35691,33377,True,2,5,14-16,matches CapnBry (small/rare camp)
West Svealand,102,blodfelag dreng,1,24012,15676,True,1,1,14-16,matches CapnBry (small/rare camp)
West Svealand,102,blodfelag dreng,2,6553,37549,True,2,2,14-16,matches CapnBry (small/rare camp)
West Svealand,102,blodfelag dreng,1,32605,40176,True,1,1,14-16,matches CapnBry (small/rare camp)
West Svealand,102,blodfelag dreng,1,22983,30895,True,2,4,14-16,matches CapnBry (small/rare camp)
West Svealand,102,blodfelag dreng,2,13832,44453,True,2,4,14-16,matches CapnBry (small/rare camp)
West Svealand,102,mindless thrall,1,50947,53574,True,1,10,10-10,matches CapnBry (small/rare camp)
West Svealand,102,mindless thrall,1,63839,45475,True,1,29,10-10,matches CapnBry (small/rare camp)
West Svealand,102,mindless thrall,1,62797,9997,True,1,2,10-10,matches CapnBry (small/rare camp)
West Svealand,102,mindless thrall,1,45354,47278,True,1,1,10-10,matches CapnBry (small/rare camp)
West Svealand,102,mindless thrall,1,64108,48459,True,1,29,10-10,matches CapnBry (small/rare camp)
West Svealand,102,mindless thrall,1,54899,12321,True,1,1,10-10,matches CapnBry (small/rare camp)
West Svealand,102,mindless thrall,1,61066,34778,True,1,2,10-10,matches CapnBry (small/rare camp)
West Svealand,102,sanguinite ghoul,1,62319,26341,False,0,0,13-14,not seen by CapnBry here
West Svealand,102,sanguinite ghoul,1,60079,25321,False,0,0,13-14,not seen by CapnBry here
West Svealand,102,sanguinite ghoul,1,51438,17626,False,0,0,13-14,not seen by CapnBry here
West Svealand,102,svartalf chanter,1,39699,56905,True,6,13,14-15,likely short (CapnBry saw more here)
West Svealand,102,blodfelag svard,1,17444,22235,True,1,11,16-17,matches CapnBry (small/rare camp)
West Svealand,102,blodfelag svard,1,23661,32422,True,1,1,16-17,matches CapnBry (small/rare camp)
West Svealand,102,blodfelag svard,2,16392,9608,True,2,1,16-17,matches CapnBry (small/rare camp)
West Svealand,102,blodfelag svard,1,7251,23493,True,1,20,16-17,matches CapnBry (small/rare camp)
West Svealand,102,blodfelag svard,1,18656,18605,True,1,11,16-17,matches CapnBry (small/rare camp)
West Svealand,102,smiera-gatto,2,64769,24719,False,0,0,4-4,not seen by CapnBry here
West Svealand,102,smiera-gatto,1,65355,50094,True,1,4,4-4,matches CapnBry (small/rare camp)
West Svealand,102,drifting spirit,1,59229,13994,True,1,3,12-14,matches CapnBry (small/rare camp)
West Svealand,102,drifting spirit,1,51581,17375,True,2,6,12-14,matches CapnBry (small/rare camp)
West Svealand,102,drifting spirit,1,52098,14547,True,2,6,12-14,matches CapnBry (small/rare camp)
West Svealand,102,drifting spirit,1,59279,12359,True,1,3,12-14,matches CapnBry (small/rare camp)
West Svealand,102,drifting spirit,1,54113,15954,True,2,6,12-14,matches CapnBry (small/rare camp)
West Svealand,102,sveawolf,1,65388,12949,True,1,4,3-3,matches CapnBry (small/rare camp)
West Svealand,102,sveawolf,1,32561,24172,False,0,0,3-3,not seen by CapnBry here
West Svealand,102,ugnof toestubber,1,64468,43807,False,0,0,16-16,not seen by CapnBry here
West Svealand,102,blodfelag haxa,1,23065,13286,False,0,0,19-20,not seen by CapnBry here
West Svealand,102,blodfelag haxa,1,22875,19764,True,1,2,19-20,matches CapnBry (small/rare camp)
West Svealand,102,blodfelag haxa,2,5493,8375,False,0,0,19-20,not seen by CapnBry here
West Svealand,102,blodfelag haxa,1,17551,14272,True,1,4,19-20,matches CapnBry (small/rare camp)
West Svealand,102,blodfelag haxa,1,2145,18014,False,0,0,19-20,not seen by CapnBry here
West Svealand,102,helda,1,53954,35546,False,0,0,15-15,not seen by CapnBry here
West Svealand,102,elder sveawolf,1,61335,55648,True,1,1,13-13,matches CapnBry (small/rare camp)
West Svealand,102,grizzled sveawolf,1,31715,38052,True,1,2,13-13,matches CapnBry (small/rare camp)
West Svealand,102,grizzled sveawolf,1,35570,24837,True,1,2,13-13,matches CapnBry (small/rare camp)
West Svealand,102,grizzled sveawolf,1,31638,4442,False,0,0,13-13,not seen by CapnBry here
West Svealand,102,grizzled sveawolf,1,31663,46896,True,1,5,13-13,matches CapnBry (small/rare camp)
West Svealand,102,grizzled sveawolf,1,27848,51808,True,1,1,13-13,matches CapnBry (small/rare camp)
West Svealand,102,grizzled sveawolf,1,33886,31106,False,0,0,13-13,not seen by CapnBry here
West Svealand,102,grizzled sveawolf,1,31627,26201,False,0,0,13-13,not seen by CapnBry here
West Svealand,102,grizzled sveawolf,1,56490,16283,True,1,5,13-13,matches CapnBry (small/rare camp)
West Svealand,102,rabid sveawolf,2,23790,16009,True,2,1,18-18,matches CapnBry (small/rare camp)
West Svealand,102,rabid sveawolf,1,20366,49865,True,1,6,18-18,matches CapnBry (small/rare camp)
West Svealand,102,rabid sveawolf,1,20054,34123,True,2,1,18-18,matches CapnBry (small/rare camp)
West Svealand,102,rabid sveawolf,2,26399,46952,True,2,9,18-18,matches CapnBry (small/rare camp)
West Svealand,102,rabid sveawolf,1,27194,38697,True,1,2,18-18,matches CapnBry (small/rare camp)
West Svealand,102,rabid sveawolf,1,22648,47898,True,2,9,18-18,matches CapnBry (small/rare camp)
West Svealand,102,rabid sveawolf,1,20018,37401,True,2,1,18-18,matches CapnBry (small/rare camp)
West Svealand,102,nordic dirge,2,63134,10227,True,1,1,6-6,matches CapnBry (small/rare camp)
West Svealand,102,skalheng,1,60388,13507,False,0,0,14-14,not seen by CapnBry here
West Svealand,102,modervarg,1,54736,14805,False,0,0,13-13,not seen by CapnBry here
West Svealand,102,fragile skeleton,1,63132,9210,True,1,7,3-3,matches CapnBry (small/rare camp)
West Svealand,102,fragile skeleton,1,64848,13371,True,1,11,3-3,matches CapnBry (small/rare camp)
West Svealand,102,chaes,1,40962,55429,False,0,0,16-16,not seen by CapnBry here
West Svealand,102,blodfelag captive,2,53602,35543,True,2,2,10-10,matches CapnBry (small/rare camp)
West Svealand,102,black mauler juvenile,1,64024,26014,False,0,0,5-5,not seen by CapnBry here
West Svealand,102,black mauler juvenile,1,65405,16118,True,1,2,5-5,matches CapnBry (small/rare camp)
West Svealand,102,snow imp,1,13621,60433,False,0,0,20-22,not seen by CapnBry here
West Svealand,102,snow imp,1,12651,58742,False,0,0,20-22,not seen by CapnBry here
West Svealand,102,lone weeping willow,1,44633,17960,False,0,0,10-10,not seen by CapnBry here
West Svealand,102,kelda,1,41272,55271,False,0,0,15-15,not seen by CapnBry here
West Svealand,102,wiley,1,61328,44319,False,0,0,10-10,not seen by CapnBry here
West Svealand,102,chiseler,1,17146,60804,False,0,0,20-24,not seen by CapnBry here
West Svealand,102,chiseler,1,10260,58913,False,0,0,20-24,not seen by CapnBry here
West Svealand,102,chiseler,1,14277,58850,False,0,0,20-24,not seen by CapnBry here
West Svealand,102,chiseler,1,10695,60701,False,0,0,20-24,not seen by CapnBry here
West Svealand,102,henrek,1,60206,13508,False,0,0,13-13,not seen by CapnBry here
West Svealand,102,thorsgir,1,60306,13506,False,0,0,15-15,not seen by CapnBry here
West Svealand,102,rugged dwarven pony,1,65203,25450,False,0,0,4-4,not seen by CapnBry here
West Svealand,102,rugged dwarven pony,1,64780,13012,False,0,0,4-4,not seen by CapnBry here
West Svealand,102,fridgeir gestsson,1,23125,13679,False,0,0,21-21,not seen by CapnBry here
West Svealand,102,swift,1,55282,7065,False,0,0,16-16,not seen by CapnBry here
West Svealand,102,sveawolf packleader,1,32395,24104,False,0,0,14-14,not seen by CapnBry here
West Svealand,102,roaming dirge,1,65255,8991,True,2,1,8-8,matches CapnBry (small/rare camp)
West Svealand,102,roaming dirge,1,65399,10600,True,2,1,8-8,matches CapnBry (small/rare camp)
West Svealand,102,giant lemer,1,41868,42937,False,0,0,23-23,not seen by CapnBry here
West Svealand,102,blodfelag soothsayer,1,35450,33337,True,1,1,14-14,matches CapnBry (small/rare camp)
West Svealand,102,green serpent,1,63446,8637,False,0,0,2-2,not seen by CapnBry here
West Svealand,102,pawper,1,15642,3645,False,0,0,19-19,not seen by CapnBry here
West Svealand,102,follower of loki,1,53341,30744,False,0,0,10-10,not seen by CapnBry here
West Svealand,102,old smoke,1,24930,25817,False,0,0,15-15,not seen by CapnBry here
West Svealand,102,ulga,1,34754,23101,False,0,0,13-13,not seen by CapnBry here
Gotar,103,wolf nipper,1,33767,20600,False,0,0,0-0,not seen by CapnBry here
Gotar,103,wolf nipper,1,22825,22398,False,0,0,0-0,not seen by CapnBry here
Gotar,103,wolf nipper,1,23326,24474,False,0,0,0-0,not seen by CapnBry here
Gotar,103,wolf nipper,2,33305,18208,False,0,0,0-0,not seen by CapnBry here
Gotar,103,wolf nipper,1,20484,27966,False,0,0,0-0,not seen by CapnBry here
Gotar,103,wolf nipper,1,28648,27537,False,0,0,0-0,not seen by CapnBry here
Gotar,103,svartalf outcast,1,34356,45085,True,1,11,8-8,matches CapnBry (small/rare camp)
Gotar,103,perfidious pook,1,59461,42507,False,0,0,10-10,not seen by CapnBry here
Gotar,103,water snake,2,30581,20611,False,0,0,0-0,not seen by CapnBry here
Gotar,103,water snake,1,23343,19792,False,0,0,0-0,not seen by CapnBry here
Gotar,103,water snake,1,28143,7217,False,0,0,0-0,not seen by CapnBry here
Gotar,103,water snake,1,22837,28336,False,0,0,0-0,not seen by CapnBry here
Gotar,103,water snake,1,18470,14993,False,0,0,0-0,not seen by CapnBry here
Gotar,103,water snake,2,18386,19514,False,0,0,0-0,not seen by CapnBry here
Gotar,103,water snake,1,33131,19118,False,0,0,0-0,not seen by CapnBry here
Gotar,103,water snake,1,22116,26264,False,0,0,0-0,not seen by CapnBry here
Gotar,103,host of the wind,1,14718,61387,True,3,6,7-7,likely short (CapnBry saw more here)
Gotar,103,host of the wind,2,17211,47109,True,2,8,7-7,matches CapnBry (small/rare camp)
Gotar,103,host of the wind,1,17353,59524,True,3,9,7-7,likely short (CapnBry saw more here)
Gotar,103,host of the wind,2,37035,46811,True,2,60,7-7,matches CapnBry (small/rare camp)
Gotar,103,host of the wind,1,23001,61903,True,1,9,7-7,matches CapnBry (small/rare camp)
Gotar,103,host of the wind,1,16753,50687,True,2,10,7-7,matches CapnBry (small/rare camp)
Gotar,103,host of the wind,1,22600,64121,True,1,9,7-7,matches CapnBry (small/rare camp)
Gotar,103,host of the wind,2,14997,58069,True,3,7,7-7,likely short (CapnBry saw more here)
Gotar,103,host of the wind,2,14501,50432,True,2,10,7-7,matches CapnBry (small/rare camp)
Gotar,103,host of the wind,1,6664,60445,True,1,1,7-7,matches CapnBry (small/rare camp)
Gotar,103,host of the wind,1,19232,45887,True,2,1,7-7,matches CapnBry (small/rare camp)
Gotar,103,host of the wind,1,15626,54896,True,3,6,7-7,likely short (CapnBry saw more here)
Gotar,103,host of the wind,1,16559,61730,True,2,5,7-7,matches CapnBry (small/rare camp)
Gotar,103,host of the wind,1,19326,61772,True,1,10,7-7,matches CapnBry (small/rare camp)
Gotar,103,host of the wind,1,35577,44664,True,2,60,7-7,matches CapnBry (small/rare camp)
Gotar,103,host of the wind,1,18574,58462,True,3,6,7-7,likely short (CapnBry saw more here)
Gotar,103,host of the wind,1,24202,56303,True,1,4,7-7,matches CapnBry (small/rare camp)
Gotar,103,host of the wind,1,14937,48178,True,2,10,7-7,matches CapnBry (small/rare camp)
Gotar,103,sapherd,1,2148,11363,False,0,0,5-5,not seen by CapnBry here
Gotar,103,sapherd,1,19260,12023,False,0,0,5-5,not seen by CapnBry here
Gotar,103,sapherd,1,10112,4916,True,3,1,5-5,likely short (CapnBry saw more here)
Gotar,103,sapherd,1,17821,9236,False,0,0,5-5,not seen by CapnBry here
Gotar,103,sapherd,1,12158,11037,False,0,0,5-5,not seen by CapnBry here
Gotar,103,sapherd,1,5251,12748,False,0,0,5-5,not seen by CapnBry here
Gotar,103,sapherd,1,15912,12676,False,0,0,5-5,not seen by CapnBry here
Gotar,103,sapherd,1,18121,7574,False,0,0,5-5,not seen by CapnBry here
Gotar,103,sapherd,1,12106,8756,True,3,1,5-5,likely short (CapnBry saw more here)
Gotar,103,pine imp,1,5851,31776,True,2,1,6-6,matches CapnBry (small/rare camp)
Gotar,103,pine imp,1,13689,38035,True,8,5,6-6,likely short (CapnBry saw more here)
Gotar,103,pine imp,1,3410,23341,True,1,1,6-6,matches CapnBry (small/rare camp)
Gotar,103,pine imp,1,8742,23874,False,0,0,6-6,not seen by CapnBry here
Gotar,103,pine imp,1,9051,44954,True,8,12,6-6,likely short (CapnBry saw more here)
Gotar,103,pine imp,1,4626,37328,True,2,2,6-6,matches CapnBry (small/rare camp)
Gotar,103,pine imp,2,5336,26369,True,2,2,6-6,matches CapnBry (small/rare camp)
Gotar,103,pine imp,1,6714,34496,True,2,2,6-6,matches CapnBry (small/rare camp)
Gotar,103,undead explorer,1,32612,44810,True,3,33,3-3,likely short (CapnBry saw more here)
Gotar,103,undead explorer,2,32189,43261,True,3,42,3-3,likely short (CapnBry saw more here)
Gotar,103,undead explorer,1,32230,41169,True,3,42,3-3,likely short (CapnBry saw more here)
Gotar,103,undead explorer,1,33227,39562,True,2,9,3-3,matches CapnBry (small/rare camp)
Gotar,103,undead explorer,1,20203,37923,True,1,28,3-3,matches CapnBry (small/rare camp)
Gotar,103,tawny lynx,2,35575,44447,True,2,49,8-8,matches CapnBry (small/rare camp)
Gotar,103,tawny lynx,2,40340,26935,True,3,2,8-8,likely short (CapnBry saw more here)
Gotar,103,tawny lynx,1,43605,28392,True,3,4,8-8,likely short (CapnBry saw more here)
Gotar,103,tawny lynx,1,43947,39962,True,4,29,8-8,likely short (CapnBry saw more here)
Gotar,103,tawny lynx,1,47007,32239,True,1,5,8-8,matches CapnBry (small/rare camp)
Gotar,103,wild hog,2,26856,27084,True,3,42,2-2,likely short (CapnBry saw more here)
Gotar,103,wild hog,1,22670,24810,True,1,44,2-2,matches CapnBry (small/rare camp)
Gotar,103,wild hog,1,28208,29133,True,3,22,2-2,likely short (CapnBry saw more here)
Gotar,103,wild hog,1,23250,11085,True,1,17,2-2,matches CapnBry (small/rare camp)
Gotar,103,wild hog,1,19872,33875,True,1,20,2-2,matches CapnBry (small/rare camp)
Gotar,103,wild hog,1,28979,7456,True,4,4,2-2,likely short (CapnBry saw more here)
Gotar,103,wild hog,1,18410,30665,True,1,21,2-2,matches CapnBry (small/rare camp)
Gotar,103,wild hog,1,20610,27058,True,1,44,2-2,matches CapnBry (small/rare camp)
Gotar,103,wild hog,1,20913,10271,True,1,17,2-2,matches CapnBry (small/rare camp)
Gotar,103,coastal wolf,1,16143,32277,True,2,18,3-3,matches CapnBry (small/rare camp)
Gotar,103,coastal wolf,1,15548,14306,True,1,3,3-3,matches CapnBry (small/rare camp)
Gotar,103,coastal wolf,1,12299,19142,False,0,0,3-3,not seen by CapnBry here
Gotar,103,coastal wolf,2,19133,31875,True,2,18,3-3,matches CapnBry (small/rare camp)
Gotar,103,hobgoblin snagger,2,19454,25141,True,1,20,2-2,matches CapnBry (small/rare camp)
Gotar,103,hobgoblin snagger,1,19044,1170,True,1,67,2-2,matches CapnBry (small/rare camp)
Gotar,103,carrion lizard,1,13254,26228,False,0,0,3-3,not seen by CapnBry here
Gotar,103,carrion lizard,1,14783,29996,False,0,0,3-3,not seen by CapnBry here
Gotar,103,carrion lizard,1,11885,27672,False,0,0,3-3,not seen by CapnBry here
Gotar,103,wee wolf,1,2435,26804,True,2,3,5-5,matches CapnBry (small/rare camp)
Gotar,103,wee wolf,1,8839,27000,True,1,1,5-5,matches CapnBry (small/rare camp)
Gotar,103,wee wolf,2,4176,28297,True,2,3,5-5,matches CapnBry (small/rare camp)
Gotar,103,wee wolf,1,14206,17813,False,0,0,5-5,not seen by CapnBry here
Gotar,103,dryad sprout,1,15061,5490,True,2,32,3-3,matches CapnBry (small/rare camp)
Gotar,103,dryad sprout,1,13583,8776,True,2,31,3-3,matches CapnBry (small/rare camp)
Gotar,103,dryad sprout,2,3275,6215,False,0,0,3-3,not seen by CapnBry here
Gotar,103,dryad sprout,1,2645,11301,False,0,0,3-3,not seen by CapnBry here
Gotar,103,dryad sprout,1,9178,7146,True,2,4,3-3,matches CapnBry (small/rare camp)
Gotar,103,dryad sprout,1,12138,10427,True,1,16,3-3,matches CapnBry (small/rare camp)
Gotar,103,dryad sprout,1,18627,8728,True,4,65,3-3,likely short (CapnBry saw more here)
Gotar,103,seithkona,1,3713,57243,False,0,0,5-5,not seen by CapnBry here
Gotar,103,seithkona,1,4211,54038,False,0,0,5-5,not seen by CapnBry here
Gotar,103,wind wisp,1,14001,57394,True,1,5,9-9,matches CapnBry (small/rare camp)
Gotar,103,wind wisp,2,4890,42853,True,2,2,9-9,matches CapnBry (small/rare camp)
Gotar,103,wind wisp,2,23445,61939,True,2,3,9-9,matches CapnBry (small/rare camp)
Gotar,103,wind wisp,1,28407,60928,True,2,4,9-9,matches CapnBry (small/rare camp)
Gotar,103,wind wisp,1,10138,55416,True,1,7,9-9,matches CapnBry (small/rare camp)
Gotar,103,wind wisp,1,15492,46956,True,1,6,9-9,matches CapnBry (small/rare camp)
Gotar,103,wind wisp,1,3763,55976,True,1,4,9-9,matches CapnBry (small/rare camp)
Gotar,103,wind wisp,1,2495,54565,False,0,0,9-9,not seen by CapnBry here
Gotar,103,vein spiderling,1,32618,22460,False,0,0,0-0,not seen by CapnBry here
Gotar,103,vein spiderling,1,19939,17490,False,0,0,0-0,not seen by CapnBry here
Gotar,103,vein spiderling,1,26094,21060,False,0,0,0-0,not seen by CapnBry here
Gotar,103,vidalf,1,11058,38725,False,0,0,10-10,not seen by CapnBry here
Gotar,103,sharktooth whelp,1,29338,27488,True,1,12,1-1,matches CapnBry (small/rare camp)
Gotar,103,sharktooth whelp,1,24560,28398,True,1,31,1-1,matches CapnBry (small/rare camp)
Gotar,103,sharktooth whelp,1,23649,24209,True,1,59,1-1,matches CapnBry (small/rare camp)
Gotar,103,sharktooth whelp,1,19795,23751,True,1,54,1-1,matches CapnBry (small/rare camp)
Gotar,103,sharktooth whelp,1,22420,10160,True,2,17,1-1,matches CapnBry (small/rare camp)
Gotar,103,sharktooth whelp,1,23756,11643,True,2,17,1-1,matches CapnBry (small/rare camp)
Gotar,103,sharktooth whelp,1,20771,26164,True,1,74,1-1,matches CapnBry (small/rare camp)
Gotar,103,sharktooth whelp,1,19795,13809,True,1,29,1-1,matches CapnBry (small/rare camp)
Gotar,103,sharktooth whelp,1,28112,5378,True,1,2,1-1,matches CapnBry (small/rare camp)
Gotar,103,fragile skeleton,2,22054,41444,True,4,52,3-3,likely short (CapnBry saw more here)
Gotar,103,fragile skeleton,1,30501,45248,True,1,38,3-3,matches CapnBry (small/rare camp)
Gotar,103,fragile skeleton,1,31270,41624,True,1,46,3-3,matches CapnBry (small/rare camp)
Gotar,103,fragile skeleton,1,32434,46587,True,1,38,3-3,matches CapnBry (small/rare camp)
Gotar,103,host of the earth,1,7500,37531,True,3,6,6-6,likely short (CapnBry saw more here)
Gotar,103,host of the earth,2,20613,54027,True,4,19,6-6,likely short (CapnBry saw more here)
Gotar,103,host of the earth,1,19055,43590,True,4,41,6-6,likely short (CapnBry saw more here)
Gotar,103,host of the earth,2,17996,40953,True,4,38,6-6,likely short (CapnBry saw more here)
Gotar,103,host of the earth,1,10617,38104,True,3,5,6-6,likely short (CapnBry saw more here)
Gotar,103,salix,1,4625,7207,False,0,0,14-14,not seen by CapnBry here
Gotar,103,huldu stalker,1,39365,19170,False,0,0,5-5,not seen by CapnBry here
Gotar,103,huldu stalker,1,43051,16839,False,0,0,5-5,not seen by CapnBry here
Gotar,103,huldu stalker,1,41121,19338,False,0,0,5-5,not seen by CapnBry here
Gotar,103,huldu hunter,1,43866,17543,False,0,0,4-4,not seen by CapnBry here
Gotar,103,hobgoblin prowler,2,27853,55886,True,5,34,8-8,likely short (CapnBry saw more here)
Gotar,103,hobgoblin prowler,2,40193,39097,False,0,0,8-8,not seen by CapnBry here
Gotar,103,hobgoblin prowler,1,40610,40795,False,0,0,8-8,not seen by CapnBry here
Gotar,103,dryad sprig,2,5842,8021,False,0,0,4-4,not seen by CapnBry here
Gotar,103,dryad sprig,1,18420,9909,True,3,56,4-4,likely short (CapnBry saw more here)
Gotar,103,dryad sprig,2,5684,3902,False,0,0,4-4,not seen by CapnBry here
Gotar,103,dryad sprig,1,11787,5686,True,3,23,4-4,likely short (CapnBry saw more here)
Gotar,103,dryad sprig,1,17025,5221,True,1,25,4-4,matches CapnBry (small/rare camp)
Gotar,103,dryad sprig,1,12300,10740,True,3,9,4-4,likely short (CapnBry saw more here)
Gotar,103,dryad sprig,1,3938,10144,False,0,0,4-4,not seen by CapnBry here
Gotar,103,dryad sprig,1,10314,5140,True,3,8,4-4,likely short (CapnBry saw more here)
Gotar,103,dryad sprig,1,9182,8135,True,3,8,4-4,likely short (CapnBry saw more here)
Gotar,103,huldu lurker,1,18817,14741,True,1,19,2-2,matches CapnBry (small/rare camp)
Gotar,103,huldu lurker,1,25012,28038,True,1,18,2-2,matches CapnBry (small/rare camp)
Gotar,103,huldu lurker,2,28237,25284,True,1,28,2-2,matches CapnBry (small/rare camp)
Gotar,103,huldu lurker,1,19497,16974,True,1,19,2-2,matches CapnBry (small/rare camp)
Gotar,103,black rixtas,1,18902,59135,False,0,0,16-16,not seen by CapnBry here
Gotar,103,phantom hound,1,28980,42266,True,2,83,3-3,matches CapnBry (small/rare camp)
Gotar,103,phantom hound,1,30563,43169,True,2,66,3-3,matches CapnBry (small/rare camp)
Gotar,103,phantom hound,1,32824,45951,True,2,43,3-3,matches CapnBry (small/rare camp)
Gotar,103,carrion crawler,2,54438,49076,True,5,164,6-6,likely short (CapnBry saw more here)
Gotar,103,carrion crawler,2,58663,55061,True,5,80,6-6,likely short (CapnBry saw more here)
Gotar,103,carrion crawler,2,54647,52209,True,5,164,6-6,likely short (CapnBry saw more here)
Gotar,103,carrion crawler,1,56455,50793,True,5,179,6-6,likely short (CapnBry saw more here)
Gotar,103,carrion crawler,1,57636,52668,True,5,107,6-6,likely short (CapnBry saw more here)
Gotar,103,hobgoblin fish-catcher,1,26753,25956,False,0,0,0-0,not seen by CapnBry here
Gotar,103,hobgoblin fish-catcher,1,20780,11869,False,0,0,0-0,not seen by CapnBry here
Gotar,103,green serpent,2,19324,4624,True,2,70,2-2,matches CapnBry (small/rare camp)
Gotar,103,green serpent,2,23387,10468,True,2,29,2-2,matches CapnBry (small/rare camp)
Gotar,103,green serpent,2,20595,10874,True,2,29,2-2,matches CapnBry (small/rare camp)
Gotar,103,green serpent,2,27736,26409,True,2,17,2-2,matches CapnBry (small/rare camp)
Gotar,103,green serpent,1,20875,2335,True,2,70,2-2,matches CapnBry (small/rare camp)
Gotar,103,skeletal seafarer,1,41278,19102,True,2,8,4-4,matches CapnBry (small/rare camp)
Gotar,103,skeletal seafarer,2,42521,16769,True,2,12,4-4,matches CapnBry (small/rare camp)
Gotar,103,skeletal seafarer,2,39772,20267,True,2,2,4-4,matches CapnBry (small/rare camp)
Gotar,103,skeletal seafarer,1,42422,20539,True,2,7,4-4,matches CapnBry (small/rare camp)
Gotar,103,huldu outcast,1,26375,5479,True,1,5,1-1,matches CapnBry (small/rare camp)
Gotar,103,huldu outcast,1,25958,21021,True,1,78,1-1,matches CapnBry (small/rare camp)
Gotar,103,huldu outcast,1,27246,25833,True,1,40,1-1,matches CapnBry (small/rare camp)
Gotar,103,drowned soul,2,37900,15573,False,0,0,3-3,not seen by CapnBry here
Gotar,103,smiera-gatto,1,18892,15221,True,2,7,4-4,matches CapnBry (small/rare camp)
Gotar,103,smiera-gatto,1,11981,28976,False,0,0,4-4,not seen by CapnBry here
Gotar,103,smiera-gatto,1,16752,31907,True,1,15,4-4,matches CapnBry (small/rare camp)
Gotar,103,smiera-gatto,2,16438,15115,True,2,7,4-4,matches CapnBry (small/rare camp)
Gotar,103,scavenger,1,25875,23913,True,1,34,1-1,matches CapnBry (small/rare camp)
Gotar,103,scavenger,1,20326,24852,True,3,8,1-1,likely short (CapnBry saw more here)
Gotar,103,scavenger,1,22672,9611,True,2,14,1-1,matches CapnBry (small/rare camp)
Gotar,103,scavenger,1,20288,21086,True,3,13,1-1,likely short (CapnBry saw more here)
Gotar,103,scavenger,1,20067,17700,True,1,5,1-1,matches CapnBry (small/rare camp)
Gotar,103,scavenger,1,25423,25804,True,1,34,1-1,matches CapnBry (small/rare camp)
Gotar,103,scavenger,1,27185,6553,True,1,1,1-1,matches CapnBry (small/rare camp)
Gotar,103,scavenger,1,22277,11438,True,2,14,1-1,matches CapnBry (small/rare camp)
Gotar,103,scavenger,1,20367,22940,True,3,8,1-1,likely short (CapnBry saw more here)
Gotar,103,nacken,1,37588,44476,True,1,31,8-8,matches CapnBry (small/rare camp)
Gotar,103,little water goblin,1,20385,25977,True,2,17,2-2,matches CapnBry (small/rare camp)
Gotar,103,little water goblin,1,19063,24902,True,2,17,2-2,matches CapnBry (small/rare camp)
Gotar,103,little water goblin,1,19077,21932,True,2,6,2-2,matches CapnBry (small/rare camp)
Gotar,103,little water goblin,1,20156,4124,True,1,108,2-2,matches CapnBry (small/rare camp)
Gotar,103,little water goblin,1,21782,9556,True,1,18,2-2,matches CapnBry (small/rare camp)
Gotar,103,envy drakeling,2,34965,64519,False,0,0,9-9,not seen by CapnBry here
Gotar,103,escaped thrall,1,16427,34659,True,1,47,3-3,matches CapnBry (small/rare camp)
Gotar,103,escaped thrall,1,17432,32504,True,1,47,3-3,matches CapnBry (small/rare camp)
Gotar,103,wood imp,1,4287,25677,True,1,2,5-5,matches CapnBry (small/rare camp)
Gotar,103,wood imp,1,7938,29715,False,0,0,5-5,not seen by CapnBry here
Gotar,103,wood imp,1,5283,37273,True,2,3,5-5,matches CapnBry (small/rare camp)
Gotar,103,wood imp,2,4198,34770,True,2,3,5-5,matches CapnBry (small/rare camp)
Gotar,103,wood imp,1,5396,27923,True,1,2,5-5,matches CapnBry (small/rare camp)
Gotar,103,wood imp,1,3882,30212,True,1,1,5-5,matches CapnBry (small/rare camp)
Gotar,103,wood imp,1,6690,23617,True,1,1,5-5,matches CapnBry (small/rare camp)
Gotar,103,gotawitch,1,40825,56371,True,3,7,9-9,likely short (CapnBry saw more here)
Gotar,103,gotawitch,2,39364,57341,True,3,7,9-9,likely short (CapnBry saw more here)
Gotar,103,meandering spirit,2,28867,35449,True,7,16,1-1,likely short (CapnBry saw more here)
Gotar,103,meandering spirit,2,23946,31803,True,3,34,1-1,likely short (CapnBry saw more here)
Gotar,103,meandering spirit,2,26588,31659,True,3,34,1-1,likely short (CapnBry saw more here)
Gotar,103,meandering spirit,2,31444,32246,True,2,5,1-1,matches CapnBry (small/rare camp)
Gotar,103,meandering spirit,1,30514,33853,True,7,16,1-1,likely short (CapnBry saw more here)
Gotar,103,tweedle,1,13223,41655,False,0,0,7-7,not seen by CapnBry here
Gotar,103,water strider,1,6918,35118,False,0,0,1-1,not seen by CapnBry here
Gotar,103,water strider,1,4638,25467,False,0,0,1-1,not seen by CapnBry here
Gotar,103,water strider,1,5006,32193,False,0,0,1-1,not seen by CapnBry here
Gotar,103,water strider,1,5788,24307,False,0,0,1-1,not seen by CapnBry here
Gotar,103,water strider,1,38344,27408,True,1,4,1-1,matches CapnBry (small/rare camp)
Gotar,103,water strider,1,34756,16566,True,1,7,1-1,matches CapnBry (small/rare camp)
Gotar,103,hobgoblin prankster,2,33515,30226,False,0,0,3-3,not seen by CapnBry here
Gotar,103,hobgoblin prankster,1,37040,40046,True,4,101,3-3,likely short (CapnBry saw more here)
Gotar,103,hobgoblin prankster,2,20144,39420,True,1,32,3-3,matches CapnBry (small/rare camp)
Gotar,103,hobgoblin prankster,2,42759,44227,True,3,55,3-3,likely short (CapnBry saw more here)
Gotar,103,hobgoblin prankster,1,42064,45889,True,3,55,3-3,likely short (CapnBry saw more here)
Gotar,103,hobgoblin prankster,1,37889,38577,True,4,101,3-3,likely short (CapnBry saw more here)
Gotar,103,hobgoblin prankster,1,30472,42348,True,1,82,3-3,matches CapnBry (small/rare camp)
Gotar,103,hobgoblin prankster,1,22127,41317,True,1,46,3-3,matches CapnBry (small/rare camp)
Gotar,103,hobgoblin prankster,1,26662,43958,True,1,38,3-3,matches CapnBry (small/rare camp)
Gotar,103,hobgoblin prankster,1,33255,19722,False,0,0,3-3,not seen by CapnBry here
Gotar,103,hobgoblin prankster,1,34568,28078,False,0,0,3-3,not seen by CapnBry here
Gotar,103,wildling,1,25138,20522,False,0,0,0-0,not seen by CapnBry here
Gotar,103,wildling,1,22222,18836,False,0,0,0-0,not seen by CapnBry here
Gotar,103,wildling,1,31240,20358,False,0,0,0-0,not seen by CapnBry here
Gotar,103,wildling,1,21005,16685,False,0,0,0-0,not seen by CapnBry here
Gotar,103,twitchclaw,1,51525,58088,False,0,0,9-9,not seen by CapnBry here
Gotar,103,ghost light,1,38653,48016,True,1,10,7-7,matches CapnBry (small/rare camp)
Gotar,103,ghost light,1,36357,47463,True,1,10,7-7,matches CapnBry (small/rare camp)
Gotar,103,skeletal oarsman,1,41419,15991,False,0,0,5-5,not seen by CapnBry here
Gotar,103,rock crab,1,7815,335,True,1,4,7-7,matches CapnBry (small/rare camp)
Gotar,103,hobgoblin pincher,1,32144,27284,False,0,0,4-4,not seen by CapnBry here
Gotar,103,hobgoblin pincher,2,34960,20258,False,0,0,4-4,not seen by CapnBry here
Gotar,103,hobgoblin pincher,1,36448,39816,True,1,28,4-4,matches CapnBry (small/rare camp)
Gotar,103,hobgoblin pincher,2,34414,30800,False,0,0,4-4,not seen by CapnBry here
Gotar,103,spook,1,7565,27156,True,2,1,6-6,matches CapnBry (small/rare camp)
Gotar,103,spook,1,3936,34611,True,1,1,6-6,matches CapnBry (small/rare camp)
Gotar,103,spook,1,6234,38081,True,1,1,6-6,matches CapnBry (small/rare camp)
Gotar,103,spook,2,4538,24060,True,2,1,6-6,matches CapnBry (small/rare camp)
Gotar,103,hobgoblin snake-finder,1,33124,29006,False,0,0,1-1,not seen by CapnBry here
Gotar,103,hobgoblin snake-finder,1,34261,21546,True,1,3,1-1,matches CapnBry (small/rare camp)
Gotar,103,hobgoblin snake-finder,1,33815,19949,True,1,3,1-1,matches CapnBry (small/rare camp)
Gotar,103,black mauler juvenile,1,9360,1644,False,0,0,5-5,not seen by CapnBry here
Gotar,103,vefyn,1,23337,58691,False,0,0,8-8,not seen by CapnBry here
Gotar,103,svartalf guard,1,20219,27684,True,1,22,10-10,matches CapnBry (small/rare camp)
Gotar,103,svartalf guard,1,24084,42782,True,1,9,10-10,matches CapnBry (small/rare camp)
Gotar,103,army ant worker,1,7646,410,True,1,1,6-6,matches CapnBry (small/rare camp)
Gotar,103,jordande,1,22114,55141,False,0,0,20-20,not seen by CapnBry here
Gotar,103,rugged dwarven pony,1,20558,42148,True,1,54,4-4,matches CapnBry (small/rare camp)
Gotar,103,rugged dwarven pony,1,19311,31609,True,1,25,4-4,matches CapnBry (small/rare camp)
Gotar,103,rugged dwarven pony,1,19454,39942,True,1,34,4-4,matches CapnBry (small/rare camp)
Gotar,103,rugged dwarven pony,1,28994,44099,True,2,98,4-4,matches CapnBry (small/rare camp)
Gotar,103,rugged dwarven pony,1,22228,40882,True,1,54,4-4,matches CapnBry (small/rare camp)
Gotar,103,rugged dwarven pony,1,28313,42367,True,2,98,4-4,matches CapnBry (small/rare camp)
Gotar,103,rugged dwarven pony,2,32049,43050,True,2,87,4-4,matches CapnBry (small/rare camp)
Gotar,103,davnis,1,21565,45823,False,0,0,9-9,not seen by CapnBry here
Gotar,103,thraxia,1,49523,51359,False,0,0,20-20,not seen by CapnBry here
Gotar,103,willen,1,7483,8188,False,0,0,5-5,not seen by CapnBry here
Gotar,103,styrimathr ygna,1,42041,17337,False,0,0,7-7,not seen by CapnBry here
Gotar,103,roaming thrall,1,8476,8,False,0,0,7-7,not seen by CapnBry here
Gotar,103,scout argyle,1,52695,60668,False,0,0,15-15,not seen by CapnBry here
Gotar,103,haunt,1,38878,44576,True,1,11,7-7,matches CapnBry (small/rare camp)
Gotar,103,barkley,1,5635,17883,False,0,0,6-6,not seen by CapnBry here
Muspelheim,104,flaming raukomaz,2,42443,39691,False,0,0,30-30,not seen by CapnBry here
Muspelheim,104,flaming raukomaz,1,44617,55247,True,1,1,30-30,matches CapnBry (small/rare camp)
Muspelheim,104,flaming raukomaz,1,46345,23534,True,4,1,30-30,likely short (CapnBry saw more here)
Muspelheim,104,flaming raukomaz,1,51175,50981,False,0,0,30-30,not seen by CapnBry here
Muspelheim,104,sinyr,1,21847,54012,False,0,0,31-31,not seen by CapnBry here
Muspelheim,104,cinder drake,1,39299,9804,True,2,1,28-28,matches CapnBry (small/rare camp)
Muspelheim,104,seared skeleton,1,14355,44517,True,1,9,27-29,matches CapnBry (small/rare camp)
Muspelheim,104,seared skeleton,2,20233,44560,True,2,11,27-29,matches CapnBry (small/rare camp)
Muspelheim,104,soot harvester,1,13256,49697,False,0,0,20-22,not seen by CapnBry here
Muspelheim,104,burnt skeletal sentry,1,23796,22392,False,0,0,21-21,not seen by CapnBry here
Muspelheim,104,burnt skeletal sentry,1,34183,34468,False,0,0,21-21,not seen by CapnBry here
Muspelheim,104,burnt skeletal sentry,1,39844,44167,True,3,6,21-21,likely short (CapnBry saw more here)
Muspelheim,104,burnt skeletal sentry,2,25240,32244,True,1,3,21-21,matches CapnBry (small/rare camp)
Muspelheim,104,burnt skeletal sentry,2,25580,38492,True,2,4,21-21,matches CapnBry (small/rare camp)
Muspelheim,104,burnt skeletal sentry,1,24319,40990,True,2,3,21-21,matches CapnBry (small/rare camp)
Muspelheim,104,burnt skeletal sentry,1,30656,38912,True,1,1,21-21,matches CapnBry (small/rare camp)
Muspelheim,104,dverge sparker,1,22251,56627,True,1,2,24-24,matches CapnBry (small/rare camp)
Muspelheim,104,dverge sparker,1,25022,62639,False,0,0,24-24,not seen by CapnBry here
Muspelheim,104,ashmonger,1,12224,59555,True,6,9,23-25,likely short (CapnBry saw more here)
Muspelheim,104,ashmonger,2,33231,40067,True,6,1,23-25,likely short (CapnBry saw more here)
Muspelheim,104,ashmonger,1,13718,57934,True,6,9,23-25,likely short (CapnBry saw more here)
Muspelheim,104,ashmonger,1,28441,41211,True,5,6,23-25,likely short (CapnBry saw more here)
Muspelheim,104,ashmonger,1,15795,58014,True,6,7,23-25,likely short (CapnBry saw more here)
Muspelheim,104,charred skeletal warrior,1,26267,32655,False,0,0,23-25,not seen by CapnBry here
Muspelheim,104,charred skeletal warrior,1,17030,36528,True,1,2,23-25,matches CapnBry (small/rare camp)
Muspelheim,104,charred skeletal warrior,2,19976,18971,True,4,4,23-25,likely short (CapnBry saw more here)
Muspelheim,104,charred skeletal warrior,1,16255,49023,True,1,2,23-25,matches CapnBry (small/rare camp)
Muspelheim,104,fire phantom,1,41214,42231,True,1,2,25-25,matches CapnBry (small/rare camp)
Muspelheim,104,fire phantom,1,32339,34317,True,1,2,25-25,matches CapnBry (small/rare camp)
Muspelheim,104,fire phantom,1,47297,38701,True,1,4,25-25,matches CapnBry (small/rare camp)
Muspelheim,104,fire ant worker,2,11749,21905,False,0,0,22-22,not seen by CapnBry here
Muspelheim,104,fire ant worker,1,13286,23213,True,1,3,22-22,matches CapnBry (small/rare camp)
Muspelheim,104,fire ant worker,1,17535,23528,True,2,5,22-22,matches CapnBry (small/rare camp)
Muspelheim,104,fire ant worker,1,13078,25370,True,1,3,22-22,matches CapnBry (small/rare camp)
Muspelheim,104,fire ant worker,1,18880,21524,True,2,2,22-22,matches CapnBry (small/rare camp)
Muspelheim,104,sulphine,1,9638,16826,False,0,0,22-22,not seen by CapnBry here
Muspelheim,104,fire flower,2,13706,49756,True,3,7,20-22,likely short (CapnBry saw more here)
Muspelheim,104,fire flower,2,11647,47199,False,0,0,20-22,not seen by CapnBry here
Muspelheim,104,fire flower,1,10793,51231,True,3,7,20-22,likely short (CapnBry saw more here)
Muspelheim,104,ashen spirit,2,10528,49074,True,2,7,21-23,matches CapnBry (small/rare camp)
Muspelheim,104,ashen spirit,2,6062,17042,False,0,0,21-23,not seen by CapnBry here
Muspelheim,104,ashen spirit,1,9298,19453,False,0,0,21-23,not seen by CapnBry here
Muspelheim,104,ashen spirit,1,10945,54608,True,2,5,21-23,matches CapnBry (small/rare camp)
Muspelheim,104,ashen spirit,1,12757,55326,True,2,5,21-23,matches CapnBry (small/rare camp)
Muspelheim,104,ashen spirit,2,10228,51964,True,2,7,21-23,matches CapnBry (small/rare camp)
Muspelheim,104,noxious hound,1,32397,61581,True,4,7,24-24,likely short (CapnBry saw more here)
Muspelheim,104,noxious hound,1,31300,59260,True,2,5,24-24,matches CapnBry (small/rare camp)
Muspelheim,104,noxious hound,1,34159,58943,True,4,9,24-24,likely short (CapnBry saw more here)
Muspelheim,104,noxious hound,1,39679,54325,True,4,3,24-24,likely short (CapnBry saw more here)
Muspelheim,104,noxious hound,1,41298,55287,True,4,3,24-24,likely short (CapnBry saw more here)
Muspelheim,104,young fire wyrm,1,11101,10658,True,3,4,25-27,likely short (CapnBry saw more here)
Muspelheim,104,young fire wyrm,1,49770,16927,True,3,2,25-27,likely short (CapnBry saw more here)
Muspelheim,104,young fire wyrm,2,9963,9572,True,3,4,25-27,likely short (CapnBry saw more here)
Muspelheim,104,young fire wyrm,1,16748,8331,True,6,6,25-27,likely short (CapnBry saw more here)
Muspelheim,104,young fire wyrm,1,12862,9834,True,6,10,25-27,likely short (CapnBry saw more here)
Muspelheim,104,young fire wyrm,1,12698,6692,True,6,7,25-27,likely short (CapnBry saw more here)
Muspelheim,104,young fire wyrm,2,48568,19389,True,3,2,25-27,likely short (CapnBry saw more here)
Muspelheim,104,fire ant scavenger,1,6340,31913,True,1,5,20-20,matches CapnBry (small/rare camp)
Muspelheim,104,fire ant scavenger,1,11692,27528,True,1,6,20-20,matches CapnBry (small/rare camp)
Muspelheim,104,lava lizard,1,59972,38594,False,0,0,22-22,not seen by CapnBry here
Muspelheim,104,lava lizard,1,36404,58393,True,1,2,22-22,matches CapnBry (small/rare camp)
Muspelheim,104,lava lizard,1,28839,60649,True,2,3,22-22,matches CapnBry (small/rare camp)
Muspelheim,104,lava lizard,1,58090,25001,True,1,1,22-22,matches CapnBry (small/rare camp)
Muspelheim,104,lava lizard,2,6173,19267,True,2,7,22-22,matches CapnBry (small/rare camp)
Muspelheim,104,lava lizard,1,29346,50924,True,1,1,22-22,matches CapnBry (small/rare camp)
Muspelheim,104,lava lizard,1,12090,53443,True,1,5,22-22,matches CapnBry (small/rare camp)
Muspelheim,104,lava lizard,2,13913,7344,True,2,2,22-22,matches CapnBry (small/rare camp)
Muspelheim,104,eld,1,26584,29605,False,0,0,23-23,not seen by CapnBry here
Muspelheim,104,sulphur crab,1,12292,22110,True,4,3,20-22,likely short (CapnBry saw more here)
Muspelheim,104,sulphur crab,2,16601,24629,False,0,0,20-22,not seen by CapnBry here
Muspelheim,104,sulphur crab,2,18581,23368,False,0,0,20-22,not seen by CapnBry here
Muspelheim,104,sulphur crab,2,9225,16796,True,1,3,20-22,matches CapnBry (small/rare camp)
Muspelheim,104,sulphur crab,1,10391,29426,True,1,2,20-22,matches CapnBry (small/rare camp)
Muspelheim,104,sulphur crab,1,9044,12457,True,1,3,20-22,matches CapnBry (small/rare camp)
Muspelheim,104,fire toad,1,8171,8006,False,0,0,27-27,not seen by CapnBry here
Muspelheim,104,fire toad,2,30343,60106,True,2,2,27-27,matches CapnBry (small/rare camp)
Muspelheim,104,fire toad,1,28206,50355,False,0,0,27-27,not seen by CapnBry here
Muspelheim,104,fire toad,1,7570,59687,False,0,0,27-27,not seen by CapnBry here
Muspelheim,104,fire toad,1,35087,60602,True,2,2,27-27,matches CapnBry (small/rare camp)
Muspelheim,104,fire toad,1,39691,53637,False,0,0,27-27,not seen by CapnBry here
Muspelheim,104,fire giant lookout,2,54927,16204,True,3,5,27-27,likely short (CapnBry saw more here)
Muspelheim,104,fire giant lookout,1,50760,40658,False,0,0,27-27,not seen by CapnBry here
Muspelheim,104,fire giant lookout,1,54043,27310,True,2,2,27-27,matches CapnBry (small/rare camp)
Muspelheim,104,fire giant lookout,1,51573,26749,True,2,2,27-27,matches CapnBry (small/rare camp)
Muspelheim,104,fire giant lookout,1,25801,28026,True,1,1,27-27,matches CapnBry (small/rare camp)
Muspelheim,104,fire giant lookout,1,56636,35966,True,1,1,27-27,matches CapnBry (small/rare camp)
Muspelheim,104,fire giant lookout,1,57395,11951,True,2,3,27-27,matches CapnBry (small/rare camp)
Muspelheim,104,fire giant lookout,2,55683,19194,True,3,3,27-27,likely short (CapnBry saw more here)
Muspelheim,104,fire giant lookout,1,58408,13577,True,2,4,27-27,matches CapnBry (small/rare camp)
Muspelheim,104,fire giant lookout,1,59721,17084,True,2,3,27-27,matches CapnBry (small/rare camp)
Muspelheim,104,firecat,1,11254,49286,True,1,1,24-24,matches CapnBry (small/rare camp)
Muspelheim,104,firecat,1,31607,58123,True,1,3,24-24,matches CapnBry (small/rare camp)
Muspelheim,104,firecat,1,37055,29019,False,0,0,24-24,not seen by CapnBry here
Muspelheim,104,firecat,1,23943,10227,False,0,0,24-24,not seen by CapnBry here
Muspelheim,104,firecat,1,36009,58384,True,1,3,24-24,matches CapnBry (small/rare camp)
Muspelheim,104,firecat,1,14793,22300,True,1,2,24-24,matches CapnBry (small/rare camp)
Muspelheim,104,firecat,1,29033,50908,False,0,0,24-24,not seen by CapnBry here
Muspelheim,104,firecat,1,32824,24823,True,1,4,24-24,matches CapnBry (small/rare camp)
Muspelheim,104,firecat,1,12749,57261,True,1,1,24-24,matches CapnBry (small/rare camp)
Muspelheim,104,firecat,1,11740,9310,False,0,0,24-24,not seen by CapnBry here
Muspelheim,104,firecat,1,34163,22399,True,1,4,24-24,matches CapnBry (small/rare camp)
Muspelheim,104,fire giant watchman,1,55059,48660,True,1,1,29-29,matches CapnBry (small/rare camp)
Muspelheim,104,fire giant watchman,2,61976,31676,True,2,1,29-29,matches CapnBry (small/rare camp)
Muspelheim,104,fire giant watchman,1,54033,40379,True,1,1,29-29,matches CapnBry (small/rare camp)
Muspelheim,104,mephitic ghoul,2,23039,31993,True,2,6,25-28,matches CapnBry (small/rare camp)
Muspelheim,104,mephitic ghoul,1,14626,44955,True,1,2,25-28,matches CapnBry (small/rare camp)
Muspelheim,104,mephitic ghoul,2,35137,29389,True,1,4,25-28,matches CapnBry (small/rare camp)
Muspelheim,104,mephitic ghoul,2,29011,29153,True,1,6,25-28,matches CapnBry (small/rare camp)
Muspelheim,104,pyrophantom,1,47144,39426,False,0,0,28-30,not seen by CapnBry here
Muspelheim,104,sulphuric ghoul,1,11349,54165,False,0,0,22-22,not seen by CapnBry here
Muspelheim,104,fire giant scout,1,54843,48004,True,1,1,28-28,matches CapnBry (small/rare camp)
Muspelheim,104,fire giant scout,1,29772,51836,False,0,0,28-28,not seen by CapnBry here
Muspelheim,104,fire giant scout,1,57022,35489,False,0,0,28-28,not seen by CapnBry here
Muspelheim,104,flame thrower,1,7602,21901,True,1,9,21-23,matches CapnBry (small/rare camp)
Muspelheim,104,flame thrower,1,11710,48079,True,3,3,21-23,likely short (CapnBry saw more here)
Muspelheim,104,flame thrower,2,11864,49844,True,3,3,21-23,likely short (CapnBry saw more here)
Muspelheim,104,flame thrower,2,13761,48604,True,3,3,21-23,likely short (CapnBry saw more here)
Muspelheim,104,konung botolf redhands,1,28564,12708,False,0,0,28-28,not seen by CapnBry here
Muspelheim,104,magmatasm,1,47518,24121,True,1,1,29-31,matches CapnBry (small/rare camp)
Muspelheim,104,magmatasm,1,12298,5363,True,1,2,29-31,matches CapnBry (small/rare camp)
Muspelheim,104,plasmatasm,1,6673,19861,False,0,0,23-25,not seen by CapnBry here
Muspelheim,104,dverge crackler,1,21123,63090,False,0,0,28-28,not seen by CapnBry here
Muspelheim,104,dverge crackler,1,25022,62604,False,0,0,28-28,not seen by CapnBry here
Muspelheim,104,coal,1,32455,4702,False,0,0,25-25,not seen by CapnBry here
Muspelheim,104,flame spout,1,10099,8003,True,1,1,25-25,matches CapnBry (small/rare camp)
Muspelheim,104,brimstone,1,14053,57483,False,0,0,23-23,not seen by CapnBry here
Muspelheim,104,fire ant gatherer,2,17727,23307,True,3,4,21-21,likely short (CapnBry saw more here)
Muspelheim,104,fire ant gatherer,1,10757,22731,True,1,1,21-21,matches CapnBry (small/rare camp)
Muspelheim,104,fire ant gatherer,2,13173,23109,True,3,4,21-21,likely short (CapnBry saw more here)
Muspelheim,104,fire ant gatherer,1,14266,24927,True,3,5,21-21,likely short (CapnBry saw more here)
Muspelheim,104,charred skeletal commander,1,24144,26286,False,0,0,26-29,not seen by CapnBry here
Muspelheim,104,young wyrm lord,1,54563,12863,False,0,0,33-33,not seen by CapnBry here
Muspelheim,104,fire giant guard,1,53954,48439,True,1,2,30-30,matches CapnBry (small/rare camp)
Muspelheim,104,fire giant guard,1,55145,49782,True,1,2,30-30,matches CapnBry (small/rare camp)
Muspelheim,104,spirit of flames,1,41954,21984,False,0,0,29-29,not seen by CapnBry here
Muspelheim,104,gokstorm,1,7315,39164,False,0,0,25-25,not seen by CapnBry here
Muspelheim,104,maghemoth,1,42539,28448,False,0,0,30-30,not seen by CapnBry here
Muspelheim,104,bjame,1,18679,12525,False,0,0,26-26,not seen by CapnBry here
Muspelheim,104,dverge igniter,2,21688,63078,False,0,0,25-25,not seen by CapnBry here
Muspelheim,104,dverge fire-eater,1,20721,62058,False,0,0,30-30,not seen by CapnBry here
Muspelheim,104,grogak,1,13157,39047,False,0,0,26-26,not seen by CapnBry here
Myrkwood Forest,105,myrk shadow,1,33061,38908,False,0,0,10-11,not seen by CapnBry here
Myrkwood Forest,105,myrk shadow,1,29430,34593,False,0,0,10-11,not seen by CapnBry here
Myrkwood Forest,105,myrk shadow,1,35965,45238,False,0,0,10-11,not seen by CapnBry here
Myrkwood Forest,105,myrk shadow,2,55789,48243,False,0,0,10-11,not seen by CapnBry here
Myrkwood Forest,105,myrk shadow,1,63139,55234,False,0,0,10-11,not seen by CapnBry here
Myrkwood Forest,105,myrk shadow,1,33582,42727,False,0,0,10-11,not seen by CapnBry here
Myrkwood Forest,105,myrk shadow,1,59121,52552,False,0,0,10-11,not seen by CapnBry here
Myrkwood Forest,105,undead explorer,1,54075,21992,True,1,3,3-3,matches CapnBry (small/rare camp)
Myrkwood Forest,105,undead explorer,1,44849,14628,True,3,26,3-3,likely short (CapnBry saw more here)
Myrkwood Forest,105,undead explorer,1,38749,12288,True,1,30,3-3,matches CapnBry (small/rare camp)
Myrkwood Forest,105,undead explorer,2,42655,13091,True,3,47,3-3,likely short (CapnBry saw more here)
Myrkwood Forest,105,undead explorer,1,56352,24683,False,0,0,3-3,not seen by CapnBry here
Myrkwood Forest,105,undead explorer,1,58203,16662,False,0,0,3-3,not seen by CapnBry here
Myrkwood Forest,105,undead explorer,1,48151,14344,True,3,15,3-3,likely short (CapnBry saw more here)
Myrkwood Forest,105,undead explorer,1,57941,21529,False,0,0,3-3,not seen by CapnBry here
Myrkwood Forest,105,ridgeback worg,1,23916,36005,False,0,0,11-13,not seen by CapnBry here
Myrkwood Forest,105,ridgeback worg,1,31092,46206,False,0,0,11-13,not seen by CapnBry here
Myrkwood Forest,105,undead woodcarver,1,62522,17885,False,0,0,4-4,not seen by CapnBry here
Myrkwood Forest,105,undead woodcarver,2,47213,11460,True,2,23,4-4,matches CapnBry (small/rare camp)
Myrkwood Forest,105,undead woodcarver,1,53953,17651,True,1,4,4-4,matches CapnBry (small/rare camp)
Myrkwood Forest,105,undead woodcarver,1,49314,13198,True,2,17,4-4,matches CapnBry (small/rare camp)
Myrkwood Forest,105,undead woodcarver,1,61471,15500,False,0,0,4-4,not seen by CapnBry here
Myrkwood Forest,105,undead woodcarver,1,61173,26973,True,2,1,4-4,matches CapnBry (small/rare camp)
Myrkwood Forest,105,undead woodcarver,2,56800,17224,True,1,4,4-4,matches CapnBry (small/rare camp)
Myrkwood Forest,105,undead woodcarver,2,38710,13444,True,2,25,4-4,matches CapnBry (small/rare camp)
Myrkwood Forest,105,undead woodcarver,1,59439,9512,False,0,0,4-4,not seen by CapnBry here
Myrkwood Forest,105,undead woodcarver,1,62250,25238,True,2,1,4-4,matches CapnBry (small/rare camp)
Myrkwood Forest,105,undead woodcarver,1,41859,12213,True,2,31,4-4,matches CapnBry (small/rare camp)
Myrkwood Forest,105,hobgoblin pincher,1,61039,20852,False,0,0,4-4,not seen by CapnBry here
Myrkwood Forest,105,hobgoblin pincher,1,38792,14731,True,2,7,4-4,matches CapnBry (small/rare camp)
Myrkwood Forest,105,hobgoblin pincher,1,41352,13810,True,2,7,4-4,matches CapnBry (small/rare camp)
Myrkwood Forest,105,hobgoblin pincher,1,57738,12518,True,1,1,4-4,matches CapnBry (small/rare camp)
Myrkwood Forest,105,hobgoblin pincher,1,61799,18472,False,0,0,4-4,not seen by CapnBry here
Myrkwood Forest,105,hobgoblin pincher,1,61958,25958,False,0,0,4-4,not seen by CapnBry here
Myrkwood Forest,105,hobgoblin pincher,1,54950,21440,False,0,0,4-4,not seen by CapnBry here
Myrkwood Forest,105,hobgoblin pincher,1,49172,11926,True,1,6,4-4,matches CapnBry (small/rare camp)
Myrkwood Forest,105,venomspitter,1,28583,37498,False,0,0,11-13,not seen by CapnBry here
Myrkwood Forest,105,venomspitter,1,33792,32760,False,0,0,11-13,not seen by CapnBry here
Myrkwood Forest,105,venomspitter,2,61681,53690,False,0,0,11-13,not seen by CapnBry here
Myrkwood Forest,105,venomspitter,1,35015,34145,False,0,0,11-13,not seen by CapnBry here
Myrkwood Forest,105,venomspitter,1,26195,34457,False,0,0,11-13,not seen by CapnBry here
Myrkwood Forest,105,wind wisp,1,6729,6913,True,7,185,9-9,likely short (CapnBry saw more here)
Myrkwood Forest,105,ghost light,1,34064,5470,True,1,11,7-7,matches CapnBry (small/rare camp)
Myrkwood Forest,105,ghost light,1,17262,3026,True,2,57,7-7,matches CapnBry (small/rare camp)
Myrkwood Forest,105,ghost light,1,18949,7238,True,2,54,7-7,matches CapnBry (small/rare camp)
Myrkwood Forest,105,ghost light,1,22304,3551,True,3,25,7-7,likely short (CapnBry saw more here)
Myrkwood Forest,105,ghost light,2,13816,2265,True,2,17,7-7,matches CapnBry (small/rare camp)
Myrkwood Forest,105,ghost light,1,25045,8288,True,2,15,7-7,matches CapnBry (small/rare camp)
Myrkwood Forest,105,ghost light,1,21761,5397,True,3,61,7-7,likely short (CapnBry saw more here)
Myrkwood Forest,105,corpse eater,1,31132,44895,False,0,0,11-13,not seen by CapnBry here
Myrkwood Forest,105,corpse eater,1,30332,35421,False,0,0,11-13,not seen by CapnBry here
Myrkwood Forest,105,corpse eater,1,29158,37289,False,0,0,11-13,not seen by CapnBry here
Myrkwood Forest,105,corpse eater,1,58434,52350,False,0,0,11-13,not seen by CapnBry here
Myrkwood Forest,105,corpse eater,1,26046,36324,False,0,0,11-13,not seen by CapnBry here
Myrkwood Forest,105,corpse eater,2,60930,53636,False,0,0,11-13,not seen by CapnBry here
Myrkwood Forest,105,corpse eater,1,60510,50844,False,0,0,11-13,not seen by CapnBry here
Myrkwood Forest,105,corpse eater,1,26942,34269,False,0,0,11-13,not seen by CapnBry here
Myrkwood Forest,105,soul sinker,1,47817,56583,True,3,6,16-16,likely short (CapnBry saw more here)
Myrkwood Forest,105,soul sinker,2,49416,58182,True,3,6,16-16,likely short (CapnBry saw more here)
Myrkwood Forest,105,soul sinker,1,27997,61373,True,1,2,16-16,matches CapnBry (small/rare camp)
Myrkwood Forest,105,soul sinker,1,28517,57847,True,1,6,16-16,matches CapnBry (small/rare camp)
Myrkwood Forest,105,mora rider,2,43890,56625,True,3,5,15-15,likely short (CapnBry saw more here)
Myrkwood Forest,105,arachite shadowslinker,2,3536,18429,True,3,108,13-15,likely short (CapnBry saw more here)
Myrkwood Forest,105,arachite shadowslinker,2,7623,19075,True,4,197,13-15,likely short (CapnBry saw more here)
Myrkwood Forest,105,arachite shadowslinker,1,3827,24685,True,3,24,13-15,likely short (CapnBry saw more here)
Myrkwood Forest,105,arachite shadowslinker,1,11565,25333,True,1,48,13-15,matches CapnBry (small/rare camp)
Myrkwood Forest,105,arachite shadowslinker,1,5385,18282,True,3,105,13-15,likely short (CapnBry saw more here)
Myrkwood Forest,105,carrion eater,1,36917,3880,False,0,0,7-7,not seen by CapnBry here
Myrkwood Forest,105,carrion eater,1,51952,7242,False,0,0,7-7,not seen by CapnBry here
Myrkwood Forest,105,carrion eater,1,59913,41902,True,8,3,7-7,likely short (CapnBry saw more here)
Myrkwood Forest,105,carrion eater,2,54776,38135,False,0,0,7-7,not seen by CapnBry here
Myrkwood Forest,105,mora dancer,1,38048,53311,True,8,64,14-16,likely short (CapnBry saw more here)
Myrkwood Forest,105,mora dancer,1,31646,54129,True,8,60,14-16,likely short (CapnBry saw more here)
Myrkwood Forest,105,mora dancer,1,45380,55198,False,0,0,14-16,not seen by CapnBry here
Myrkwood Forest,105,mora dancer,1,32064,47629,True,2,10,14-16,matches CapnBry (small/rare camp)
Myrkwood Forest,105,mora dancer,1,27489,54327,True,5,18,14-16,likely short (CapnBry saw more here)
Myrkwood Forest,105,mora dancer,1,48389,53067,False,0,0,14-16,not seen by CapnBry here
Myrkwood Forest,105,mora dancer,1,34176,56405,True,8,70,14-16,likely short (CapnBry saw more here)
Myrkwood Forest,105,mora dancer,1,30347,60354,True,4,16,14-16,likely short (CapnBry saw more here)
Myrkwood Forest,105,mora dancer,1,50340,57395,True,1,4,14-16,matches CapnBry (small/rare camp)
Myrkwood Forest,105,giant bull frog,1,47503,24865,False,0,0,1-1,not seen by CapnBry here
Myrkwood Forest,105,giant bull frog,1,45980,26732,True,4,21,1-1,likely short (CapnBry saw more here)
Myrkwood Forest,105,giant bull frog,1,38810,26458,True,4,74,1-1,likely short (CapnBry saw more here)
Myrkwood Forest,105,decaying troll,2,56714,49698,True,2,17,10-10,matches CapnBry (small/rare camp)
Myrkwood Forest,105,decaying troll,2,55851,52530,True,2,13,10-10,matches CapnBry (small/rare camp)
Myrkwood Forest,105,decaying troll,1,48488,55581,False,0,0,10-10,not seen by CapnBry here
Myrkwood Forest,105,decaying troll,1,33297,40145,True,1,26,10-10,matches CapnBry (small/rare camp)
Myrkwood Forest,105,decaying troll,1,59472,48318,True,2,9,10-10,matches CapnBry (small/rare camp)
Myrkwood Forest,105,decaying troll,1,60508,53341,True,1,4,10-10,matches CapnBry (small/rare camp)
Myrkwood Forest,105,arachite greensilk,2,51834,5440,True,8,70,5-5,likely short (CapnBry saw more here)
Myrkwood Forest,105,arachite greensilk,1,42779,7380,True,1,8,5-5,matches CapnBry (small/rare camp)
Myrkwood Forest,105,arachite greensilk,1,51322,7110,True,8,70,5-5,likely short (CapnBry saw more here)
Myrkwood Forest,105,arachite greensilk,2,57621,11069,True,3,5,5-5,likely short (CapnBry saw more here)
Myrkwood Forest,105,arachite greensilk,1,59433,6843,True,8,25,5-5,likely short (CapnBry saw more here)
Myrkwood Forest,105,sapherd,2,51977,6556,True,3,28,5-5,likely short (CapnBry saw more here)
Myrkwood Forest,105,sapherd,1,33283,5216,True,1,19,5-5,matches CapnBry (small/rare camp)
Myrkwood Forest,105,sapherd,1,41132,6083,True,2,12,5-5,matches CapnBry (small/rare camp)
Myrkwood Forest,105,sapherd,1,42665,7964,True,2,12,5-5,matches CapnBry (small/rare camp)
Myrkwood Forest,105,sapherd,1,35146,6143,True,1,19,5-5,matches CapnBry (small/rare camp)
Myrkwood Forest,105,gray worg,2,34982,42410,False,0,0,10-10,not seen by CapnBry here
Myrkwood Forest,105,gray worg,2,29253,44195,False,0,0,10-10,not seen by CapnBry here
Myrkwood Forest,105,dark hound,1,28146,56804,True,2,2,17-18,matches CapnBry (small/rare camp)
Myrkwood Forest,105,dark hound,1,29487,59670,True,2,2,17-18,matches CapnBry (small/rare camp)
Myrkwood Forest,105,dark hound,1,30205,54749,True,2,2,17-18,matches CapnBry (small/rare camp)
Myrkwood Forest,105,dark hound,1,33991,57591,True,2,1,17-18,matches CapnBry (small/rare camp)
Myrkwood Forest,105,arachite hatchling,1,31465,7338,False,0,0,1-1,not seen by CapnBry here
Myrkwood Forest,105,arachite hatchling,1,55906,5446,True,1,7,1-1,matches CapnBry (small/rare camp)
Myrkwood Forest,105,arachite hatchling,1,57130,11408,True,1,1,1-1,matches CapnBry (small/rare camp)
Myrkwood Forest,105,arachite hatchling,1,22493,6914,False,0,0,1-1,not seen by CapnBry here
Myrkwood Forest,105,arachite hatchling,1,41215,20551,True,1,56,1-1,matches CapnBry (small/rare camp)
Myrkwood Forest,105,arachite hatchling,1,43374,22017,True,1,56,1-1,matches CapnBry (small/rare camp)
Myrkwood Forest,105,svartskogsfru,1,24127,47522,False,0,0,17-17,not seen by CapnBry here
Myrkwood Forest,105,svartskogsfru,1,24710,45778,False,0,0,17-17,not seen by CapnBry here
Myrkwood Forest,105,werewolf,1,13877,43334,False,0,0,17-17,not seen by CapnBry here
Myrkwood Forest,105,werewolf,1,20525,45935,False,0,0,17-17,not seen by CapnBry here
Myrkwood Forest,105,werewolf,2,9850,43545,False,0,0,17-17,not seen by CapnBry here
Myrkwood Forest,105,werewolf,2,15543,45353,False,0,0,17-17,not seen by CapnBry here
Myrkwood Forest,105,werewolf,1,16416,40344,False,0,0,17-17,not seen by CapnBry here
Myrkwood Forest,105,werewolf,1,22375,44983,False,0,0,17-17,not seen by CapnBry here
Myrkwood Forest,105,werewolf,1,18429,41501,False,0,0,17-17,not seen by CapnBry here
Myrkwood Forest,105,werewolf,1,8203,43984,False,0,0,17-17,not seen by CapnBry here
Myrkwood Forest,105,haunt,1,59703,30030,False,0,0,7-7,not seen by CapnBry here
Myrkwood Forest,105,haunt,1,46092,7471,False,0,0,7-7,not seen by CapnBry here
Myrkwood Forest,105,haunt,2,62367,39707,True,4,2,7-7,likely short (CapnBry saw more here)
Myrkwood Forest,105,haunt,2,59859,41715,True,4,2,7-7,likely short (CapnBry saw more here)
Myrkwood Forest,105,haunt,1,53215,36871,False,0,0,7-7,not seen by CapnBry here
Myrkwood Forest,105,hog-nose slither,2,39123,21736,False,0,0,0-0,not seen by CapnBry here
Myrkwood Forest,105,hog-nose slither,1,52124,20637,False,0,0,0-0,not seen by CapnBry here
Myrkwood Forest,105,hog-nose slither,1,46925,26165,False,0,0,0-0,not seen by CapnBry here
Myrkwood Forest,105,hog-nose slither,1,39897,24024,False,0,0,0-0,not seen by CapnBry here
Myrkwood Forest,105,hog-nose slither,2,54295,22213,False,0,0,0-0,not seen by CapnBry here
Myrkwood Forest,105,hog-nose slither,1,41292,20480,False,0,0,0-0,not seen by CapnBry here
Myrkwood Forest,105,brittle skeleton,1,58259,15581,False,0,0,0-0,not seen by CapnBry here
Myrkwood Forest,105,brittle skeleton,1,40063,16805,False,0,0,0-0,not seen by CapnBry here
Myrkwood Forest,105,brittle skeleton,2,47092,13412,False,0,0,0-0,not seen by CapnBry here
Myrkwood Forest,105,brittle skeleton,1,52122,19391,False,0,0,0-0,not seen by CapnBry here
Myrkwood Forest,105,brittle skeleton,1,40651,20886,False,0,0,0-0,not seen by CapnBry here
Myrkwood Forest,105,brittle skeleton,1,55254,16561,False,0,0,0-0,not seen by CapnBry here
Myrkwood Forest,105,spook,1,16691,3601,True,2,14,6-6,matches CapnBry (small/rare camp)
Myrkwood Forest,105,spook,1,26314,6387,True,3,17,6-6,likely short (CapnBry saw more here)
Myrkwood Forest,105,spook,1,32734,7165,True,1,14,6-6,matches CapnBry (small/rare camp)
Myrkwood Forest,105,spook,2,25612,8151,True,3,17,6-6,likely short (CapnBry saw more here)
Myrkwood Forest,105,spook,1,13618,1552,True,2,14,6-6,matches CapnBry (small/rare camp)
Myrkwood Forest,105,spook,1,23908,6143,True,3,17,6-6,likely short (CapnBry saw more here)
Myrkwood Forest,105,spook,1,34581,7611,True,1,14,6-6,matches CapnBry (small/rare camp)
Myrkwood Forest,105,myrkcat,2,38854,13401,True,1,32,3-3,matches CapnBry (small/rare camp)
Myrkwood Forest,105,myrkcat,1,48110,12873,True,2,24,3-3,matches CapnBry (small/rare camp)
Myrkwood Forest,105,myrkcat,1,54533,16674,True,1,11,3-3,matches CapnBry (small/rare camp)
Myrkwood Forest,105,myrkcat,1,56039,25361,False,0,0,3-3,not seen by CapnBry here
Myrkwood Forest,105,myrkcat,2,44717,14582,True,2,25,3-3,matches CapnBry (small/rare camp)
Myrkwood Forest,105,myrkcat,1,40757,12128,True,2,46,3-3,matches CapnBry (small/rare camp)
Myrkwood Forest,105,myrkcat,1,58835,19225,False,0,0,3-3,not seen by CapnBry here
Myrkwood Forest,105,arachite priest,2,12801,23619,True,1,83,15-16,matches CapnBry (small/rare camp)
Myrkwood Forest,105,arachite priest,1,11339,25811,True,1,83,15-16,matches CapnBry (small/rare camp)
Myrkwood Forest,105,haglion's minion,1,29437,48514,False,0,0,26-26,not seen by CapnBry here
Myrkwood Forest,105,haglion's minion,1,32975,53414,False,0,0,26-26,not seen by CapnBry here
Myrkwood Forest,105,haglion's minion,1,29917,50767,False,0,0,26-26,not seen by CapnBry here
Myrkwood Forest,105,haglion's minion,1,31064,53972,False,0,0,26-26,not seen by CapnBry here
Myrkwood Forest,105,haglion's minion,1,33629,50635,False,0,0,26-26,not seen by CapnBry here
Myrkwood Forest,105,haglion's minion,1,31805,57067,False,0,0,26-26,not seen by CapnBry here
Myrkwood Forest,105,haglion's minion,1,26834,51469,False,0,0,26-26,not seen by CapnBry here
Myrkwood Forest,105,carrion crawler,1,21302,7303,True,3,17,6-6,likely short (CapnBry saw more here)
Myrkwood Forest,105,carrion crawler,1,14836,5209,True,2,25,6-6,matches CapnBry (small/rare camp)
Myrkwood Forest,105,carrion crawler,1,35323,5862,True,2,16,6-6,matches CapnBry (small/rare camp)
Myrkwood Forest,105,carrion crawler,2,14850,2239,True,2,13,6-6,matches CapnBry (small/rare camp)
Myrkwood Forest,105,carrion crawler,2,33207,5572,True,2,16,6-6,matches CapnBry (small/rare camp)
Myrkwood Forest,105,carrion crawler,1,23126,1957,True,4,8,6-6,likely short (CapnBry saw more here)
Myrkwood Forest,105,carrion crawler,1,23437,7664,True,3,19,6-6,likely short (CapnBry saw more here)
Myrkwood Forest,105,carrion crawler,1,25276,2221,True,4,8,6-6,likely short (CapnBry saw more here)
Myrkwood Forest,105,carrion crawler,1,27197,4142,True,4,10,6-6,likely short (CapnBry saw more here)
Myrkwood Forest,105,carrion crawler,1,37299,7881,True,2,13,6-6,matches CapnBry (small/rare camp)
Myrkwood Forest,105,arachite weblasher,2,8441,24423,True,2,49,14-16,matches CapnBry (small/rare camp)
Myrkwood Forest,105,arachite weblasher,2,5471,25331,True,2,19,14-16,matches CapnBry (small/rare camp)
Myrkwood Forest,105,arachite weblasher,1,6996,17877,True,3,57,14-16,likely short (CapnBry saw more here)
Myrkwood Forest,105,arachite weblasher,2,16719,26309,True,1,33,14-16,matches CapnBry (small/rare camp)
Myrkwood Forest,105,arachite weblasher,1,13428,22887,True,2,39,14-16,matches CapnBry (small/rare camp)
Myrkwood Forest,105,arachite weblasher,2,9474,18941,True,3,53,14-16,likely short (CapnBry saw more here)
Myrkwood Forest,105,arachite weblasher,2,4816,18286,True,3,36,14-16,likely short (CapnBry saw more here)
Myrkwood Forest,105,arachite weblasher,1,10262,23305,True,2,57,14-16,matches CapnBry (small/rare camp)
Myrkwood Forest,105,great tingler,2,3396,31205,False,0,0,16-18,not seen by CapnBry here
Myrkwood Forest,105,great tingler,1,17245,28184,False,0,0,16-18,not seen by CapnBry here
Myrkwood Forest,105,great tingler,1,3326,27844,False,0,0,16-18,not seen by CapnBry here
Myrkwood Forest,105,great tingler,2,3546,34868,False,0,0,16-18,not seen by CapnBry here
Myrkwood Forest,105,great tingler,1,15620,27095,False,0,0,16-18,not seen by CapnBry here
Myrkwood Forest,105,svartalf watcher,1,37588,51089,True,2,5,13-13,matches CapnBry (small/rare camp)
Myrkwood Forest,105,svartalf watcher,1,39087,52680,True,2,5,13-13,matches CapnBry (small/rare camp)
Myrkwood Forest,105,sorrow,1,14449,3106,False,0,0,22-22,not seen by CapnBry here
Myrkwood Forest,105,decaying norseman,2,55898,53418,False,0,0,11-11,not seen by CapnBry here
Myrkwood Forest,105,decaying norseman,1,54995,51593,False,0,0,11-11,not seen by CapnBry here
Myrkwood Forest,105,decaying norseman,1,29992,35683,False,0,0,11-11,not seen by CapnBry here
Myrkwood Forest,105,hobgoblin snagger,1,42118,19074,True,1,44,2-2,matches CapnBry (small/rare camp)
Myrkwood Forest,105,hobgoblin snagger,1,57145,23859,True,1,2,2-2,matches CapnBry (small/rare camp)
Myrkwood Forest,105,hobgoblin snagger,1,54647,26100,True,1,2,2-2,matches CapnBry (small/rare camp)
Myrkwood Forest,105,svartalf predator,1,60154,55941,False,0,0,16-16,not seen by CapnBry here
Myrkwood Forest,105,svartalf predator,1,26210,56171,True,1,3,16-16,matches CapnBry (small/rare camp)
Myrkwood Forest,105,death spider,2,19534,32720,False,0,0,18-18,not seen by CapnBry here
Myrkwood Forest,105,death spider,2,15255,28759,False,0,0,18-18,not seen by CapnBry here
Myrkwood Forest,105,death spider,1,6495,32304,False,0,0,18-18,not seen by CapnBry here
Myrkwood Forest,105,njessi,1,34221,17658,False,0,0,22-25,not seen by CapnBry here
Myrkwood Forest,105,entrancing dirge,1,8592,46360,True,1,9,21-21,matches CapnBry (small/rare camp)
Myrkwood Forest,105,entrancing dirge,2,24779,61535,True,2,5,21-21,matches CapnBry (small/rare camp)
Myrkwood Forest,105,tingler webmother,1,3164,31066,False,0,0,19-19,not seen by CapnBry here
Myrkwood Forest,105,niswen,1,35698,13373,False,0,0,20-20,not seen by CapnBry here
Myrkwood Forest,105,envy drakeling,1,5304,158,False,0,0,9-9,not seen by CapnBry here
Myrkwood Forest,105,ove alfevson,1,17017,42391,False,0,0,23-23,not seen by CapnBry here
Myrkwood Forest,105,svartalf sorcerer,2,61450,56033,True,2,4,15-15,matches CapnBry (small/rare camp)
Myrkwood Forest,105,great worg,1,29422,44153,False,0,0,17-17,not seen by CapnBry here
Myrkwood Forest,105,priestess araxia,1,3431,11261,False,0,0,20-20,not seen by CapnBry here
Myrkwood Forest,105,priest thaxtix,1,9744,30288,False,0,0,28-28,not seen by CapnBry here
Myrkwood Forest,105,baron falwur,1,14827,44268,False,0,0,22-22,not seen by CapnBry here
Myrkwood Forest,105,anakol,1,13325,44088,False,0,0,32-32,not seen by CapnBry here
Myrkwood Forest,105,bjorn,1,50308,7889,False,0,0,23-23,not seen by CapnBry here
Myrkwood Forest,105,spectral bayer,1,28882,45162,False,0,0,13-13,not seen by CapnBry here
Skona Ravine,106,fjalar,1,6030,18079,False,0,0,37-37,not seen by CapnBry here
Skona Ravine,106,whispering willow,2,2557,54139,True,3,25,33-34,likely short (CapnBry saw more here)
Skona Ravine,106,whispering willow,2,3195,62366,True,4,10,33-34,likely short (CapnBry saw more here)
Skona Ravine,106,whispering willow,1,7402,63573,True,1,6,33-34,matches CapnBry (small/rare camp)
Skona Ravine,106,whispering willow,2,1823,60038,True,4,10,33-34,likely short (CapnBry saw more here)
Skona Ravine,106,whispering willow,1,4181,52397,True,3,36,33-34,likely short (CapnBry saw more here)
Skona Ravine,106,whispering willow,2,3416,56195,True,3,25,33-34,likely short (CapnBry saw more here)
Skona Ravine,106,whispering willow,1,4533,60815,True,4,10,33-34,likely short (CapnBry saw more here)
Skona Ravine,106,wind spirit,1,51937,33076,False,0,0,27-28,not seen by CapnBry here
Skona Ravine,106,wind spirit,1,33938,11208,False,0,0,27-28,not seen by CapnBry here
Skona Ravine,106,wind spirit,1,44649,37151,False,0,0,27-28,not seen by CapnBry here
Skona Ravine,106,wind spirit,1,35747,12133,False,0,0,27-28,not seen by CapnBry here
Skona Ravine,106,wind spirit,1,51632,37467,False,0,0,27-28,not seen by CapnBry here
Skona Ravine,106,wind spirit,2,55122,33414,False,0,0,27-28,not seen by CapnBry here
Skona Ravine,106,wind spirit,2,45127,47197,False,0,0,27-28,not seen by CapnBry here
Skona Ravine,106,wind spirit,1,46979,17177,False,0,0,27-28,not seen by CapnBry here
Skona Ravine,106,wind spirit,2,49301,17541,False,0,0,27-28,not seen by CapnBry here
Skona Ravine,106,wind spirit,1,38547,14646,False,0,0,27-28,not seen by CapnBry here
Skona Ravine,106,wind spirit,1,54702,30998,False,0,0,27-28,not seen by CapnBry here
Skona Ravine,106,wind spirit,1,44385,34439,False,0,0,27-28,not seen by CapnBry here
Skona Ravine,106,wind spirit,1,34661,51741,False,0,0,27-28,not seen by CapnBry here
Skona Ravine,106,werewolf warder,2,36129,44952,False,0,0,27-30,not seen by CapnBry here
Skona Ravine,106,werewolf warder,1,52111,35973,False,0,0,27-30,not seen by CapnBry here
Skona Ravine,106,werewolf warder,2,27211,41993,False,0,0,27-30,not seen by CapnBry here
Skona Ravine,106,werewolf warder,1,28261,46475,False,0,0,27-30,not seen by CapnBry here
Skona Ravine,106,werewolf warder,2,55176,34414,False,0,0,27-30,not seen by CapnBry here
Skona Ravine,106,werewolf warder,1,21983,48236,False,0,0,27-30,not seen by CapnBry here
Skona Ravine,106,werewolf warder,1,28974,48565,False,0,0,27-30,not seen by CapnBry here
Skona Ravine,106,werewolf warder,1,42963,39705,False,0,0,27-30,not seen by CapnBry here
Skona Ravine,106,werewolf warder,1,49157,33386,False,0,0,27-30,not seen by CapnBry here
Skona Ravine,106,werewolf warder,1,36043,42718,False,0,0,27-30,not seen by CapnBry here
Skona Ravine,106,werewolf warder,1,44228,37588,False,0,0,27-30,not seen by CapnBry here
Skona Ravine,106,werewolf warder,1,25990,49437,False,0,0,27-30,not seen by CapnBry here
Skona Ravine,106,werewolf warder,1,54376,35786,False,0,0,27-30,not seen by CapnBry here
Skona Ravine,106,werewolf warder,1,26576,44882,False,0,0,27-30,not seen by CapnBry here
Skona Ravine,106,werewolf warder,1,48613,35581,False,0,0,27-30,not seen by CapnBry here
Skona Ravine,106,moss maiden,1,23301,54683,False,0,0,24-25,not seen by CapnBry here
Skona Ravine,106,moss maiden,1,20972,4754,True,1,6,24-25,matches CapnBry (small/rare camp)
Skona Ravine,106,moss maiden,1,26678,55876,True,1,1,24-25,matches CapnBry (small/rare camp)
Skona Ravine,106,moss maiden,1,21259,9213,True,1,6,24-25,matches CapnBry (small/rare camp)
Skona Ravine,106,moss maiden,1,42881,55553,False,0,0,24-25,not seen by CapnBry here
Skona Ravine,106,sidhe gaoite,1,7590,33337,True,1,14,35-36,matches CapnBry (small/rare camp)
Skona Ravine,106,sidhe gaoite,1,7858,37578,True,3,17,35-36,likely short (CapnBry saw more here)
Skona Ravine,106,sidhe gaoite,1,10466,55846,True,1,14,35-36,matches CapnBry (small/rare camp)
Skona Ravine,106,sidhe gaoite,1,6177,41943,True,3,11,35-36,likely short (CapnBry saw more here)
Skona Ravine,106,wolfaur headsman,1,27330,34255,False,0,0,33-36,not seen by CapnBry here
Skona Ravine,106,wolfaur headsman,1,35863,61656,False,0,0,33-36,not seen by CapnBry here
Skona Ravine,106,wolfaur headsman,1,35112,30697,False,0,0,33-36,not seen by CapnBry here
Skona Ravine,106,wolfaur headsman,2,39454,26278,False,0,0,33-36,not seen by CapnBry here
Skona Ravine,106,wolfaur headsman,1,45271,27358,False,0,0,33-36,not seen by CapnBry here
Skona Ravine,106,wolfaur headsman,1,41323,30081,False,0,0,33-36,not seen by CapnBry here
Skona Ravine,106,wolfaur headsman,2,26215,32433,False,0,0,33-36,not seen by CapnBry here
Skona Ravine,106,wolfaur headsman,1,43412,27856,False,0,0,33-36,not seen by CapnBry here
Skona Ravine,106,wolfaur headsman,1,41339,27837,False,0,0,33-36,not seen by CapnBry here
Skona Ravine,106,giant tree frog,1,58413,38907,False,0,0,20-21,not seen by CapnBry here
Skona Ravine,106,giant tree frog,2,59224,43320,False,0,0,20-21,not seen by CapnBry here
Skona Ravine,106,giant tree frog,1,61277,25188,False,0,0,20-21,not seen by CapnBry here
Skona Ravine,106,giant tree frog,1,58992,9746,False,0,0,20-21,not seen by CapnBry here
Skona Ravine,106,giant tree frog,1,48904,3871,False,0,0,20-21,not seen by CapnBry here
Skona Ravine,106,giant tree frog,1,57452,25274,False,0,0,20-21,not seen by CapnBry here
Skona Ravine,106,giant tree frog,1,47190,3561,False,0,0,20-21,not seen by CapnBry here
Skona Ravine,106,giant tree frog,1,51613,20642,False,0,0,20-21,not seen by CapnBry here
Skona Ravine,106,giant tree frog,1,49082,6066,False,0,0,20-21,not seen by CapnBry here
Skona Ravine,106,giant tree frog,1,46841,6946,False,0,0,20-21,not seen by CapnBry here
Skona Ravine,106,giant tree frog,1,46125,9366,False,0,0,20-21,not seen by CapnBry here
Skona Ravine,106,giant tree frog,1,61292,42025,False,0,0,20-21,not seen by CapnBry here
Skona Ravine,106,giant tree frog,1,37263,4782,False,0,0,20-21,not seen by CapnBry here
Skona Ravine,106,young wolverine,1,16247,18460,False,0,0,28-29,not seen by CapnBry here
Skona Ravine,106,young wolverine,2,47712,15659,False,0,0,28-29,not seen by CapnBry here
Skona Ravine,106,young wolverine,1,45850,49374,False,0,0,28-29,not seen by CapnBry here
Skona Ravine,106,young wolverine,1,38659,10215,False,0,0,28-29,not seen by CapnBry here
Skona Ravine,106,young wolverine,1,44591,35545,False,0,0,28-29,not seen by CapnBry here
Skona Ravine,106,young wolverine,1,49498,18761,False,0,0,28-29,not seen by CapnBry here
Skona Ravine,106,young wolverine,2,39928,35293,False,0,0,28-29,not seen by CapnBry here
Skona Ravine,106,young wolverine,1,14744,25248,False,0,0,28-29,not seen by CapnBry here
Skona Ravine,106,young wolverine,1,51876,33601,False,0,0,28-29,not seen by CapnBry here
Skona Ravine,106,young wolverine,1,45349,18328,False,0,0,28-29,not seen by CapnBry here
Skona Ravine,106,young wolverine,2,33309,19979,False,0,0,28-29,not seen by CapnBry here
Skona Ravine,106,young wolverine,1,44952,37395,False,0,0,28-29,not seen by CapnBry here
Skona Ravine,106,young wolverine,1,38604,13651,False,0,0,28-29,not seen by CapnBry here
Skona Ravine,106,young wolverine,1,14480,20171,False,0,0,28-29,not seen by CapnBry here
Skona Ravine,106,young wolverine,1,43836,20911,False,0,0,28-29,not seen by CapnBry here
Skona Ravine,106,young wolverine,1,48884,34918,False,0,0,28-29,not seen by CapnBry here
Skona Ravine,106,dryad blossom,1,62975,41685,True,1,1,20-20,matches CapnBry (small/rare camp)
Skona Ravine,106,dryad blossom,1,58943,56944,True,2,18,20-20,matches CapnBry (small/rare camp)
Skona Ravine,106,timberland badger,1,20175,35817,False,0,0,32-33,not seen by CapnBry here
Skona Ravine,106,timberland badger,1,20394,60293,False,0,0,32-33,not seen by CapnBry here
Skona Ravine,106,timberland badger,2,24155,59446,False,0,0,32-33,not seen by CapnBry here
Skona Ravine,106,timberland badger,2,12298,40639,False,0,0,32-33,not seen by CapnBry here
Skona Ravine,106,timberland badger,1,20163,47223,False,0,0,32-33,not seen by CapnBry here
Skona Ravine,106,timberland badger,1,23419,56891,False,0,0,32-33,not seen by CapnBry here
Skona Ravine,106,timberland badger,1,14948,39839,False,0,0,32-33,not seen by CapnBry here
Skona Ravine,106,timberland badger,1,24928,56312,False,0,0,32-33,not seen by CapnBry here
Skona Ravine,106,timberland badger,1,20446,43656,False,0,0,32-33,not seen by CapnBry here
Skona Ravine,106,timberland badger,1,16464,45426,False,0,0,32-33,not seen by CapnBry here
Skona Ravine,106,timberland badger,1,20007,57247,False,0,0,32-33,not seen by CapnBry here
Skona Ravine,106,timber cat,1,21552,61145,False,0,0,36-37,not seen by CapnBry here
Skona Ravine,106,timber cat,2,7871,35937,False,0,0,36-37,not seen by CapnBry here
Skona Ravine,106,timber cat,1,23518,54165,False,0,0,36-37,not seen by CapnBry here
Skona Ravine,106,timber cat,1,14458,26567,False,0,0,36-37,not seen by CapnBry here
Skona Ravine,106,timber cat,1,18708,41799,False,0,0,36-37,not seen by CapnBry here
Skona Ravine,106,timber cat,1,7940,59953,False,0,0,36-37,not seen by CapnBry here
Skona Ravine,106,timber cat,2,14550,28682,False,0,0,36-37,not seen by CapnBry here
Skona Ravine,106,timber cat,1,28019,57433,False,0,0,36-37,not seen by CapnBry here
Skona Ravine,106,timber cat,1,12605,18579,False,0,0,36-37,not seen by CapnBry here
Skona Ravine,106,timber cat,1,12698,39343,False,0,0,36-37,not seen by CapnBry here
Skona Ravine,106,timber cat,1,17275,14472,False,0,0,36-37,not seen by CapnBry here
Skona Ravine,106,timber cat,2,24764,57235,False,0,0,36-37,not seen by CapnBry here
Skona Ravine,106,timber cat,2,9352,33397,False,0,0,36-37,not seen by CapnBry here
Skona Ravine,106,timber cat,1,10761,59982,False,0,0,36-37,not seen by CapnBry here
Skona Ravine,106,timber cat,2,16265,16466,False,0,0,36-37,not seen by CapnBry here
Skona Ravine,106,timber cat,1,23154,58656,False,0,0,36-37,not seen by CapnBry here
Skona Ravine,106,timber cat,1,3730,37523,False,0,0,36-37,not seen by CapnBry here
Skona Ravine,106,timber cat,1,20810,58060,False,0,0,36-37,not seen by CapnBry here
Skona Ravine,106,timber cat,2,14132,18625,False,0,0,36-37,not seen by CapnBry here
Skona Ravine,106,timber cat,1,19056,39806,False,0,0,36-37,not seen by CapnBry here
Skona Ravine,106,timber cat,1,19075,17564,False,0,0,36-37,not seen by CapnBry here
Skona Ravine,106,timber cat,1,15394,39125,False,0,0,36-37,not seen by CapnBry here
Skona Ravine,106,timber cat,1,8001,31288,False,0,0,36-37,not seen by CapnBry here
Skona Ravine,106,dryad greenthumb,1,62015,61313,True,3,4,21-21,likely short (CapnBry saw more here)
Skona Ravine,106,dryad greenthumb,1,52700,61121,True,1,6,21-21,matches CapnBry (small/rare camp)
Skona Ravine,106,werewolf guard,2,24355,34798,False,0,0,31-33,not seen by CapnBry here
Skona Ravine,106,werewolf guard,2,39314,30283,False,0,0,31-33,not seen by CapnBry here
Skona Ravine,106,werewolf guard,2,24155,33188,False,0,0,31-33,not seen by CapnBry here
Skona Ravine,106,werewolf guard,2,27158,36408,False,0,0,31-33,not seen by CapnBry here
Skona Ravine,106,werewolf guard,2,38238,27460,False,0,0,31-33,not seen by CapnBry here
Skona Ravine,106,werewolf guard,2,45445,28816,False,0,0,31-33,not seen by CapnBry here
Skona Ravine,106,werewolf guard,1,43240,29147,False,0,0,31-33,not seen by CapnBry here
Skona Ravine,106,werewolf guard,1,39211,33423,False,0,0,31-33,not seen by CapnBry here
Skona Ravine,106,werewolf guard,1,35590,33202,False,0,0,31-33,not seen by CapnBry here
Skona Ravine,106,werewolf guard,1,39286,24325,False,0,0,31-33,not seen by CapnBry here
Skona Ravine,106,werewolf guard,1,31790,34213,False,0,0,31-33,not seen by CapnBry here
Skona Ravine,106,werewolf guard,1,36196,25092,False,0,0,31-33,not seen by CapnBry here
Skona Ravine,106,werewolf guard,2,22894,29703,False,0,0,31-33,not seen by CapnBry here
Skona Ravine,106,werewolf guard,1,42019,32387,False,0,0,31-33,not seen by CapnBry here
Skona Ravine,106,ra of pine,1,35840,42496,False,0,0,29-29,not seen by CapnBry here
Skona Ravine,106,ra of pine,1,33024,39936,False,0,0,29-29,not seen by CapnBry here
Skona Ravine,106,ra of pine,1,26624,16896,False,0,0,29-29,not seen by CapnBry here
Skona Ravine,106,ra of pine,2,24576,17408,False,0,0,29-29,not seen by CapnBry here
Skona Ravine,106,ra of pine,1,26624,15104,False,0,0,29-29,not seen by CapnBry here
Skona Ravine,106,ra of pine,1,26880,22272,False,0,0,29-29,not seen by CapnBry here
Skona Ravine,106,ra of pine,1,30720,40960,False,0,0,29-29,not seen by CapnBry here
Skona Ravine,106,ra of pine,1,29952,44800,False,0,0,29-29,not seen by CapnBry here
Skona Ravine,106,ra of pine,1,29184,46336,False,0,0,29-29,not seen by CapnBry here
Skona Ravine,106,ra of pine,1,32000,25600,False,0,0,29-29,not seen by CapnBry here
Skona Ravine,106,ra of pine,1,28672,20736,False,0,0,29-29,not seen by CapnBry here
Skona Ravine,106,ra of pine,1,33280,42496,False,0,0,29-29,not seen by CapnBry here
Skona Ravine,106,woodland badger,1,60435,41286,False,0,0,22-23,not seen by CapnBry here
Skona Ravine,106,woodland badger,2,50765,60268,False,0,0,22-23,not seen by CapnBry here
Skona Ravine,106,woodland badger,1,40182,55924,False,0,0,22-23,not seen by CapnBry here
Skona Ravine,106,woodland badger,1,44478,61164,False,0,0,22-23,not seen by CapnBry here
Skona Ravine,106,woodland badger,1,27775,3737,False,0,0,22-23,not seen by CapnBry here
Skona Ravine,106,woodland badger,1,59232,12274,False,0,0,22-23,not seen by CapnBry here
Skona Ravine,106,woodland badger,1,61770,25966,False,0,0,22-23,not seen by CapnBry here
Skona Ravine,106,great tingler,1,46737,36461,False,0,0,16-18,not seen by CapnBry here
Skona Ravine,106,great tingler,1,53289,31165,False,0,0,16-18,not seen by CapnBry here
Skona Ravine,106,great tingler,1,57729,38583,False,0,0,16-18,not seen by CapnBry here
Skona Ravine,106,great tingler,1,42850,8764,False,0,0,16-18,not seen by CapnBry here
Skona Ravine,106,great tingler,1,38156,22664,False,0,0,16-18,not seen by CapnBry here
Skona Ravine,106,great tingler,2,57829,18697,False,0,0,16-18,not seen by CapnBry here
Skona Ravine,106,great tingler,1,44415,4417,False,0,0,16-18,not seen by CapnBry here
Skona Ravine,106,great tingler,2,38830,20046,False,0,0,16-18,not seen by CapnBry here
Skona Ravine,106,werewolf skulker,1,28069,3992,True,3,11,23-25,likely short (CapnBry saw more here)
Skona Ravine,106,werewolf skulker,1,28824,6101,True,3,11,23-25,likely short (CapnBry saw more here)
Skona Ravine,106,werewolf skulker,1,35335,61074,True,1,2,23-25,matches CapnBry (small/rare camp)
Skona Ravine,106,werewolf skulker,1,32006,5544,True,3,11,23-25,likely short (CapnBry saw more here)
Skona Ravine,106,werewolf skulker,1,38762,12842,True,1,4,23-25,matches CapnBry (small/rare camp)
Skona Ravine,106,mud frog,1,957,29435,True,1,3,30-36,matches CapnBry (small/rare camp)
Skona Ravine,106,battle-scarred mauler,1,14526,39714,True,1,4,34-35,matches CapnBry (small/rare camp)
Skona Ravine,106,battle-scarred mauler,1,16003,18738,True,1,1,34-35,matches CapnBry (small/rare camp)
Skona Ravine,106,battle-scarred mauler,1,12070,38089,True,1,4,34-35,matches CapnBry (small/rare camp)
Skona Ravine,106,callow wolverine,2,32632,20066,False,0,0,30-31,not seen by CapnBry here
Skona Ravine,106,callow wolverine,2,33797,37727,False,0,0,30-31,not seen by CapnBry here
Skona Ravine,106,callow wolverine,2,36116,41277,False,0,0,30-31,not seen by CapnBry here
Skona Ravine,106,callow wolverine,1,40720,20662,False,0,0,30-31,not seen by CapnBry here
Skona Ravine,106,callow wolverine,1,37285,18205,False,0,0,30-31,not seen by CapnBry here
Skona Ravine,106,elder skogsfru,1,7111,57486,True,4,18,32-32,likely short (CapnBry saw more here)
Skona Ravine,106,elder skogsfru,1,25018,54492,True,1,1,32-32,matches CapnBry (small/rare camp)
Skona Ravine,106,elder skogsfru,1,3928,56669,True,4,18,32-32,likely short (CapnBry saw more here)
Skona Ravine,106,elder skogsfru,2,20492,56845,True,1,1,32-32,matches CapnBry (small/rare camp)
Skona Ravine,106,elder skogsfru,1,5268,58226,True,4,18,32-32,likely short (CapnBry saw more here)
Skona Ravine,106,brush cat,1,36410,15965,False,0,0,25-27,not seen by CapnBry here
Skona Ravine,106,brush cat,1,45963,59642,False,0,0,25-27,not seen by CapnBry here
Skona Ravine,106,brush cat,2,35329,14208,False,0,0,25-27,not seen by CapnBry here
Skona Ravine,106,brush cat,1,61906,27180,False,0,0,25-27,not seen by CapnBry here
Skona Ravine,106,brush cat,1,48978,37663,False,0,0,25-27,not seen by CapnBry here
Skona Ravine,106,brush cat,1,33042,60164,False,0,0,25-27,not seen by CapnBry here
Skona Ravine,106,brush cat,1,43697,56182,False,0,0,25-27,not seen by CapnBry here
Skona Ravine,106,brush cat,1,39000,22144,False,0,0,25-27,not seen by CapnBry here
Skona Ravine,106,brush cat,2,20274,6748,False,0,0,25-27,not seen by CapnBry here
Skona Ravine,106,brush cat,1,40953,51583,False,0,0,25-27,not seen by CapnBry here
Skona Ravine,106,brush cat,2,51361,35331,False,0,0,25-27,not seen by CapnBry here
Skona Ravine,106,brush cat,1,59268,11553,False,0,0,25-27,not seen by CapnBry here
Skona Ravine,106,brush cat,1,45768,17356,False,0,0,25-27,not seen by CapnBry here
Skona Ravine,106,brush cat,1,52428,33594,False,0,0,25-27,not seen by CapnBry here
Skona Ravine,106,brush cat,1,37127,3642,False,0,0,25-27,not seen by CapnBry here
Skona Ravine,106,brush cat,1,38231,11383,False,0,0,25-27,not seen by CapnBry here
Skona Ravine,106,brush cat,1,45013,49053,False,0,0,25-27,not seen by CapnBry here
Skona Ravine,106,brush cat,1,28368,4524,False,0,0,25-27,not seen by CapnBry here
Skona Ravine,106,brush cat,1,36787,13497,False,0,0,25-27,not seen by CapnBry here
Skona Ravine,106,brush cat,1,35465,59493,False,0,0,25-27,not seen by CapnBry here
Skona Ravine,106,brush cat,1,40419,56092,False,0,0,25-27,not seen by CapnBry here
Skona Ravine,106,brush cat,1,35265,19283,False,0,0,25-27,not seen by CapnBry here
Skona Ravine,106,brush cat,1,58091,42696,False,0,0,25-27,not seen by CapnBry here
Skona Ravine,106,ra of oak,1,34304,40960,False,0,0,30-30,not seen by CapnBry here
Skona Ravine,106,ra of oak,1,28160,25856,False,0,0,30-30,not seen by CapnBry here
Skona Ravine,106,ra of oak,1,26880,19712,False,0,0,30-30,not seen by CapnBry here
Skona Ravine,106,ra of oak,1,29696,17920,False,0,0,30-30,not seen by CapnBry here
Skona Ravine,106,ra of oak,1,31488,45568,False,0,0,30-30,not seen by CapnBry here
Skona Ravine,106,vindvasen,1,51441,34071,False,0,0,30-30,not seen by CapnBry here
Skona Ravine,106,treekeep,2,62035,60823,True,1,2,22-22,matches CapnBry (small/rare camp)
Skona Ravine,106,treekeep,1,52605,59880,True,2,3,22-22,matches CapnBry (small/rare camp)
Skona Ravine,106,treekeep,1,51795,62235,True,2,3,22-22,matches CapnBry (small/rare camp)
Skona Ravine,106,wolverine,1,25855,11862,True,1,5,39-40,matches CapnBry (small/rare camp)
Skona Ravine,106,wolverine,1,30000,9400,True,1,6,39-40,matches CapnBry (small/rare camp)
Skona Ravine,106,wolfaur gladiator,1,29184,32384,False,0,0,40-40,not seen by CapnBry here
Skona Ravine,106,werewolf,1,65465,17626,False,0,0,17-17,not seen by CapnBry here
Skona Ravine,106,werewolf,1,61977,15451,False,0,0,17-17,not seen by CapnBry here
Skona Ravine,106,werewolf,1,61162,27018,False,0,0,17-17,not seen by CapnBry here
Skona Ravine,106,werewolf,1,63440,14654,False,0,0,17-17,not seen by CapnBry here
Skona Ravine,106,werewolf,1,64568,16401,False,0,0,17-17,not seen by CapnBry here
Skona Ravine,106,werewolf courier,1,37063,27208,False,0,0,27-28,not seen by CapnBry here
Skona Ravine,106,tree spirit,1,53717,31662,False,0,0,26-27,not seen by CapnBry here
Skona Ravine,106,tree spirit,2,44651,32476,False,0,0,26-27,not seen by CapnBry here
Skona Ravine,106,tree spirit,2,46384,59069,False,0,0,26-27,not seen by CapnBry here
Skona Ravine,106,tree spirit,2,36604,58873,False,0,0,26-27,not seen by CapnBry here
Skona Ravine,106,tree spirit,2,40198,20360,False,0,0,26-27,not seen by CapnBry here
Skona Ravine,106,werewolf captain,1,37920,26916,False,0,0,37-38,not seen by CapnBry here
Skona Ravine,106,young silverscale drake,1,59545,49383,True,2,2,22-22,matches CapnBry (small/rare camp)
Skona Ravine,106,young silverscale drake,1,60780,47679,True,2,2,22-22,matches CapnBry (small/rare camp)
Skona Ravine,106,ra of willow,2,19046,23678,True,2,9,31-31,matches CapnBry (small/rare camp)
Skona Ravine,106,ra of willow,1,27932,53229,True,1,4,31-31,matches CapnBry (small/rare camp)
Skona Ravine,106,nagoltooth,1,15684,13169,False,0,0,41-41,not seen by CapnBry here
Skona Ravine,106,wood rat,1,40893,58227,True,1,2,24-25,matches CapnBry (small/rare camp)
Skona Ravine,106,wood rat,1,36661,3250,True,1,5,24-25,matches CapnBry (small/rare camp)
Skona Ravine,106,wood rat,1,35173,5763,True,1,5,24-25,matches CapnBry (small/rare camp)
Skona Ravine,106,wood rat,1,28406,5297,True,1,1,24-25,matches CapnBry (small/rare camp)
Skona Ravine,106,pine mephit,1,37061,9912,False,0,0,23-23,not seen by CapnBry here
Skona Ravine,106,mokerkialfi,1,55237,40910,False,0,0,56-56,not seen by CapnBry here
Skona Ravine,106,sidhe draoi,1,7341,47333,True,1,7,36-41,matches CapnBry (small/rare camp)
Skona Ravine,106,captain gruff,1,37643,26982,False,0,0,39-39,not seen by CapnBry here
Skona Ravine,106,green orm,1,6010,19263,True,1,2,38-40,matches CapnBry (small/rare camp)
Skona Ravine,106,green orm,1,6240,12114,False,0,0,38-40,not seen by CapnBry here
Skona Ravine,106,green orm,1,9197,18695,True,1,2,38-40,matches CapnBry (small/rare camp)
Skona Ravine,106,cargila,1,17919,23997,False,0,0,40-40,not seen by CapnBry here
Skona Ravine,106,furf,1,53212,37063,False,0,0,29-29,not seen by CapnBry here
Skona Ravine,106,korban,1,54568,10294,False,0,0,19-19,not seen by CapnBry here
Skona Ravine,106,krrrck,1,53923,17566,False,0,0,25-25,not seen by CapnBry here
Skona Ravine,106,thasior,1,35974,45214,False,0,0,31-31,not seen by CapnBry here
Skona Ravine,106,zrit-zrit,1,14212,44097,False,0,0,35-35,not seen by CapnBry here
Skona Ravine,106,stripe,1,43537,58212,False,0,0,36-36,not seen by CapnBry here
Skona Ravine,106,priestess of gashir,1,11897,5172,False,0,0,20-20,not seen by CapnBry here
Skona Ravine,106,galar,1,6236,18167,False,0,0,36-36,not seen by CapnBry here
Skona Ravine,106,askafroa,1,6005,60233,False,0,0,34-34,not seen by CapnBry here
Skona Ravine,106,lasaer,1,53981,57055,False,0,0,26-26,not seen by CapnBry here
Skona Ravine,106,werewolf lieutenant,1,35622,33258,False,0,0,33-34,not seen by CapnBry here
Vanern Swamp,107,small black orm,2,58938,13791,True,1,4,35-35,matches CapnBry (small/rare camp)
Vanern Swamp,107,small black orm,1,48044,16816,True,1,1,35-35,matches CapnBry (small/rare camp)
Vanern Swamp,107,small black orm,1,42575,42233,True,1,3,35-35,matches CapnBry (small/rare camp)
Vanern Swamp,107,small black orm,1,58410,30708,True,1,1,35-35,matches CapnBry (small/rare camp)
Vanern Swamp,107,mud frog,1,18592,40013,True,1,5,30-36,matches CapnBry (small/rare camp)
Vanern Swamp,107,mud frog,1,33289,59992,True,1,5,30-36,matches CapnBry (small/rare camp)
Vanern Swamp,107,mud frog,1,54742,60557,True,4,11,30-36,likely short (CapnBry saw more here)
Vanern Swamp,107,mud frog,1,60016,34887,True,3,12,30-36,likely short (CapnBry saw more here)
Vanern Swamp,107,mud frog,1,11463,50678,True,1,3,30-36,matches CapnBry (small/rare camp)
Vanern Swamp,107,mud frog,1,64073,45623,True,2,20,30-36,matches CapnBry (small/rare camp)
Vanern Swamp,107,mud frog,1,16211,38867,True,4,4,30-36,likely short (CapnBry saw more here)
Vanern Swamp,107,mud frog,2,54725,55626,True,4,72,30-36,likely short (CapnBry saw more here)
Vanern Swamp,107,mud frog,1,62986,39163,True,1,9,30-36,matches CapnBry (small/rare camp)
Vanern Swamp,107,mud frog,1,32393,17725,False,0,0,30-36,not seen by CapnBry here
Vanern Swamp,107,mud frog,1,48632,31183,True,1,18,30-36,matches CapnBry (small/rare camp)
Vanern Swamp,107,mud frog,1,43918,42044,True,3,6,30-36,likely short (CapnBry saw more here)
Vanern Swamp,107,mud frog,1,36264,35465,True,2,11,30-36,matches CapnBry (small/rare camp)
Vanern Swamp,107,mud frog,1,42836,60384,True,2,9,30-36,matches CapnBry (small/rare camp)
Vanern Swamp,107,mud frog,2,41606,17735,True,1,2,30-36,matches CapnBry (small/rare camp)
Vanern Swamp,107,mud frog,1,57982,39896,True,1,22,30-36,matches CapnBry (small/rare camp)
Vanern Swamp,107,mud frog,1,60687,29826,True,1,5,30-36,matches CapnBry (small/rare camp)
Vanern Swamp,107,mud frog,2,47934,45924,True,1,8,30-36,matches CapnBry (small/rare camp)
Vanern Swamp,107,mud frog,2,36850,39805,True,2,8,30-36,matches CapnBry (small/rare camp)
Vanern Swamp,107,mud frog,1,22134,55827,True,1,6,30-36,matches CapnBry (small/rare camp)
Vanern Swamp,107,mud frog,2,48816,53624,True,2,27,30-36,matches CapnBry (small/rare camp)
Vanern Swamp,107,mud frog,1,50895,51442,True,3,40,30-36,likely short (CapnBry saw more here)
Vanern Swamp,107,mud frog,1,20415,55163,True,1,11,30-36,matches CapnBry (small/rare camp)
Vanern Swamp,107,mud frog,1,59068,37515,True,3,34,30-36,likely short (CapnBry saw more here)
Vanern Swamp,107,mud frog,1,61752,58151,True,3,28,30-36,likely short (CapnBry saw more here)
Vanern Swamp,107,mud frog,1,57363,31803,True,3,9,30-36,likely short (CapnBry saw more here)
Vanern Swamp,107,mud frog,2,62136,53810,True,7,77,30-36,likely short (CapnBry saw more here)
Vanern Swamp,107,mud frog,2,39958,56873,True,2,7,30-36,matches CapnBry (small/rare camp)
Vanern Swamp,107,mud frog,1,17191,36831,True,4,5,30-36,likely short (CapnBry saw more here)
Vanern Swamp,107,mud frog,1,64187,43913,True,2,10,30-36,matches CapnBry (small/rare camp)
Vanern Swamp,107,mud frog,1,56974,29438,True,2,11,30-36,matches CapnBry (small/rare camp)
Vanern Swamp,107,mud frog,1,61540,47114,True,2,20,30-36,matches CapnBry (small/rare camp)
Vanern Swamp,107,mud frog,2,19564,50549,True,1,7,30-36,matches CapnBry (small/rare camp)
Vanern Swamp,107,mud frog,1,41433,14314,True,1,2,30-36,matches CapnBry (small/rare camp)
Vanern Swamp,107,mud frog,1,10486,42779,False,0,0,30-36,not seen by CapnBry here
Vanern Swamp,107,mud frog,1,51157,48203,True,3,36,30-36,likely short (CapnBry saw more here)
Vanern Swamp,107,mud frog,1,51870,59418,True,2,21,30-36,matches CapnBry (small/rare camp)
Vanern Swamp,107,mud frog,1,53262,58839,True,4,82,30-36,likely short (CapnBry saw more here)
Vanern Swamp,107,mud frog,1,50096,35317,True,1,32,30-36,matches CapnBry (small/rare camp)
Vanern Swamp,107,mud frog,1,63144,36015,True,3,20,30-36,likely short (CapnBry saw more here)
Vanern Swamp,107,mud frog,1,18506,44124,True,1,7,30-36,matches CapnBry (small/rare camp)
Vanern Swamp,107,mud frog,1,51301,31304,False,0,0,30-36,not seen by CapnBry here
Vanern Swamp,107,mud frog,2,54247,47096,True,3,25,30-36,likely short (CapnBry saw more here)
Vanern Swamp,107,mud frog,1,55183,49799,True,3,46,30-36,likely short (CapnBry saw more here)
Vanern Swamp,107,mud frog,1,19230,13391,False,0,0,30-36,not seen by CapnBry here
Vanern Swamp,107,mud frog,1,62547,37685,True,3,20,30-36,likely short (CapnBry saw more here)
Vanern Swamp,107,forest viper,1,63297,34202,True,1,5,40-44,matches CapnBry (small/rare camp)
Vanern Swamp,107,forest viper,2,10500,58671,True,4,7,40-44,likely short (CapnBry saw more here)
Vanern Swamp,107,forest viper,1,6826,57857,True,4,7,40-44,likely short (CapnBry saw more here)
Vanern Swamp,107,forest viper,1,60625,44264,True,1,8,40-44,matches CapnBry (small/rare camp)
Vanern Swamp,107,forest viper,1,62072,47324,True,1,8,40-44,matches CapnBry (small/rare camp)
Vanern Swamp,107,forest viper,1,37521,56301,True,5,20,40-44,likely short (CapnBry saw more here)
Vanern Swamp,107,forest viper,1,37346,37964,True,2,2,40-44,matches CapnBry (small/rare camp)
Vanern Swamp,107,forest viper,1,40609,61518,False,0,0,40-44,not seen by CapnBry here
Vanern Swamp,107,forest viper,1,45085,40651,True,1,5,40-44,matches CapnBry (small/rare camp)
Vanern Swamp,107,forest viper,1,61105,37886,True,1,6,40-44,matches CapnBry (small/rare camp)
Vanern Swamp,107,forest viper,1,56063,28368,True,1,2,40-44,matches CapnBry (small/rare camp)
Vanern Swamp,107,forest viper,1,36849,40838,True,2,2,40-44,matches CapnBry (small/rare camp)
Vanern Swamp,107,forest viper,2,53956,49030,True,2,6,40-44,matches CapnBry (small/rare camp)
Vanern Swamp,107,forest viper,1,52634,58158,True,1,4,40-44,matches CapnBry (small/rare camp)
Vanern Swamp,107,forest viper,1,56971,30011,True,1,2,40-44,matches CapnBry (small/rare camp)
Vanern Swamp,107,forest viper,1,33807,55410,True,5,20,40-44,likely short (CapnBry saw more here)
Vanern Swamp,107,hagbui guard,2,11143,8003,True,1,53,40-42,matches CapnBry (small/rare camp)
Vanern Swamp,107,hagbui guard,1,8726,3614,True,1,30,40-42,matches CapnBry (small/rare camp)
Vanern Swamp,107,hagbui guard,1,12967,8885,True,1,32,40-42,matches CapnBry (small/rare camp)
Vanern Swamp,107,black orm,1,44496,14548,True,2,10,36-38,matches CapnBry (small/rare camp)
Vanern Swamp,107,black orm,2,48836,16377,True,2,14,36-38,matches CapnBry (small/rare camp)
Vanern Swamp,107,black orm,1,59203,10022,False,0,0,36-38,not seen by CapnBry here
Vanern Swamp,107,black orm,1,34544,4010,True,6,18,36-38,likely short (CapnBry saw more here)
Vanern Swamp,107,reincarnate orm,2,10602,21135,False,0,0,45-55,not seen by CapnBry here
Vanern Swamp,107,reincarnate orm,1,8762,20681,False,0,0,45-55,not seen by CapnBry here
Vanern Swamp,107,reincarnate orm,1,1261,16855,True,2,13,45-55,matches CapnBry (small/rare camp)
Vanern Swamp,107,reincarnate orm,2,3052,15861,True,2,13,45-55,matches CapnBry (small/rare camp)
Vanern Swamp,107,reincarnate orm,1,16929,7937,True,1,16,45-55,matches CapnBry (small/rare camp)
Vanern Swamp,107,jotun outcast,1,32478,13065,False,0,0,58-59,not seen by CapnBry here
Vanern Swamp,107,jotun outcast,1,22180,3951,False,0,0,58-59,not seen by CapnBry here
Vanern Swamp,107,jotun overlord,1,26193,6798,False,0,0,62-62,not seen by CapnBry here
Vanern Swamp,107,jango,1,1269,58828,False,0,0,62-62,not seen by CapnBry here
Vanern Swamp,107,ulfketill,1,7402,29602,False,0,0,65-65,not seen by CapnBry here
Vanern Swamp,107,hagbui shaman,1,10871,6238,True,1,16,40-40,matches CapnBry (small/rare camp)
Vanern Swamp,107,rottild the traitor,1,31307,29886,False,0,0,55-55,not seen by CapnBry here
Vanern Swamp,107,crippled jotun,1,11666,26173,True,2,1,50-53,matches CapnBry (small/rare camp)
Vanern Swamp,107,crippled jotun,1,10139,25583,True,2,1,50-53,matches CapnBry (small/rare camp)
Vanern Swamp,107,forest spider,2,37541,6595,False,0,0,50-52,not seen by CapnBry here
Vanern Swamp,107,forest spider,1,58112,23502,False,0,0,50-52,not seen by CapnBry here
Vanern Swamp,107,forest spider,1,41165,6149,False,0,0,50-52,not seen by CapnBry here
Vanern Swamp,107,forest spider,1,39538,7050,False,0,0,50-52,not seen by CapnBry here
Vanern Swamp,107,forest spider,1,63512,7018,False,0,0,50-52,not seen by CapnBry here
Vanern Swamp,107,forest spider,1,59562,18144,True,7,4,50-52,likely short (CapnBry saw more here)
Vanern Swamp,107,forest spider,1,61045,8442,False,0,0,50-52,not seen by CapnBry here
Vanern Swamp,107,forest spider,1,64618,15188,False,0,0,50-52,not seen by CapnBry here
Vanern Swamp,107,forest spider,1,35557,4869,False,0,0,50-52,not seen by CapnBry here
Vanern Swamp,107,forest spider queen,2,59110,6677,False,0,0,55-55,not seen by CapnBry here
Vanern Swamp,107,mud crab,1,57757,55605,True,5,54,35-35,likely short (CapnBry saw more here)
Vanern Swamp,107,mud crab,1,59290,56477,True,1,30,35-35,matches CapnBry (small/rare camp)
Vanern Swamp,107,mud crab,1,46979,45431,True,1,4,35-35,matches CapnBry (small/rare camp)
Vanern Swamp,107,mud crab,2,59035,42216,True,1,26,35-35,matches CapnBry (small/rare camp)
Vanern Swamp,107,mud crab,1,60097,31510,False,0,0,35-35,not seen by CapnBry here
Vanern Swamp,107,hagbui thane,1,29820,16098,False,0,0,53-53,not seen by CapnBry here
Vanern Swamp,107,hagbui thane,1,8074,43319,False,0,0,53-53,not seen by CapnBry here
Vanern Swamp,107,hagbui thane,1,8454,3749,False,0,0,53-53,not seen by CapnBry here
Vanern Swamp,107,hagbui thane,1,6746,4645,False,0,0,53-53,not seen by CapnBry here
Vanern Swamp,107,mud crab warrior,1,55748,32177,True,1,2,36-36,matches CapnBry (small/rare camp)
Vanern Swamp,107,mud crab warrior,1,57231,44763,True,1,8,36-36,matches CapnBry (small/rare camp)
Vanern Swamp,107,mud crab warrior,1,50837,45514,True,1,9,36-36,matches CapnBry (small/rare camp)
Vanern Swamp,107,broken jotun,2,55307,19926,False,0,0,54-57,not seen by CapnBry here
Vanern Swamp,107,broken jotun,1,6498,24974,False,0,0,54-57,not seen by CapnBry here
Vanern Swamp,107,broken jotun,2,3588,41797,False,0,0,54-57,not seen by CapnBry here
Vanern Swamp,107,broken jotun,1,49212,7676,False,0,0,54-57,not seen by CapnBry here
Vanern Swamp,107,broken jotun,1,5433,22137,False,0,0,54-57,not seen by CapnBry here
Vanern Swamp,107,hagbui berserker,1,41090,9817,False,0,0,50-51,not seen by CapnBry here
Vanern Swamp,107,hagbui berserker,1,15131,5240,True,1,8,50-51,matches CapnBry (small/rare camp)
Vanern Swamp,107,hagbui berserker,1,9445,3716,True,1,15,50-51,matches CapnBry (small/rare camp)
Vanern Swamp,107,hagbui berserker,2,30102,15652,False,0,0,50-51,not seen by CapnBry here
Vanern Swamp,107,hagbui berserker,1,8056,5094,True,1,15,50-51,matches CapnBry (small/rare camp)
Vanern Swamp,107,large enslaved orm runner,1,27375,2967,True,1,1,48-48,matches CapnBry (small/rare camp)
Vanern Swamp,107,large enslaved orm runner,1,29207,11780,True,1,21,48-48,matches CapnBry (small/rare camp)
Vanern Swamp,107,large enslaved orm runner,1,32671,9236,True,1,12,48-48,matches CapnBry (small/rare camp)
Vanern Swamp,107,large enslaved orm runner,1,30403,7041,True,1,12,48-48,matches CapnBry (small/rare camp)
Vanern Swamp,107,noma rindasdottir,1,52826,43884,False,0,0,35-35,not seen by CapnBry here
Vanern Swamp,107,hagbui runemaster,1,14949,8063,True,2,17,42-42,matches CapnBry (small/rare camp)
Vanern Swamp,107,hagbui runemaster,1,14615,6515,True,2,17,42-42,matches CapnBry (small/rare camp)
Vanern Swamp,107,hagbui runemaster,1,7424,3213,True,1,12,42-42,matches CapnBry (small/rare camp)
Vanern Swamp,107,large enslaved orm,2,4285,46520,True,1,2,48-50,matches CapnBry (small/rare camp)
Vanern Swamp,107,large enslaved orm,1,53418,15341,True,1,1,48-50,matches CapnBry (small/rare camp)
Vanern Swamp,107,hagbui spiritmaster,1,8129,3701,True,1,29,43-43,matches CapnBry (small/rare camp)
Vanern Swamp,107,hagbui spiritmaster,1,8477,44656,False,0,0,43-43,not seen by CapnBry here
Vanern Swamp,107,hagbui spiritmaster,1,7671,6062,True,1,29,43-43,matches CapnBry (small/rare camp)
Vanern Swamp,107,clay jotun,1,22837,40409,True,5,7,40-42,likely short (CapnBry saw more here)
Vanern Swamp,107,clay jotun,1,23329,45936,True,5,4,40-42,likely short (CapnBry saw more here)
Vanern Swamp,107,freyana,1,33748,58641,False,0,0,46-46,not seen by CapnBry here
Vanern Swamp,107,clay jotun guard,1,26176,44167,True,1,3,44-44,matches CapnBry (small/rare camp)
Vanern Swamp,107,clay jotun guard,1,27580,38787,True,1,1,44-44,matches CapnBry (small/rare camp)
Raumarik,108,savage winterwolf,2,24894,56244,False,0,0,51-55,not seen by CapnBry here
Raumarik,108,savage winterwolf,1,27680,46095,False,0,0,51-55,not seen by CapnBry here
Raumarik,108,savage winterwolf,1,24938,52275,False,0,0,51-55,not seen by CapnBry here
Raumarik,108,savage winterwolf,1,24985,45971,False,0,0,51-55,not seen by CapnBry here
Raumarik,108,savage winterwolf,1,22334,50141,False,0,0,51-55,not seen by CapnBry here
Raumarik,108,savage winterwolf,1,29858,45421,False,0,0,51-55,not seen by CapnBry here
Raumarik,108,frore lich,1,34871,33171,False,0,0,55-57,not seen by CapnBry here
Raumarik,108,frore lich,1,41401,35455,False,0,0,55-57,not seen by CapnBry here
Raumarik,108,frore lich,1,40600,37484,False,0,0,55-57,not seen by CapnBry here
Raumarik,108,frore lich,1,40759,39445,False,0,0,55-57,not seen by CapnBry here
Raumarik,108,icestrider frostweaver,2,58073,8042,True,4,26,44-46,likely short (CapnBry saw more here)
Raumarik,108,icestrider frostweaver,1,49662,44489,True,1,2,44-46,matches CapnBry (small/rare camp)
Raumarik,108,icestrider frostweaver,2,55932,9816,True,4,26,44-46,likely short (CapnBry saw more here)
Raumarik,108,icestrider frostweaver,1,51133,32837,True,1,30,44-46,matches CapnBry (small/rare camp)
Raumarik,108,icestrider frostweaver,2,56223,6740,True,4,15,44-46,likely short (CapnBry saw more here)
Raumarik,108,icestrider frostweaver,2,53965,11020,True,4,13,44-46,likely short (CapnBry saw more here)
Raumarik,108,icestrider frostweaver,1,58615,13834,True,4,36,44-46,likely short (CapnBry saw more here)
Raumarik,108,icestrider frostweaver,1,56595,11440,True,4,35,44-46,likely short (CapnBry saw more here)
Raumarik,108,icestrider frostweaver,1,45778,30656,True,2,17,44-46,matches CapnBry (small/rare camp)
Raumarik,108,icestrider frostweaver,1,54553,8977,True,4,15,44-46,likely short (CapnBry saw more here)
Raumarik,108,icestrider frostweaver,1,46537,29059,True,1,13,44-46,matches CapnBry (small/rare camp)
Raumarik,108,icestrider frostweaver,1,59995,10367,True,4,23,44-46,likely short (CapnBry saw more here)
Raumarik,108,icestrider frostweaver,1,60084,8319,True,4,25,44-46,likely short (CapnBry saw more here)
Raumarik,108,icestrider frostweaver,1,48989,30324,True,1,22,44-46,matches CapnBry (small/rare camp)
Raumarik,108,wretch of winter,1,27164,35267,False,0,0,73-73,not seen by CapnBry here
Raumarik,108,wretch of winter,1,13966,10770,False,0,0,74-74,not seen by CapnBry here
Raumarik,108,wretch of winter,1,38187,26859,False,0,0,75-75,not seen by CapnBry here
Raumarik,108,wretch of winter,1,11910,17420,False,0,0,74-74,not seen by CapnBry here
Raumarik,108,wretch of winter,1,13116,46327,False,0,0,77-77,not seen by CapnBry here
Raumarik,108,wretch of winter,1,26292,28598,False,0,0,70-70,not seen by CapnBry here
Raumarik,108,wretch of winter,1,19552,9924,False,0,0,74-74,not seen by CapnBry here
Raumarik,108,wretch of winter,1,43225,43819,False,0,0,74-74,not seen by CapnBry here
Raumarik,108,wretch of winter,1,44772,17211,False,0,0,71-71,not seen by CapnBry here
Raumarik,108,windswept wraith,1,56563,57934,False,0,0,50-53,not seen by CapnBry here
Raumarik,108,windswept wraith,1,38415,33928,False,0,0,50-53,not seen by CapnBry here
Raumarik,108,windswept wraith,1,43836,25093,True,1,4,50-53,matches CapnBry (small/rare camp)
Raumarik,108,windswept wraith,1,35853,38017,False,0,0,50-53,not seen by CapnBry here
Raumarik,108,windswept wraith,1,57958,56908,False,0,0,50-53,not seen by CapnBry here
Raumarik,108,windswept wraith,1,38025,37457,False,0,0,50-53,not seen by CapnBry here
Raumarik,108,windswept wraith,1,42027,30671,True,1,5,50-53,matches CapnBry (small/rare camp)
Raumarik,108,fenrir soldier,2,23381,33254,False,0,0,58-58,not seen by CapnBry here
Raumarik,108,fenrir soldier,1,28392,17906,False,0,0,58-58,not seen by CapnBry here
Raumarik,108,fenrir soldier,1,21601,35295,False,0,0,58-58,not seen by CapnBry here
Raumarik,108,fenrir soldier,1,6500,40803,False,0,0,58-58,not seen by CapnBry here
Raumarik,108,fenrir soldier,2,25140,37305,False,0,0,58-58,not seen by CapnBry here
Raumarik,108,fenrir soldier,1,27135,20423,False,0,0,58-58,not seen by CapnBry here
Raumarik,108,fenrir soldier,1,29998,16860,False,0,0,58-58,not seen by CapnBry here
Raumarik,108,fenrir soldier,1,32394,17744,False,0,0,58-58,not seen by CapnBry here
Raumarik,108,frost bound bear,2,41716,53346,True,16,63,47-50,likely short (CapnBry saw more here)
Raumarik,108,frost bound bear,1,40743,16079,True,8,24,47-50,likely short (CapnBry saw more here)
Raumarik,108,frost bound bear,1,42759,13377,False,0,0,47-50,not seen by CapnBry here
Raumarik,108,frost bound bear,1,42279,49774,True,8,59,47-50,likely short (CapnBry saw more here)
Raumarik,108,frost bound bear,1,38874,15444,True,8,24,47-50,likely short (CapnBry saw more here)
Raumarik,108,frost bound bear,1,44311,49881,True,7,21,47-50,likely short (CapnBry saw more here)
Raumarik,108,frost bound bear,1,38701,54037,True,8,47,47-50,likely short (CapnBry saw more here)
Raumarik,108,icestrider chiller,2,65138,11215,False,0,0,43-45,not seen by CapnBry here
Raumarik,108,icestrider chiller,2,56484,10352,True,8,68,43-45,likely short (CapnBry saw more here)
Raumarik,108,icestrider chiller,1,60594,10206,True,3,60,43-45,likely short (CapnBry saw more here)
Raumarik,108,icestrider chiller,1,60668,7795,True,8,33,43-45,likely short (CapnBry saw more here)
Raumarik,108,icestrider chiller,2,58102,6881,True,8,66,43-45,likely short (CapnBry saw more here)
Raumarik,108,icestrider chiller,1,47052,36409,True,2,20,43-45,matches CapnBry (small/rare camp)
Raumarik,108,icestrider chiller,2,45127,35340,True,2,20,43-45,matches CapnBry (small/rare camp)
Raumarik,108,icestrider chiller,2,64404,7855,False,0,0,43-45,not seen by CapnBry here
Raumarik,108,icestrider chiller,1,54831,14711,True,3,8,43-45,likely short (CapnBry saw more here)
Raumarik,108,icestrider chiller,1,57407,8453,True,8,66,43-45,likely short (CapnBry saw more here)
Raumarik,108,icestrider chiller,1,59429,15213,True,3,10,43-45,likely short (CapnBry saw more here)
Raumarik,108,icestrider chiller,1,53536,11074,True,3,33,43-45,likely short (CapnBry saw more here)
Raumarik,108,icestrider chiller,1,48984,35155,True,3,25,43-45,likely short (CapnBry saw more here)
Raumarik,108,icestrider chiller,2,57065,14147,True,3,43,43-45,likely short (CapnBry saw more here)
Raumarik,108,icestrider chiller,1,45963,31916,True,3,25,43-45,likely short (CapnBry saw more here)
Raumarik,108,chillsome wight,2,54036,54976,False,0,0,51-52,not seen by CapnBry here
Raumarik,108,chillsome wight,1,36592,32406,False,0,0,51-52,not seen by CapnBry here
Raumarik,108,chillsome wight,1,38144,37833,False,0,0,51-52,not seen by CapnBry here
Raumarik,108,chillsome wight,1,39211,36315,False,0,0,51-52,not seen by CapnBry here
Raumarik,108,chillsome wight,1,52426,54178,False,0,0,51-52,not seen by CapnBry here
Raumarik,108,chillsome wight,1,40852,25208,False,0,0,51-52,not seen by CapnBry here
Raumarik,108,chillsome wight,1,56264,57757,False,0,0,51-52,not seen by CapnBry here
Raumarik,108,frost stallion,2,27092,9909,False,0,0,54-55,not seen by CapnBry here
Raumarik,108,frost stallion,1,22487,56182,False,0,0,54-55,not seen by CapnBry here
Raumarik,108,frost stallion,1,23833,57762,False,0,0,54-55,not seen by CapnBry here
Raumarik,108,fenrir mystic,2,23396,34147,False,0,0,57-57,not seen by CapnBry here
Raumarik,108,fenrir mystic,2,11508,37756,False,0,0,57-57,not seen by CapnBry here
Raumarik,108,fenrir mystic,1,29342,15398,False,0,0,57-57,not seen by CapnBry here
Raumarik,108,fenrir mystic,1,9497,41049,False,0,0,57-57,not seen by CapnBry here
Raumarik,108,fenrir mystic,1,29819,18022,False,0,0,57-57,not seen by CapnBry here
Raumarik,108,fenrir mystic,1,23631,36524,False,0,0,57-57,not seen by CapnBry here
Raumarik,108,dire wolverine,1,10870,9743,False,0,0,58-58,not seen by CapnBry here
Raumarik,108,dire wolverine,2,8785,6253,False,0,0,58-58,not seen by CapnBry here
Raumarik,108,dire wolverine,1,34772,54619,False,0,0,58-58,not seen by CapnBry here
Raumarik,108,dire wolverine,1,30096,57362,False,0,0,58-58,not seen by CapnBry here
Raumarik,108,dire wolverine,1,30474,55198,False,0,0,58-58,not seen by CapnBry here
Raumarik,108,frost cyclops,1,9216,53760,False,0,0,61-62,not seen by CapnBry here
Raumarik,108,frost cyclops,1,8192,55040,False,0,0,61-62,not seen by CapnBry here
Raumarik,108,frost cyclops,1,10496,55808,False,0,0,61-62,not seen by CapnBry here
Raumarik,108,greater fenrir,1,8016,38966,False,0,0,59-59,not seen by CapnBry here
Raumarik,108,greater fenrir,1,11870,40277,False,0,0,59-59,not seen by CapnBry here
Raumarik,108,greater fenrir,1,7843,36253,False,0,0,64-64,not seen by CapnBry here
Raumarik,108,raumarik revenant,1,11543,11145,False,0,0,77-77,not seen by CapnBry here
Raumarik,108,hugi,1,10262,54495,False,0,0,74-74,not seen by CapnBry here
Raumarik,108,hagall the red dagger,1,36238,45235,False,0,0,58-58,not seen by CapnBry here
Raumarik,108,oona,1,17409,49570,False,0,0,65-65,not seen by CapnBry here
Raumarik,108,bounty hunter leader,1,21290,25752,False,0,0,57-57,not seen by CapnBry here
Raumarik,108,bounty hunter leader,1,38138,55742,False,0,0,57-57,not seen by CapnBry here
Raumarik,108,red dagger,1,34972,43647,False,0,0,46-46,not seen by CapnBry here
Raumarik,108,red dagger,2,38005,45287,False,0,0,46-46,not seen by CapnBry here
Raumarik,108,red dagger,1,36596,43246,False,0,0,46-46,not seen by CapnBry here
Raumarik,108,mature wyvern,1,33515,58096,False,0,0,54-57,not seen by CapnBry here
Raumarik,108,mature wyvern,2,25712,8164,False,0,0,54-57,not seen by CapnBry here
Raumarik,108,mature wyvern,1,8630,10561,False,0,0,54-57,not seen by CapnBry here
Raumarik,108,mature wyvern,1,33751,55354,False,0,0,54-57,not seen by CapnBry here
Raumarik,108,mature wyvern,1,5855,6997,False,0,0,54-57,not seen by CapnBry here
Raumarik,108,mature wyvern,1,31340,59182,False,0,0,54-57,not seen by CapnBry here
Raumarik,108,sleipneirsson,1,10630,6044,False,0,0,55-56,not seen by CapnBry here
Raumarik,108,sleipneirsson,1,12459,31358,False,0,0,55-56,not seen by CapnBry here
Raumarik,108,sleipneirsson,1,24429,7709,False,0,0,55-56,not seen by CapnBry here
Raumarik,108,sleipneirsson,1,35027,58537,False,0,0,55-56,not seen by CapnBry here
Raumarik,108,sleipneirsson,1,11611,28648,False,0,0,55-56,not seen by CapnBry here
Raumarik,108,sleipneirsson,1,7362,10660,False,0,0,55-56,not seen by CapnBry here
Raumarik,108,sleipneirsson,1,16530,27046,False,0,0,55-56,not seen by CapnBry here
Raumarik,108,sleipneirsson,1,14103,27551,False,0,0,55-56,not seen by CapnBry here
Raumarik,108,sleipneirsson,1,14722,30439,False,0,0,55-56,not seen by CapnBry here
Raumarik,108,fylgja,1,50133,10357,True,2,3,50-52,matches CapnBry (small/rare camp)
Raumarik,108,fylgja,2,46299,12536,True,2,3,50-52,matches CapnBry (small/rare camp)
Raumarik,108,fylgja,1,45889,10531,True,2,3,50-52,matches CapnBry (small/rare camp)
Raumarik,108,winter wolf,2,51384,23933,True,3,30,42-46,likely short (CapnBry saw more here)
Raumarik,108,runemistress shayla,1,8795,12421,False,0,0,45-45,not seen by CapnBry here
Raumarik,108,bounty hunter,1,17112,15587,False,0,0,55-55,not seen by CapnBry here
Raumarik,108,bounty hunter,1,11693,22728,False,0,0,55-55,not seen by CapnBry here
Raumarik,108,bounty hunter,1,14348,16597,False,0,0,55-55,not seen by CapnBry here
Raumarik,108,bounty hunter,1,42487,50274,False,0,0,55-55,not seen by CapnBry here
Raumarik,108,bounty hunter,1,26039,49281,False,0,0,55-55,not seen by CapnBry here
Raumarik,108,icestrider interceptor,2,46306,10342,True,1,4,47-51,matches CapnBry (small/rare camp)
Raumarik,108,icestrider interceptor,1,50286,43780,True,2,10,47-51,matches CapnBry (small/rare camp)
Raumarik,108,icestrider interceptor,2,51940,40616,True,2,10,47-51,matches CapnBry (small/rare camp)
Raumarik,108,enhorning,1,45488,9324,True,1,2,48-51,matches CapnBry (small/rare camp)
Raumarik,108,enhorning,1,46978,8114,True,1,2,48-51,matches CapnBry (small/rare camp)
Raumarik,108,runil,1,53073,19790,False,0,0,58-60,not seen by CapnBry here
Raumarik,108,loken,1,46964,25155,False,0,0,65-65,not seen by CapnBry here
Raumarik,108,loken,1,49448,27431,False,0,0,65-65,not seen by CapnBry here
Raumarik,108,savage wyvern,1,63927,29055,True,1,18,45-48,matches CapnBry (small/rare camp)
Uppland,111,shivering presence,2,24487,41743,False,0,0,32-33,not seen by CapnBry here
Uppland,111,shivering presence,1,60039,47616,False,0,0,32-33,not seen by CapnBry here
Uppland,111,shivering presence,1,59736,46044,False,0,0,32-33,not seen by CapnBry here
Uppland,111,hitback dummy - right click to reset,2,46561,62995,False,0,0,36-50,not seen by CapnBry here
Uppland,111,great lynx,2,8913,61336,False,0,0,39-42,not seen by CapnBry here
Uppland,111,gelid mass,2,30921,35478,False,0,0,35-35,not seen by CapnBry here
Uppland,111,gelid mass,1,54741,55000,False,0,0,35-35,not seen by CapnBry here
Uppland,111,chiseler,1,49328,48266,False,0,0,20-24,not seen by CapnBry here
Uppland,111,wyvern,2,20371,62280,False,0,0,36-39,not seen by CapnBry here
Uppland,111,fallen troll,1,2303,50467,False,0,0,44-45,not seen by CapnBry here
Uppland,111,fallen troll,2,3944,50402,False,0,0,44-45,not seen by CapnBry here
Uppland,111,miserable zombie,1,26563,42204,False,0,0,31-31,not seen by CapnBry here
Uppland,111,fenrir snowscout,1,1617,20564,False,0,0,36-38,not seen by CapnBry here
Uppland,111,nordic yeti,2,42875,33496,False,0,0,33-36,not seen by CapnBry here
Uppland,111,giant snowcrab,2,53113,56374,False,0,0,33-34,not seen by CapnBry here
Uppland,111,giant snowcrab,1,31140,33743,False,0,0,33-34,not seen by CapnBry here
Uppland,111,isalf forayer,2,5301,45555,False,0,0,44-44,not seen by CapnBry here
Yggdra Forest,112,bone-eater slayer,2,52190,15852,False,0,0,37-38,not seen by CapnBry here
Yggdra Forest,112,fenrir tracker,1,9609,54283,False,0,0,40-42,not seen by CapnBry here
Yggdra Forest,112,fenrir tracker,1,11022,56179,False,0,0,40-42,not seen by CapnBry here
Yggdra Forest,112,fenrir tracker,1,7844,55758,False,0,0,40-42,not seen by CapnBry here
Yggdra Forest,112,fenrir tracker,1,9439,56171,False,0,0,40-42,not seen by CapnBry here
Yggdra Forest,112,giant snowcrab,1,51335,45106,False,0,0,33-34,not seen by CapnBry here
Yggdra Forest,112,giant snowcrab,2,53067,46129,False,0,0,33-34,not seen by CapnBry here
Yggdra Forest,112,gelid mass,2,46428,28754,False,0,0,35-35,not seen by CapnBry here
Yggdra Forest,112,gelid mass,2,48019,28804,False,0,0,35-35,not seen by CapnBry here
Yggdra Forest,112,wyvern,2,26596,21524,False,0,0,36-39,not seen by CapnBry here
Jamtland Mountains,113,bone-eater eviscerater,1,56230,29225,False,0,0,41-42,not seen by CapnBry here
Jamtland Mountains,113,bone-eater eviscerater,2,14448,9788,False,0,0,41-42,not seen by CapnBry here
Jamtland Mountains,113,wintery dirge,2,17206,63666,False,0,0,0-0,not seen by CapnBry here
Jamtland Mountains,113,great lynx,2,32712,32910,False,0,0,39-42,not seen by CapnBry here
Jamtland Mountains,113,icestrider interceptor,1,49226,9311,False,0,0,47-51,not seen by CapnBry here
Jamtland Mountains,113,icestrider interceptor,1,57880,10309,False,0,0,47-51,not seen by CapnBry here
Jamtland Mountains,113,fenrir prophet,1,57956,33764,False,0,0,44-45,not seen by CapnBry here
Jamtland Mountains,113,ghoulish warrior,1,38463,29864,False,0,0,44-45,not seen by CapnBry here
Jamtland Mountains,113,ghoulish warrior,1,39703,28769,False,0,0,44-45,not seen by CapnBry here
Odin's Gate,115,glacier giant,1,62148,53520,False,0,0,86-86,not seen by CapnBry here
Odin's Gate,115,fylgja,1,43210,5480,False,0,0,50-52,not seen by CapnBry here
Odin's Gate,115,bone-eater eviscerater,2,60971,34110,False,0,0,41-42,not seen by CapnBry here
Malmohus,116,drakulv axehand,1,58015,53486,True,3,12,48-52,likely short (CapnBry saw more here)
Malmohus,116,drakulv axehand,2,39540,61431,False,0,0,48-52,not seen by CapnBry here
Malmohus,116,drakulv axehand,2,5416,28319,True,2,7,48-52,matches CapnBry (small/rare camp)
Malmohus,116,drakulv axehand,2,5463,30708,True,2,7,48-52,matches CapnBry (small/rare camp)
Malmohus,116,drakulv axehand,1,37980,50501,False,0,0,48-52,not seen by CapnBry here
Malmohus,116,drakulv axehand,1,59929,48512,True,2,24,48-52,matches CapnBry (small/rare camp)
Malmohus,116,drakulv axehand,2,59117,55164,True,3,15,48-52,likely short (CapnBry saw more here)
Malmohus,116,drakulv axehand,1,56559,58625,True,3,14,48-52,likely short (CapnBry saw more here)
Malmohus,116,drakulv axehand,1,59474,46405,True,2,21,48-52,matches CapnBry (small/rare camp)
Malmohus,116,drakulv axehand,1,45824,60028,False,0,0,48-52,not seen by CapnBry here
Malmohus,116,drakulv axehand,1,58771,51387,True,2,16,48-52,matches CapnBry (small/rare camp)
Malmohus,116,drakulv axehand,1,50438,47273,False,0,0,48-52,not seen by CapnBry here
Malmohus,116,drakulv axehand,1,48568,44441,False,0,0,48-52,not seen by CapnBry here
Malmohus,116,drakulv axehand,1,45516,44712,False,0,0,48-52,not seen by CapnBry here
Malmohus,116,drakulv axehand,1,31022,23908,True,5,6,48-52,likely short (CapnBry saw more here)
Malmohus,116,drakulv axehand,1,59597,56949,True,3,10,48-52,likely short (CapnBry saw more here)
Malmohus,116,drakulv axehand,1,59864,44851,True,2,21,48-52,matches CapnBry (small/rare camp)
Malmohus,116,drakulv axehand,2,54844,57252,True,3,11,48-52,likely short (CapnBry saw more here)
Malmohus,116,drakulv axehand,1,29716,25736,True,5,6,48-52,likely short (CapnBry saw more here)
Malmohus,116,drakulv protector,2,28812,59298,False,0,0,54-58,not seen by CapnBry here
Malmohus,116,drakulv protector,1,40833,47343,False,0,0,54-58,not seen by CapnBry here
Malmohus,116,drakulv protector,1,11920,31910,False,0,0,54-58,not seen by CapnBry here
Malmohus,116,drakulv protector,1,21820,41557,False,0,0,54-58,not seen by CapnBry here
Malmohus,116,drakulv protector,2,13297,30824,False,0,0,54-58,not seen by CapnBry here
Malmohus,116,drakulv protector,1,26969,47703,False,0,0,54-58,not seen by CapnBry here
Malmohus,116,drakulv protector,2,11629,58183,False,0,0,54-58,not seen by CapnBry here
Malmohus,116,drakulv protector,1,7925,46130,False,0,0,54-58,not seen by CapnBry here
Malmohus,116,drakulv protector,2,35117,60638,False,0,0,54-58,not seen by CapnBry here
Malmohus,116,drakulv protector,1,43343,61220,False,0,0,54-58,not seen by CapnBry here
Malmohus,116,drakulv protector,1,36865,60579,False,0,0,54-58,not seen by CapnBry here
Malmohus,116,drakulv protector,1,50833,46252,False,0,0,54-58,not seen by CapnBry here
Malmohus,116,drakulv protector,2,7825,43312,False,0,0,54-58,not seen by CapnBry here
Malmohus,116,drakulv protector,1,30639,49458,False,0,0,54-58,not seen by CapnBry here
Malmohus,116,drakulv protector,1,4057,40465,False,0,0,54-58,not seen by CapnBry here
Malmohus,116,drakulv protector,2,23227,40804,False,0,0,54-58,not seen by CapnBry here
Malmohus,116,drakulv protector,1,50057,54407,False,0,0,54-58,not seen by CapnBry here
Malmohus,116,kleng,1,47522,45025,False,0,0,52-56,not seen by CapnBry here
Malmohus,116,kleng,1,48632,57855,False,0,0,52-56,not seen by CapnBry here
Malmohus,116,svartalf infiltrator,1,57470,7757,True,2,14,45-49,matches CapnBry (small/rare camp)
Malmohus,116,svartalf infiltrator,1,41863,12957,True,1,34,45-49,matches CapnBry (small/rare camp)
Malmohus,116,svartalf infiltrator,1,54628,19123,True,3,12,45-49,likely short (CapnBry saw more here)
Malmohus,116,svartalf infiltrator,2,49591,10445,True,2,7,45-49,matches CapnBry (small/rare camp)
Malmohus,116,svartalf infiltrator,1,52401,22609,True,7,19,45-49,likely short (CapnBry saw more here)
Malmohus,116,svartalf infiltrator,2,59038,4629,True,2,14,45-49,matches CapnBry (small/rare camp)
Malmohus,116,svartalf infiltrator,1,52447,20720,True,7,27,45-49,likely short (CapnBry saw more here)
Malmohus,116,svartalf infiltrator,1,47834,13315,True,4,40,45-49,likely short (CapnBry saw more here)
Malmohus,116,backwoods marodor,1,6380,12133,True,1,6,39-43,matches CapnBry (small/rare camp)
Malmohus,116,backwoods marodor,1,34873,14767,True,3,4,39-43,likely short (CapnBry saw more here)
Malmohus,116,backwoods marodor,1,48178,11430,True,1,1,39-43,matches CapnBry (small/rare camp)
Malmohus,116,backwoods marodor,2,13239,23017,True,3,3,39-43,likely short (CapnBry saw more here)
Malmohus,116,backwoods marodor,1,24014,8191,True,1,3,39-43,matches CapnBry (small/rare camp)
Malmohus,116,backwoods marodor,2,55768,27307,True,2,1,39-43,matches CapnBry (small/rare camp)
Malmohus,116,backwoods marodor,2,35888,13004,True,3,4,39-43,likely short (CapnBry saw more here)
Malmohus,116,drakulv armguard,2,17761,31172,True,9,54,42-46,likely short (CapnBry saw more here)
Malmohus,116,drakulv armguard,1,21648,29465,True,4,41,42-46,likely short (CapnBry saw more here)
Malmohus,116,drakulv armguard,1,33894,34628,True,4,14,42-46,likely short (CapnBry saw more here)
Malmohus,116,drakulv armguard,2,5201,21946,True,6,42,42-46,likely short (CapnBry saw more here)
Malmohus,116,drakulv armguard,1,14242,34350,True,9,17,42-46,likely short (CapnBry saw more here)
Malmohus,116,drakulv armguard,1,15858,31588,True,9,45,42-46,likely short (CapnBry saw more here)
Malmohus,116,drakulv armguard,1,9086,18516,True,6,43,42-46,likely short (CapnBry saw more here)
Malmohus,116,drakulv armguard,1,42014,23928,True,7,20,42-46,likely short (CapnBry saw more here)
Malmohus,116,drakulv armguard,1,4760,16491,True,6,24,42-46,likely short (CapnBry saw more here)
Malmohus,116,drakulv armguard,1,15923,27916,True,1,7,42-46,matches CapnBry (small/rare camp)
Malmohus,116,drakulv attendant,2,41402,59410,False,0,0,51-55,not seen by CapnBry here
Malmohus,116,drakulv attendant,1,6659,34323,False,0,0,51-55,not seen by CapnBry here
Malmohus,116,drakulv attendant,2,45778,58505,False,0,0,51-55,not seen by CapnBry here
Malmohus,116,drakulv attendant,1,36912,47758,False,0,0,51-55,not seen by CapnBry here
Malmohus,116,drakulv attendant,1,9636,32780,False,0,0,51-55,not seen by CapnBry here
Malmohus,116,drakulv attendant,1,39247,46080,False,0,0,51-55,not seen by CapnBry here
Malmohus,116,drakulv attendant,1,45585,60553,False,0,0,51-55,not seen by CapnBry here
Malmohus,116,drakulv attendant,1,41541,61395,False,0,0,51-55,not seen by CapnBry here
Malmohus,116,drakulv attendant,1,38769,61858,False,0,0,51-55,not seen by CapnBry here
Malmohus,116,drakulv attendant,1,44112,59344,False,0,0,51-55,not seen by CapnBry here
Malmohus,116,burr,1,41037,27805,False,0,0,47-48,not seen by CapnBry here
Malmohus,116,burr,1,4494,16412,False,0,0,47-48,not seen by CapnBry here
Malmohus,116,drakulv sacrificer,1,59094,55341,False,0,0,45-49,not seen by CapnBry here
Malmohus,116,drakulv sacrificer,2,13399,24873,True,3,8,45-49,likely short (CapnBry saw more here)
Malmohus,116,drakulv sacrificer,1,46571,31096,True,5,11,45-49,likely short (CapnBry saw more here)
Malmohus,116,drakulv sacrificer,1,50689,56498,True,1,8,45-49,matches CapnBry (small/rare camp)
Malmohus,116,drakulv sacrificer,1,58229,53964,False,0,0,45-49,not seen by CapnBry here
Malmohus,116,drakulv sacrificer,1,4732,29715,True,2,5,45-49,matches CapnBry (small/rare camp)
Malmohus,116,drakulv sacrificer,1,59427,41892,True,1,17,45-49,matches CapnBry (small/rare camp)
Malmohus,116,drakulv sacrificer,1,59539,45653,True,1,7,45-49,matches CapnBry (small/rare camp)
Malmohus,116,drakulv sacrificer,1,15287,25122,True,3,8,45-49,likely short (CapnBry saw more here)
Malmohus,116,scaled varg snarler,2,47449,14141,True,2,5,34-36,matches CapnBry (small/rare camp)
Malmohus,116,scaled varg snarler,2,19417,33469,True,2,8,34-36,matches CapnBry (small/rare camp)
Malmohus,116,scaled varg snarler,2,5935,30193,True,1,8,34-36,matches CapnBry (small/rare camp)
Malmohus,116,scaled varg snarler,1,51811,43429,True,1,3,34-36,matches CapnBry (small/rare camp)
Malmohus,116,scaled varg snarler,1,13058,54863,True,1,5,34-36,matches CapnBry (small/rare camp)
Malmohus,116,scaled varg snarler,1,4827,28258,True,1,8,34-36,matches CapnBry (small/rare camp)
Malmohus,116,scaled varg snarler,1,48455,43310,True,1,3,34-36,matches CapnBry (small/rare camp)
Malmohus,116,drakulv missionary,2,30105,8364,True,4,8,36-40,likely short (CapnBry saw more here)
Malmohus,116,drakulv missionary,1,26543,11655,True,2,2,36-40,matches CapnBry (small/rare camp)
Malmohus,116,drakulv missionary,2,30731,4431,True,4,5,36-40,likely short (CapnBry saw more here)
Malmohus,116,drakulv missionary,1,26398,9045,True,2,2,36-40,matches CapnBry (small/rare camp)
Malmohus,116,drakulv missionary,1,33143,18884,True,5,92,36-40,likely short (CapnBry saw more here)
Malmohus,116,drakulv missionary,2,21729,8644,True,4,8,36-40,likely short (CapnBry saw more here)
Malmohus,116,drakulv missionary,1,27837,8324,True,4,8,36-40,likely short (CapnBry saw more here)
Malmohus,116,patrolling drakulv,2,6105,16021,True,5,21,39-43,likely short (CapnBry saw more here)
Malmohus,116,patrolling drakulv,1,27757,17535,True,1,36,39-43,matches CapnBry (small/rare camp)
Malmohus,116,patrolling drakulv,1,42989,30814,True,3,3,39-43,likely short (CapnBry saw more here)
Malmohus,116,patrolling drakulv,1,11257,12190,True,6,57,39-43,likely short (CapnBry saw more here)
Malmohus,116,patrolling drakulv,2,13268,13876,True,6,48,39-43,likely short (CapnBry saw more here)
Malmohus,116,patrolling drakulv,2,45941,33784,True,3,5,39-43,likely short (CapnBry saw more here)
Malmohus,116,patrolling drakulv,1,8306,18997,True,2,11,39-43,matches CapnBry (small/rare camp)
Malmohus,116,patrolling drakulv,1,21632,24243,True,1,51,39-43,matches CapnBry (small/rare camp)
Malmohus,116,patrolling drakulv,1,48272,35730,True,3,3,39-43,likely short (CapnBry saw more here)
Malmohus,116,patrolling drakulv,2,16166,29396,True,3,23,39-43,likely short (CapnBry saw more here)
Malmohus,116,patrolling drakulv,1,4608,20224,True,2,11,39-43,matches CapnBry (small/rare camp)
Malmohus,116,patrolling drakulv,1,17918,29977,True,3,31,39-43,likely short (CapnBry saw more here)
Malmohus,116,patrolling drakulv,1,34837,17413,True,1,27,39-43,matches CapnBry (small/rare camp)
Malmohus,116,patrolling drakulv,1,20318,5678,True,1,1,39-43,matches CapnBry (small/rare camp)
Malmohus,116,patrolling drakulv,1,44537,32319,True,3,3,39-43,likely short (CapnBry saw more here)
Malmohus,116,patrolling drakulv,1,10302,14228,True,6,48,39-43,likely short (CapnBry saw more here)
Malmohus,116,patrolling drakulv,1,6595,12619,True,5,18,39-43,likely short (CapnBry saw more here)
Malmohus,116,patrolling drakulv,1,21252,26983,True,3,71,39-43,likely short (CapnBry saw more here)
Malmohus,116,patrolling drakulv,1,50033,34641,True,3,3,39-43,likely short (CapnBry saw more here)
Malmohus,116,swarm of flies,2,20405,38657,False,0,0,52-54,not seen by CapnBry here
Malmohus,116,swarm of flies,2,58593,57635,False,0,0,52-54,not seen by CapnBry here
Malmohus,116,swarm of flies,1,29805,30574,False,0,0,52-54,not seen by CapnBry here
Malmohus,116,swarm of flies,1,29948,39379,False,0,0,52-54,not seen by CapnBry here
Malmohus,116,swarm of flies,1,14515,45157,False,0,0,52-54,not seen by CapnBry here
Malmohus,116,swarm of flies,2,20847,52275,False,0,0,52-54,not seen by CapnBry here
Malmohus,116,swarm of flies,1,42387,33692,False,0,0,52-54,not seen by CapnBry here
Malmohus,116,swarm of flies,2,24165,15659,False,0,0,52-54,not seen by CapnBry here
Malmohus,116,swarm of flies,1,16528,46199,False,0,0,52-54,not seen by CapnBry here
Malmohus,116,swarm of flies,1,19224,56486,False,0,0,52-54,not seen by CapnBry here
Malmohus,116,swarm of flies,1,28524,23780,False,0,0,52-54,not seen by CapnBry here
Malmohus,116,swarm of flies,1,42997,47143,False,0,0,52-54,not seen by CapnBry here
Malmohus,116,swarm of flies,1,23243,54615,False,0,0,52-54,not seen by CapnBry here
Malmohus,116,enraged mara,2,47588,42042,True,1,2,50-50,matches CapnBry (small/rare camp)
Malmohus,116,enraged mara,1,54449,58211,True,1,2,50-50,matches CapnBry (small/rare camp)
Malmohus,116,svartalf foister,1,51111,10051,True,3,6,48-52,likely short (CapnBry saw more here)
Malmohus,116,svartalf foister,1,57842,25172,False,0,0,48-52,not seen by CapnBry here
Malmohus,116,svartalf foister,1,58611,23238,False,0,0,48-52,not seen by CapnBry here
Malmohus,116,svartalf foister,1,52588,24454,True,2,6,48-52,matches CapnBry (small/rare camp)
Malmohus,116,svartalf foister,1,59630,6422,True,2,10,48-52,matches CapnBry (small/rare camp)
Malmohus,116,svartalf foister,1,59811,27163,False,0,0,48-52,not seen by CapnBry here
Malmohus,116,svartalf foister,2,58667,20550,True,1,14,48-52,matches CapnBry (small/rare camp)
Malmohus,116,svartalf foister,1,53422,21431,True,2,6,48-52,matches CapnBry (small/rare camp)
Malmohus,116,svartalf foister,1,53967,26174,True,2,6,48-52,matches CapnBry (small/rare camp)
Malmohus,116,drakulv soultrapper,1,23764,54095,False,0,0,62-62,not seen by CapnBry here
Malmohus,116,drakulv soultrapper,2,5855,56204,False,0,0,62-62,not seen by CapnBry here
Malmohus,116,drakulv soultrapper,1,23633,56624,False,0,0,63-63,not seen by CapnBry here
Malmohus,116,drakulv soultrapper,1,33742,52194,False,0,0,62-62,not seen by CapnBry here
Malmohus,116,drakulv executioner,1,27702,60050,False,0,0,60-60,not seen by CapnBry here
Malmohus,116,drakulv executioner,1,26843,57255,False,0,0,59-59,not seen by CapnBry here
Malmohus,116,drakulv executioner,2,7612,51299,False,0,0,59-63,not seen by CapnBry here
Malmohus,116,drakulv executioner,1,18048,52299,False,0,0,63-63,not seen by CapnBry here
Malmohus,116,drakulv executioner,1,12080,51941,False,0,0,57-57,not seen by CapnBry here
Malmohus,116,drakulv executioner,1,24550,56438,False,0,0,57-57,not seen by CapnBry here
Malmohus,116,drakulv executioner,1,27476,44945,False,0,0,63-63,not seen by CapnBry here
Malmohus,116,drakulv executioner,2,6834,55268,False,0,0,61-61,not seen by CapnBry here
Malmohus,116,drakulv executioner,1,24531,44672,False,0,0,57-57,not seen by CapnBry here
Malmohus,116,drakulv executioner,1,36164,48903,False,0,0,57-57,not seen by CapnBry here
Malmohus,116,drakulv executioner,2,34617,52259,False,0,0,59-59,not seen by CapnBry here
Malmohus,116,drakulv executioner,1,9942,51015,False,0,0,59-59,not seen by CapnBry here
Malmohus,116,drakulv executioner,1,10220,53546,False,0,0,59-59,not seen by CapnBry here
Malmohus,116,drakulv executioner,1,33491,49121,False,0,0,59-59,not seen by CapnBry here
Malmohus,116,drakulv executioner,1,25698,59292,False,0,0,57-57,not seen by CapnBry here
Malmohus,116,drakulv executioner,1,31179,49815,False,0,0,57-57,not seen by CapnBry here
Malmohus,116,drakulv executioner,1,36498,50680,False,0,0,59-59,not seen by CapnBry here
Malmohus,116,drakulv executioner,1,24505,42278,False,0,0,57-57,not seen by CapnBry here
Malmohus,116,drakulv executioner,1,29849,48705,False,0,0,60-60,not seen by CapnBry here
Malmohus,116,drakulv disciple,1,31727,47091,False,0,0,65-65,not seen by CapnBry here
Malmohus,116,drakulv disciple,2,7608,46514,False,0,0,65-65,not seen by CapnBry here
Malmohus,116,drakulv disciple,1,18193,54678,False,0,0,65-65,not seen by CapnBry here
Malmohus,116,drakulv disciple,1,5975,57052,False,0,0,65-65,not seen by CapnBry here
Malmohus,116,drakulv disciple,1,38559,44426,False,0,0,65-65,not seen by CapnBry here
Malmohus,116,gjalpinulva,1,20683,54803,False,0,0,80-80,not seen by CapnBry here
Malmohus,116,svartalf bloodbinder,2,57918,26978,False,0,0,51-55,not seen by CapnBry here
Malmohus,116,svartalf bloodbinder,2,56938,16110,False,0,0,51-55,not seen by CapnBry here
Malmohus,116,svartalf bloodbinder,1,55649,14954,False,0,0,51-55,not seen by CapnBry here
Malmohus,116,svartalf bloodbinder,2,57558,37478,False,0,0,51-55,not seen by CapnBry here
Malmohus,116,svartalf bloodbinder,1,60285,25165,False,0,0,51-55,not seen by CapnBry here
Malmohus,116,svartalf bloodbinder,1,60443,36539,False,0,0,51-55,not seen by CapnBry here
Malmohus,116,svartalf bloodbinder,1,57743,23514,False,0,0,51-55,not seen by CapnBry here
Malmohus,116,svartalf bloodbinder,2,58208,30912,False,0,0,51-55,not seen by CapnBry here
Malmohus,116,svartalf bloodbinder,1,50379,14674,False,0,0,51-55,not seen by CapnBry here
Malmohus,116,venomous tree crawler,1,5545,54097,False,0,0,55-55,not seen by CapnBry here
Malmohus,116,venomous tree crawler,1,9641,55054,False,0,0,55-55,not seen by CapnBry here
Malmohus,116,venomous tree crawler,1,5208,52263,False,0,0,55-55,not seen by CapnBry here
Malmohus,116,steinolf,1,35881,36943,False,0,0,55-55,not seen by CapnBry here
Malmohus,116,scaled varg yearling,1,31836,13049,True,5,22,25-31,likely short (CapnBry saw more here)
Malmohus,116,arnulv,1,16075,34271,False,0,0,51-51,not seen by CapnBry here
Malmohus,116,arnulv,1,50694,43136,False,0,0,51-51,not seen by CapnBry here
Malmohus,116,hunter's pet,1,46901,44207,False,0,0,0-0,not seen by CapnBry here
Malmohus,116,hunter's pet,1,37912,41255,False,0,0,0-0,not seen by CapnBry here
Malmohus,116,gunnolf,1,5192,26309,False,0,0,50-50,not seen by CapnBry here
Malmohus,116,gunnolf,1,49923,41801,False,0,0,50-50,not seen by CapnBry here
Malmohus,116,hrolleif,1,34306,61543,False,0,0,56-56,not seen by CapnBry here
Malmohus,116,kariig,1,60651,33900,False,0,0,53-53,not seen by CapnBry here
Malmohus,116,kariig,1,58811,32597,False,0,0,53-53,not seen by CapnBry here
Malmohus,116,ulf,1,48483,58909,False,0,0,52-52,not seen by CapnBry here
Malmohus,116,eiorharn,1,40798,30685,False,0,0,47-47,not seen by CapnBry here
Malmohus,116,geirolf,1,17745,34452,False,0,0,49-52,not seen by CapnBry here
Malmohus,116,yar,1,7225,56119,False,0,0,73-73,not seen by CapnBry here
Malmohus,116,bjornvarg,1,36212,49446,False,0,0,56-56,not seen by CapnBry here
Malmohus,116,bjornvarg,1,34986,60751,False,0,0,56-56,not seen by CapnBry here
Malmohus,116,eildird,1,41332,41922,False,0,0,51-51,not seen by CapnBry here
Malmohus,116,ingardild,1,18509,31940,False,0,0,52-55,not seen by CapnBry here
Malmohus,116,ljornrn,1,5254,28507,False,0,0,51-51,not seen by CapnBry here
Malmohus,116,desukva,1,56080,30230,False,0,0,54-54,not seen by CapnBry here
Malmohus,116,rana,1,51784,22188,False,0,0,49-49,not seen by CapnBry here
Malmohus,116,wyulv,1,42349,50112,False,0,0,54-54,not seen by CapnBry here
Malmohus,116,esulv,1,5026,24792,False,0,0,47-47,not seen by CapnBry here
Spindelhalla,125,arachite vakt,2,21669,21405,True,6,3,37-38,likely short (CapnBry saw more here)
Spindelhalla,125,djupt odjur,2,22811,23891,True,2,3,49-49,matches CapnBry (small/rare camp)
Spindelhalla,125,djupt odjur,1,22590,25418,True,2,3,49-49,matches CapnBry (small/rare camp)
Spindelhalla,125,undead troll warrior,2,21347,24749,True,4,2,47-47,likely short (CapnBry saw more here)
Spindelhalla,125,undead troll warrior,1,23186,23179,True,5,5,47-47,likely short (CapnBry saw more here)
Spindelhalla,125,ekyps scavenger,1,23737,24767,True,8,40,42-42,likely short (CapnBry saw more here)
Spindelhalla,125,ekyps scavenger,1,19528,22565,True,6,30,42-42,likely short (CapnBry saw more here)
Spindelhalla,125,te'bui,1,24076,23000,False,0,0,35-35,not seen by CapnBry here
Spindelhalla,125,danin,1,19948,24185,False,0,0,41-41,not seen by CapnBry here
Spindelhalla,125,arachite krigare,2,23849,24609,True,5,21,40-40,likely short (CapnBry saw more here)
Spindelhalla,125,arachite prelate,1,23893,24884,True,5,4,39-40,likely short (CapnBry saw more here)
Spindelhalla,125,igo,1,24152,19826,False,0,0,50-50,not seen by CapnBry here
Spindelhalla,125,svartalf thrall,2,27643,22394,True,13,45,36-36,likely short (CapnBry saw more here)
Spindelhalla,125,cursed thulian,2,23201,20997,True,4,12,47-47,likely short (CapnBry saw more here)
Spindelhalla,125,fas,1,20342,25126,False,0,0,52-52,not seen by CapnBry here
Spindelhalla,125,svartalf foreman,1,23911,23019,True,1,1,39-39,matches CapnBry (small/rare camp)
Spindelhalla,125,duegar tjuv,1,19855,23639,True,1,3,37-37,matches CapnBry (small/rare camp)
Spindelhalla,125,smarta,1,23848,22647,False,0,0,37-37,not seen by CapnBry here
Spindelhalla,125,ond,1,25863,20712,False,0,0,53-53,not seen by CapnBry here
Spindelhalla,125,kalf,1,23754,20333,False,0,0,47-47,not seen by CapnBry here
Spindelhalla,125,scavenger argo,1,24794,22408,False,0,0,50-50,not seen by CapnBry here
Spindelhalla,125,vixitr,1,22942,26857,False,0,0,41-41,not seen by CapnBry here
Spindelhalla,125,yleg,1,22447,22890,False,0,0,45-45,not seen by CapnBry here
Spindelhalla,125,kalph,1,23486,20292,False,0,0,47-47,not seen by CapnBry here
Spindelhalla,125,spindel layer,1,23368,20041,True,1,1,41-41,matches CapnBry (small/rare camp)
Vendo Caverns,126,vendo yowler,2,20989,27119,True,1,16,28-31,matches CapnBry (small/rare camp)
Vendo Caverns,126,goblin advisor,1,21624,25656,True,1,1,29-29,matches CapnBry (small/rare camp)
Vendo Caverns,126,grjotgard,1,23974,22143,False,0,0,23-23,not seen by CapnBry here
Vendo Caverns,126,vendo savager,1,20992,27126,True,1,2,32-35,matches CapnBry (small/rare camp)
Vendo Caverns,126,vendo snake charmer,1,23637,21080,True,1,1,22-22,matches CapnBry (small/rare camp)
Varulvhamn,127,frenetic wolfspider,1,22947,24376,False,0,0,38-38,not seen by CapnBry here
Varulvhamn,127,faz,1,24720,21341,False,0,0,35-35,not seen by CapnBry here
Varulvhamn,127,werewolf royal guard,2,18512,17319,True,2,1,42-46,matches CapnBry (small/rare camp)
Varulvhamn,127,frukta warg,1,21208,19572,True,14,62,39-43,likely short (CapnBry saw more here)
Varulvhamn,127,crazed lycantic,2,24716,21520,False,0,0,34-34,not seen by CapnBry here
Varulvhamn,127,lord ungar,1,23555,27461,False,0,0,39-39,not seen by CapnBry here
Varulvhamn,127,hresvelgr,1,7812,16495,False,0,0,46-46,not seen by CapnBry here
Varulvhamn,127,large wolfspider,1,23942,22540,True,1,32,28-28,matches CapnBry (small/rare camp)
Varulvhamn,127,lord huggtand,1,23287,27525,False,0,0,38-38,not seen by CapnBry here
Varulvhamn,127,forodande warg,2,18071,17301,True,5,29,37-41,likely short (CapnBry saw more here)
Varulvhamn,127,forodande warg,2,15231,18038,True,3,18,37-41,likely short (CapnBry saw more here)
Varulvhamn,127,forodande warg,2,21845,22388,True,5,27,37-41,likely short (CapnBry saw more here)
Varulvhamn,127,manstrale,1,19659,24573,False,0,0,36-36,not seen by CapnBry here
Varulvhamn,127,thelod,1,23491,24274,False,0,0,36-36,not seen by CapnBry here
Varulvhamn,127,ritter,1,22734,23933,False,0,0,39-39,not seen by CapnBry here
Varulvhamn,127,lord vild,1,23406,27203,False,0,0,38-38,not seen by CapnBry here
Varulvhamn,127,high lord modolfr,1,17855,24554,False,0,0,44-44,not seen by CapnBry here
Varulvhamn,127,king hresvelgr,1,7860,16513,False,0,0,46-46,not seen by CapnBry here
Varulvhamn,127,lord brumma,1,23537,27180,False,0,0,39-39,not seen by CapnBry here
Varulvhamn,127,lord grym,1,23653,27264,False,0,0,38-38,not seen by CapnBry here
Varulvhamn,127,high lord athulf,1,24154,19192,False,0,0,44-44,not seen by CapnBry here
Varulvhamn,127,hresveigr,1,7740,16351,False,0,0,45-45,not seen by CapnBry here
Varulvhamn,127,lord gifttand,1,23317,27273,False,0,0,41-41,not seen by CapnBry here
Varulvhamn,127,high lord tarnkappe,1,17915,14762,False,0,0,44-44,not seen by CapnBry here
Varulvhamn,127,lord bete,1,23273,27383,False,0,0,38-38,not seen by CapnBry here
Cursed Tomb,128,trapped thrall,1,23124,22637,True,10,24,19-20,likely short (CapnBry saw more here)
Cursed Tomb,128,tomb sentry,2,27517,25012,True,11,22,19-19,likely short (CapnBry saw more here)
Cursed Tomb,128,roaming corpse,1,24496,21303,True,8,11,19-21,likely short (CapnBry saw more here)
Cursed Tomb,128,vengeful ghoul,1,25095,24831,True,3,31,23-24,likely short (CapnBry saw more here)
Cursed Tomb,128,way keeper,1,27173,23000,False,0,0,19-20,not seen by CapnBry here
Cursed Tomb,128,cursed mora weeper,2,29256,26139,True,1,1,25-25,matches CapnBry (small/rare camp)
Cursed Tomb,128,cursed mora dancer,2,29073,26363,True,2,2,25-25,matches CapnBry (small/rare camp)
Cursed Tomb,128,troika,1,29388,26100,False,0,0,24-24,not seen by CapnBry here
Cursed Tomb,128,draugr commander,1,27515,25735,False,0,0,23-23,not seen by CapnBry here
Cursed Tomb,128,haggert,1,28978,25665,False,0,0,23-23,not seen by CapnBry here
Cursed Tomb,128,dread lichess,1,29167,26355,False,0,0,26-26,not seen by CapnBry here
Cursed Tomb,128,cave spider,2,26381,24925,False,0,0,13-14,not seen by CapnBry here
Cursed Tomb,128,tomb priestess,1,25363,23211,False,0,0,23-23,not seen by CapnBry here
Cursed Tomb,128,rotting corpse,1,29067,26688,False,0,0,24-24,not seen by CapnBry here
Cursed Tomb,128,bevard,1,24480,23581,False,0,0,23-23,not seen by CapnBry here
Nisse's Lair,129,tomte lookout,1,25207,29735,True,1,8,15-15,matches CapnBry (small/rare camp)
Nisse's Lair,129,tomte witch doctor,2,26104,32187,True,2,4,17-17,matches CapnBry (small/rare camp)
Nisse's Lair,129,callilepis nocturna,1,17458,24721,False,0,0,19-19,not seen by CapnBry here
Nisse's Lair,129,skirr,1,20861,30011,False,0,0,22-22,not seen by CapnBry here
Nisse's Lair,129,executioner,1,24537,21285,False,0,0,13-13,not seen by CapnBry here
Nisse's Lair,129,tomte shaman,2,24318,23942,True,2,2,10-10,matches CapnBry (small/rare camp)
Nisse's Lair,129,tomte runner,1,21760,21897,True,1,10,13-13,matches CapnBry (small/rare camp)
Nisse's Lair,129,prisoner,2,24707,21157,False,0,0,0-0,not seen by CapnBry here
Nisse's Lair,129,rygnol,1,23934,22203,False,0,0,12-12,not seen by CapnBry here
Nisse's Lair,129,lair patrol,1,24439,22633,True,1,13,9-9,matches CapnBry (small/rare camp)
Nisse's Lair,129,hnaki,1,26110,32191,False,0,0,20-20,not seen by CapnBry here
Nisse's Lair,129,ripp,1,28827,30610,False,0,0,25-25,not seen by CapnBry here
Nisse's Lair,129,nioll,1,26308,23955,False,0,0,11-11,not seen by CapnBry here
Trollheim,150,morvalt larling,2,27747,38188,True,5,2,50-57,likely short (CapnBry saw more here)
Trollheim,150,morvalt larling,2,19069,37305,True,7,1,50-57,likely short (CapnBry saw more here)
Trollheim,150,morvalt larling,2,30846,29998,True,24,3,50-57,likely short (CapnBry saw more here)
Trollheim,150,morvalt larling,2,17795,42892,True,15,13,50-57,likely short (CapnBry saw more here)
Trollheim,150,erfaren soldat,2,29836,37060,True,5,3,50-58,likely short (CapnBry saw more here)
Trollheim,150,erfaren soldat,2,19063,37301,False,0,0,50-58,not seen by CapnBry here
Trollheim,150,erfaren soldat,1,17667,42890,False,0,0,50-58,not seen by CapnBry here
Trollheim,150,morvalt larjunge,2,30380,29636,False,0,0,52-58,not seen by CapnBry here
Trollheim,150,morvalt larjunge,1,26967,30009,False,0,0,52-58,not seen by CapnBry here
Trollheim,150,captured bergklan,2,29375,30665,True,1,2,35-35,matches CapnBry (small/rare camp)
Trollheim,150,kaos krigsman,1,26341,25720,False,0,0,56-62,not seen by CapnBry here
Trollheim,150,sallours,1,13976,15260,False,0,0,62-62,not seen by CapnBry here
Trollheim,150,veteran gruppchef,1,22123,24981,False,0,0,64-64,not seen by CapnBry here
Trollheim,150,veteran gruppchef,1,18996,27740,False,0,0,64-64,not seen by CapnBry here
Trollheim,150,veteran gruppchef,2,21266,27968,False,0,0,64-64,not seen by CapnBry here
Trollheim,150,veteran gruppchef,1,26124,25607,False,0,0,64-64,not seen by CapnBry here
Trollheim,150,gruppchef,1,26713,35687,False,0,0,55-59,not seen by CapnBry here
Trollheim,150,gruppchef,2,24861,29090,False,0,0,55-59,not seen by CapnBry here
Trollheim,150,gruppchef,1,29872,37413,False,0,0,55-59,not seen by CapnBry here
Trollheim,150,gruppchef,1,21858,31422,False,0,0,55-59,not seen by CapnBry here
Trollheim,150,gruppchef,1,21106,35215,False,0,0,55-59,not seen by CapnBry here
Trollheim,150,gruppchef,1,18495,39634,False,0,0,55-59,not seen by CapnBry here
Trollheim,150,gruppchef,1,23847,35358,False,0,0,55-59,not seen by CapnBry here
Trollheim,150,gruppchef,1,27739,38187,False,0,0,55-59,not seen by CapnBry here
Trollheim,150,gruppchef,1,25832,37041,False,0,0,55-59,not seen by CapnBry here
Trollheim,150,gruppchef,1,17802,42900,False,0,0,55-59,not seen by CapnBry here
Trollheim,150,uppat gungledar,1,34375,26556,False,0,0,77-77,not seen by CapnBry here
Trollheim,150,morvalt bagskytt,2,25498,32454,True,1,3,50-55,matches CapnBry (small/rare camp)
Trollheim,150,morvalt bagskytt,1,30541,30851,True,1,10,50-55,matches CapnBry (small/rare camp)
Trollheim,150,morvalt yxa master,1,24407,24647,False,0,0,57-57,not seen by CapnBry here
Trollheim,150,bagskytt hem'varn,1,26122,11763,False,0,0,60-66,not seen by CapnBry here
Trollheim,150,anpassa foranst,1,26723,35551,True,4,1,50-50,likely short (CapnBry saw more here)
Trollheim,150,morvalt slaktare,2,27038,30279,True,2,2,50-52,matches CapnBry (small/rare camp)
Trollheim,150,captain hem'varn,2,22818,12018,False,0,0,64-64,not seen by CapnBry here
Trollheim,150,olen den bartender,1,28428,34821,False,0,0,67-67,not seen by CapnBry here
Trollheim,150,storrow,1,18698,27729,False,0,0,64-64,not seen by CapnBry here
Trollheim,150,morvalt soldat,2,23810,34822,True,1,2,50-54,matches CapnBry (small/rare camp)
Trollheim,150,morvalt soldat,1,21356,35710,False,0,0,50-54,not seen by CapnBry here
Trollheim,150,morvalt soldat,1,28685,30723,True,4,8,50-54,likely short (CapnBry saw more here)
Trollheim,150,morvalt soldat,1,23559,33327,True,4,7,50-54,likely short (CapnBry saw more here)
Trollheim,150,soldat hem'varn,1,25676,13004,False,0,0,58-62,not seen by CapnBry here
Trollheim,150,nedat gungledar,1,32785,24148,False,0,0,70-70,not seen by CapnBry here
Trollheim,150,master smed,1,15132,38799,False,0,0,58-58,not seen by CapnBry here
Trollheim,150,dagar,1,23851,35667,False,0,0,60-60,not seen by CapnBry here
Trollheim,150,morvalt schamen,1,26365,25498,False,0,0,54-59,not seen by CapnBry here
Trollheim,150,snemel den forsumlig,1,30250,35056,False,0,0,65-65,not seen by CapnBry here
Trollheim,150,trollkarl bonchar,1,24523,20449,False,0,0,62-62,not seen by CapnBry here
Trollheim,150,trollkarl bonchar,1,23800,11374,False,0,0,65-65,not seen by CapnBry here
Trollheim,150,rotodjur,1,38608,30911,False,0,0,71-71,not seen by CapnBry here
Trollheim,150,jarala den kvinnlig,1,28525,34653,False,0,0,60-60,not seen by CapnBry here
Trollheim,150,nosdoden,1,29346,4070,False,0,0,80-80,not seen by CapnBry here
Trollheim,150,fostra orm,1,23673,35141,False,0,0,61-61,not seen by CapnBry here
Trollheim,150,veteran krigare,2,29845,37061,False,0,0,55-58,not seen by CapnBry here
Trollheim,150,veteran krigare,2,31081,35933,False,0,0,55-58,not seen by CapnBry here
Trollheim,150,apologet nesnuir,1,18948,33351,False,0,0,67-67,not seen by CapnBry here
Trollheim,150,alchemist phorzbreg,1,29431,39553,False,0,0,65-65,not seen by CapnBry here
Trollheim,150,troloss,1,25036,32245,False,0,0,54-54,not seen by CapnBry here
Trollheim,150,grindvaktare,1,21897,37210,False,0,0,56-56,not seen by CapnBry here
Trollheim,150,magister kurgol,1,31042,30566,False,0,0,65-65,not seen by CapnBry here
Trollheim,150,overste callejo,1,29134,38192,False,0,0,65-65,not seen by CapnBry here
Aegir's Landing,151,sand jelly,1,42713,24614,False,0,0,9-15,not seen by CapnBry here
Aegir's Landing,151,musslaklan digger,1,15161,16523,True,2,8,11-13,matches CapnBry (small/rare camp)
Aegir's Landing,151,musslaklan digger,1,13217,53200,True,1,2,11-13,matches CapnBry (small/rare camp)
Aegir's Landing,151,musslaklan digger,1,9885,14950,True,3,5,11-13,likely short (CapnBry saw more here)
Aegir's Landing,151,musslaklan digger,1,12387,50805,True,2,6,11-13,matches CapnBry (small/rare camp)
Aegir's Landing,151,musslaklan digger,1,12576,46670,True,2,7,11-13,matches CapnBry (small/rare camp)
Aegir's Landing,151,musslaklan digger,1,10916,13321,True,4,3,11-13,likely short (CapnBry saw more here)
Aegir's Landing,151,musslaklan digger,2,15093,50709,True,1,2,11-13,matches CapnBry (small/rare camp)
Aegir's Landing,151,musslaklan digger,1,10882,50018,True,2,6,11-13,matches CapnBry (small/rare camp)
Aegir's Landing,151,musslaklan digger,1,12412,45009,True,2,5,11-13,matches CapnBry (small/rare camp)
Aegir's Landing,151,musslaklan digger,2,15189,18220,True,2,8,11-13,matches CapnBry (small/rare camp)
Aegir's Landing,151,boobrie fledgeling,1,10698,30824,True,4,2,11-15,likely short (CapnBry saw more here)
Aegir's Landing,151,boobrie fledgeling,2,11402,35787,False,0,0,11-15,not seen by CapnBry here
Aegir's Landing,151,boobrie fledgeling,1,10972,22011,True,3,1,11-15,likely short (CapnBry saw more here)
Aegir's Landing,151,boobrie fledgeling,1,11768,32015,True,2,1,11-15,matches CapnBry (small/rare camp)
Aegir's Landing,151,boobrie fledgeling,2,44762,29055,True,2,3,11-15,matches CapnBry (small/rare camp)
Aegir's Landing,151,boobrie fledgeling,1,47199,22878,True,2,8,11-15,matches CapnBry (small/rare camp)
Aegir's Landing,151,morvalt krigsman,2,45892,10663,True,4,6,17-21,likely short (CapnBry saw more here)
Aegir's Landing,151,morvalt fast-walker,1,57813,39990,True,5,3,10-12,likely short (CapnBry saw more here)
Aegir's Landing,151,morvalt fast-walker,2,56820,30532,True,2,1,10-12,matches CapnBry (small/rare camp)
Aegir's Landing,151,mygga,1,35703,34169,True,4,108,4-8,likely short (CapnBry saw more here)
Aegir's Landing,151,mygga,1,25484,52920,True,7,76,4-8,likely short (CapnBry saw more here)
Aegir's Landing,151,mygga,1,17658,47645,True,4,15,4-8,likely short (CapnBry saw more here)
Aegir's Landing,151,mygga,1,60320,63505,True,8,197,4-8,likely short (CapnBry saw more here)
Aegir's Landing,151,mygga,2,21321,48423,True,4,51,4-8,likely short (CapnBry saw more here)
Aegir's Landing,151,mygga,1,17359,52821,True,4,18,4-8,likely short (CapnBry saw more here)
Aegir's Landing,151,mygga,1,43616,34529,True,4,13,4-8,likely short (CapnBry saw more here)
Aegir's Landing,151,mygga,1,20105,51179,True,4,33,4-8,likely short (CapnBry saw more here)
Aegir's Landing,151,morvalt spotter,2,13471,3421,True,3,2,12-13,likely short (CapnBry saw more here)
Aegir's Landing,151,morvalt spotter,1,56698,31078,True,1,2,12-13,matches CapnBry (small/rare camp)
Aegir's Landing,151,morvalt spotter,1,15826,2380,True,3,2,12-13,likely short (CapnBry saw more here)
Aegir's Landing,151,scimitar kit,2,18054,60012,True,2,3,6-9,matches CapnBry (small/rare camp)
Aegir's Landing,151,scimitar kit,1,15652,61556,False,0,0,6-9,not seen by CapnBry here
Aegir's Landing,151,scimitar kit,1,17000,55955,True,3,20,6-9,likely short (CapnBry saw more here)
Aegir's Landing,151,mammoth calf,2,32246,34763,True,3,65,9-12,likely short (CapnBry saw more here)
Aegir's Landing,151,mammoth calf,1,19895,13024,True,10,39,9-12,likely short (CapnBry saw more here)
Aegir's Landing,151,mammoth calf,1,34283,25796,True,9,26,9-12,likely short (CapnBry saw more here)
Aegir's Landing,151,mammoth calf,1,24084,8739,True,10,24,9-12,likely short (CapnBry saw more here)
Aegir's Landing,151,mammoth calf,2,30569,30963,True,4,126,9-12,likely short (CapnBry saw more here)
Aegir's Landing,151,mammoth calf,2,27687,28433,True,4,39,9-12,likely short (CapnBry saw more here)
Aegir's Landing,151,mammoth calf,1,34404,31621,True,9,90,9-12,likely short (CapnBry saw more here)
Aegir's Landing,151,mammoth calf,1,28695,35077,True,4,45,9-12,likely short (CapnBry saw more here)
Aegir's Landing,151,mammoth calf,1,29691,33666,True,4,87,9-12,likely short (CapnBry saw more here)
Aegir's Landing,151,mammoth calf,1,18874,36064,True,3,27,9-12,likely short (CapnBry saw more here)
Aegir's Landing,151,young mammoth,2,22447,27903,True,3,36,17-21,likely short (CapnBry saw more here)
Aegir's Landing,151,young mammoth,1,40743,6791,True,1,21,17-21,matches CapnBry (small/rare camp)
Aegir's Landing,151,young mammoth,2,38495,17293,True,6,114,17-21,likely short (CapnBry saw more here)
Aegir's Landing,151,young mammoth,1,41358,14586,True,2,32,17-21,matches CapnBry (small/rare camp)
Aegir's Landing,151,young mammoth,1,19291,26904,True,3,32,17-21,likely short (CapnBry saw more here)
Aegir's Landing,151,young mammoth,1,23326,12611,True,8,5,17-21,likely short (CapnBry saw more here)
Aegir's Landing,151,young mammoth,1,41011,16405,True,6,58,17-21,likely short (CapnBry saw more here)
Aegir's Landing,151,young mammoth,1,29473,19305,True,3,43,17-21,likely short (CapnBry saw more here)
Aegir's Landing,151,young mammoth,1,24232,20618,True,8,11,17-21,likely short (CapnBry saw more here)
Aegir's Landing,151,morvalt ungdom,1,54304,29021,False,0,0,7-10,not seen by CapnBry here
Aegir's Landing,151,morvalt ungdom,1,51997,29955,True,2,1,7-10,matches CapnBry (small/rare camp)
Aegir's Landing,151,morvalt ungdom,1,52365,35623,True,2,5,7-10,matches CapnBry (small/rare camp)
Aegir's Landing,151,morvalt ungdom,1,52024,32194,True,2,5,7-10,matches CapnBry (small/rare camp)
Aegir's Landing,151,scimitar cub,2,32709,45845,True,8,157,3-5,likely short (CapnBry saw more here)
Aegir's Landing,151,boobrie hatchling,1,48478,54145,True,2,1,4-7,matches CapnBry (small/rare camp)
Aegir's Landing,151,boobrie hatchling,1,42995,32269,True,1,9,4-7,matches CapnBry (small/rare camp)
Aegir's Landing,151,boobrie hatchling,1,37212,33594,True,1,10,4-7,matches CapnBry (small/rare camp)
Aegir's Landing,151,biting insect,2,58293,52490,True,2,102,9-13,matches CapnBry (small/rare camp)
Aegir's Landing,151,biting insect,1,17106,7997,True,3,15,9-13,likely short (CapnBry saw more here)
Aegir's Landing,151,biting insect,1,23181,37764,True,2,19,9-13,matches CapnBry (small/rare camp)
Aegir's Landing,151,biting insect,2,61217,58569,True,2,102,9-13,matches CapnBry (small/rare camp)
Aegir's Landing,151,biting insect,1,60634,60215,True,2,102,9-13,matches CapnBry (small/rare camp)
Aegir's Landing,151,biting insect,1,19257,48268,True,1,2,9-13,matches CapnBry (small/rare camp)
Aegir's Landing,151,biting insect,1,10211,57750,False,0,0,9-13,not seen by CapnBry here
Aegir's Landing,151,biting insect,1,22427,34801,True,2,11,9-13,matches CapnBry (small/rare camp)
Aegir's Landing,151,boobrie,2,41340,24186,True,2,6,18-21,matches CapnBry (small/rare camp)
Aegir's Landing,151,musslaklan carver,2,11343,47596,True,2,3,12-13,matches CapnBry (small/rare camp)
Aegir's Landing,151,musslaklan carver,1,12890,17015,True,1,4,12-13,matches CapnBry (small/rare camp)
Aegir's Landing,151,musslaklan carver,1,11496,16444,True,1,4,12-13,matches CapnBry (small/rare camp)
Aegir's Landing,151,morvalt jakthast,2,18195,4448,True,2,8,13-17,matches CapnBry (small/rare camp)
Aegir's Landing,151,morvalt jakthast,1,57531,32317,True,3,10,13-17,likely short (CapnBry saw more here)
Aegir's Landing,151,morvalt jakthast,1,16815,3605,True,2,8,13-17,matches CapnBry (small/rare camp)
Aegir's Landing,151,morvalt jakthast,1,55036,31584,True,3,10,13-17,likely short (CapnBry saw more here)
Aegir's Landing,151,morvalt jakthast,1,59037,33281,True,3,10,13-17,likely short (CapnBry saw more here)
Aegir's Landing,151,marine fungus,2,48176,50720,True,5,5,0-1,likely short (CapnBry saw more here)
Aegir's Landing,151,morvalt spjutman,1,58474,24904,True,4,5,13-17,likely short (CapnBry saw more here)
Aegir's Landing,151,morvalt spjutman,1,18081,3647,True,2,4,13-17,matches CapnBry (small/rare camp)
Aegir's Landing,151,morvalt spjutman,1,47635,20121,True,1,3,13-17,matches CapnBry (small/rare camp)
Aegir's Landing,151,pysling,1,26656,58174,True,2,5,9-12,matches CapnBry (small/rare camp)
Aegir's Landing,151,pysling,1,25895,40651,True,6,40,9-12,likely short (CapnBry saw more here)
Aegir's Landing,151,pysling,1,25477,43936,False,0,0,9-12,not seen by CapnBry here
Aegir's Landing,151,pysling,1,19120,46309,True,1,2,9-12,matches CapnBry (small/rare camp)
Aegir's Landing,151,musslaklan sifter,1,14552,50269,True,4,18,10-13,likely short (CapnBry saw more here)
Aegir's Landing,151,musslaklan sifter,1,10317,45512,True,4,18,10-13,likely short (CapnBry saw more here)
Aegir's Landing,151,musslaklan sifter,1,9904,17824,True,4,10,10-13,likely short (CapnBry saw more here)
Aegir's Landing,151,musslaklan crafter,1,11558,15205,True,2,7,11-14,matches CapnBry (small/rare camp)
Aegir's Landing,151,musslaklan crafter,2,13981,15624,True,2,7,11-14,matches CapnBry (small/rare camp)
Aegir's Landing,151,small skelett,2,38446,50562,True,2,9,0-2,matches CapnBry (small/rare camp)
Aegir's Landing,151,small skelett,1,39037,52277,False,0,0,0-2,not seen by CapnBry here
Aegir's Landing,151,small skelett,1,36664,43616,True,2,25,0-2,matches CapnBry (small/rare camp)
Aegir's Landing,151,small skelett,1,48970,55168,False,0,0,0-2,not seen by CapnBry here
Aegir's Landing,151,small skelett,2,35185,41430,True,2,25,0-2,matches CapnBry (small/rare camp)
Aegir's Landing,151,small skelett,1,37982,47993,True,2,9,0-2,matches CapnBry (small/rare camp)
Aegir's Landing,151,small skelett,1,48668,58078,False,0,0,0-2,not seen by CapnBry here
Aegir's Landing,151,small skelett,1,49264,51040,False,0,0,0-2,not seen by CapnBry here
Aegir's Landing,151,small skelett,1,50518,55623,False,0,0,0-2,not seen by CapnBry here
Aegir's Landing,151,lost pysling,1,40884,41724,False,0,0,0-2,not seen by CapnBry here
Aegir's Landing,151,lost pysling,1,54044,48508,True,1,61,0-2,matches CapnBry (small/rare camp)
Aegir's Landing,151,lost pysling,2,50026,55744,False,0,0,0-2,not seen by CapnBry here
Aegir's Landing,151,lost pysling,2,49712,51424,False,0,0,0-2,not seen by CapnBry here
Aegir's Landing,151,lost pysling,1,49066,57376,False,0,0,0-2,not seen by CapnBry here
Aegir's Landing,151,lost pysling,1,37415,47879,True,1,10,0-2,matches CapnBry (small/rare camp)
Aegir's Landing,151,musslaklan sounder,1,14725,13457,True,3,2,11-13,likely short (CapnBry saw more here)
Aegir's Landing,151,musslaklan sounder,1,14301,14995,True,3,2,11-13,likely short (CapnBry saw more here)
Aegir's Landing,151,musslaklan sounder,1,12905,47112,True,1,7,11-13,matches CapnBry (small/rare camp)
Aegir's Landing,151,musslaklan sounder,1,10698,18624,True,3,2,11-13,likely short (CapnBry saw more here)
Aegir's Landing,151,musslaklan sounder,1,12280,13953,True,3,2,11-13,likely short (CapnBry saw more here)
Aegir's Landing,151,large skelett,1,25874,40873,True,1,8,5-9,matches CapnBry (small/rare camp)
Aegir's Landing,151,large skelett,1,20577,49243,True,14,53,5-9,likely short (CapnBry saw more here)
Aegir's Landing,151,large skelett,1,22805,47179,True,14,21,5-9,likely short (CapnBry saw more here)
Aegir's Landing,151,ixich,1,31423,46920,False,0,0,13-13,not seen by CapnBry here
Aegir's Landing,151,uger,1,12581,15864,False,0,0,15-15,not seen by CapnBry here
Aegir's Landing,151,talvor,1,9639,4776,False,0,0,22-22,not seen by CapnBry here
Aegir's Landing,151,tendril,1,27346,41582,True,7,20,14-15,likely short (CapnBry saw more here)
Aegir's Landing,151,torlieva,1,13822,16300,False,0,0,15-15,not seen by CapnBry here
Aegir's Landing,151,morvalt jagare,1,56959,17101,True,2,3,17-20,matches CapnBry (small/rare camp)
Aegir's Landing,151,enraged scimitar kit,1,15764,61565,False,0,0,8-8,not seen by CapnBry here
Aegir's Landing,151,shambling shade,1,28051,39205,False,0,0,15-15,not seen by CapnBry here
Aegir's Landing,151,musslaklan trader,1,11879,47690,False,0,0,16-16,not seen by CapnBry here
Aegir's Landing,151,krum,1,12287,47623,False,0,0,17-17,not seen by CapnBry here
Aegir's Landing,151,torg the hunter,1,12732,15502,False,0,0,19-19,not seen by CapnBry here
Aegir's Landing,151,durl,1,13017,47114,False,0,0,13-13,not seen by CapnBry here
Aegir's Landing,151,gohl,1,12845,48352,False,0,0,11-11,not seen by CapnBry here
Aegir's Landing,151,shreg,1,17727,4170,False,0,0,22-22,not seen by CapnBry here
Aegir's Landing,151,rith,1,13042,15316,False,0,0,15-15,not seen by CapnBry here
Aegir's Landing,151,soxulfr,1,36564,43160,False,0,0,2-2,not seen by CapnBry here
Aegir's Landing,151,ibicus,1,38002,37904,False,0,0,14-14,not seen by CapnBry here
Gripklosa Mountains,152,myling,1,46327,33757,False,0,0,29-34,not seen by CapnBry here
Gripklosa Mountains,152,myling,1,39245,30107,False,0,0,29-34,not seen by CapnBry here
Gripklosa Mountains,152,myling,1,40901,33399,False,0,0,29-34,not seen by CapnBry here
Gripklosa Mountains,152,myling,2,35427,34919,False,0,0,29-34,not seen by CapnBry here
Gripklosa Mountains,152,myling,1,44650,35296,False,0,0,29-34,not seen by CapnBry here
Gripklosa Mountains,152,myling,1,39797,31525,False,0,0,29-34,not seen by CapnBry here
Gripklosa Mountains,152,myling,2,45809,37905,False,0,0,29-34,not seen by CapnBry here
Gripklosa Mountains,152,myling,1,41349,28531,False,0,0,29-34,not seen by CapnBry here
Gripklosa Mountains,152,myling,2,41716,41336,False,0,0,29-34,not seen by CapnBry here
Gripklosa Mountains,152,myling,1,35474,46273,False,0,0,29-34,not seen by CapnBry here
Gripklosa Mountains,152,myling,2,32763,35774,False,0,0,29-34,not seen by CapnBry here
Gripklosa Mountains,152,myling,1,38222,41879,False,0,0,29-34,not seen by CapnBry here
Gripklosa Mountains,152,myling,1,44873,31167,False,0,0,29-34,not seen by CapnBry here
Gripklosa Mountains,152,myling,1,31248,49269,False,0,0,29-34,not seen by CapnBry here
Gripklosa Mountains,152,myling,1,43807,37797,False,0,0,29-34,not seen by CapnBry here
Gripklosa Mountains,152,myling,2,34588,39594,False,0,0,29-34,not seen by CapnBry here
Gripklosa Mountains,152,myling,1,18845,45272,False,0,0,29-34,not seen by CapnBry here
Gripklosa Mountains,152,myling,2,35650,42443,False,0,0,29-34,not seen by CapnBry here
Gripklosa Mountains,152,bergklan tribesman,1,35069,55906,False,0,0,31-31,not seen by CapnBry here
Gripklosa Mountains,152,griffon glider,2,62336,40395,True,4,1,38-44,likely short (CapnBry saw more here)
Gripklosa Mountains,152,griffon glider,1,61177,38309,True,4,8,38-44,likely short (CapnBry saw more here)
Gripklosa Mountains,152,griffon glider,1,57806,31800,True,1,2,38-44,matches CapnBry (small/rare camp)
Gripklosa Mountains,152,griffon glider,1,61358,35196,True,1,1,38-44,matches CapnBry (small/rare camp)
Gripklosa Mountains,152,griffon glider,2,46845,45002,True,7,9,38-44,likely short (CapnBry saw more here)
Gripklosa Mountains,152,griffon glider,1,21708,23411,False,0,0,38-44,not seen by CapnBry here
Gripklosa Mountains,152,griffon glider,1,17287,19752,False,0,0,38-44,not seen by CapnBry here
Gripklosa Mountains,152,griffon glider,1,26844,22208,False,0,0,38-44,not seen by CapnBry here
Gripklosa Mountains,152,griffon glider,1,20512,27111,False,0,0,38-44,not seen by CapnBry here
Gripklosa Mountains,152,griffon glider,2,49789,43460,True,5,92,38-44,likely short (CapnBry saw more here)
Gripklosa Mountains,152,griffon glider,2,52862,42331,True,5,66,38-44,likely short (CapnBry saw more here)
Gripklosa Mountains,152,griffon glider,1,48292,44722,True,7,9,38-44,likely short (CapnBry saw more here)
Gripklosa Mountains,152,griffon glider,1,48999,33286,True,3,49,38-44,likely short (CapnBry saw more here)
Gripklosa Mountains,152,griffon glider,1,25132,22250,False,0,0,38-44,not seen by CapnBry here
Gripklosa Mountains,152,griffon glider,1,50371,37792,True,5,101,38-44,likely short (CapnBry saw more here)
Gripklosa Mountains,152,griffon glider,1,23112,20211,False,0,0,38-44,not seen by CapnBry here
Gripklosa Mountains,152,griffon glider,1,19036,24609,False,0,0,38-44,not seen by CapnBry here
Gripklosa Mountains,152,griffon glider,1,60398,41353,True,4,7,38-44,likely short (CapnBry saw more here)
Gripklosa Mountains,152,griffon glider,1,55164,34970,True,12,37,38-44,likely short (CapnBry saw more here)
Gripklosa Mountains,152,griffon glider,1,57883,41025,True,4,7,38-44,likely short (CapnBry saw more here)
Gripklosa Mountains,152,griffon glider,2,25041,28181,True,1,1,38-44,matches CapnBry (small/rare camp)
Gripklosa Mountains,152,griffon glider,1,51487,40564,True,5,92,38-44,likely short (CapnBry saw more here)
Gripklosa Mountains,152,bergklan provider,2,12735,27517,False,0,0,29-32,not seen by CapnBry here
Gripklosa Mountains,152,bergklan provider,1,11048,35777,True,2,5,29-32,matches CapnBry (small/rare camp)
Gripklosa Mountains,152,bergklan provider,2,5778,43929,True,2,7,29-32,matches CapnBry (small/rare camp)
Gripklosa Mountains,152,bergklan provider,1,7338,41869,True,2,11,29-32,matches CapnBry (small/rare camp)
Gripklosa Mountains,152,bergklan provider,1,15535,53744,True,1,22,29-32,matches CapnBry (small/rare camp)
Gripklosa Mountains,152,bergklan provider,1,29358,59252,False,0,0,29-32,not seen by CapnBry here
Gripklosa Mountains,152,redcap lurker,1,59905,27645,False,0,0,40-44,not seen by CapnBry here
Gripklosa Mountains,152,redcap lurker,1,47076,28856,True,9,16,40-44,likely short (CapnBry saw more here)
Gripklosa Mountains,152,redcap lurker,1,57009,24321,False,0,0,40-44,not seen by CapnBry here
Gripklosa Mountains,152,redcap lurker,1,35618,17062,False,0,0,40-44,not seen by CapnBry here
Gripklosa Mountains,152,redcap lurker,2,43826,23307,True,9,21,40-44,likely short (CapnBry saw more here)
Gripklosa Mountains,152,redcap lurker,1,58409,23567,False,0,0,40-44,not seen by CapnBry here
Gripklosa Mountains,152,redcap lurker,1,40734,21358,True,2,7,40-44,matches CapnBry (small/rare camp)
Gripklosa Mountains,152,redcap lurker,1,48428,21850,True,9,8,40-44,likely short (CapnBry saw more here)
Gripklosa Mountains,152,redcap lurker,1,51429,16354,False,0,0,40-44,not seen by CapnBry here
Gripklosa Mountains,152,redcap lurker,1,38244,19898,True,2,7,40-44,matches CapnBry (small/rare camp)
Gripklosa Mountains,152,bergklan skinner,1,44875,54001,True,3,3,29-32,likely short (CapnBry saw more here)
Gripklosa Mountains,152,bergklan skinner,2,33401,55278,True,4,13,29-32,likely short (CapnBry saw more here)
Gripklosa Mountains,152,bergklan skinner,2,29996,58464,True,4,13,29-32,likely short (CapnBry saw more here)
Gripklosa Mountains,152,griffon scout,2,64161,54361,True,2,5,43-49,matches CapnBry (small/rare camp)
Gripklosa Mountains,152,griffon scout,1,55363,49400,True,2,27,43-49,matches CapnBry (small/rare camp)
Gripklosa Mountains,152,griffon scout,2,60684,58840,True,4,6,43-49,likely short (CapnBry saw more here)
Gripklosa Mountains,152,griffon scout,1,58627,48220,True,2,4,43-49,matches CapnBry (small/rare camp)
Gripklosa Mountains,152,griffon scout,2,60599,53390,True,2,5,43-49,matches CapnBry (small/rare camp)
Gripklosa Mountains,152,griffon scout,1,49703,49957,False,0,0,43-49,not seen by CapnBry here
Gripklosa Mountains,152,griffon scout,1,59935,55941,True,4,15,43-49,likely short (CapnBry saw more here)
Gripklosa Mountains,152,griffon scout,1,56397,61538,True,1,3,43-49,matches CapnBry (small/rare camp)
Gripklosa Mountains,152,griffon scout,1,54696,57530,True,2,9,43-49,matches CapnBry (small/rare camp)
Gripklosa Mountains,152,griffon scout,1,52832,53827,True,2,25,43-49,matches CapnBry (small/rare camp)
Gripklosa Mountains,152,griffon scout,2,55417,53628,True,2,27,43-49,matches CapnBry (small/rare camp)
Gripklosa Mountains,152,griffon scout,1,53804,59579,True,1,3,43-49,matches CapnBry (small/rare camp)
Gripklosa Mountains,152,cave lion,1,51845,19476,False,0,0,24-26,not seen by CapnBry here
Gripklosa Mountains,152,cave lion,1,51834,22819,False,0,0,24-26,not seen by CapnBry here
Gripklosa Mountains,152,cave lion,2,57864,21849,False,0,0,24-26,not seen by CapnBry here
Gripklosa Mountains,152,cave lion,1,38938,23860,False,0,0,24-26,not seen by CapnBry here
Gripklosa Mountains,152,cave lion,1,64778,46782,False,0,0,24-26,not seen by CapnBry here
Gripklosa Mountains,152,cave lion,1,64882,44427,False,0,0,24-26,not seen by CapnBry here
Gripklosa Mountains,152,cave lion,1,62904,37775,False,0,0,24-26,not seen by CapnBry here
Gripklosa Mountains,152,cave lion,1,53546,38023,False,0,0,24-26,not seen by CapnBry here
Gripklosa Mountains,152,hostile myling,1,58008,26642,False,0,0,37-43,not seen by CapnBry here
Gripklosa Mountains,152,hostile myling,1,61442,23240,False,0,0,37-43,not seen by CapnBry here
Gripklosa Mountains,152,hostile myling,1,57490,16068,False,0,0,37-43,not seen by CapnBry here
Gripklosa Mountains,152,hostile myling,2,24966,40273,False,0,0,37-43,not seen by CapnBry here
Gripklosa Mountains,152,hostile myling,1,26809,44857,False,0,0,37-43,not seen by CapnBry here
Gripklosa Mountains,152,hostile myling,2,46955,42494,False,0,0,37-43,not seen by CapnBry here
Gripklosa Mountains,152,hostile myling,2,26318,47798,False,0,0,37-43,not seen by CapnBry here
Gripklosa Mountains,152,hostile myling,1,58167,18933,False,0,0,37-43,not seen by CapnBry here
Gripklosa Mountains,152,undead morvalt,1,19374,55533,True,1,8,25-28,matches CapnBry (small/rare camp)
Gripklosa Mountains,152,undead morvalt,1,21972,55987,True,1,8,25-28,matches CapnBry (small/rare camp)
Gripklosa Mountains,152,redcap legerdemainist,1,41683,5383,False,0,0,52-56,not seen by CapnBry here
Gripklosa Mountains,152,redcap legerdemainist,1,35771,3039,False,0,0,52-56,not seen by CapnBry here
Gripklosa Mountains,152,redcap legerdemainist,1,35040,1717,False,0,0,52-56,not seen by CapnBry here
Gripklosa Mountains,152,redcap legerdemainist,1,33859,2748,False,0,0,52-56,not seen by CapnBry here
Gripklosa Mountains,152,redcap legerdemainist,1,37353,1814,False,0,0,52-56,not seen by CapnBry here
Gripklosa Mountains,152,morvalt slaktman,2,29568,33733,True,1,21,38-44,matches CapnBry (small/rare camp)
Gripklosa Mountains,152,morvalt slaktman,2,35148,29545,True,4,17,38-44,likely short (CapnBry saw more here)
Gripklosa Mountains,152,morvalt slaktman,1,38553,29567,True,4,17,38-44,likely short (CapnBry saw more here)
Gripklosa Mountains,152,morvalt slaktman,1,34962,32564,True,4,11,38-44,likely short (CapnBry saw more here)
Gripklosa Mountains,152,morvalt slaktman,1,34247,30958,True,4,14,38-44,likely short (CapnBry saw more here)
Gripklosa Mountains,152,morvalt beskydda,1,31414,41176,True,3,2,34-41,likely short (CapnBry saw more here)
Gripklosa Mountains,152,morvalt beskydda,1,10004,11201,False,0,0,34-41,not seen by CapnBry here
Gripklosa Mountains,152,morvalt beskydda,2,32682,44395,True,2,4,34-41,matches CapnBry (small/rare camp)
Gripklosa Mountains,152,morvalt beskydda,1,41336,31174,True,8,13,34-41,likely short (CapnBry saw more here)
Gripklosa Mountains,152,morvalt beskydda,1,44765,31345,True,2,2,34-41,matches CapnBry (small/rare camp)
Gripklosa Mountains,152,morvalt beskydda,2,43054,37111,True,8,23,34-41,likely short (CapnBry saw more here)
Gripklosa Mountains,152,morvalt beskydda,1,35497,36368,True,3,14,34-41,likely short (CapnBry saw more here)
Gripklosa Mountains,152,morvalt beskydda,1,30458,50515,False,0,0,34-41,not seen by CapnBry here
Gripklosa Mountains,152,morvalt beskydda,2,37364,36805,True,3,36,34-41,likely short (CapnBry saw more here)
Gripklosa Mountains,152,morvalt beskydda,1,40696,33094,True,8,30,34-41,likely short (CapnBry saw more here)
Gripklosa Mountains,152,morvalt beskydda,1,30744,46340,True,2,2,34-41,matches CapnBry (small/rare camp)
Gripklosa Mountains,152,morvalt beskydda,1,37973,40617,True,1,17,34-41,matches CapnBry (small/rare camp)
Gripklosa Mountains,152,morvalt beskydda,1,32844,40296,True,1,12,34-41,matches CapnBry (small/rare camp)
Gripklosa Mountains,152,morvalt beskydda,2,39288,34411,True,8,34,34-41,likely short (CapnBry saw more here)
Gripklosa Mountains,152,morvalt beskydda,2,45287,37862,True,8,6,34-41,likely short (CapnBry saw more here)
Gripklosa Mountains,152,morvalt beskydda,1,42142,41120,True,1,5,34-41,matches CapnBry (small/rare camp)
Gripklosa Mountains,152,morvalt beskydda,1,33362,46731,True,2,2,34-41,matches CapnBry (small/rare camp)
Gripklosa Mountains,152,morvalt beskydda,1,28664,47169,False,0,0,34-41,not seen by CapnBry here
Gripklosa Mountains,152,morvalt beskydda,1,15054,7956,True,6,15,34-41,likely short (CapnBry saw more here)
Gripklosa Mountains,152,morvalt beskydda,1,39874,37232,True,8,32,34-41,likely short (CapnBry saw more here)
Gripklosa Mountains,152,morvalt beskydda,1,25343,38860,True,3,2,34-41,likely short (CapnBry saw more here)
Gripklosa Mountains,152,morvalt beskydda,2,28695,36306,True,3,9,34-41,likely short (CapnBry saw more here)
Gripklosa Mountains,152,redcap butcher,2,33203,5264,False,0,0,53-61,not seen by CapnBry here
Gripklosa Mountains,152,bergklan hunter,1,55768,47622,True,3,42,38-46,likely short (CapnBry saw more here)
Gripklosa Mountains,152,bergklan hunter,2,54115,48683,True,3,43,38-46,likely short (CapnBry saw more here)
Gripklosa Mountains,152,bergklan hunter,1,49964,13090,True,1,1,38-46,matches CapnBry (small/rare camp)
Gripklosa Mountains,152,bergklan hunter,1,62369,32772,False,0,0,38-46,not seen by CapnBry here
Gripklosa Mountains,152,bergklan hunter,1,58458,44232,True,1,1,38-46,matches CapnBry (small/rare camp)
Gripklosa Mountains,152,bergklan hunter,1,52890,32638,True,1,3,38-46,matches CapnBry (small/rare camp)
Gripklosa Mountains,152,bergklan hunter,1,12199,17798,True,11,7,38-46,likely short (CapnBry saw more here)
Gripklosa Mountains,152,bergklan hunter,1,58865,38950,True,3,6,38-46,likely short (CapnBry saw more here)
Gripklosa Mountains,152,bergklan hunter,2,53962,47015,True,3,42,38-46,likely short (CapnBry saw more here)
Gripklosa Mountains,152,bergklan hunter,1,55521,51534,True,3,43,38-46,likely short (CapnBry saw more here)
Gripklosa Mountains,152,bergklan hunter,1,60801,43998,True,3,8,38-46,likely short (CapnBry saw more here)
Gripklosa Mountains,152,bergklan hunter,1,57430,20797,True,1,1,38-46,matches CapnBry (small/rare camp)
Gripklosa Mountains,152,megaloceros fawn,1,28641,47883,True,1,5,28-33,matches CapnBry (small/rare camp)
Gripklosa Mountains,152,megaloceros fawn,1,32024,38121,False,0,0,28-33,not seen by CapnBry here
Gripklosa Mountains,152,megaloceros fawn,1,10488,50960,True,3,36,28-33,likely short (CapnBry saw more here)
Gripklosa Mountains,152,megaloceros fawn,2,40625,32716,True,2,2,28-33,matches CapnBry (small/rare camp)
Gripklosa Mountains,152,megaloceros fawn,1,30392,37328,False,0,0,28-33,not seen by CapnBry here
Gripklosa Mountains,152,megaloceros fawn,2,37329,35371,True,2,4,28-33,matches CapnBry (small/rare camp)
Gripklosa Mountains,152,megaloceros fawn,1,33778,48400,True,2,8,28-33,matches CapnBry (small/rare camp)
Gripklosa Mountains,152,megaloceros fawn,1,31147,45286,True,2,7,28-33,matches CapnBry (small/rare camp)
Gripklosa Mountains,152,megaloceros fawn,2,35528,46806,True,2,10,28-33,matches CapnBry (small/rare camp)
Gripklosa Mountains,152,megaloceros fawn,1,14144,44358,True,2,5,28-33,matches CapnBry (small/rare camp)
Gripklosa Mountains,152,megaloceros fawn,1,18543,44090,True,6,8,28-33,likely short (CapnBry saw more here)
Gripklosa Mountains,152,megaloceros fawn,1,44019,37903,True,1,1,28-33,matches CapnBry (small/rare camp)
Gripklosa Mountains,152,megaloceros fawn,1,35408,43879,True,2,5,28-33,matches CapnBry (small/rare camp)
Gripklosa Mountains,152,megaloceros fawn,1,44150,27319,False,0,0,28-33,not seen by CapnBry here
Gripklosa Mountains,152,megaloceros fawn,1,42677,31288,True,2,2,28-33,matches CapnBry (small/rare camp)
Gripklosa Mountains,152,megaloceros fawn,1,33158,35916,False,0,0,28-33,not seen by CapnBry here
Gripklosa Mountains,152,megaloceros fawn,1,42524,37313,True,1,1,28-33,matches CapnBry (small/rare camp)
Gripklosa Mountains,152,megaloceros fawn,1,46229,36594,False,0,0,28-33,not seen by CapnBry here
Gripklosa Mountains,152,megaloceros fawn,1,31093,35908,False,0,0,28-33,not seen by CapnBry here
Gripklosa Mountains,152,megaloceros fawn,2,7599,51472,True,3,36,28-33,likely short (CapnBry saw more here)
Gripklosa Mountains,152,megaloceros fawn,1,17643,54166,True,9,21,28-33,likely short (CapnBry saw more here)
Gripklosa Mountains,152,megaloceros fawn,1,6378,60472,True,2,10,28-33,matches CapnBry (small/rare camp)
Gripklosa Mountains,152,megaloceros fawn,1,36006,40715,True,3,6,28-33,likely short (CapnBry saw more here)
Gripklosa Mountains,152,megaloceros fawn,1,8146,59469,True,2,23,28-33,matches CapnBry (small/rare camp)
Gripklosa Mountains,152,megaloceros fawn,1,6342,55284,True,3,32,28-33,likely short (CapnBry saw more here)
Gripklosa Mountains,152,megaloceros fawn,1,17162,61584,True,1,16,28-33,matches CapnBry (small/rare camp)
Gripklosa Mountains,152,megaloceros fawn,1,4878,54140,True,3,32,28-33,likely short (CapnBry saw more here)
Gripklosa Mountains,152,frosty skelett,1,45533,21295,False,0,0,38-43,not seen by CapnBry here
Gripklosa Mountains,152,frosty skelett,1,43659,16733,False,0,0,38-43,not seen by CapnBry here
Gripklosa Mountains,152,frosty skelett,2,34236,16892,True,4,1,38-43,likely short (CapnBry saw more here)
Gripklosa Mountains,152,frosty skelett,2,40909,13108,False,0,0,38-43,not seen by CapnBry here
Gripklosa Mountains,152,frosty skelett,2,43302,19120,False,0,0,38-43,not seen by CapnBry here
Gripklosa Mountains,152,frosty skelett,1,34787,19198,False,0,0,38-43,not seen by CapnBry here
Gripklosa Mountains,152,frosty skelett,2,43793,14492,False,0,0,38-43,not seen by CapnBry here
Gripklosa Mountains,152,frosty skelett,1,42060,14662,False,0,0,38-43,not seen by CapnBry here
Gripklosa Mountains,152,frosty skelett,1,43183,22003,False,0,0,38-43,not seen by CapnBry here
Gripklosa Mountains,152,frosty skelett,1,39301,15794,True,4,1,38-43,likely short (CapnBry saw more here)
Gripklosa Mountains,152,frosty skelett,1,61880,34270,True,1,6,38-43,matches CapnBry (small/rare camp)
Gripklosa Mountains,152,frosty skelett,1,55075,31792,True,7,7,38-43,likely short (CapnBry saw more here)
Gripklosa Mountains,152,frosty skelett,1,44333,28243,True,1,1,38-43,matches CapnBry (small/rare camp)
Gripklosa Mountains,152,woolly serpent,1,34528,13110,True,2,6,39-40,matches CapnBry (small/rare camp)
Gripklosa Mountains,152,woolly serpent,1,33998,15642,True,2,6,39-40,matches CapnBry (small/rare camp)
Gripklosa Mountains,152,woolly serpent,1,31529,12746,False,0,0,39-40,not seen by CapnBry here
Gripklosa Mountains,152,woolly serpent,2,50662,31544,True,1,2,39-40,matches CapnBry (small/rare camp)
Gripklosa Mountains,152,woolly serpent,1,48094,33505,True,1,2,39-40,matches CapnBry (small/rare camp)
Gripklosa Mountains,152,woolly serpent,1,40006,19306,True,1,3,39-40,matches CapnBry (small/rare camp)
Gripklosa Mountains,152,woolly serpent,1,43955,25371,True,1,1,39-40,matches CapnBry (small/rare camp)
Gripklosa Mountains,152,woolly serpent,1,54507,39340,True,1,4,39-40,matches CapnBry (small/rare camp)
Gripklosa Mountains,152,woolly serpent,1,38132,12351,True,2,6,39-40,matches CapnBry (small/rare camp)
Gripklosa Mountains,152,woolly serpent,2,63388,37948,True,2,1,39-40,matches CapnBry (small/rare camp)
Gripklosa Mountains,152,woolly serpent,1,62968,26188,False,0,0,39-40,not seen by CapnBry here
Gripklosa Mountains,152,woolly serpent,1,57155,21073,False,0,0,39-40,not seen by CapnBry here
Gripklosa Mountains,152,morvalt streber,1,32199,49360,True,8,9,29-34,likely short (CapnBry saw more here)
Gripklosa Mountains,152,morvalt streber,1,41737,36810,False,0,0,29-34,not seen by CapnBry here
Gripklosa Mountains,152,morvalt streber,1,41695,34927,False,0,0,29-34,not seen by CapnBry here
Gripklosa Mountains,152,morvalt streber,2,32883,38046,False,0,0,29-34,not seen by CapnBry here
Gripklosa Mountains,152,morvalt streber,1,42293,32940,False,0,0,29-34,not seen by CapnBry here
Gripklosa Mountains,152,morvalt streber,1,43864,37937,False,0,0,29-34,not seen by CapnBry here
Gripklosa Mountains,152,morvalt streber,2,36278,36121,False,0,0,29-34,not seen by CapnBry here
Gripklosa Mountains,152,morvalt streber,1,5969,27899,True,9,21,29-34,likely short (CapnBry saw more here)
Gripklosa Mountains,152,morvalt streber,1,30746,35706,False,0,0,29-34,not seen by CapnBry here
Gripklosa Mountains,152,morvalt streber,1,29023,40061,False,0,0,29-34,not seen by CapnBry here
Gripklosa Mountains,152,morvalt streber,1,28951,45243,False,0,0,29-34,not seen by CapnBry here
Gripklosa Mountains,152,morvalt streber,1,44179,34877,False,0,0,29-34,not seen by CapnBry here
Gripklosa Mountains,152,morvalt streber,1,34113,49620,True,8,9,29-34,likely short (CapnBry saw more here)
Gripklosa Mountains,152,morvalt streber,1,5947,32926,True,6,24,29-34,likely short (CapnBry saw more here)
Gripklosa Mountains,152,morvalt streber,1,6376,29781,True,9,13,29-34,likely short (CapnBry saw more here)
Gripklosa Mountains,152,mammoth bull,1,54386,9195,True,5,3,44-46,likely short (CapnBry saw more here)
Gripklosa Mountains,152,mammoth bull,1,55679,10539,False,0,0,44-46,not seen by CapnBry here
Gripklosa Mountains,152,mammoth bull,1,53987,11800,True,5,3,44-46,likely short (CapnBry saw more here)
Gripklosa Mountains,152,redcap spiker,1,47780,19449,True,1,6,45-52,matches CapnBry (small/rare camp)
Gripklosa Mountains,152,redcap spiker,1,49530,21340,True,1,6,45-52,matches CapnBry (small/rare camp)
Gripklosa Mountains,152,redcap spiker,1,48865,15745,True,1,5,45-52,matches CapnBry (small/rare camp)
Gripklosa Mountains,152,woolly mammoth,1,56637,22835,False,0,0,35-35,not seen by CapnBry here
Gripklosa Mountains,152,cave lioness,1,26377,10449,False,0,0,38-42,not seen by CapnBry here
Gripklosa Mountains,152,cave lioness,2,48167,26550,True,3,5,38-42,likely short (CapnBry saw more here)
Gripklosa Mountains,152,cave lioness,2,41216,25063,True,3,5,38-42,likely short (CapnBry saw more here)
Gripklosa Mountains,152,cave lioness,1,55920,29352,True,2,3,38-42,matches CapnBry (small/rare camp)
Gripklosa Mountains,152,cave lioness,1,25742,7144,False,0,0,38-42,not seen by CapnBry here
Gripklosa Mountains,152,cave lioness,1,33098,14217,False,0,0,38-42,not seen by CapnBry here
Gripklosa Mountains,152,cave lioness,1,55547,34835,True,2,7,38-42,matches CapnBry (small/rare camp)
Gripklosa Mountains,152,cave lioness,1,53420,29513,True,2,3,38-42,matches CapnBry (small/rare camp)
Gripklosa Mountains,152,cave lioness,1,38098,13350,False,0,0,38-42,not seen by CapnBry here
Gripklosa Mountains,152,cave lioness,1,49889,30829,True,2,3,38-42,matches CapnBry (small/rare camp)
Gripklosa Mountains,152,cave lioness,1,60617,38718,True,2,3,38-42,matches CapnBry (small/rare camp)
Gripklosa Mountains,152,cave lioness,1,37046,15307,False,0,0,38-42,not seen by CapnBry here
Gripklosa Mountains,152,cave lioness,1,62419,33458,False,0,0,38-42,not seen by CapnBry here
Gripklosa Mountains,152,cave lioness,2,48540,32953,False,0,0,38-42,not seen by CapnBry here
Gripklosa Mountains,152,cave lioness,2,35141,12300,False,0,0,38-42,not seen by CapnBry here
Gripklosa Mountains,152,cave lioness,2,23861,12459,False,0,0,38-42,not seen by CapnBry here
Gripklosa Mountains,152,cave lioness,2,43380,24203,True,3,5,38-42,likely short (CapnBry saw more here)
Gripklosa Mountains,152,cave lioness,1,64011,21303,False,0,0,38-42,not seen by CapnBry here
Gripklosa Mountains,152,cave lioness,1,28740,10816,False,0,0,38-42,not seen by CapnBry here
Gripklosa Mountains,152,cave lioness,1,57788,33671,True,2,4,38-42,matches CapnBry (small/rare camp)
Gripklosa Mountains,152,cave lioness,1,24890,14601,False,0,0,38-42,not seen by CapnBry here
Gripklosa Mountains,152,cave lioness,1,60620,40530,True,2,1,38-42,matches CapnBry (small/rare camp)
Gripklosa Mountains,152,cave lioness,1,49510,25361,True,1,1,38-42,matches CapnBry (small/rare camp)
Gripklosa Mountains,152,cave lioness,1,58852,18402,False,0,0,38-42,not seen by CapnBry here
Gripklosa Mountains,152,cave lioness,1,63962,36483,False,0,0,38-42,not seen by CapnBry here
Gripklosa Mountains,152,cave lioness,1,56750,31683,True,2,7,38-42,matches CapnBry (small/rare camp)
Gripklosa Mountains,152,cave lioness,1,53664,34273,True,2,5,38-42,matches CapnBry (small/rare camp)
Gripklosa Mountains,152,cave lioness,1,24911,9908,False,0,0,38-42,not seen by CapnBry here
Gripklosa Mountains,152,cave lioness,1,54223,18522,False,0,0,38-42,not seen by CapnBry here
Gripklosa Mountains,152,cave lioness,1,45375,25089,True,3,5,38-42,likely short (CapnBry saw more here)
Gripklosa Mountains,152,cave lioness,1,59688,26101,False,0,0,38-42,not seen by CapnBry here
Gripklosa Mountains,152,cave lioness,1,56444,16914,False,0,0,38-42,not seen by CapnBry here
Gripklosa Mountains,152,cave lioness,1,46943,23104,True,3,5,38-42,likely short (CapnBry saw more here)
Gripklosa Mountains,152,cave lioness,1,59489,35744,True,2,2,38-42,matches CapnBry (small/rare camp)
Gripklosa Mountains,152,cave lioness,1,59330,37294,True,2,3,38-42,matches CapnBry (small/rare camp)
Gripklosa Mountains,152,cave lioness,2,35067,16235,False,0,0,38-42,not seen by CapnBry here
Gripklosa Mountains,152,cave lioness,1,51433,30976,True,2,3,38-42,matches CapnBry (small/rare camp)
Gripklosa Mountains,152,cave lioness,1,40140,21695,True,2,1,38-42,matches CapnBry (small/rare camp)
Gripklosa Mountains,152,cave lioness,1,61932,37628,False,0,0,38-42,not seen by CapnBry here
Gripklosa Mountains,152,cave lioness,1,55148,43465,False,0,0,38-42,not seen by CapnBry here
Gripklosa Mountains,152,chilly skelett,1,5743,54683,True,4,9,25-29,likely short (CapnBry saw more here)
Gripklosa Mountains,152,chilly skelett,1,5762,51318,True,4,15,25-29,likely short (CapnBry saw more here)
Gripklosa Mountains,152,chilly skelett,1,6215,56134,True,2,19,25-29,matches CapnBry (small/rare camp)
Gripklosa Mountains,152,chilly skelett,2,5833,59149,True,2,19,25-29,matches CapnBry (small/rare camp)
Gripklosa Mountains,152,redcap herbalist,2,35575,4911,True,8,2,48-53,likely short (CapnBry saw more here)
Gripklosa Mountains,152,redcap herbalist,1,47651,20035,False,0,0,48-53,not seen by CapnBry here
Gripklosa Mountains,152,redcap herbalist,1,49177,11681,False,0,0,48-53,not seen by CapnBry here
Gripklosa Mountains,152,morvalt mammut jagare,2,26330,31168,False,0,0,48-51,not seen by CapnBry here
Gripklosa Mountains,152,morvalt mammut jagare,1,33070,32453,False,0,0,48-51,not seen by CapnBry here
Gripklosa Mountains,152,morvalt mammut jagare,1,23947,35664,False,0,0,48-51,not seen by CapnBry here
Gripklosa Mountains,152,morvalt mammut jagare,1,26801,34608,False,0,0,48-51,not seen by CapnBry here
Gripklosa Mountains,152,morvalt mammut jagare,2,23643,33432,False,0,0,48-51,not seen by CapnBry here
Gripklosa Mountains,152,morvalt mammut jagare,1,31973,35892,False,0,0,48-51,not seen by CapnBry here
Gripklosa Mountains,152,morvalt mammut jagare,1,25223,33468,False,0,0,48-51,not seen by CapnBry here
Gripklosa Mountains,152,morvalt mammut jagare,2,25652,36786,False,0,0,48-51,not seen by CapnBry here
Gripklosa Mountains,152,morvalt mammut jagare,1,26962,29192,False,0,0,48-51,not seen by CapnBry here
Gripklosa Mountains,152,venerable mammoth,1,58629,27321,True,2,2,39-42,matches CapnBry (small/rare camp)
Gripklosa Mountains,152,venerable mammoth,1,65175,22641,False,0,0,39-42,not seen by CapnBry here
Gripklosa Mountains,152,venerable mammoth,2,21512,20078,False,0,0,39-42,not seen by CapnBry here
Gripklosa Mountains,152,venerable mammoth,1,60319,18485,False,0,0,39-42,not seen by CapnBry here
Gripklosa Mountains,152,venerable mammoth,1,58821,23117,True,2,3,39-42,matches CapnBry (small/rare camp)
Gripklosa Mountains,152,venerable mammoth,1,58838,25637,True,2,3,39-42,matches CapnBry (small/rare camp)
Gripklosa Mountains,152,venerable mammoth,2,61221,22399,True,2,2,39-42,matches CapnBry (small/rare camp)
Gripklosa Mountains,152,venerable mammoth,1,62910,23201,True,2,1,39-42,matches CapnBry (small/rare camp)
Gripklosa Mountains,152,venerable mammoth,2,55719,23371,True,2,3,39-42,matches CapnBry (small/rare camp)
Gripklosa Mountains,152,venerable mammoth,1,58725,19937,False,0,0,39-42,not seen by CapnBry here
Gripklosa Mountains,152,venerable mammoth,2,60753,25334,True,2,2,39-42,matches CapnBry (small/rare camp)
Gripklosa Mountains,152,venerable mammoth,1,54803,11134,False,0,0,39-42,not seen by CapnBry here
Gripklosa Mountains,152,redcap dissecter,2,38124,5613,True,3,2,50-56,likely short (CapnBry saw more here)
Gripklosa Mountains,152,redcap dissecter,2,35805,4823,True,3,2,50-56,likely short (CapnBry saw more here)
Gripklosa Mountains,152,redcap dissecter,1,39918,4930,True,3,2,50-56,likely short (CapnBry saw more here)
Gripklosa Mountains,152,redcap dissecter,1,35219,1603,True,2,1,50-56,matches CapnBry (small/rare camp)
Gripklosa Mountains,152,morvalt landflyke,1,18051,53841,True,1,8,26-26,matches CapnBry (small/rare camp)
Gripklosa Mountains,152,morvalt vandarare,2,19723,45879,True,7,16,28-29,likely short (CapnBry saw more here)
Gripklosa Mountains,152,morvalt vandarare,1,22942,47625,False,0,0,28-29,not seen by CapnBry here
Gripklosa Mountains,152,morvalt vandarare,1,20927,51010,False,0,0,28-29,not seen by CapnBry here
Gripklosa Mountains,152,morvalt vandarare,1,17404,44297,True,7,16,28-29,likely short (CapnBry saw more here)
Gripklosa Mountains,152,morvalt vandarare,2,15943,48965,True,7,16,28-29,likely short (CapnBry saw more here)
Gripklosa Mountains,152,morvalt vandarare,1,16524,46280,True,7,16,28-29,likely short (CapnBry saw more here)
Gripklosa Mountains,152,morvalt vandarare,1,18124,46378,True,7,16,28-29,likely short (CapnBry saw more here)
Gripklosa Mountains,152,morvalt vandarare,1,20535,41828,False,0,0,28-29,not seen by CapnBry here
Gripklosa Mountains,152,mammoth calf,2,58419,23552,False,0,0,11-11,not seen by CapnBry here
Gripklosa Mountains,152,mammoth calf,1,59018,26882,False,0,0,11-11,not seen by CapnBry here
Gripklosa Mountains,152,mammoth calf,1,61509,20164,False,0,0,11-11,not seen by CapnBry here
Gripklosa Mountains,152,mammoth calf,1,56515,23309,False,0,0,11-11,not seen by CapnBry here
Gripklosa Mountains,152,mammoth calf,2,57931,21266,False,0,0,11-11,not seen by CapnBry here
Gripklosa Mountains,152,frost duster,1,41708,39046,True,10,8,34-35,likely short (CapnBry saw more here)
Gripklosa Mountains,152,frost duster,1,33292,50704,True,2,4,34-35,matches CapnBry (small/rare camp)
Gripklosa Mountains,152,frost duster,2,29435,40800,False,0,0,34-35,not seen by CapnBry here
Gripklosa Mountains,152,frost duster,2,40360,30013,False,0,0,34-35,not seen by CapnBry here
Gripklosa Mountains,152,frost duster,1,45246,36597,True,2,1,34-35,matches CapnBry (small/rare camp)
Gripklosa Mountains,152,frost duster,1,44244,27409,False,0,0,34-35,not seen by CapnBry here
Gripklosa Mountains,152,frost duster,1,43102,35160,True,5,6,34-35,likely short (CapnBry saw more here)
Gripklosa Mountains,152,frost duster,1,32652,37403,False,0,0,34-35,not seen by CapnBry here
Gripklosa Mountains,152,frost duster,2,45834,33359,True,2,1,34-35,matches CapnBry (small/rare camp)
Gripklosa Mountains,152,frost duster,1,29421,38529,False,0,0,34-35,not seen by CapnBry here
Gripklosa Mountains,152,frost duster,1,31234,44827,True,1,1,34-35,matches CapnBry (small/rare camp)
Gripklosa Mountains,152,frost duster,1,38305,34280,True,5,5,34-35,likely short (CapnBry saw more here)
Gripklosa Mountains,152,frost duster,1,33340,40934,True,7,2,34-35,likely short (CapnBry saw more here)
Gripklosa Mountains,152,frost duster,2,42505,29623,False,0,0,34-35,not seen by CapnBry here
Gripklosa Mountains,152,megaloceros,2,63943,41451,True,3,1,44-49,likely short (CapnBry saw more here)
Gripklosa Mountains,152,megaloceros,2,64272,51300,True,4,1,44-49,likely short (CapnBry saw more here)
Gripklosa Mountains,152,megaloceros,1,63232,45011,True,4,7,44-44,likely short (CapnBry saw more here)
Gripklosa Mountains,152,megaloceros,1,61730,45759,True,4,7,44-49,likely short (CapnBry saw more here)
Gripklosa Mountains,152,megaloceros,1,62368,43095,True,3,6,44-49,likely short (CapnBry saw more here)
Gripklosa Mountains,152,megaloceros,2,64861,43257,True,3,1,44-49,likely short (CapnBry saw more here)
Gripklosa Mountains,152,young mammoth,1,51368,9055,False,0,0,19-21,not seen by CapnBry here
Gripklosa Mountains,152,young mammoth,1,52981,7549,True,1,1,19-21,matches CapnBry (small/rare camp)
Gripklosa Mountains,152,young mammoth,1,54995,10253,True,1,1,19-21,matches CapnBry (small/rare camp)
Gripklosa Mountains,152,young mammoth,1,62975,18157,False,0,0,19-21,not seen by CapnBry here
Gripklosa Mountains,152,hypothermic morvalt,1,60592,36673,True,1,4,39-39,matches CapnBry (small/rare camp)
Gripklosa Mountains,152,hypothermic morvalt,1,59489,39884,True,1,1,39-39,matches CapnBry (small/rare camp)
Gripklosa Mountains,152,old matriarch,1,52149,6501,False,0,0,57-57,not seen by CapnBry here
Gripklosa Mountains,152,loden,1,21727,46533,False,0,0,26-26,not seen by CapnBry here
Gripklosa Mountains,152,bergklan slopewatcher,1,16087,13777,False,0,0,42-46,not seen by CapnBry here
Gripklosa Mountains,152,bergklan slopewatcher,1,12649,15617,False,0,0,42-46,not seen by CapnBry here
Gripklosa Mountains,152,bergklan slopewatcher,1,10260,15492,False,0,0,42-46,not seen by CapnBry here
Gripklosa Mountains,152,bergklan slopewatcher,1,12316,18085,False,0,0,42-46,not seen by CapnBry here
Gripklosa Mountains,152,idette,1,20152,46361,False,0,0,27-27,not seen by CapnBry here
Gripklosa Mountains,152,beskydda grundar,1,5069,6201,False,0,0,41-41,not seen by CapnBry here
Gripklosa Mountains,152,vaetild,1,32458,56190,False,0,0,30-30,not seen by CapnBry here
Gripklosa Mountains,152,pelterer blegkrak,1,29058,57348,False,0,0,29-29,not seen by CapnBry here
Gripklosa Mountains,152,kreg,1,46313,41138,False,0,0,38-38,not seen by CapnBry here
Gripklosa Mountains,152,mammoth matriarch,2,52098,8710,True,4,2,45-49,likely short (CapnBry saw more here)
Gripklosa Mountains,152,mammoth matriarch,1,55342,9786,True,4,2,45-49,likely short (CapnBry saw more here)
Gripklosa Mountains,152,mammoth matriarch,1,51719,7311,True,4,2,45-49,likely short (CapnBry saw more here)
Gripklosa Mountains,152,mammoth matriarch,1,53627,10734,True,4,2,45-49,likely short (CapnBry saw more here)
Gripklosa Mountains,152,mammoth matriarch,1,52841,6185,True,4,2,45-49,likely short (CapnBry saw more here)
Gripklosa Mountains,152,mammoth matriarch,1,51830,10393,True,4,2,45-45,likely short (CapnBry saw more here)
Gripklosa Mountains,152,sha-ra,1,54752,25264,False,0,0,45-45,not seen by CapnBry here
Gripklosa Mountains,152,morvalt avliden,2,28839,32673,False,0,0,50-50,not seen by CapnBry here
Gripklosa Mountains,152,morvalt avliden,1,26382,30724,False,0,0,50-50,not seen by CapnBry here
Gripklosa Mountains,152,morvalt avliden,2,24479,34229,False,0,0,50-50,not seen by CapnBry here
Gripklosa Mountains,152,morvalt avliden,2,21851,33487,False,0,0,50-50,not seen by CapnBry here
Gripklosa Mountains,152,morvalt avliden,1,28293,30390,False,0,0,50-50,not seen by CapnBry here
Gripklosa Mountains,152,morvalt avliden,1,22356,35203,False,0,0,50-50,not seen by CapnBry here
Gripklosa Mountains,152,morvalt avliden,2,26566,33153,False,0,0,50-50,not seen by CapnBry here
Gripklosa Mountains,152,morvalt avliden,1,32480,32928,False,0,0,50-50,not seen by CapnBry here
Gripklosa Mountains,152,morvalt avliden,1,33647,35271,False,0,0,50-50,not seen by CapnBry here
Gripklosa Mountains,152,morvalt avliden,1,32758,30598,False,0,0,50-50,not seen by CapnBry here
Gripklosa Mountains,152,morvalt avliden,1,28968,38423,False,0,0,50-50,not seen by CapnBry here
Gripklosa Mountains,152,teetering block of ice,1,26459,6826,False,0,0,30-30,not seen by CapnBry here
Gripklosa Mountains,152,teetering block of ice,1,20195,5241,True,4,1,30-30,likely short (CapnBry saw more here)
Gripklosa Mountains,152,teetering block of ice,1,25281,8207,False,0,0,30-30,not seen by CapnBry here
Gripklosa Mountains,152,teetering block of ice,1,22594,4487,True,4,1,30-30,likely short (CapnBry saw more here)
Gripklosa Mountains,152,morvalt framkalla,1,24889,33326,False,0,0,47-52,not seen by CapnBry here
Gripklosa Mountains,152,morvalt framkalla,1,33586,34395,False,0,0,47-52,not seen by CapnBry here
Gripklosa Mountains,152,morvalt framkalla,1,33681,36151,False,0,0,47-52,not seen by CapnBry here
Gripklosa Mountains,152,morvalt framkalla,1,24261,35165,False,0,0,47-52,not seen by CapnBry here
Gripklosa Mountains,152,morvalt framkalla,1,24301,38086,False,0,0,47-52,not seen by CapnBry here
Gripklosa Mountains,152,morvalt framkalla,1,30258,29414,False,0,0,47-52,not seen by CapnBry here
Gripklosa Mountains,152,morvalt framkalla,1,26630,38189,False,0,0,47-52,not seen by CapnBry here
Gripklosa Mountains,152,mammoth herdguard,1,62592,22793,True,7,2,39-39,likely short (CapnBry saw more here)
Gripklosa Mountains,152,mammoth herdguard,1,63139,26187,True,7,2,39-39,likely short (CapnBry saw more here)
Gripklosa Mountains,152,mammoth herdguard,1,65480,23746,False,0,0,39-39,not seen by CapnBry here
Gripklosa Mountains,152,mammoth herdguard,1,57472,26971,True,5,2,39-39,likely short (CapnBry saw more here)
Gripklosa Mountains,152,mammoth herdguard,1,63601,29044,False,0,0,39-39,not seen by CapnBry here
Gripklosa Mountains,152,mammoth herdguard,1,58770,29949,False,0,0,39-39,not seen by CapnBry here
Gripklosa Mountains,152,mammoth herdguard,1,62955,24301,True,7,2,39-39,likely short (CapnBry saw more here)
Gripklosa Mountains,152,mammoth herdguard,1,60786,23465,True,7,2,39-39,likely short (CapnBry saw more here)
Gripklosa Mountains,152,mammoth herdguard,1,62024,21277,True,7,2,39-39,likely short (CapnBry saw more here)
Gripklosa Mountains,152,streber rengo,1,3518,35444,False,0,0,33-33,not seen by CapnBry here
Delling Crater,153,sulphur-stained skeleton,1,28144,41765,True,3,6,42-46,likely short (CapnBry saw more here)
Delling Crater,153,sulphur-stained skeleton,1,28180,40194,True,3,6,42-46,likely short (CapnBry saw more here)
Delling Crater,153,sulphur-stained skeleton,1,30056,40717,True,3,6,42-46,likely short (CapnBry saw more here)
Delling Crater,153,sulphur-stained skeleton,2,29094,38798,True,3,6,42-46,likely short (CapnBry saw more here)
Delling Crater,153,sulphur-stained skeleton,1,29598,42449,True,3,6,42-46,likely short (CapnBry saw more here)
Delling Crater,153,sulphur-stained skeleton,2,21232,47596,True,2,33,42-46,matches CapnBry (small/rare camp)
Delling Crater,153,sulphur-stained skeleton,1,19881,53505,True,4,10,42-46,likely short (CapnBry saw more here)
Delling Crater,153,sulphur-stained skeleton,2,17322,52411,True,4,19,42-46,likely short (CapnBry saw more here)
Delling Crater,153,sulphur-stained skeleton,1,16407,54391,True,4,19,42-46,likely short (CapnBry saw more here)
Delling Crater,153,sulphur-stained skeleton,1,13802,54618,True,1,9,42-46,matches CapnBry (small/rare camp)
Delling Crater,153,sulphur-stained skeleton,1,16002,45775,True,2,24,42-46,matches CapnBry (small/rare camp)
Delling Crater,153,sulphur-stained skeleton,1,12058,46215,True,1,14,42-46,matches CapnBry (small/rare camp)
Delling Crater,153,sulphur-stained skeleton,1,19197,45775,True,2,33,42-46,matches CapnBry (small/rare camp)
Delling Crater,153,sulphur-stained skeleton,1,20613,45259,True,2,33,42-46,matches CapnBry (small/rare camp)
Delling Crater,153,sulphur-stained skeleton,1,19857,50408,True,4,31,42-46,likely short (CapnBry saw more here)
Delling Crater,153,hrimthursa warrior,1,57797,14186,True,3,5,42-50,likely short (CapnBry saw more here)
Delling Crater,153,hrimthursa warrior,1,51602,17243,True,5,5,42-50,likely short (CapnBry saw more here)
Delling Crater,153,hrimthursa warrior,2,42841,9726,True,4,3,42-50,likely short (CapnBry saw more here)
Delling Crater,153,hrimthursa warrior,1,45357,8321,True,4,8,42-50,likely short (CapnBry saw more here)
Delling Crater,153,hrimthursa warrior,2,53074,12123,True,5,10,42-50,likely short (CapnBry saw more here)
Delling Crater,153,hrimthursa warrior,1,44266,14197,True,1,2,42-50,matches CapnBry (small/rare camp)
Delling Crater,153,hrimthursa warrior,1,59338,19340,True,1,1,42-50,matches CapnBry (small/rare camp)
Delling Crater,153,hrimthursa warrior,1,57948,15923,True,3,4,42-50,likely short (CapnBry saw more here)
Delling Crater,153,hrimthursa warrior,1,52435,14355,True,5,11,42-50,likely short (CapnBry saw more here)
Delling Crater,153,hrimthursa warrior,1,43093,12603,True,4,5,42-50,likely short (CapnBry saw more here)
Delling Crater,153,hrimthursa warrior,1,54554,16962,True,5,7,42-50,likely short (CapnBry saw more here)
Delling Crater,153,crater cicada,2,17955,23238,True,3,4,31-35,likely short (CapnBry saw more here)
Delling Crater,153,crater cicada,1,19663,26904,False,0,0,31-35,not seen by CapnBry here
Delling Crater,153,crater cicada,1,27149,57602,True,1,1,31-35,matches CapnBry (small/rare camp)
Delling Crater,153,crater cicada,1,13112,46348,True,4,9,31-35,likely short (CapnBry saw more here)
Delling Crater,153,crater cicada,1,12365,19595,True,4,7,31-35,likely short (CapnBry saw more here)
Delling Crater,153,crater cicada,1,14160,15974,True,4,6,31-35,likely short (CapnBry saw more here)
Delling Crater,153,crater cicada,1,10164,14705,True,4,6,31-35,likely short (CapnBry saw more here)
Delling Crater,153,crater cicada,1,20323,52173,True,10,7,31-35,likely short (CapnBry saw more here)
Delling Crater,153,crater cicada,1,11716,21312,True,3,2,31-35,likely short (CapnBry saw more here)
Delling Crater,153,crater cicada,1,14858,45550,True,3,9,31-35,likely short (CapnBry saw more here)
Delling Crater,153,crater cicada,1,9662,21737,True,3,2,31-35,likely short (CapnBry saw more here)
Delling Crater,153,crater cicada,1,28485,53109,True,10,14,31-35,likely short (CapnBry saw more here)
Delling Crater,153,crater cicada,1,12059,53129,True,3,3,31-35,likely short (CapnBry saw more here)
Delling Crater,153,crater cicada,1,12408,49769,True,4,6,31-35,likely short (CapnBry saw more here)
Delling Crater,153,crater cicada,2,11480,51488,True,4,6,31-35,likely short (CapnBry saw more here)
Delling Crater,153,crater cicada,1,11150,18143,True,4,7,31-35,likely short (CapnBry saw more here)
Delling Crater,153,crater cicada,1,17103,44450,True,3,9,31-35,likely short (CapnBry saw more here)
Delling Crater,153,crater cicada,1,15059,53524,True,3,5,31-35,likely short (CapnBry saw more here)
Delling Crater,153,crater cicada,1,10827,19951,True,3,4,31-35,likely short (CapnBry saw more here)
Delling Crater,153,crater cicada,1,13662,13959,True,4,4,31-35,likely short (CapnBry saw more here)
Delling Crater,153,crater cicada,2,29213,56131,True,1,1,31-35,matches CapnBry (small/rare camp)
Delling Crater,153,crater cicada,1,16445,54553,True,3,3,31-35,likely short (CapnBry saw more here)
Delling Crater,153,crater cicada,1,18778,54432,True,2,2,31-35,matches CapnBry (small/rare camp)
Delling Crater,153,crater cicada,1,17712,25531,True,3,3,31-35,likely short (CapnBry saw more here)
Delling Crater,153,crater cicada,1,2343,14775,True,5,2,31-35,likely short (CapnBry saw more here)
Delling Crater,153,crater cicada,1,15017,20805,True,3,6,31-35,likely short (CapnBry saw more here)
Delling Crater,153,crater cicada,2,1162,10440,True,5,2,31-35,likely short (CapnBry saw more here)
Delling Crater,153,crater cicada,1,17096,21346,True,3,6,31-35,likely short (CapnBry saw more here)
Delling Crater,153,crater cicada,1,18547,18269,True,3,3,31-35,likely short (CapnBry saw more here)
Delling Crater,153,crater cicada,1,25347,42789,True,5,16,31-35,likely short (CapnBry saw more here)
Delling Crater,153,crater cicada,1,6653,10386,True,1,1,31-35,matches CapnBry (small/rare camp)
Delling Crater,153,crater cicada,1,16632,19804,True,3,6,31-35,likely short (CapnBry saw more here)
Delling Crater,153,crater cicada,1,13512,42434,True,2,7,31-35,matches CapnBry (small/rare camp)
Delling Crater,153,crater cicada,1,24973,56749,True,10,6,31-35,likely short (CapnBry saw more here)
Delling Crater,153,crater cicada,1,16903,17651,True,3,3,31-35,likely short (CapnBry saw more here)
Delling Crater,153,crater cicada,1,14899,19238,True,3,3,31-35,likely short (CapnBry saw more here)
Delling Crater,153,morvalt mammut jagare,2,58370,59041,True,2,1,48-51,matches CapnBry (small/rare camp)
Delling Crater,153,morvalt mammut jagare,1,54110,62231,False,0,0,48-51,not seen by CapnBry here
Delling Crater,153,morvalt mammut jagare,1,34208,50905,True,3,1,48-51,likely short (CapnBry saw more here)
Delling Crater,153,morvalt mammut jagare,1,45182,49357,False,0,0,48-51,not seen by CapnBry here
Delling Crater,153,morvalt mammut jagare,1,33864,54169,True,3,1,48-51,likely short (CapnBry saw more here)
Delling Crater,153,morvalt mammut jagare,1,40840,44442,True,1,2,48-51,matches CapnBry (small/rare camp)
Delling Crater,153,morvalt mammut jagare,2,44433,54823,False,0,0,48-51,not seen by CapnBry here
Delling Crater,153,morvalt mammut jagare,1,43491,50883,False,0,0,48-51,not seen by CapnBry here
Delling Crater,153,morvalt mammut jagare,1,40312,53403,False,0,0,48-51,not seen by CapnBry here
Delling Crater,153,morvalt mammut jagare,1,46841,62629,False,0,0,48-51,not seen by CapnBry here
Delling Crater,153,morvalt mammut jagare,1,40509,55951,False,0,0,48-51,not seen by CapnBry here
Delling Crater,153,morvalt mammut jagare,1,57196,57248,True,2,1,48-51,matches CapnBry (small/rare camp)
Delling Crater,153,morvalt mammut jagare,1,45192,44000,True,1,2,48-51,matches CapnBry (small/rare camp)
Delling Crater,153,morvalt mammut jagare,1,58788,57010,True,2,1,48-51,matches CapnBry (small/rare camp)
Delling Crater,153,morvalt mammut jagare,1,36445,51384,True,3,1,48-51,likely short (CapnBry saw more here)
Delling Crater,153,morvalt mammut jagare,1,46031,59768,True,2,1,48-51,matches CapnBry (small/rare camp)
Delling Crater,153,morvalt mammut jagare,1,38196,46287,True,1,1,48-51,matches CapnBry (small/rare camp)
Delling Crater,153,morvalt mammut jagare,1,36231,61359,False,0,0,48-51,not seen by CapnBry here
Delling Crater,153,morvalt mammut jagare,1,52171,54737,False,0,0,48-51,not seen by CapnBry here
Delling Crater,153,morvalt mammut jagare,1,51133,48417,False,0,0,48-51,not seen by CapnBry here
Delling Crater,153,morvalt mammut jagare,1,31030,47416,False,0,0,48-51,not seen by CapnBry here
Delling Crater,153,morvalt mammut jagare,1,44016,61681,True,2,1,48-51,matches CapnBry (small/rare camp)
Delling Crater,153,sulphurous cloud,1,17945,24899,False,0,0,34-37,not seen by CapnBry here
Delling Crater,153,sulphurous cloud,1,18997,39283,True,3,12,34-37,likely short (CapnBry saw more here)
Delling Crater,153,sulphurous cloud,1,36071,61077,True,6,53,34-37,likely short (CapnBry saw more here)
Delling Crater,153,sulphurous cloud,1,34710,62028,True,6,64,34-37,likely short (CapnBry saw more here)
Delling Crater,153,sulphurous cloud,1,28897,57342,True,6,25,34-37,likely short (CapnBry saw more here)
Delling Crater,153,sulphurous cloud,1,13240,17733,True,1,1,34-37,matches CapnBry (small/rare camp)
Delling Crater,153,sulphurous cloud,1,36316,59286,True,6,64,34-37,likely short (CapnBry saw more here)
Delling Crater,153,sulphurous cloud,1,32940,62360,True,6,64,34-37,likely short (CapnBry saw more here)
Delling Crater,153,sulphurous cloud,2,23820,31355,True,3,2,34-37,likely short (CapnBry saw more here)
Delling Crater,153,sulphurous cloud,1,26307,53711,True,4,25,34-37,likely short (CapnBry saw more here)
Delling Crater,153,sulphurous cloud,1,22488,32140,True,3,2,34-37,likely short (CapnBry saw more here)
Delling Crater,153,sulphurous cloud,2,22679,43305,False,0,0,34-37,not seen by CapnBry here
Delling Crater,153,sulphurous cloud,1,24591,42334,True,6,10,34-37,likely short (CapnBry saw more here)
Delling Crater,153,sulphurous cloud,1,24462,52163,True,4,11,34-37,likely short (CapnBry saw more here)
Delling Crater,153,sulphurous cloud,1,28333,45873,True,6,10,34-37,likely short (CapnBry saw more here)
Delling Crater,153,sulphurous cloud,2,25366,54948,True,4,25,34-37,likely short (CapnBry saw more here)
Delling Crater,153,sulphurous cloud,1,15159,37932,True,20,43,34-37,likely short (CapnBry saw more here)
Delling Crater,153,yellowed skeleton,1,15528,34315,True,3,19,34-39,likely short (CapnBry saw more here)
Delling Crater,153,yellowed skeleton,1,10927,30393,True,3,9,34-39,likely short (CapnBry saw more here)
Delling Crater,153,yellowed skeleton,1,13889,23871,True,1,5,34-39,matches CapnBry (small/rare camp)
Delling Crater,153,yellowed skeleton,1,14707,36315,True,10,25,34-39,likely short (CapnBry saw more here)
Delling Crater,153,yellowed skeleton,2,15289,20721,True,2,5,34-39,matches CapnBry (small/rare camp)
Delling Crater,153,yellowed skeleton,1,4630,12960,True,3,2,34-39,likely short (CapnBry saw more here)
Delling Crater,153,yellowed skeleton,1,11558,21384,True,2,7,34-39,matches CapnBry (small/rare camp)
Delling Crater,153,yellowed skeleton,1,28571,46240,True,4,9,34-39,likely short (CapnBry saw more here)
Delling Crater,153,yellowed skeleton,1,8153,13608,True,3,2,34-39,likely short (CapnBry saw more here)
Delling Crater,153,yellowed skeleton,2,29865,56256,True,5,35,34-39,likely short (CapnBry saw more here)
Delling Crater,153,yellowed skeleton,1,24258,44560,True,4,27,34-39,likely short (CapnBry saw more here)
Delling Crater,153,yellowed skeleton,1,26024,40954,True,4,27,34-39,likely short (CapnBry saw more here)
Delling Crater,153,yellowed skeleton,1,29620,44296,True,4,9,34-39,likely short (CapnBry saw more here)
Delling Crater,153,yellowed skeleton,1,28477,33778,False,0,0,34-39,not seen by CapnBry here
Delling Crater,153,yellowed skeleton,2,12557,27365,True,3,8,34-39,likely short (CapnBry saw more here)
Delling Crater,153,yellowed skeleton,1,29856,48189,False,0,0,34-39,not seen by CapnBry here
Delling Crater,153,yellowed skeleton,1,13185,32717,True,3,17,34-39,likely short (CapnBry saw more here)
Delling Crater,153,yellowed skeleton,1,4784,15249,True,3,2,34-39,likely short (CapnBry saw more here)
Delling Crater,153,yellowed skeleton,1,25503,52643,True,5,45,34-39,likely short (CapnBry saw more here)
Delling Crater,153,yellowed skeleton,1,30428,32694,False,0,0,34-39,not seen by CapnBry here
Delling Crater,153,yellowed skeleton,1,10620,26081,True,3,6,34-39,likely short (CapnBry saw more here)
Delling Crater,153,yellowed skeleton,1,22885,43452,True,2,18,34-39,matches CapnBry (small/rare camp)
Delling Crater,153,yellowed skeleton,1,2586,8537,False,0,0,34-39,not seen by CapnBry here
Delling Crater,153,yellowed skeleton,1,24637,41993,True,4,27,34-39,likely short (CapnBry saw more here)
Delling Crater,153,yellowed skeleton,1,17688,22907,True,1,3,34-39,matches CapnBry (small/rare camp)
Delling Crater,153,griffon frostwing,2,44415,29801,True,6,36,46-53,likely short (CapnBry saw more here)
Delling Crater,153,griffon frostwing,1,35902,25298,True,11,29,46-53,likely short (CapnBry saw more here)
Delling Crater,153,griffon frostwing,2,41630,24069,True,11,40,46-53,likely short (CapnBry saw more here)
Delling Crater,153,griffon frostwing,2,24929,19086,True,1,5,46-53,matches CapnBry (small/rare camp)
Delling Crater,153,griffon frostwing,1,54285,42590,True,5,5,46-53,likely short (CapnBry saw more here)
Delling Crater,153,griffon frostwing,1,27309,29840,False,0,0,46-53,not seen by CapnBry here
Delling Crater,153,griffon frostwing,1,45661,33587,True,6,21,46-53,likely short (CapnBry saw more here)
Delling Crater,153,griffon frostwing,1,47526,36750,True,6,11,46-53,likely short (CapnBry saw more here)
Delling Crater,153,griffon frostwing,1,30853,28126,True,1,10,46-53,matches CapnBry (small/rare camp)
Delling Crater,153,griffon frostwing,1,47048,27752,True,4,24,46-53,likely short (CapnBry saw more here)
Delling Crater,153,griffon frostwing,1,44023,27968,True,6,37,46-53,likely short (CapnBry saw more here)
Delling Crater,153,griffon frostwing,1,45605,43006,False,0,0,46-53,not seen by CapnBry here
Delling Crater,153,griffon frostwing,1,49902,31599,True,4,10,46-53,likely short (CapnBry saw more here)
Delling Crater,153,griffon frostwing,1,34299,22658,True,3,3,46-53,likely short (CapnBry saw more here)
Delling Crater,153,griffon frostwing,1,45427,36830,True,6,9,46-53,likely short (CapnBry saw more here)
Delling Crater,153,griffon frostwing,1,40079,31098,True,6,16,46-53,likely short (CapnBry saw more here)
Delling Crater,153,griffon frostwing,2,52482,36495,True,6,22,46-53,likely short (CapnBry saw more here)
Delling Crater,153,griffon frostwing,1,26886,21951,True,1,7,46-53,matches CapnBry (small/rare camp)
Delling Crater,153,griffon frostwing,1,30128,21493,True,1,5,46-53,matches CapnBry (small/rare camp)
Delling Crater,153,griffon frostwing,1,26526,28029,False,0,0,46-53,not seen by CapnBry here
Delling Crater,153,basalt golem,1,19356,52993,True,8,9,43-47,likely short (CapnBry saw more here)
Delling Crater,153,basalt golem,1,18285,51488,True,8,9,43-47,likely short (CapnBry saw more here)
Delling Crater,153,pumice golem,2,32322,52654,False,0,0,35-39,not seen by CapnBry here
Delling Crater,153,pumice golem,1,27945,49481,True,2,10,35-39,matches CapnBry (small/rare camp)
Delling Crater,153,pumice golem,2,19428,38830,True,4,7,35-39,likely short (CapnBry saw more here)
Delling Crater,153,pumice golem,1,23987,40897,True,5,16,35-39,likely short (CapnBry saw more here)
Delling Crater,153,pumice golem,1,29831,54440,True,3,17,35-39,likely short (CapnBry saw more here)
Delling Crater,153,pumice golem,1,27372,55680,True,3,18,35-39,likely short (CapnBry saw more here)
Delling Crater,153,pumice golem,1,24289,43207,True,5,16,35-39,likely short (CapnBry saw more here)
Delling Crater,153,pumice golem,1,22122,33504,True,3,3,35-39,likely short (CapnBry saw more here)
Delling Crater,153,pumice golem,1,25025,33174,True,3,3,35-39,likely short (CapnBry saw more here)
Delling Crater,153,pumice golem,1,25385,48489,False,0,0,35-39,not seen by CapnBry here
Delling Crater,153,pumice golem,1,25095,35266,True,3,3,35-39,likely short (CapnBry saw more here)
Delling Crater,153,pumice golem,1,28772,56445,True,3,17,35-39,likely short (CapnBry saw more here)
Delling Crater,153,pumice golem,1,27434,47425,True,5,11,35-39,likely short (CapnBry saw more here)
Delling Crater,153,pumice golem,2,28898,43835,True,5,12,35-39,likely short (CapnBry saw more here)
Delling Crater,153,pumice golem,2,29331,52460,True,3,17,35-39,likely short (CapnBry saw more here)
Delling Crater,153,pumice golem,1,27578,57489,True,3,18,35-39,likely short (CapnBry saw more here)
Delling Crater,153,pumice golem,1,27998,45673,True,5,12,35-39,likely short (CapnBry saw more here)
Delling Crater,153,pumice golem,2,26326,41940,True,5,16,35-39,likely short (CapnBry saw more here)
Delling Crater,153,pumice golem,1,19109,35319,True,4,10,35-39,likely short (CapnBry saw more here)
Delling Crater,153,pumice golem,1,29204,34360,False,0,0,35-39,not seen by CapnBry here
Delling Crater,153,pumice golem,1,26243,36748,True,3,2,35-39,likely short (CapnBry saw more here)
Delling Crater,153,pumice golem,1,26383,44977,True,5,12,35-39,likely short (CapnBry saw more here)
Delling Crater,153,pumice golem,1,27906,36010,False,0,0,35-39,not seen by CapnBry here
Delling Crater,153,pumice golem,1,20897,31383,True,3,3,35-39,likely short (CapnBry saw more here)
Delling Crater,153,pumice golem,1,15564,36764,True,4,7,35-39,likely short (CapnBry saw more here)
Delling Crater,153,pumice golem,1,23891,32142,True,3,3,35-39,likely short (CapnBry saw more here)
Delling Crater,153,griffon companion,2,29692,18754,False,0,0,59-67,not seen by CapnBry here
Delling Crater,153,griffon companion,2,52434,23796,False,0,0,59-67,not seen by CapnBry here
Delling Crater,153,griffon companion,2,57301,28973,False,0,0,59-67,not seen by CapnBry here
Delling Crater,153,griffon companion,2,27687,17446,False,0,0,59-67,not seen by CapnBry here
Delling Crater,153,griffon companion,1,55183,28598,False,0,0,59-67,not seen by CapnBry here
Delling Crater,153,griffon companion,1,28370,13978,False,0,0,59-67,not seen by CapnBry here
Delling Crater,153,griffon companion,1,55712,26127,False,0,0,59-67,not seen by CapnBry here
Delling Crater,153,vapor element,1,14401,36706,True,1,11,35-40,matches CapnBry (small/rare camp)
Delling Crater,153,vapor element,1,21367,32884,True,3,3,35-40,likely short (CapnBry saw more here)
Delling Crater,153,vapor element,1,27196,48443,False,0,0,35-40,not seen by CapnBry here
Delling Crater,153,vapor element,1,34297,32686,True,1,4,35-40,matches CapnBry (small/rare camp)
Delling Crater,153,vapor element,1,17088,37652,True,1,11,35-40,matches CapnBry (small/rare camp)
Delling Crater,153,vapor element,1,35718,34423,False,0,0,35-40,not seen by CapnBry here
Delling Crater,153,vapor element,1,26591,51363,True,2,31,35-40,matches CapnBry (small/rare camp)
Delling Crater,153,vapor element,1,28612,56483,True,2,31,35-40,matches CapnBry (small/rare camp)
Delling Crater,153,vapor element,1,27806,55123,True,2,31,35-40,matches CapnBry (small/rare camp)
Delling Crater,153,vapor element,1,29328,53160,True,2,31,35-40,matches CapnBry (small/rare camp)
Delling Crater,153,vapor element,2,18177,39369,True,1,6,35-40,matches CapnBry (small/rare camp)
Delling Crater,153,vapor element,1,36226,32013,False,0,0,35-40,not seen by CapnBry here
Delling Crater,153,vapor element,1,24294,34546,True,1,2,35-40,matches CapnBry (small/rare camp)
Delling Crater,153,vapor element,2,25977,33019,True,1,2,35-40,matches CapnBry (small/rare camp)
Delling Crater,153,vapor element,2,16964,43622,True,2,24,35-40,matches CapnBry (small/rare camp)
Delling Crater,153,vapor element,1,30161,31626,True,1,4,35-40,matches CapnBry (small/rare camp)
Delling Crater,153,vapor element,1,24318,54075,True,2,31,35-40,matches CapnBry (small/rare camp)
Delling Crater,153,vapor element,1,24914,50653,True,2,8,35-40,matches CapnBry (small/rare camp)
Delling Crater,153,vapor element,1,27049,42943,True,2,9,35-40,matches CapnBry (small/rare camp)
Delling Crater,153,vapor element,1,21235,31045,True,3,3,35-40,likely short (CapnBry saw more here)
Delling Crater,153,vapor element,1,22211,29650,True,3,3,35-40,likely short (CapnBry saw more here)
Delling Crater,153,dellingstad fortifier,2,22565,55079,False,0,0,48-56,not seen by CapnBry here
Delling Crater,153,woolly mammoth,1,11418,10812,True,4,3,34-35,likely short (CapnBry saw more here)
Delling Crater,153,woolly mammoth,1,14423,28216,True,1,2,34-35,matches CapnBry (small/rare camp)
Delling Crater,153,woolly mammoth,1,53242,54584,False,0,0,34-35,not seen by CapnBry here
Delling Crater,153,woolly mammoth,1,18389,20943,True,4,5,34-35,likely short (CapnBry saw more here)
Delling Crater,153,woolly mammoth,1,51448,54472,True,2,1,34-35,matches CapnBry (small/rare camp)
Delling Crater,153,woolly mammoth,1,49748,52101,True,2,1,34-35,matches CapnBry (small/rare camp)
Delling Crater,153,woolly mammoth,1,5588,11258,True,2,1,34-35,matches CapnBry (small/rare camp)
Delling Crater,153,woolly mammoth,1,36212,41309,False,0,0,34-35,not seen by CapnBry here
Delling Crater,153,woolly mammoth,1,14469,19313,True,4,2,34-35,likely short (CapnBry saw more here)
Delling Crater,153,woolly mammoth,1,6989,18832,False,0,0,34-35,not seen by CapnBry here
Delling Crater,153,woolly mammoth,1,48057,52527,True,2,1,34-35,matches CapnBry (small/rare camp)
Delling Crater,153,woolly mammoth,1,8749,31508,True,4,5,34-35,likely short (CapnBry saw more here)
Delling Crater,153,woolly mammoth,1,34617,40786,False,0,0,34-35,not seen by CapnBry here
Delling Crater,153,woolly mammoth,1,8775,20672,False,0,0,34-35,not seen by CapnBry here
Delling Crater,153,woolly mammoth,2,9876,18666,False,0,0,34-35,not seen by CapnBry here
Delling Crater,153,woolly mammoth,1,16489,22679,True,4,5,34-35,likely short (CapnBry saw more here)
Delling Crater,153,woolly mammoth,1,12714,29641,True,4,5,34-35,likely short (CapnBry saw more here)
Delling Crater,153,woolly mammoth,1,12980,11850,True,4,2,34-35,likely short (CapnBry saw more here)
Delling Crater,153,woolly mammoth,1,4119,18047,False,0,0,34-35,not seen by CapnBry here
Delling Crater,153,woolly mammoth,1,7853,9722,True,4,2,34-35,likely short (CapnBry saw more here)
Delling Crater,153,woolly mammoth,1,10834,31807,True,4,5,34-35,likely short (CapnBry saw more here)
Delling Crater,153,woolly mammoth,1,19835,22101,True,1,3,34-35,matches CapnBry (small/rare camp)
Delling Crater,153,woolly mammoth,1,9646,8950,True,4,2,34-35,likely short (CapnBry saw more here)
Delling Crater,153,woolly mammoth,1,29712,51305,False,0,0,34-35,not seen by CapnBry here
Delling Crater,153,woolly mammoth,1,13871,14061,True,4,2,34-35,likely short (CapnBry saw more here)
Delling Crater,153,woolly mammoth,1,9858,29121,True,4,3,34-35,likely short (CapnBry saw more here)
Delling Crater,153,woolly mammoth,1,5208,25427,False,0,0,34-35,not seen by CapnBry here
Delling Crater,153,griffon eagle-eye,1,26158,32293,True,8,21,39-44,likely short (CapnBry saw more here)
Delling Crater,153,griffon eagle-eye,1,24934,39828,True,3,2,39-44,likely short (CapnBry saw more here)
Delling Crater,153,griffon eagle-eye,1,24187,32944,True,6,21,39-44,likely short (CapnBry saw more here)
Delling Crater,153,griffon eagle-eye,1,25030,37482,True,3,8,39-44,likely short (CapnBry saw more here)
Delling Crater,153,griffon eagle-eye,1,23110,40448,True,3,2,39-44,likely short (CapnBry saw more here)
Delling Crater,153,griffon eagle-eye,1,26335,38664,True,3,8,39-44,likely short (CapnBry saw more here)
Delling Crater,153,griffon eagle-eye,2,23112,37725,True,3,8,39-44,likely short (CapnBry saw more here)
Delling Crater,153,griffon eagle-eye,1,27449,40929,False,0,0,39-44,not seen by CapnBry here
Delling Crater,153,griffon eagle-eye,1,27631,30883,True,8,15,39-44,likely short (CapnBry saw more here)
Delling Crater,153,griffon eagle-eye,1,21988,35161,True,3,2,39-44,likely short (CapnBry saw more here)
Delling Crater,153,griffon eagle-eye,1,22272,29604,True,8,8,39-44,likely short (CapnBry saw more here)
Delling Crater,153,hrimthursa brute,2,22836,10959,True,4,4,31-34,likely short (CapnBry saw more here)
Delling Crater,153,hrimthursa brute,2,8527,3992,False,0,0,31-34,not seen by CapnBry here
Delling Crater,153,hrimthursa brute,2,24620,9182,True,4,1,31-34,likely short (CapnBry saw more here)
Delling Crater,153,hrimthursa brute,1,15804,9636,False,0,0,31-34,not seen by CapnBry here
Delling Crater,153,eyrie tender,1,46777,41051,True,7,2,44-51,likely short (CapnBry saw more here)
Delling Crater,153,eyrie tender,1,49081,37552,True,10,8,44-51,likely short (CapnBry saw more here)
Delling Crater,153,eyrie tender,1,46700,38399,True,10,4,44-51,likely short (CapnBry saw more here)
Delling Crater,153,eyrie tender,1,24410,19576,False,0,0,44-51,not seen by CapnBry here
Delling Crater,153,eyrie tender,1,28712,22452,True,4,4,44-51,likely short (CapnBry saw more here)
Delling Crater,153,eyrie tender,2,26263,22281,True,11,5,44-51,likely short (CapnBry saw more here)
Delling Crater,153,griffman elder,2,53045,23962,False,0,0,57-65,not seen by CapnBry here
Delling Crater,153,griffman elder,2,30160,18366,False,0,0,57-65,not seen by CapnBry here
Delling Crater,153,griffman elder,1,31342,13422,False,0,0,57-65,not seen by CapnBry here
Delling Crater,153,griffman elder,1,58572,25133,False,0,0,57-65,not seen by CapnBry here
Delling Crater,153,griffman elder,1,37463,13298,False,0,0,57-65,not seen by CapnBry here
Delling Crater,153,griffman elder,1,55694,26028,False,0,0,57-65,not seen by CapnBry here
Delling Crater,153,griffman elder,1,53643,22181,False,0,0,57-65,not seen by CapnBry here
Delling Crater,153,hrimthursa guard,1,33929,30268,True,2,14,40-44,matches CapnBry (small/rare camp)
Delling Crater,153,hrimthursa guard,2,56606,15587,True,4,3,40-44,likely short (CapnBry saw more here)
Delling Crater,153,hrimthursa guard,2,53566,17227,True,5,6,40-44,likely short (CapnBry saw more here)
Delling Crater,153,hrimthursa guard,1,44970,36326,False,0,0,40-44,not seen by CapnBry here
Delling Crater,153,hrimthursa guard,1,34077,26349,True,2,14,40-44,matches CapnBry (small/rare camp)
Delling Crater,153,hrimthursa guard,1,43497,13216,True,5,6,40-44,likely short (CapnBry saw more here)
Delling Crater,153,hrimthursa guard,1,53154,8982,True,3,1,40-44,likely short (CapnBry saw more here)
Delling Crater,153,hrimthursa guard,1,32692,28718,True,2,14,40-44,matches CapnBry (small/rare camp)
Delling Crater,153,hrimthursa guard,1,45180,29204,True,2,9,40-44,matches CapnBry (small/rare camp)
Delling Crater,153,hrimthursa guard,1,44605,34566,True,2,8,40-44,matches CapnBry (small/rare camp)
Delling Crater,153,hrimthursa guard,1,48094,12852,True,3,4,40-44,likely short (CapnBry saw more here)
Delling Crater,153,hrimthursa guard,1,41697,25512,True,3,3,40-44,likely short (CapnBry saw more here)
Delling Crater,153,hrimthursa guard,2,44413,9013,True,3,4,40-44,likely short (CapnBry saw more here)
Delling Crater,153,hrimthursa guard,1,43881,31894,True,2,9,40-44,matches CapnBry (small/rare camp)
Delling Crater,153,hrimthursa guard,1,42613,14939,True,5,4,40-44,likely short (CapnBry saw more here)
Delling Crater,153,hrimthursa guard,1,45724,32318,True,2,9,40-44,matches CapnBry (small/rare camp)
Delling Crater,153,hrimthursa guard,1,53647,12866,True,4,4,40-44,likely short (CapnBry saw more here)
Delling Crater,153,hrimthursa guard,1,52535,19004,True,5,9,40-44,likely short (CapnBry saw more here)
Delling Crater,153,hrimthursa guard,1,39438,24196,True,3,2,40-44,likely short (CapnBry saw more here)
Delling Crater,153,hrimthursa guard,1,52518,11771,True,4,4,40-44,likely short (CapnBry saw more here)
Delling Crater,153,hrimthursa guard,1,54073,11255,True,4,4,40-44,likely short (CapnBry saw more here)
Delling Crater,153,hrimthursa guard,2,31430,26915,True,2,14,40-44,matches CapnBry (small/rare camp)
Delling Crater,153,hrimthursa guard,1,34479,27893,True,2,14,40-44,matches CapnBry (small/rare camp)
Delling Crater,153,hrimthursa guard,1,48174,15267,False,0,0,40-44,not seen by CapnBry here
Delling Crater,153,hrimthursa guard,1,51083,23094,True,5,13,40-44,likely short (CapnBry saw more here)
Delling Crater,153,hrimthursa guard,1,52079,13987,True,4,4,40-44,likely short (CapnBry saw more here)
Delling Crater,153,hrimthursa guard,1,43865,11626,True,5,6,40-44,likely short (CapnBry saw more here)
Delling Crater,153,hrimthursa guard,1,42608,28480,True,2,9,40-44,matches CapnBry (small/rare camp)
Delling Crater,153,hrimthursa guard,1,41333,29875,True,2,9,40-44,matches CapnBry (small/rare camp)
Delling Crater,153,hrimthursa guard,1,41585,19707,True,3,1,40-44,likely short (CapnBry saw more here)
Delling Crater,153,griffon draftrider,2,35366,22562,False,0,0,51-58,not seen by CapnBry here
Delling Crater,153,griffon draftrider,2,58066,29547,False,0,0,51-58,not seen by CapnBry here
Delling Crater,153,griffon draftrider,1,50395,31808,False,0,0,51-58,not seen by CapnBry here
Delling Crater,153,griffon draftrider,2,27466,17048,False,0,0,51-58,not seen by CapnBry here
Delling Crater,153,griffon draftrider,1,55855,26589,False,0,0,51-58,not seen by CapnBry here
Delling Crater,153,griffon draftrider,1,29715,21669,False,0,0,51-58,not seen by CapnBry here
Delling Crater,153,griffon draftrider,1,28631,20490,False,0,0,51-58,not seen by CapnBry here
Delling Crater,153,griffon draftrider,1,52690,29479,False,0,0,51-58,not seen by CapnBry here
Delling Crater,153,griffon draftrider,1,32975,21479,False,0,0,51-58,not seen by CapnBry here
Delling Crater,153,griffon draftrider,1,55119,28457,False,0,0,51-58,not seen by CapnBry here
Delling Crater,153,morvalt akare,1,4113,44122,True,7,4,44-45,likely short (CapnBry saw more here)
Delling Crater,153,morvalt lymmel,1,11350,26649,True,2,2,33-36,matches CapnBry (small/rare camp)
Delling Crater,153,morvalt lymmel,2,13552,33292,True,4,2,33-36,likely short (CapnBry saw more here)
Delling Crater,153,morvalt lymmel,1,8184,17766,True,1,1,33-36,matches CapnBry (small/rare camp)
Delling Crater,153,morvalt lymmel,1,9688,27560,True,2,2,33-36,matches CapnBry (small/rare camp)
Delling Crater,153,morvalt lymmel,1,14118,22090,True,2,3,33-36,matches CapnBry (small/rare camp)
Delling Crater,153,morvalt lymmel,1,7915,15474,True,1,1,33-36,matches CapnBry (small/rare camp)
Delling Crater,153,morvalt lymmel,1,11682,20442,True,2,3,33-36,matches CapnBry (small/rare camp)
Delling Crater,153,morvalt lymmel,1,16459,22170,True,2,3,33-36,matches CapnBry (small/rare camp)
Delling Crater,153,morvalt lymmel,1,14624,15957,False,0,0,33-36,not seen by CapnBry here
Delling Crater,153,morvalt lymmel,1,11799,24976,True,2,5,33-36,matches CapnBry (small/rare camp)
Delling Crater,153,morvalt lymmel,2,8689,22691,False,0,0,33-36,not seen by CapnBry here
Delling Crater,153,morvalt lymmel,1,4388,7696,False,0,0,33-36,not seen by CapnBry here
Delling Crater,153,noxious fumes,1,34145,32827,True,3,9,42-44,likely short (CapnBry saw more here)
Delling Crater,153,noxious fumes,1,36552,33251,True,3,9,42-44,likely short (CapnBry saw more here)
Delling Crater,153,noxious fumes,1,35978,31618,True,3,9,42-44,likely short (CapnBry saw more here)
Delling Crater,153,noxious fumes,1,28742,37438,True,13,10,42-44,likely short (CapnBry saw more here)
Delling Crater,153,noxious fumes,1,32961,38420,True,13,12,42-44,likely short (CapnBry saw more here)
Delling Crater,153,noxious fumes,1,30580,38161,True,13,10,42-44,likely short (CapnBry saw more here)
Delling Crater,153,noxious fumes,1,15409,52494,False,0,0,42-44,not seen by CapnBry here
Delling Crater,153,hrimthursa shaman,2,43038,22348,True,3,3,38-45,likely short (CapnBry saw more here)
Delling Crater,153,hrimthursa shaman,1,44118,18406,True,3,3,38-45,likely short (CapnBry saw more here)
Delling Crater,153,hrimthursa shaman,1,42849,32319,True,4,10,38-45,likely short (CapnBry saw more here)
Delling Crater,153,hrimthursa shaman,1,56002,15266,True,3,5,38-45,likely short (CapnBry saw more here)
Delling Crater,153,hrimthursa shaman,1,53689,14308,True,3,5,38-45,likely short (CapnBry saw more here)
Delling Crater,153,hrimthursa shaman,2,43179,19926,True,3,3,38-45,likely short (CapnBry saw more here)
Delling Crater,153,hrimthursa shaman,1,45794,30644,True,4,10,38-45,likely short (CapnBry saw more here)
Delling Crater,153,hrimthursa shaman,1,51633,19710,True,2,12,38-45,matches CapnBry (small/rare camp)
Delling Crater,153,hrimthursa shaman,1,50110,19963,True,2,14,38-45,matches CapnBry (small/rare camp)
Delling Crater,153,hrimthursa shaman,1,43728,30584,True,4,10,38-45,likely short (CapnBry saw more here)
Delling Crater,153,hrimthursa shaman,1,47366,23585,True,3,8,38-45,likely short (CapnBry saw more here)
Delling Crater,153,hrimthursa shaman,1,31825,29921,True,1,11,38-45,matches CapnBry (small/rare camp)
Delling Crater,153,hrimthursa shaman,1,44583,32691,True,4,10,38-45,likely short (CapnBry saw more here)
Delling Crater,153,hrimthursa shaman,1,55566,13332,True,3,2,38-45,likely short (CapnBry saw more here)
Delling Crater,153,hrimthursa shaman,2,48311,21398,True,3,17,38-45,likely short (CapnBry saw more here)
Delling Crater,153,hrimthursa shaman,1,42620,25318,True,1,1,38-45,matches CapnBry (small/rare camp)
Delling Crater,153,hrimthursa shaman,1,51824,22957,True,2,14,38-45,matches CapnBry (small/rare camp)
Delling Crater,153,hrimthursa shaman,2,40622,23021,False,0,0,38-45,not seen by CapnBry here
Delling Crater,153,hrimthursa shaman,1,33924,28677,True,1,11,38-45,matches CapnBry (small/rare camp)
Delling Crater,153,hrimthursa shaman,1,48320,15028,False,0,0,38-45,not seen by CapnBry here
Delling Crater,153,hrimthursa shaman,2,28677,26846,False,0,0,38-45,not seen by CapnBry here
Delling Crater,153,hrimthursa shaman,1,41878,30087,True,4,10,38-45,likely short (CapnBry saw more here)
Delling Crater,153,hrimthursa shaman,1,46032,13874,False,0,0,38-45,not seen by CapnBry here
Delling Crater,153,mammoth calf,2,41644,49742,True,1,2,9-12,matches CapnBry (small/rare camp)
Delling Crater,153,mammoth calf,2,30219,46293,True,4,4,9-12,likely short (CapnBry saw more here)
Delling Crater,153,mammoth calf,2,31734,44969,True,4,4,9-12,likely short (CapnBry saw more here)
Delling Crater,153,mammoth calf,2,38792,60545,True,2,3,9-12,matches CapnBry (small/rare camp)
Delling Crater,153,mammoth calf,1,52937,61017,True,1,1,9-12,matches CapnBry (small/rare camp)
Delling Crater,153,mammoth calf,1,54636,61609,True,1,1,9-12,matches CapnBry (small/rare camp)
Delling Crater,153,mammoth calf,1,40069,48637,True,1,2,9-12,matches CapnBry (small/rare camp)
Delling Crater,153,mammoth calf,1,40901,56462,True,1,1,9-12,matches CapnBry (small/rare camp)
Delling Crater,153,mammoth calf,1,43264,59314,True,1,1,9-12,matches CapnBry (small/rare camp)
Delling Crater,153,mammoth calf,1,29713,44657,True,4,4,9-12,likely short (CapnBry saw more here)
Delling Crater,153,mammoth calf,1,37239,59678,True,2,2,9-12,matches CapnBry (small/rare camp)
Delling Crater,153,mammoth calf,1,49492,54310,False,0,0,9-10,not seen by CapnBry here
Delling Crater,153,mammoth calf,1,37653,44281,False,0,0,9-10,not seen by CapnBry here
Delling Crater,153,saber-toothed cat,2,31653,48228,True,2,3,46-53,matches CapnBry (small/rare camp)
Delling Crater,153,saber-toothed cat,1,45279,52035,True,1,1,46-53,matches CapnBry (small/rare camp)
Delling Crater,153,saber-toothed cat,1,34516,47925,True,2,1,46-53,matches CapnBry (small/rare camp)
Delling Crater,153,saber-toothed cat,1,49804,46942,True,2,2,46-53,matches CapnBry (small/rare camp)
Delling Crater,153,saber-toothed cat,1,46809,48271,True,2,2,46-53,matches CapnBry (small/rare camp)
Delling Crater,153,saber-toothed cat,1,33667,53323,False,0,0,46-53,not seen by CapnBry here
Delling Crater,153,saber-toothed cat,1,53352,53199,True,1,9,46-53,matches CapnBry (small/rare camp)
Delling Crater,153,saber-toothed cat,1,51417,49962,True,1,1,46-53,matches CapnBry (small/rare camp)
Delling Crater,153,saber-toothed cat,1,48391,57243,True,1,1,46-53,matches CapnBry (small/rare camp)
Delling Crater,153,saber-toothed cat,1,39156,48209,True,2,2,46-53,matches CapnBry (small/rare camp)
Delling Crater,153,saber-toothed cat,2,52866,58359,True,1,1,46-53,matches CapnBry (small/rare camp)
Delling Crater,153,saber-toothed cat,1,33155,43618,True,1,1,46-53,matches CapnBry (small/rare camp)
Delling Crater,153,saber-toothed cat,1,54930,59351,False,0,0,46-53,not seen by CapnBry here
Delling Crater,153,saber-toothed cat,1,36682,47272,True,2,1,46-53,matches CapnBry (small/rare camp)
Delling Crater,153,saber-toothed cat,2,43494,41004,False,0,0,46-53,not seen by CapnBry here
Delling Crater,153,saber-toothed cat,1,55284,62280,False,0,0,46-53,not seen by CapnBry here
Delling Crater,153,saber-toothed cat,1,36917,42134,False,0,0,46-53,not seen by CapnBry here
Delling Crater,153,obsidian golem,1,20488,47197,False,0,0,45-52,not seen by CapnBry here
Delling Crater,153,obsidian golem,1,13939,54383,True,8,7,45-52,likely short (CapnBry saw more here)
Delling Crater,153,obsidian golem,1,15703,53732,True,8,7,45-52,likely short (CapnBry saw more here)
Delling Crater,153,griffon bondmate,2,53121,23322,False,0,0,56-58,not seen by CapnBry here
Delling Crater,153,griffon bondmate,2,33399,14598,False,0,0,56-58,not seen by CapnBry here
Delling Crater,153,griffon bondmate,2,30942,16581,False,0,0,56-58,not seen by CapnBry here
Delling Crater,153,griffon bondmate,1,59309,30160,False,0,0,56-58,not seen by CapnBry here
Delling Crater,153,griffon bondmate,1,52157,26260,False,0,0,56-58,not seen by CapnBry here
Delling Crater,153,griffon bondmate,1,32748,18486,False,0,0,56-58,not seen by CapnBry here
Delling Crater,153,griffon bondmate,1,56177,24872,False,0,0,56-58,not seen by CapnBry here
Delling Crater,153,griffon bondmate,1,35139,16391,False,0,0,56-58,not seen by CapnBry here
Delling Crater,153,caldera stinger,1,51335,59447,True,1,1,49-56,matches CapnBry (small/rare camp)
Delling Crater,153,caldera stinger,1,41826,52519,True,2,1,49-56,matches CapnBry (small/rare camp)
Delling Crater,153,caldera stinger,1,39968,51948,True,2,1,49-56,matches CapnBry (small/rare camp)
Delling Crater,153,caldera stinger,1,50756,56394,True,1,1,49-56,matches CapnBry (small/rare camp)
Delling Crater,153,caldera stinger,1,49355,54898,True,1,1,49-56,matches CapnBry (small/rare camp)
Delling Crater,153,venerable mammoth,1,53162,56966,True,2,1,39-42,matches CapnBry (small/rare camp)
Delling Crater,153,venerable mammoth,2,43509,59381,True,2,1,39-42,matches CapnBry (small/rare camp)
Delling Crater,153,venerable mammoth,2,35190,38606,False,0,0,39-42,not seen by CapnBry here
Delling Crater,153,venerable mammoth,1,33383,40774,False,0,0,39-42,not seen by CapnBry here
Delling Crater,153,venerable mammoth,1,46742,44389,False,0,0,39-42,not seen by CapnBry here
Delling Crater,153,venerable mammoth,1,21449,30243,True,2,1,39-41,matches CapnBry (small/rare camp)
Delling Crater,153,venerable mammoth,2,20836,31864,True,2,1,39-41,matches CapnBry (small/rare camp)
Delling Crater,153,venerable mammoth,1,49652,51627,False,0,0,39-41,not seen by CapnBry here
Delling Crater,153,venerable mammoth,1,26782,34309,False,0,0,39-41,not seen by CapnBry here
Delling Crater,153,giant cicada,1,36897,48941,True,1,1,42-48,matches CapnBry (small/rare camp)
Delling Crater,153,giant cicada,1,44581,53384,True,2,3,42-48,matches CapnBry (small/rare camp)
Delling Crater,153,giant cicada,1,38519,54010,True,1,1,42-48,matches CapnBry (small/rare camp)
Delling Crater,153,giant cicada,2,47360,58262,False,0,0,42-48,not seen by CapnBry here
Delling Crater,153,giant cicada,1,43652,49185,True,4,6,42-48,likely short (CapnBry saw more here)
Delling Crater,153,giant cicada,1,35889,52812,True,1,1,42-48,matches CapnBry (small/rare camp)
Delling Crater,153,giant cicada,1,50655,46965,True,4,2,42-48,likely short (CapnBry saw more here)
Delling Crater,153,giant cicada,2,44860,47701,True,4,4,42-48,likely short (CapnBry saw more here)
Delling Crater,153,giant cicada,1,50218,54711,True,2,3,42-48,matches CapnBry (small/rare camp)
Delling Crater,153,giant cicada,1,31362,52492,False,0,0,42-48,not seen by CapnBry here
Delling Crater,153,giant cicada,1,46013,57551,True,1,1,42-48,matches CapnBry (small/rare camp)
Delling Crater,153,giant cicada,1,50900,50963,True,2,3,42-48,matches CapnBry (small/rare camp)
Delling Crater,153,giant cicada,1,47645,51883,True,2,6,42-48,matches CapnBry (small/rare camp)
Delling Crater,153,giant cicada,1,43153,51485,True,4,6,42-48,likely short (CapnBry saw more here)
Delling Crater,153,giant cicada,1,51577,56447,True,2,2,42-48,matches CapnBry (small/rare camp)
Delling Crater,153,giant cicada,1,53220,56056,True,2,2,42-48,matches CapnBry (small/rare camp)
Delling Crater,153,giant cicada,1,53902,53988,True,2,2,42-48,matches CapnBry (small/rare camp)
Delling Crater,153,giant cicada,1,46123,50138,True,4,7,44-44,likely short (CapnBry saw more here)
Delling Crater,153,giant cicada,1,35767,45420,False,0,0,44-44,not seen by CapnBry here
Delling Crater,153,giant cicada,1,43444,41642,False,0,0,44-44,not seen by CapnBry here
Delling Crater,153,dellingstad alblastere,1,23557,60581,False,0,0,48-56,not seen by CapnBry here
Delling Crater,153,dellingstad alblastere,2,15369,58406,False,0,0,48-56,not seen by CapnBry here
Delling Crater,153,griffman squawker,1,33699,17094,False,0,0,53-54,not seen by CapnBry here
Delling Crater,153,griffman squawker,1,50895,30196,False,0,0,53-54,not seen by CapnBry here
Delling Crater,153,griffman squawker,1,52177,26691,False,0,0,53-54,not seen by CapnBry here
Delling Crater,153,griffman squawker,1,30646,15989,False,0,0,53-54,not seen by CapnBry here
Delling Crater,153,griffman squawker,1,49762,26436,False,0,0,53-54,not seen by CapnBry here
Delling Crater,153,griffman squawker,1,32176,18365,False,0,0,53-54,not seen by CapnBry here
Delling Crater,153,griffman squawker,1,54288,25289,False,0,0,53-54,not seen by CapnBry here
Delling Crater,153,griffman squawker,1,54898,22498,False,0,0,53-54,not seen by CapnBry here
Delling Crater,153,griffman squawker,1,31575,21588,False,0,0,53-54,not seen by CapnBry here
Delling Crater,153,griffman squawker,1,48855,27936,False,0,0,53-54,not seen by CapnBry here
Delling Crater,153,griffman squawker,1,53142,30332,False,0,0,53-54,not seen by CapnBry here
Delling Crater,153,griffman squawker,1,51976,28698,False,0,0,53-54,not seen by CapnBry here
Delling Crater,153,cave lion,1,25168,38409,True,3,2,24-26,likely short (CapnBry saw more here)
Delling Crater,153,cave lion,2,34854,37303,True,3,10,24-26,likely short (CapnBry saw more here)
Delling Crater,153,cave lion,1,37280,36985,True,3,8,24-26,likely short (CapnBry saw more here)
Delling Crater,153,cave lion,1,32096,32937,True,3,7,24-26,likely short (CapnBry saw more here)
Delling Crater,153,cave lion,1,31818,36532,True,3,10,24-26,likely short (CapnBry saw more here)
Delling Crater,153,cave lion,2,32357,34303,True,3,7,24-26,likely short (CapnBry saw more here)
Delling Crater,153,cave lion,1,34326,35135,True,3,10,24-26,likely short (CapnBry saw more here)
Delling Crater,153,cave lion,1,34733,33481,True,3,7,24-26,likely short (CapnBry saw more here)
Delling Crater,153,cave lion,1,30375,40284,True,3,2,24-26,likely short (CapnBry saw more here)
Delling Crater,153,cave lion,1,32687,38567,True,3,5,24-26,likely short (CapnBry saw more here)
Delling Crater,153,cave lion,2,30523,38342,True,3,4,24-26,likely short (CapnBry saw more here)
Delling Crater,153,griffman skywatcher,2,53823,19235,False,0,0,54-63,not seen by CapnBry here
Delling Crater,153,griffman skywatcher,1,51162,33640,False,0,0,54-63,not seen by CapnBry here
Delling Crater,153,griffman skywatcher,2,58589,31618,False,0,0,54-63,not seen by CapnBry here
Delling Crater,153,griffman skywatcher,1,31141,15207,False,0,0,54-63,not seen by CapnBry here
Delling Crater,153,griffman skywatcher,1,49687,35199,False,0,0,54-63,not seen by CapnBry here
Delling Crater,153,griffman skywatcher,1,54804,28263,False,0,0,54-63,not seen by CapnBry here
Delling Crater,153,griffman skywatcher,1,30392,18123,False,0,0,54-63,not seen by CapnBry here
Delling Crater,153,griffman skywatcher,1,51199,25667,False,0,0,54-63,not seen by CapnBry here
Delling Crater,153,griffman skywatcher,1,34150,8906,False,0,0,54-63,not seen by CapnBry here
Delling Crater,153,griffman skywatcher,1,52158,29702,False,0,0,54-63,not seen by CapnBry here
Delling Crater,153,griffman skywatcher,1,54941,26254,False,0,0,54-63,not seen by CapnBry here
Delling Crater,153,griffon sweep leader,1,21778,26793,False,0,0,44-44,not seen by CapnBry here
Delling Crater,153,steam element,1,24820,42444,True,1,8,31-32,matches CapnBry (small/rare camp)
Delling Crater,153,steam element,1,17384,37259,True,1,11,31-32,matches CapnBry (small/rare camp)
Delling Crater,153,steam element,1,25786,51156,True,2,4,31-32,matches CapnBry (small/rare camp)
Delling Crater,153,steam element,1,12251,37016,True,1,3,31-32,matches CapnBry (small/rare camp)
Delling Crater,153,steam element,1,13087,35226,True,1,3,31-32,matches CapnBry (small/rare camp)
Delling Crater,153,steam element,1,688,12149,True,1,1,31-32,matches CapnBry (small/rare camp)
Delling Crater,153,steam element,2,28607,56057,True,2,14,31-32,matches CapnBry (small/rare camp)
Delling Crater,153,steam element,1,16360,39568,True,1,11,31-32,matches CapnBry (small/rare camp)
Delling Crater,153,steam element,1,18446,40265,True,1,9,31-32,matches CapnBry (small/rare camp)
Delling Crater,153,steam element,1,24809,49118,False,0,0,31-32,not seen by CapnBry here
Delling Crater,153,steam element,1,25464,40822,True,1,8,31-32,matches CapnBry (small/rare camp)
Delling Crater,153,steam element,1,27943,54126,True,2,14,31-32,matches CapnBry (small/rare camp)
Delling Crater,153,steam element,1,26397,49345,True,2,4,31-32,matches CapnBry (small/rare camp)
Delling Crater,153,steam element,1,16316,21420,True,1,2,31-32,matches CapnBry (small/rare camp)
Delling Crater,153,steam element,1,23101,41864,True,1,8,31-32,matches CapnBry (small/rare camp)
Delling Crater,153,steam element,1,12523,51075,False,0,0,31-32,not seen by CapnBry here
Delling Crater,153,steam element,1,12170,48745,False,0,0,31-32,not seen by CapnBry here
Delling Crater,153,mammoth matriarch,2,38427,54854,True,2,1,45-49,matches CapnBry (small/rare camp)
Delling Crater,153,mammoth matriarch,2,40776,49625,False,0,0,45-49,not seen by CapnBry here
Delling Crater,153,mammoth matriarch,1,30871,44802,False,0,0,45-49,not seen by CapnBry here
Delling Crater,153,megaloceros,1,3945,27660,False,0,0,44-44,not seen by CapnBry here
Delling Crater,153,megaloceros,1,2845,29677,False,0,0,44-44,not seen by CapnBry here
Delling Crater,153,megaloceros,1,6949,30152,True,3,3,44-44,likely short (CapnBry saw more here)
Delling Crater,153,megaloceros,1,5463,30444,False,0,0,44-44,not seen by CapnBry here
Delling Crater,153,megaloceros,1,5885,33709,False,0,0,44-44,not seen by CapnBry here
Delling Crater,153,megaloceros,1,5127,35451,False,0,0,44-44,not seen by CapnBry here
Delling Crater,153,megaloceros,1,601,25262,False,0,0,44-44,not seen by CapnBry here
Delling Crater,153,megaloceros,2,2620,31896,False,0,0,44-44,not seen by CapnBry here
Delling Crater,153,megaloceros,1,3249,25838,False,0,0,44-44,not seen by CapnBry here
Delling Crater,153,megaloceros,1,15115,22656,True,1,1,44-49,matches CapnBry (small/rare camp)
Delling Crater,153,megaloceros,1,9386,32079,True,4,10,44-49,likely short (CapnBry saw more here)
Delling Crater,153,megaloceros,1,12485,23914,True,1,1,44-49,matches CapnBry (small/rare camp)
Delling Crater,153,megaloceros,1,6260,26313,True,3,3,44-44,likely short (CapnBry saw more here)
Delling Crater,153,megaloceros,1,1854,27376,False,0,0,44-49,not seen by CapnBry here
Delling Crater,153,megaloceros,1,4333,33524,False,0,0,44-49,not seen by CapnBry here
Delling Crater,153,megaloceros,1,7744,24215,False,0,0,44-44,not seen by CapnBry here
Delling Crater,153,frost duster,1,8028,30724,True,3,5,34-35,likely short (CapnBry saw more here)
Delling Crater,153,frost duster,2,5615,28289,True,2,1,34-35,matches CapnBry (small/rare camp)
Delling Crater,153,frost duster,1,12847,28335,True,3,5,33-38,likely short (CapnBry saw more here)
Delling Crater,153,dellingstad miner,2,23256,59755,False,0,0,45-50,not seen by CapnBry here
Delling Crater,153,dellingstad miner,1,22709,61588,False,0,0,45-50,not seen by CapnBry here
Delling Crater,153,cave lioness,1,2060,5874,False,0,0,38-42,not seen by CapnBry here
Delling Crater,153,cave lioness,1,26674,31996,False,0,0,38-40,not seen by CapnBry here
Delling Crater,153,cave lioness,1,22464,36120,False,0,0,38-40,not seen by CapnBry here
Delling Crater,153,mammoth herdguard,1,45846,41065,True,1,1,39-39,matches CapnBry (small/rare camp)
Delling Crater,153,mammoth herdguard,1,52153,54118,True,1,2,39-39,matches CapnBry (small/rare camp)
Delling Crater,153,mammoth herdguard,1,48306,53058,True,1,1,39-39,matches CapnBry (small/rare camp)
Delling Crater,153,mammoth herdguard,1,54500,60577,False,0,0,39-39,not seen by CapnBry here
Delling Crater,153,mammoth herdguard,1,46339,45260,True,1,1,39-39,matches CapnBry (small/rare camp)
Delling Crater,153,mammoth herdguard,1,50978,60119,False,0,0,39-39,not seen by CapnBry here
Delling Crater,153,mammoth herdguard,1,43389,43204,True,1,2,39-39,matches CapnBry (small/rare camp)
Delling Crater,153,khrin,1,40696,54960,False,0,0,50-50,not seen by CapnBry here
Delling Crater,153,griffman second,1,54735,27080,False,0,0,50-57,not seen by CapnBry here
Delling Crater,153,griffman second,1,32699,17699,False,0,0,50-57,not seen by CapnBry here
Delling Crater,153,griffman second,1,53723,29474,True,2,1,50-57,matches CapnBry (small/rare camp)
Delling Crater,153,griffman second,1,31796,20611,False,0,0,50-57,not seen by CapnBry here
Delling Crater,153,griffman second,1,29364,22727,False,0,0,50-57,not seen by CapnBry here
Delling Crater,153,griffman second,1,33870,21024,False,0,0,50-57,not seen by CapnBry here
Delling Crater,153,griffman second,1,31304,24072,False,0,0,50-57,not seen by CapnBry here
Delling Crater,153,griffman second,1,29642,21014,False,0,0,50-57,not seen by CapnBry here
Delling Crater,153,griffon sweeper,1,22200,27474,False,0,0,40-40,not seen by CapnBry here
Delling Crater,153,frostwing harrier,2,28269,13388,True,1,1,48-48,matches CapnBry (small/rare camp)
Delling Crater,153,frostwing harrier,2,27140,16681,True,1,1,48-48,matches CapnBry (small/rare camp)
Delling Crater,153,griffman mender,1,32782,21085,True,3,1,50-50,likely short (CapnBry saw more here)
Delling Crater,153,griffman mender,1,30027,21651,True,3,1,50-50,likely short (CapnBry saw more here)
Delling Crater,153,griffman mender,1,31009,14991,True,1,1,50-50,matches CapnBry (small/rare camp)
Delling Crater,153,griffman mender,1,30726,19525,True,3,2,50-50,likely short (CapnBry saw more here)
Delling Crater,153,griffman mender,2,29447,16678,True,1,1,50-50,matches CapnBry (small/rare camp)
Delling Crater,153,griffman mender,1,50760,31558,False,0,0,50-50,not seen by CapnBry here
Delling Crater,153,griffman mender,1,31887,22337,True,3,1,50-50,likely short (CapnBry saw more here)
Delling Crater,153,ornulf,1,28648,60175,False,0,0,47-47,not seen by CapnBry here
Delling Crater,153,forgemaster brungar,1,23377,62020,False,0,0,52-52,not seen by CapnBry here
Delling Crater,153,anicho,1,49058,23627,False,0,0,45-45,not seen by CapnBry here
Delling Crater,153,klippe,1,12922,47351,False,0,0,43-43,not seen by CapnBry here
Delling Crater,153,hako,1,45401,10926,False,0,0,38-38,not seen by CapnBry here
Delling Crater,153,morvalt escort,2,7808,36389,True,2,3,50-50,matches CapnBry (small/rare camp)
Delling Crater,153,morvalt escort,1,4157,34374,True,2,4,50-50,matches CapnBry (small/rare camp)
Delling Crater,153,morvalt escort,1,4823,38891,True,1,1,50-50,matches CapnBry (small/rare camp)
Delling Crater,153,brunhil,1,20432,59201,False,0,0,50-50,not seen by CapnBry here
Delling Crater,153,kampestein,1,21444,51239,False,0,0,45-45,not seen by CapnBry here
Delling Crater,153,weaponmaster zargin,1,19321,60442,False,0,0,54-54,not seen by CapnBry here
Delling Crater,153,griffon scout,2,1224,38072,False,0,0,43-49,not seen by CapnBry here
Delling Crater,153,griffon scout,1,1945,36333,False,0,0,43-49,not seen by CapnBry here
Delling Crater,153,smastein,1,18422,44345,False,0,0,37-37,not seen by CapnBry here
Delling Crater,153,vorkald,1,20156,59268,False,0,0,52-52,not seen by CapnBry here
Faraheim,154,faraheim doe,1,29213,20528,True,3,21,48-53,likely short (CapnBry saw more here)
Faraheim,154,faraheim doe,1,38673,28112,True,4,7,48-53,likely short (CapnBry saw more here)
Faraheim,154,faraheim doe,1,40723,32841,True,6,9,48-53,likely short (CapnBry saw more here)
Faraheim,154,faraheim doe,1,38426,12695,True,4,9,48-53,likely short (CapnBry saw more here)
Faraheim,154,faraheim doe,1,32341,8348,True,4,13,48-53,likely short (CapnBry saw more here)
Faraheim,154,faraheim doe,1,27266,31948,True,2,8,48-53,matches CapnBry (small/rare camp)
Faraheim,154,faraheim doe,1,25359,29774,True,2,22,48-53,matches CapnBry (small/rare camp)
Faraheim,154,faraheim doe,1,27779,21679,True,4,23,48-53,likely short (CapnBry saw more here)
Faraheim,154,faraheim doe,2,27651,60700,True,7,34,48-53,likely short (CapnBry saw more here)
Faraheim,154,faraheim doe,2,15482,30805,True,3,6,48-53,likely short (CapnBry saw more here)
Faraheim,154,faraheim doe,2,30986,19445,False,0,0,48-53,not seen by CapnBry here
Faraheim,154,faraheim doe,1,29686,5966,True,1,1,48-53,matches CapnBry (small/rare camp)
Faraheim,154,faraheim doe,1,17846,30530,True,3,6,48-53,likely short (CapnBry saw more here)
Faraheim,154,faraheim doe,1,35981,27656,True,3,9,48-53,likely short (CapnBry saw more here)
Faraheim,154,faraheim doe,1,29162,24753,True,4,39,48-53,likely short (CapnBry saw more here)
Faraheim,154,faraheim doe,1,22926,59338,True,2,5,48-53,matches CapnBry (small/rare camp)
Faraheim,154,faraheim doe,1,6833,26742,True,4,13,48-53,likely short (CapnBry saw more here)
Faraheim,154,faraheim doe,1,19310,28470,True,1,4,48-53,matches CapnBry (small/rare camp)
Faraheim,154,faraheim doe,2,28991,22734,True,4,23,48-53,likely short (CapnBry saw more here)
Faraheim,154,faraheim doe,1,29413,29955,True,1,27,48-53,matches CapnBry (small/rare camp)
Faraheim,154,faraheim doe,1,36036,14920,True,4,9,48-53,likely short (CapnBry saw more here)
Faraheim,154,faraheim doe,1,26535,27467,True,4,30,48-53,likely short (CapnBry saw more here)
Faraheim,154,faraheim doe,1,16805,17703,True,2,29,48-53,matches CapnBry (small/rare camp)
Faraheim,154,faraheim doe,1,27427,24298,True,4,39,48-53,likely short (CapnBry saw more here)
Faraheim,154,faraheim doe,1,27356,5471,True,1,2,48-53,matches CapnBry (small/rare camp)
Faraheim,154,faraheim doe,1,28552,52594,True,5,29,48-53,likely short (CapnBry saw more here)
Faraheim,154,faraheim doe,1,30338,27431,True,4,46,48-53,likely short (CapnBry saw more here)
Faraheim,154,faraheim doe,1,5395,30823,True,4,14,48-53,likely short (CapnBry saw more here)
Faraheim,154,faraheim doe,2,34155,9054,True,4,13,48-53,likely short (CapnBry saw more here)
Faraheim,154,faraheim doe,1,24956,5739,True,1,2,48-53,matches CapnBry (small/rare camp)
Faraheim,154,faraheim doe,2,13170,22622,True,2,6,48-53,matches CapnBry (small/rare camp)
Faraheim,154,faraheim doe,1,31807,23339,True,4,25,48-53,likely short (CapnBry saw more here)
Faraheim,154,faraheim doe,1,31413,16730,False,0,0,48-53,not seen by CapnBry here
Faraheim,154,faraheim doe,1,31389,21669,True,3,17,48-53,likely short (CapnBry saw more here)
Faraheim,154,faraheim doe,1,30417,11044,True,1,2,48-53,matches CapnBry (small/rare camp)
Faraheim,154,faraheim doe,1,33058,14400,True,1,2,48-53,matches CapnBry (small/rare camp)
Faraheim,154,faraheim doe,1,13942,29451,True,3,6,48-53,likely short (CapnBry saw more here)
Faraheim,154,faraheim doe,1,26410,19978,True,3,4,48-53,likely short (CapnBry saw more here)
Faraheim,154,faraheim doe,1,11247,16653,True,2,47,48-53,matches CapnBry (small/rare camp)
Faraheim,154,faraheim doe,1,13116,1909,True,1,5,48-53,matches CapnBry (small/rare camp)
Faraheim,154,faraheim doe,1,38318,23300,True,3,12,48-53,likely short (CapnBry saw more here)
Faraheim,154,faraheim doe,1,31512,12922,True,1,2,48-53,matches CapnBry (small/rare camp)
Faraheim,154,faraheim doe,1,20643,5910,False,0,0,48-53,not seen by CapnBry here
Faraheim,154,faraheim doe,1,12037,14502,True,2,47,48-53,matches CapnBry (small/rare camp)
Faraheim,154,faraheim doe,1,18504,7916,False,0,0,48-53,not seen by CapnBry here
Faraheim,154,faraheim doe,1,38633,15515,True,4,9,48-53,likely short (CapnBry saw more here)
Faraheim,154,faraheim doe,1,27740,17876,True,3,4,48-53,likely short (CapnBry saw more here)
Faraheim,154,tradklan darter,2,16985,34450,False,0,0,52-57,not seen by CapnBry here
Faraheim,154,tradklan darter,1,18180,39583,False,0,0,52-57,not seen by CapnBry here
Faraheim,154,tradklan darter,2,17432,37155,False,0,0,52-57,not seen by CapnBry here
Faraheim,154,tradklan darter,1,18673,35807,False,0,0,52-57,not seen by CapnBry here
Faraheim,154,tradklan darter,1,19304,38015,False,0,0,52-57,not seen by CapnBry here
Faraheim,154,tradklan darter,1,36948,20221,False,0,0,52-57,not seen by CapnBry here
Faraheim,154,giant cicada,1,8928,55290,True,10,275,42-48,likely short (CapnBry saw more here)
Faraheim,154,giant cicada,1,10766,46215,True,7,119,42-48,likely short (CapnBry saw more here)
Faraheim,154,giant cicada,1,10834,44373,True,2,2,42-48,matches CapnBry (small/rare camp)
Faraheim,154,giant cicada,1,21840,50428,True,7,339,42-48,likely short (CapnBry saw more here)
Faraheim,154,giant cicada,2,9411,50400,True,7,376,42-48,likely short (CapnBry saw more here)
Faraheim,154,giant cicada,1,3923,15060,True,3,11,42-48,likely short (CapnBry saw more here)
Faraheim,154,giant cicada,1,42569,8918,True,6,21,42-48,likely short (CapnBry saw more here)
Faraheim,154,giant cicada,2,4609,41862,True,6,48,42-48,likely short (CapnBry saw more here)
Faraheim,154,giant cicada,2,4544,12970,True,5,13,42-48,likely short (CapnBry saw more here)
Faraheim,154,giant cicada,1,8186,37664,True,6,67,42-48,likely short (CapnBry saw more here)
Faraheim,154,giant cicada,1,7738,49901,True,7,376,42-48,likely short (CapnBry saw more here)
Faraheim,154,giant cicada,1,7308,8119,True,8,23,42-48,likely short (CapnBry saw more here)
Faraheim,154,giant cicada,1,5368,16351,True,4,42,42-48,likely short (CapnBry saw more here)
Faraheim,154,giant cicada,1,40192,7733,True,6,21,42-48,likely short (CapnBry saw more here)
Faraheim,154,giant cicada,1,4875,37884,True,6,37,42-48,likely short (CapnBry saw more here)
Faraheim,154,giant cicada,1,6794,44982,True,4,84,42-48,likely short (CapnBry saw more here)
Faraheim,154,giant cicada,1,3813,10052,True,3,7,42-48,likely short (CapnBry saw more here)
Faraheim,154,giant cicada,2,3703,16711,True,4,31,42-48,likely short (CapnBry saw more here)
Faraheim,154,giant cicada,1,9848,48046,True,7,220,42-48,likely short (CapnBry saw more here)
Faraheim,154,giant cicada,1,2455,52552,True,4,204,42-48,likely short (CapnBry saw more here)
Faraheim,154,faraheim fawn,2,33670,8631,True,6,16,42-48,likely short (CapnBry saw more here)
Faraheim,154,faraheim fawn,2,17121,30449,True,3,24,42-48,likely short (CapnBry saw more here)
Faraheim,154,faraheim fawn,1,42277,32739,False,0,0,42-48,not seen by CapnBry here
Faraheim,154,faraheim fawn,1,36253,14318,False,0,0,42-48,not seen by CapnBry here
Faraheim,154,faraheim fawn,1,31523,52845,True,5,11,42-48,likely short (CapnBry saw more here)
Faraheim,154,faraheim fawn,1,29458,52967,True,5,11,42-48,likely short (CapnBry saw more here)
Faraheim,154,faraheim fawn,1,30263,49132,False,0,0,42-48,not seen by CapnBry here
Faraheim,154,faraheim fawn,1,32778,23394,True,2,6,42-48,matches CapnBry (small/rare camp)
Faraheim,154,faraheim fawn,1,44253,30920,False,0,0,42-48,not seen by CapnBry here
Faraheim,154,faraheim fawn,1,29986,57822,True,4,29,42-48,likely short (CapnBry saw more here)
Faraheim,154,faraheim fawn,1,9426,29248,True,4,42,42-48,likely short (CapnBry saw more here)
Faraheim,154,faraheim fawn,1,25909,56998,True,4,25,42-48,likely short (CapnBry saw more here)
Faraheim,154,faraheim fawn,2,16807,27927,True,3,24,42-48,likely short (CapnBry saw more here)
Faraheim,154,faraheim fawn,2,30599,19958,True,3,14,42-48,likely short (CapnBry saw more here)
Faraheim,154,faraheim fawn,1,33577,26889,True,2,6,42-48,matches CapnBry (small/rare camp)
Faraheim,154,faraheim fawn,1,33441,54484,True,5,9,42-48,likely short (CapnBry saw more here)
Faraheim,154,faraheim fawn,1,38483,14042,False,0,0,42-48,not seen by CapnBry here
Faraheim,154,faraheim fawn,1,25524,59989,True,4,28,42-48,likely short (CapnBry saw more here)
Faraheim,154,faraheim fawn,2,5507,26475,True,4,41,42-48,likely short (CapnBry saw more here)
Faraheim,154,faraheim fawn,1,40144,31398,False,0,0,42-48,not seen by CapnBry here
Faraheim,154,faraheim fawn,1,5613,31671,True,4,37,42-48,likely short (CapnBry saw more here)
Faraheim,154,faraheim fawn,1,36866,16218,False,0,0,42-48,not seen by CapnBry here
Faraheim,154,faraheim fawn,1,28325,51405,True,5,8,42-48,likely short (CapnBry saw more here)
Faraheim,154,faraheim fawn,1,27569,53810,True,5,25,42-48,likely short (CapnBry saw more here)
Faraheim,154,faraheim fawn,1,26150,12017,True,3,3,42-48,likely short (CapnBry saw more here)
Faraheim,154,faraheim fawn,1,42720,30417,False,0,0,42-48,not seen by CapnBry here
Faraheim,154,faraheim fawn,1,34196,24358,True,2,6,42-48,matches CapnBry (small/rare camp)
Faraheim,154,faraheim fawn,2,20339,26640,True,3,4,42-48,likely short (CapnBry saw more here)
Faraheim,154,faraheim fawn,1,8583,30736,True,4,42,42-48,likely short (CapnBry saw more here)
Faraheim,154,faraheim fawn,2,14434,26787,True,3,20,42-48,likely short (CapnBry saw more here)
Faraheim,154,faraheim fawn,1,24787,21577,True,3,20,42-48,likely short (CapnBry saw more here)
Faraheim,154,faraheim fawn,2,12223,21928,True,3,19,42-48,likely short (CapnBry saw more here)
Faraheim,154,faraheim fawn,1,30422,51235,True,5,8,42-48,likely short (CapnBry saw more here)
Faraheim,154,faraheim fawn,1,30137,7909,True,4,8,42-48,likely short (CapnBry saw more here)
Faraheim,154,faraheim fawn,2,12710,24652,True,3,19,42-48,likely short (CapnBry saw more here)
Faraheim,154,faraheim fawn,1,23455,18298,True,3,12,42-48,likely short (CapnBry saw more here)
Faraheim,154,faraheim fawn,1,29450,23808,True,2,8,42-48,matches CapnBry (small/rare camp)
Faraheim,154,faraheim fawn,1,12333,29690,True,3,24,42-48,likely short (CapnBry saw more here)
Faraheim,154,faraheim fawn,1,24733,6152,True,1,2,42-48,matches CapnBry (small/rare camp)
Faraheim,154,faraheim fawn,1,14595,23874,True,3,21,42-48,likely short (CapnBry saw more here)
Faraheim,154,faraheim fawn,1,31259,14126,False,0,0,42-48,not seen by CapnBry here
Faraheim,154,faraheim fawn,1,30339,54533,True,5,28,42-48,likely short (CapnBry saw more here)
Faraheim,154,faraheim fawn,1,3974,29899,True,4,36,42-48,likely short (CapnBry saw more here)
Faraheim,154,vanvettig djur,1,28395,19141,True,3,1,42-48,likely short (CapnBry saw more here)
Faraheim,154,vanvettig djur,1,35556,40358,True,6,33,42-48,likely short (CapnBry saw more here)
Faraheim,154,vanvettig djur,1,31340,29070,True,6,25,42-48,likely short (CapnBry saw more here)
Faraheim,154,vanvettig djur,1,22132,40547,True,5,47,42-48,likely short (CapnBry saw more here)
Faraheim,154,vanvettig djur,2,23577,35574,True,7,28,42-48,likely short (CapnBry saw more here)
Faraheim,154,vanvettig djur,1,32763,27765,True,4,5,42-48,likely short (CapnBry saw more here)
Faraheim,154,vanvettig djur,1,30932,33850,True,8,25,42-48,likely short (CapnBry saw more here)
Faraheim,154,vanvettig djur,1,32969,33725,True,8,30,42-48,likely short (CapnBry saw more here)
Faraheim,154,vanvettig djur,1,13898,48975,True,7,120,42-48,likely short (CapnBry saw more here)
Faraheim,154,vanvettig djur,1,6836,56194,True,8,223,42-48,likely short (CapnBry saw more here)
Faraheim,154,vanvettig djur,1,21911,36663,True,5,46,42-48,likely short (CapnBry saw more here)
Faraheim,154,vanvettig djur,1,31633,19590,True,7,11,42-48,likely short (CapnBry saw more here)
Faraheim,154,vanvettig djur,1,12694,52288,True,3,168,42-48,likely short (CapnBry saw more here)
Faraheim,154,vanvettig djur,1,25128,34035,True,7,28,42-48,likely short (CapnBry saw more here)
Faraheim,154,vanvettig djur,2,23027,48083,True,4,89,42-48,likely short (CapnBry saw more here)
Faraheim,154,vanvettig djur,1,20398,46076,True,7,119,42-48,likely short (CapnBry saw more here)
Faraheim,154,vanvettig djur,1,28590,23857,True,7,24,42-48,likely short (CapnBry saw more here)
Faraheim,154,vanvettig djur,1,19881,42982,True,6,54,42-48,likely short (CapnBry saw more here)
Faraheim,154,vanvettig djur,1,26602,17499,False,0,0,42-48,not seen by CapnBry here
Faraheim,154,vanvettig djur,1,20821,38254,True,5,47,42-48,likely short (CapnBry saw more here)
Faraheim,154,vanvettig djur,1,21548,49577,True,7,98,42-48,likely short (CapnBry saw more here)
Faraheim,154,vanvettig djur,1,33362,39808,True,8,60,42-48,likely short (CapnBry saw more here)
Faraheim,154,vanvettig djur,1,27153,39071,True,7,51,42-48,likely short (CapnBry saw more here)
Faraheim,154,vanvettig djur,2,28702,29676,True,6,25,42-48,likely short (CapnBry saw more here)
Faraheim,154,vanvettig djur,1,30455,17464,True,3,1,42-48,likely short (CapnBry saw more here)
Faraheim,154,vanvettig djur,1,30112,22617,True,7,12,42-48,likely short (CapnBry saw more here)
Faraheim,154,vanvettig djur,1,33405,43986,True,2,20,42-48,matches CapnBry (small/rare camp)
Faraheim,154,vanvettig djur,1,15002,45060,True,7,65,42-48,likely short (CapnBry saw more here)
Faraheim,154,vanvettig djur,1,7604,46105,True,4,17,42-48,likely short (CapnBry saw more here)
Faraheim,154,vanvettig djur,2,22893,38520,True,5,47,42-48,likely short (CapnBry saw more here)
Faraheim,154,vanvettig djur,1,33429,53114,True,1,11,42-48,matches CapnBry (small/rare camp)
Faraheim,154,vanvettig djur,1,40527,35805,True,2,3,42-48,matches CapnBry (small/rare camp)
Faraheim,154,vanvettig djur,1,9445,47262,True,4,154,42-48,likely short (CapnBry saw more here)
Faraheim,154,vanvettig djur,1,18215,51088,True,7,193,42-48,likely short (CapnBry saw more here)
Faraheim,154,vanvettig djur,1,21634,42070,True,4,55,42-48,likely short (CapnBry saw more here)
Faraheim,154,vanvettig djur,2,35039,46504,True,2,20,42-48,matches CapnBry (small/rare camp)
Faraheim,154,vanvettig djur,1,31957,22226,True,7,12,42-48,likely short (CapnBry saw more here)
Faraheim,154,vanvettig djur,1,9254,48807,True,3,139,42-48,likely short (CapnBry saw more here)
Faraheim,154,vanvettig djur,2,35382,43683,True,2,20,42-48,matches CapnBry (small/rare camp)
Faraheim,154,vanvettig djur,1,21061,43926,True,6,85,42-48,likely short (CapnBry saw more here)
Faraheim,154,blood render,2,47499,11578,False,0,0,60-66,not seen by CapnBry here
Faraheim,154,blood render,1,50184,40406,False,0,0,60-66,not seen by CapnBry here
Faraheim,154,blood render,1,55499,13516,False,0,0,60-66,not seen by CapnBry here
Faraheim,154,blood render,1,49193,16997,False,0,0,60-66,not seen by CapnBry here
Faraheim,154,blood render,1,43343,20861,False,0,0,60-66,not seen by CapnBry here
Faraheim,154,blood render,1,55536,41497,False,0,0,60-66,not seen by CapnBry here
Faraheim,154,blood render,1,50110,24915,False,0,0,60-66,not seen by CapnBry here
Faraheim,154,blood render,1,53192,34071,False,0,0,60-66,not seen by CapnBry here
Faraheim,154,blood render,1,50975,43743,False,0,0,60-66,not seen by CapnBry here
Faraheim,154,blood render,2,49552,10199,False,0,0,60-66,not seen by CapnBry here
Faraheim,154,blood render,1,54850,39780,False,0,0,60-66,not seen by CapnBry here
Faraheim,154,blood render,1,50258,27547,False,0,0,60-66,not seen by CapnBry here
Faraheim,154,blood render,1,44124,10934,False,0,0,60-66,not seen by CapnBry here
Faraheim,154,blood render,1,55182,29649,False,0,0,60-66,not seen by CapnBry here
Faraheim,154,blood render,1,50756,9045,False,0,0,60-66,not seen by CapnBry here
Faraheim,154,blood render,1,46441,16038,False,0,0,60-66,not seen by CapnBry here
Faraheim,154,blood render,1,45282,22748,False,0,0,60-66,not seen by CapnBry here
Faraheim,154,blood render,1,44934,15808,False,0,0,60-66,not seen by CapnBry here
Faraheim,154,blood render,1,54017,31948,False,0,0,60-66,not seen by CapnBry here
Faraheim,154,blood render,1,51387,31993,False,0,0,60-66,not seen by CapnBry here
Faraheim,154,blood render,1,54831,47005,False,0,0,60-66,not seen by CapnBry here
Faraheim,154,blood render,1,46815,36256,False,0,0,60-66,not seen by CapnBry here
Faraheim,154,blood render,1,49758,22180,False,0,0,60-66,not seen by CapnBry here
Faraheim,154,blood render,1,52936,38078,False,0,0,60-66,not seen by CapnBry here
Faraheim,154,blood render,1,49241,20403,False,0,0,60-66,not seen by CapnBry here
Faraheim,154,blood render,1,47084,33199,False,0,0,60-66,not seen by CapnBry here
Faraheim,154,blood render,1,45854,17759,False,0,0,60-66,not seen by CapnBry here
Faraheim,154,blood render,1,51466,37292,False,0,0,60-66,not seen by CapnBry here
Faraheim,154,blood render,1,50858,13802,False,0,0,60-66,not seen by CapnBry here
Faraheim,154,forest skrat,1,47771,58006,True,8,86,48-55,likely short (CapnBry saw more here)
Faraheim,154,forest skrat,1,38485,50146,True,5,48,48-55,likely short (CapnBry saw more here)
Faraheim,154,forest skrat,2,39633,55553,True,5,62,48-55,likely short (CapnBry saw more here)
Faraheim,154,forest skrat,1,44174,63747,True,5,65,48-55,likely short (CapnBry saw more here)
Faraheim,154,forest skrat,1,48072,53113,True,6,113,48-55,likely short (CapnBry saw more here)
Faraheim,154,forest skrat,1,50715,64576,False,0,0,48-55,not seen by CapnBry here
Faraheim,154,forest skrat,1,42692,64597,True,5,65,48-55,likely short (CapnBry saw more here)
Faraheim,154,forest skrat,1,48026,56150,True,8,108,48-55,likely short (CapnBry saw more here)
Faraheim,154,forest skrat,2,42331,62777,True,5,63,48-55,likely short (CapnBry saw more here)
Faraheim,154,forest skrat,1,46057,56990,True,8,153,48-55,likely short (CapnBry saw more here)
Faraheim,154,forest skrat,1,36149,51173,True,4,6,48-55,likely short (CapnBry saw more here)
Faraheim,154,forest skrat,1,42174,41272,True,6,7,48-55,likely short (CapnBry saw more here)
Faraheim,154,forest skrat,1,43988,40340,True,6,7,48-55,likely short (CapnBry saw more here)
Faraheim,154,forest skrat,2,37339,55848,True,5,62,48-55,likely short (CapnBry saw more here)
Faraheim,154,forest skrat,1,35852,53355,True,5,62,48-55,likely short (CapnBry saw more here)
Faraheim,154,skogsra greenhand,2,49189,50473,True,3,61,48-54,likely short (CapnBry saw more here)
Faraheim,154,skogsra greenhand,1,41326,50230,False,0,0,48-54,not seen by CapnBry here
Faraheim,154,skogsra greenhand,1,49216,52464,True,3,61,48-54,likely short (CapnBry saw more here)
Faraheim,154,gluttonous gulon,1,37773,37617,False,0,0,56-58,not seen by CapnBry here
Faraheim,154,gluttonous gulon,1,46677,30892,False,0,0,56-58,not seen by CapnBry here
Faraheim,154,gluttonous gulon,1,38026,44111,False,0,0,56-58,not seen by CapnBry here
Faraheim,154,gluttonous gulon,2,47749,26118,False,0,0,56-58,not seen by CapnBry here
Faraheim,154,gluttonous gulon,1,42381,25291,False,0,0,56-58,not seen by CapnBry here
Faraheim,154,gluttonous gulon,1,35678,49362,False,0,0,56-58,not seen by CapnBry here
Faraheim,154,gluttonous gulon,2,41353,17005,False,0,0,56-58,not seen by CapnBry here
Faraheim,154,gluttonous gulon,1,40342,23146,False,0,0,56-58,not seen by CapnBry here
Faraheim,154,gluttonous gulon,1,39274,25173,False,0,0,56-58,not seen by CapnBry here
Faraheim,154,gluttonous gulon,1,43656,13342,False,0,0,56-58,not seen by CapnBry here
Faraheim,154,gluttonous gulon,1,46644,15104,False,0,0,56-58,not seen by CapnBry here
Faraheim,154,gluttonous gulon,1,45646,11953,False,0,0,56-58,not seen by CapnBry here
Faraheim,154,gluttonous gulon,1,33332,47073,False,0,0,56-58,not seen by CapnBry here
Faraheim,154,gluttonous gulon,1,48810,24080,False,0,0,56-58,not seen by CapnBry here
Faraheim,154,gluttonous gulon,1,32556,20953,False,0,0,56-58,not seen by CapnBry here
Faraheim,154,gluttonous gulon,1,33030,22475,False,0,0,56-58,not seen by CapnBry here
Faraheim,154,gluttonous gulon,1,43100,32016,False,0,0,56-58,not seen by CapnBry here
Faraheim,154,gluttonous gulon,2,34375,52792,False,0,0,56-58,not seen by CapnBry here
Faraheim,154,gluttonous gulon,1,40976,29827,False,0,0,56-58,not seen by CapnBry here
Faraheim,154,gluttonous gulon,1,48579,28673,False,0,0,56-58,not seen by CapnBry here
Faraheim,154,gastornis,2,54902,45324,False,0,0,60-68,not seen by CapnBry here
Faraheim,154,gastornis,1,46347,38448,False,0,0,60-68,not seen by CapnBry here
Faraheim,154,gastornis,1,53809,37972,False,0,0,60-68,not seen by CapnBry here
Faraheim,154,gastornis,2,53953,40400,False,0,0,60-68,not seen by CapnBry here
Faraheim,154,gastornis,1,56858,49295,False,0,0,60-68,not seen by CapnBry here
Faraheim,154,gastornis,2,46280,27280,False,0,0,60-68,not seen by CapnBry here
Faraheim,154,gastornis,2,53438,16168,False,0,0,60-68,not seen by CapnBry here
Faraheim,154,gastornis,1,47897,23890,False,0,0,60-68,not seen by CapnBry here
Faraheim,154,gastornis,1,55568,32124,False,0,0,60-68,not seen by CapnBry here
Faraheim,154,gastornis,1,54315,35467,False,0,0,60-68,not seen by CapnBry here
Faraheim,154,gastornis,1,49692,24819,False,0,0,60-68,not seen by CapnBry here
Faraheim,154,gastornis,2,50323,12879,False,0,0,60-68,not seen by CapnBry here
Faraheim,154,gastornis,1,48946,36548,False,0,0,60-68,not seen by CapnBry here
Faraheim,154,gastornis,1,46403,35371,False,0,0,60-68,not seen by CapnBry here
Faraheim,154,gastornis,1,52382,13696,False,0,0,60-68,not seen by CapnBry here
Faraheim,154,gastornis,1,55825,36535,False,0,0,60-68,not seen by CapnBry here
Faraheim,154,gastornis,1,54167,13608,False,0,0,60-68,not seen by CapnBry here
Faraheim,154,gastornis,1,55599,26717,False,0,0,60-68,not seen by CapnBry here
Faraheim,154,gastornis,1,52885,27518,False,0,0,60-68,not seen by CapnBry here
Faraheim,154,gastornis,1,51271,44057,False,0,0,60-68,not seen by CapnBry here
Faraheim,154,gastornis,2,54645,49173,False,0,0,60-68,not seen by CapnBry here
Faraheim,154,gastornis,1,47041,20270,False,0,0,60-68,not seen by CapnBry here
Faraheim,154,gastornis,2,52358,47997,False,0,0,60-68,not seen by CapnBry here
Faraheim,154,gastornis,1,46188,14200,False,0,0,60-68,not seen by CapnBry here
Faraheim,154,gastornis,1,48924,21129,False,0,0,60-68,not seen by CapnBry here
Faraheim,154,gastornis,1,53687,33162,False,0,0,60-68,not seen by CapnBry here
Faraheim,154,gastornis,1,47485,16219,False,0,0,60-68,not seen by CapnBry here
Faraheim,154,gastornis,1,43666,22883,False,0,0,60-68,not seen by CapnBry here
Faraheim,154,gastornis,1,51116,33805,False,0,0,60-68,not seen by CapnBry here
Faraheim,154,gastornis,1,51338,42453,False,0,0,60-68,not seen by CapnBry here
Faraheim,154,gastornis,1,45200,24028,False,0,0,60-68,not seen by CapnBry here
Faraheim,154,tradklan tribesman,1,33939,31437,False,0,0,52-56,not seen by CapnBry here
Faraheim,154,tradklan tribesman,1,10664,9094,False,0,0,52-56,not seen by CapnBry here
Faraheim,154,tradklan tribesman,1,9791,6925,False,0,0,52-56,not seen by CapnBry here
Faraheim,154,gulon,1,24596,32516,True,1,1,42-45,matches CapnBry (small/rare camp)
Faraheim,154,gulon,2,29391,25164,True,2,1,42-45,matches CapnBry (small/rare camp)
Faraheim,154,gulon,1,37887,16306,False,0,0,42-45,not seen by CapnBry here
Faraheim,154,gulon,1,33002,25983,False,0,0,42-45,not seen by CapnBry here
Faraheim,154,gulon,1,22779,23482,True,1,5,42-45,matches CapnBry (small/rare camp)
Faraheim,154,gulon,1,14639,25458,False,0,0,42-45,not seen by CapnBry here
Faraheim,154,gulon,2,12196,16181,True,2,9,42-45,matches CapnBry (small/rare camp)
Faraheim,154,gulon,2,27134,28335,True,1,6,42-45,matches CapnBry (small/rare camp)
Faraheim,154,gulon,1,28475,31433,False,0,0,42-45,not seen by CapnBry here
Faraheim,154,gulon,1,36478,11253,True,2,2,42-45,matches CapnBry (small/rare camp)
Faraheim,154,gulon,1,18859,695,True,5,8,42-45,likely short (CapnBry saw more here)
Faraheim,154,gulon,1,15563,13936,True,2,13,42-45,matches CapnBry (small/rare camp)
Faraheim,154,gulon,1,17615,22767,False,0,0,42-45,not seen by CapnBry here
Faraheim,154,gulon,2,29924,26970,False,0,0,42-45,not seen by CapnBry here
Faraheim,154,gulon,1,23731,7715,True,1,1,42-45,matches CapnBry (small/rare camp)
Faraheim,154,gulon,1,36656,22427,True,1,3,42-45,matches CapnBry (small/rare camp)
Faraheim,154,gulon,1,21359,20506,True,1,1,42-45,matches CapnBry (small/rare camp)
Faraheim,154,gulon,1,26317,23034,True,2,2,42-45,matches CapnBry (small/rare camp)
Faraheim,154,gulon,1,34504,7195,True,2,2,42-45,matches CapnBry (small/rare camp)
Faraheim,154,gulon,1,41202,22416,False,0,0,42-45,not seen by CapnBry here
Faraheim,154,gulon,1,40149,15747,False,0,0,42-45,not seen by CapnBry here
Faraheim,154,gulon,1,11060,22858,True,1,2,42-45,matches CapnBry (small/rare camp)
Faraheim,154,gulon,1,30784,30416,False,0,0,42-45,not seen by CapnBry here
Faraheim,154,gulon,1,15949,10013,True,3,21,42-45,likely short (CapnBry saw more here)
Faraheim,154,gulon,1,11945,18239,True,1,4,42-45,matches CapnBry (small/rare camp)
Faraheim,154,gulon,1,24035,26543,True,1,6,42-45,matches CapnBry (small/rare camp)
Faraheim,154,gulon,1,20361,8328,True,1,11,42-45,matches CapnBry (small/rare camp)
Faraheim,154,gulon,1,31927,16126,True,1,2,42-45,matches CapnBry (small/rare camp)
Faraheim,154,gulon,1,35974,6737,True,2,2,42-45,matches CapnBry (small/rare camp)
Faraheim,154,gulon,1,25721,8948,True,1,1,42-45,matches CapnBry (small/rare camp)
Faraheim,154,gulon,1,17960,12855,True,2,16,42-45,matches CapnBry (small/rare camp)
Faraheim,154,cicada-killer,2,45572,8396,False,0,0,52-57,not seen by CapnBry here
Faraheim,154,cicada-killer,2,6950,10987,False,0,0,52-57,not seen by CapnBry here
Faraheim,154,cicada-killer,1,5878,15441,False,0,0,52-57,not seen by CapnBry here
Faraheim,154,cicada-killer,1,8630,12093,False,0,0,52-57,not seen by CapnBry here
Faraheim,154,cicada-killer,1,6152,233,False,0,0,52-57,not seen by CapnBry here
Faraheim,154,cicada-killer,2,7681,2988,False,0,0,52-57,not seen by CapnBry here
Faraheim,154,cicada-killer,1,46841,5761,False,0,0,52-57,not seen by CapnBry here
Faraheim,154,faraheim stag,1,19871,26422,False,0,0,48-55,not seen by CapnBry here
Faraheim,154,faraheim stag,1,44047,29476,True,3,11,48-55,likely short (CapnBry saw more here)
Faraheim,154,faraheim stag,1,41763,31842,True,3,11,48-55,likely short (CapnBry saw more here)
Faraheim,154,faraheim stag,1,20260,3564,True,1,1,48-55,matches CapnBry (small/rare camp)
Faraheim,154,faraheim stag,1,28493,54346,True,2,9,48-55,matches CapnBry (small/rare camp)
Faraheim,154,faraheim stag,1,24596,6497,True,2,5,48-55,matches CapnBry (small/rare camp)
Faraheim,154,faraheim stag,1,26708,57436,True,3,7,48-55,likely short (CapnBry saw more here)
Faraheim,154,faraheim stag,1,30342,22738,True,1,2,48-55,matches CapnBry (small/rare camp)
Faraheim,154,faraheim stag,1,18957,4935,False,0,0,48-55,not seen by CapnBry here
Faraheim,154,faraheim stag,1,19181,14394,True,6,4,48-55,likely short (CapnBry saw more here)
Faraheim,154,faraheim stag,1,27284,26312,True,3,7,48-55,likely short (CapnBry saw more here)
Faraheim,154,faraheim stag,1,18533,17411,False,0,0,48-55,not seen by CapnBry here
Faraheim,154,faraheim stag,1,31086,11589,False,0,0,48-55,not seen by CapnBry here
Faraheim,154,faraheim stag,1,24475,60077,True,3,6,48-55,likely short (CapnBry saw more here)
Faraheim,154,faraheim stag,2,31332,54972,True,2,8,48-55,matches CapnBry (small/rare camp)
Faraheim,154,faraheim stag,1,39463,15585,True,4,13,48-55,likely short (CapnBry saw more here)
Faraheim,154,faraheim stag,1,29828,58810,True,3,7,48-55,likely short (CapnBry saw more here)
Faraheim,154,faraheim stag,1,27752,52514,True,2,8,48-55,matches CapnBry (small/rare camp)
Faraheim,154,faraheim stag,1,43362,31405,True,3,11,48-55,likely short (CapnBry saw more here)
Faraheim,154,faraheim stag,1,37773,25789,True,1,12,48-55,matches CapnBry (small/rare camp)
Faraheim,154,faraheim stag,1,17086,29820,True,1,2,48-55,matches CapnBry (small/rare camp)
Faraheim,154,faraheim stag,1,22918,3126,True,1,4,48-55,matches CapnBry (small/rare camp)
Faraheim,154,faraheim stag,1,23441,27866,True,3,5,48-55,likely short (CapnBry saw more here)
Faraheim,154,faraheim stag,1,41453,28774,True,3,11,48-55,likely short (CapnBry saw more here)
Faraheim,154,faraheim stag,1,26898,7177,True,2,5,48-55,matches CapnBry (small/rare camp)
Faraheim,154,faraheim stag,1,30365,52256,True,2,9,48-55,matches CapnBry (small/rare camp)
Faraheim,154,faraheim stag,1,24620,58314,True,3,6,48-55,likely short (CapnBry saw more here)
Faraheim,154,faraheim stag,2,30134,9558,True,2,2,48-55,matches CapnBry (small/rare camp)
Faraheim,154,faraheim stag,1,33644,24087,True,1,9,48-55,matches CapnBry (small/rare camp)
Faraheim,154,faraheim stag,1,25331,10799,True,2,3,48-55,matches CapnBry (small/rare camp)
Faraheim,154,faraheim stag,1,53034,39072,False,0,0,48-55,not seen by CapnBry here
Faraheim,154,faraheim stag,1,13334,598,True,4,6,48-55,likely short (CapnBry saw more here)
Faraheim,154,faraheim stag,1,49288,11963,False,0,0,48-55,not seen by CapnBry here
Faraheim,154,faraheim stag,2,47043,29709,True,3,8,48-55,likely short (CapnBry saw more here)
Faraheim,154,faraheim stag,1,29805,24334,True,1,1,48-55,matches CapnBry (small/rare camp)
Faraheim,154,faraheim stag,1,17161,8606,True,6,8,48-55,likely short (CapnBry saw more here)
Faraheim,154,faraheim stag,1,12257,16998,True,1,21,48-55,matches CapnBry (small/rare camp)
Faraheim,154,faraheim stag,1,14656,29114,True,1,2,48-55,matches CapnBry (small/rare camp)
Faraheim,154,faraheim stag,1,14137,2532,True,4,6,48-55,likely short (CapnBry saw more here)
Faraheim,154,faraheim stag,1,11895,15187,True,1,21,48-55,matches CapnBry (small/rare camp)
Faraheim,154,faraheim stag,1,26748,18911,True,1,2,48-55,matches CapnBry (small/rare camp)
Faraheim,154,faraheim stag,1,22139,24707,False,0,0,48-55,not seen by CapnBry here
Faraheim,154,faraheim stag,1,43254,33227,True,3,11,48-55,likely short (CapnBry saw more here)
Faraheim,154,faraheim stag,1,52646,25699,False,0,0,48-55,not seen by CapnBry here
Faraheim,154,faraheim stag,1,48730,30263,False,0,0,48-55,not seen by CapnBry here
Faraheim,154,faraheim stag,1,47135,36764,True,1,1,48-55,matches CapnBry (small/rare camp)
Faraheim,154,faraheim stag,1,28927,15991,True,1,1,48-55,matches CapnBry (small/rare camp)
Faraheim,154,faraheim stag,1,41664,33557,True,3,10,48-55,likely short (CapnBry saw more here)
Faraheim,154,faraheim stag,1,26051,5645,True,2,5,48-55,matches CapnBry (small/rare camp)
Faraheim,154,faraheim stag,1,12198,23802,True,1,2,48-55,matches CapnBry (small/rare camp)
Faraheim,154,friller,1,16393,15937,True,2,2,48-55,matches CapnBry (small/rare camp)
Faraheim,154,friller,2,17275,4030,True,1,1,48-55,matches CapnBry (small/rare camp)
Faraheim,154,friller,1,17262,27398,True,1,1,48-55,matches CapnBry (small/rare camp)
Faraheim,154,friller,1,36482,19339,True,1,1,48-55,matches CapnBry (small/rare camp)
Faraheim,154,friller,1,11059,22113,True,3,1,48-55,likely short (CapnBry saw more here)
Faraheim,154,friller,1,14072,6049,True,1,1,48-55,matches CapnBry (small/rare camp)
Faraheim,154,friller,2,39495,13844,False,0,0,48-55,not seen by CapnBry here
Faraheim,154,friller,1,19435,2908,True,1,1,48-55,matches CapnBry (small/rare camp)
Faraheim,154,friller,1,15023,24129,False,0,0,48-55,not seen by CapnBry here
Faraheim,154,friller,1,40949,18504,False,0,0,48-55,not seen by CapnBry here
Faraheim,154,friller,1,23520,30255,False,0,0,48-55,not seen by CapnBry here
Faraheim,154,friller,1,18603,1019,True,1,1,48-55,matches CapnBry (small/rare camp)
Faraheim,154,friller,1,17479,28989,True,1,1,48-55,matches CapnBry (small/rare camp)
Faraheim,154,friller,1,32464,8874,True,1,3,48-55,matches CapnBry (small/rare camp)
Faraheim,154,friller,1,14139,28172,True,1,3,48-55,matches CapnBry (small/rare camp)
Faraheim,154,friller,1,32372,21611,True,1,1,48-55,matches CapnBry (small/rare camp)
Faraheim,154,friller,1,15074,4386,True,1,1,48-55,matches CapnBry (small/rare camp)
Faraheim,154,friller,1,15449,12966,True,2,2,48-55,matches CapnBry (small/rare camp)
Faraheim,154,friller,1,14862,20601,True,3,1,48-55,likely short (CapnBry saw more here)
Faraheim,154,friller,1,24612,7775,False,0,0,48-55,not seen by CapnBry here
Faraheim,154,friller,1,20314,1174,True,1,1,48-55,matches CapnBry (small/rare camp)
Faraheim,154,friller,1,21880,10836,True,1,1,48-55,matches CapnBry (small/rare camp)
Faraheim,154,friller,1,12707,10717,True,1,3,48-55,matches CapnBry (small/rare camp)
Faraheim,154,friller,1,13230,8874,False,0,0,48-55,not seen by CapnBry here
Faraheim,154,friller,1,37266,12671,False,0,0,48-55,not seen by CapnBry here
Faraheim,154,friller,1,12099,23914,True,3,1,48-55,likely short (CapnBry saw more here)
Faraheim,154,friller,1,36624,14770,False,0,0,48-55,not seen by CapnBry here
Faraheim,154,friller,1,11104,12422,True,1,3,48-55,matches CapnBry (small/rare camp)
Faraheim,154,friller,1,14562,29701,True,1,3,48-55,matches CapnBry (small/rare camp)
Faraheim,154,friller,1,30432,15774,False,0,0,48-55,not seen by CapnBry here
Faraheim,154,friller,1,12443,21233,True,3,1,48-55,likely short (CapnBry saw more here)
Faraheim,154,friller,1,21480,14469,True,1,1,48-55,matches CapnBry (small/rare camp)
Faraheim,154,friller,1,22212,6694,False,0,0,48-55,not seen by CapnBry here
Faraheim,154,bone cruncher,2,52180,31496,False,0,0,56-63,not seen by CapnBry here
Faraheim,154,bone cruncher,1,53455,40276,False,0,0,56-63,not seen by CapnBry here
Faraheim,154,bone cruncher,1,51607,15159,False,0,0,56-63,not seen by CapnBry here
Faraheim,154,bone cruncher,1,55044,49553,False,0,0,56-63,not seen by CapnBry here
Faraheim,154,bone cruncher,1,53588,34773,False,0,0,56-63,not seen by CapnBry here
Faraheim,154,bone cruncher,1,48544,40267,False,0,0,56-63,not seen by CapnBry here
Faraheim,154,bone cruncher,1,49889,32287,False,0,0,56-63,not seen by CapnBry here
Faraheim,154,bone cruncher,2,54883,38745,False,0,0,56-63,not seen by CapnBry here
Faraheim,154,bone cruncher,1,54611,31125,False,0,0,56-63,not seen by CapnBry here
Faraheim,154,bone cruncher,1,46153,24269,False,0,0,56-63,not seen by CapnBry here
Faraheim,154,bone cruncher,1,50718,41582,False,0,0,56-63,not seen by CapnBry here
Faraheim,154,bone cruncher,1,51345,23154,False,0,0,56-63,not seen by CapnBry here
Faraheim,154,bone cruncher,1,55964,29544,False,0,0,56-63,not seen by CapnBry here
Faraheim,154,bone cruncher,2,55727,46683,False,0,0,56-63,not seen by CapnBry here
Faraheim,154,bone cruncher,2,44224,24431,False,0,0,56-63,not seen by CapnBry here
Faraheim,154,bone cruncher,1,53781,13537,False,0,0,56-63,not seen by CapnBry here
Faraheim,154,bone cruncher,1,51421,37805,False,0,0,56-63,not seen by CapnBry here
Faraheim,154,bone cruncher,1,50626,30594,False,0,0,56-63,not seen by CapnBry here
Faraheim,154,bone cruncher,1,51754,34375,False,0,0,56-63,not seen by CapnBry here
Faraheim,154,bone cruncher,1,54915,27939,False,0,0,56-63,not seen by CapnBry here
Faraheim,154,bone cruncher,1,48675,38371,False,0,0,56-63,not seen by CapnBry here
Faraheim,154,bone cruncher,2,46586,16928,False,0,0,56-63,not seen by CapnBry here
Faraheim,154,bone cruncher,1,46776,36662,False,0,0,56-63,not seen by CapnBry here
Faraheim,154,bone cruncher,1,48337,18445,False,0,0,56-63,not seen by CapnBry here
Faraheim,154,bone cruncher,1,53749,44927,False,0,0,56-63,not seen by CapnBry here
Faraheim,154,bone cruncher,1,51993,39590,False,0,0,56-63,not seen by CapnBry here
Faraheim,154,bone cruncher,2,53677,42509,False,0,0,56-63,not seen by CapnBry here
Faraheim,154,bone cruncher,1,47934,34341,False,0,0,56-63,not seen by CapnBry here
Faraheim,154,skogsra woodsman,2,41166,50243,False,0,0,48-55,not seen by CapnBry here
Faraheim,154,skogsra woodsman,2,50371,47445,True,3,42,48-55,likely short (CapnBry saw more here)
Faraheim,154,tradklan medicine man,1,18117,38186,False,0,0,52-55,not seen by CapnBry here
Faraheim,154,tradklan medicine man,1,16589,34322,False,0,0,52-55,not seen by CapnBry here
Faraheim,154,tradklan medicine man,1,17687,26149,False,0,0,52-55,not seen by CapnBry here
Faraheim,154,tradklan medicine man,1,10636,11005,False,0,0,52-55,not seen by CapnBry here
Faraheim,154,tradklan medicine man,1,36903,13916,False,0,0,52-55,not seen by CapnBry here
Faraheim,154,tradklan medicine man,1,16535,29601,False,0,0,52-55,not seen by CapnBry here
Faraheim,154,valmak,1,20363,19960,False,0,0,64-64,not seen by CapnBry here
Faraheim,154,morbax,1,47222,8599,False,0,0,56-56,not seen by CapnBry here
Faraheim,154,goretooth,1,51762,42935,False,0,0,68-68,not seen by CapnBry here
Faraheim,154,terror bird,1,28318,14095,False,0,0,52-56,not seen by CapnBry here
Faraheim,154,terror bird,2,32620,28822,False,0,0,52-56,not seen by CapnBry here
Faraheim,154,terror bird,1,33837,15930,False,0,0,52-56,not seen by CapnBry here
Faraheim,154,terror bird,1,31649,9111,False,0,0,52-56,not seen by CapnBry here
Faraheim,154,terror bird,2,34490,14465,False,0,0,52-56,not seen by CapnBry here
Faraheim,154,terror bird,1,20909,24364,False,0,0,52-56,not seen by CapnBry here
Faraheim,154,terror bird,1,26359,14186,False,0,0,52-56,not seen by CapnBry here
Faraheim,154,terror bird,2,33530,12744,False,0,0,52-56,not seen by CapnBry here
Faraheim,154,terror bird,1,26413,12130,False,0,0,52-56,not seen by CapnBry here
Faraheim,154,terror bird,1,29485,12120,False,0,0,52-56,not seen by CapnBry here
Faraheim,154,terror bird,2,24041,16088,False,0,0,52-56,not seen by CapnBry here
Faraheim,154,terror bird,1,19053,6407,False,0,0,52-56,not seen by CapnBry here
Faraheim,154,luso,1,23919,15698,False,0,0,50-50,not seen by CapnBry here
Faraheim,154,sjoalf waverunner,1,63108,54615,True,1,2,36-42,matches CapnBry (small/rare camp)
Faraheim,154,dalicren,1,26771,43637,False,0,0,59-59,not seen by CapnBry here
Faraheim,154,dalgo,1,53650,19637,False,0,0,70-70,not seen by CapnBry here
Faraheim,154,iarn dwarf,2,53868,54806,True,1,7,42-46,matches CapnBry (small/rare camp)
Faraheim,154,iarn dwarf tracker,1,53286,56277,True,1,2,48-48,matches CapnBry (small/rare camp)
Faraheim,154,iarn dwarf tracker,1,54628,55107,True,1,2,48-48,matches CapnBry (small/rare camp)
Faraheim,154,iarn dwarf tracker,1,52103,54553,True,1,2,48-48,matches CapnBry (small/rare camp)
Faraheim,154,minerva,1,53762,53417,False,0,0,50-50,not seen by CapnBry here
Faraheim,154,boligar,1,49536,50366,False,0,0,64-64,not seen by CapnBry here
Faraheim,154,gorp,1,15309,23148,False,0,0,54-54,not seen by CapnBry here
Faraheim,154,bokko,1,6141,22785,False,0,0,60-60,not seen by CapnBry here
Faraheim,154,shredclaw,1,50076,9643,False,0,0,67-67,not seen by CapnBry here
Faraheim,154,cronk,1,9716,8284,False,0,0,63-63,not seen by CapnBry here
Faraheim,154,pathfinder folar,1,41127,50262,False,0,0,50-50,not seen by CapnBry here
Faraheim,154,wulok,1,29795,11687,False,0,0,54-54,not seen by CapnBry here
Faraheim,154,cold light,1,37207,55743,False,0,0,20-25,not seen by CapnBry here
Faraheim,154,cold light,2,45272,52768,True,3,5,20-25,likely short (CapnBry saw more here)
Faraheim,154,cold light,1,49215,43028,True,1,2,20-25,matches CapnBry (small/rare camp)
Faraheim,154,cold light,1,48942,55784,True,3,5,20-25,likely short (CapnBry saw more here)
Faraheim,154,cold light,1,50009,53997,True,3,4,20-25,likely short (CapnBry saw more here)
Faraheim,154,cold light,1,51139,30910,True,1,7,20-25,matches CapnBry (small/rare camp)
Faraheim,154,cold light,1,52803,29092,True,1,7,20-25,matches CapnBry (small/rare camp)
Faraheim,154,cold light,1,50804,45510,True,1,6,20-25,matches CapnBry (small/rare camp)
Faraheim,154,cold light,1,49498,24574,False,0,0,20-25,not seen by CapnBry here
Faraheim,154,cold light,1,47439,53829,True,3,5,20-25,likely short (CapnBry saw more here)
Faraheim,154,cold light,1,52099,26194,True,1,1,20-25,matches CapnBry (small/rare camp)
Faraheim,154,cold light,1,54754,36558,True,1,3,20-25,matches CapnBry (small/rare camp)
Faraheim,154,cold light,1,40125,53971,False,0,0,20-25,not seen by CapnBry here
Faraheim,154,cold light,1,52150,34833,True,1,6,20-25,matches CapnBry (small/rare camp)
Faraheim,154,cold light,1,51297,28274,True,1,4,20-25,matches CapnBry (small/rare camp)
Faraheim,154,cold light,1,53351,38437,True,1,4,20-25,matches CapnBry (small/rare camp)
Faraheim,154,snow imp,1,47847,58598,True,2,2,20-22,matches CapnBry (small/rare camp)
Faraheim,154,snow imp,2,46969,45875,True,2,6,20-22,matches CapnBry (small/rare camp)
Faraheim,154,snow imp,1,52122,38817,True,2,12,20-22,matches CapnBry (small/rare camp)
Faraheim,154,snow imp,1,49454,28604,True,2,6,20-22,matches CapnBry (small/rare camp)
Faraheim,154,snow imp,1,49380,43555,True,2,10,20-22,matches CapnBry (small/rare camp)
Faraheim,154,snow imp,1,50037,23495,False,0,0,20-22,not seen by CapnBry here
Faraheim,154,snow imp,1,50590,58612,True,2,2,20-22,matches CapnBry (small/rare camp)
Faraheim,154,snow imp,1,48742,41032,True,2,14,20-22,matches CapnBry (small/rare camp)
Faraheim,154,snow imp,1,52888,49156,True,1,1,20-22,matches CapnBry (small/rare camp)
Faraheim,154,snow imp,1,49550,47877,True,2,7,20-22,matches CapnBry (small/rare camp)
Faraheim,154,snow imp,1,50593,33048,True,2,9,20-22,matches CapnBry (small/rare camp)
Faraheim,154,snow imp,1,48012,25923,True,2,3,20-22,matches CapnBry (small/rare camp)
Faraheim,154,snow imp,1,53040,34907,True,2,6,20-22,matches CapnBry (small/rare camp)
Faraheim,154,snow imp,1,51115,36218,True,2,10,20-22,matches CapnBry (small/rare camp)
Faraheim,154,snow imp,1,51999,29650,True,2,7,20-22,matches CapnBry (small/rare camp)
Faraheim,154,snow imp,1,48824,57020,True,2,2,20-22,matches CapnBry (small/rare camp)
Faraheim,154,snow imp,1,47030,50753,True,1,8,20-22,matches CapnBry (small/rare camp)
Faraheim,154,snow imp,1,45311,48667,False,0,0,20-22,not seen by CapnBry here
Faraheim,154,boreal cockatrice,2,52969,43864,True,3,3,24-27,likely short (CapnBry saw more here)
Faraheim,154,boreal cockatrice,1,54194,42230,True,3,3,24-27,likely short (CapnBry saw more here)
Faraheim,154,boreal cockatrice,1,32618,53024,False,0,0,24-27,not seen by CapnBry here
Faraheim,154,boreal cockatrice,1,42810,53085,True,3,2,24-27,likely short (CapnBry saw more here)
Faraheim,154,boreal cockatrice,1,42272,54695,True,3,2,24-27,likely short (CapnBry saw more here)
Faraheim,154,boreal cockatrice,1,32877,55363,False,0,0,24-27,not seen by CapnBry here
Faraheim,154,boreal cockatrice,1,44727,54803,True,3,2,24-27,likely short (CapnBry saw more here)
Faraheim,154,boreal cockatrice,1,44630,50937,True,3,2,24-27,likely short (CapnBry saw more here)
Faraheim,154,boreal cockatrice,1,31237,54061,False,0,0,24-27,not seen by CapnBry here
Faraheim,154,boreal cockatrice,1,45813,52162,True,3,2,24-27,likely short (CapnBry saw more here)
Faraheim,154,frosty scuttlebug,1,46732,50832,True,4,5,23-24,likely short (CapnBry saw more here)
Faraheim,154,frosty scuttlebug,1,51605,30034,True,3,3,23-24,likely short (CapnBry saw more here)
Faraheim,154,frosty scuttlebug,1,49741,26072,True,1,1,23-24,matches CapnBry (small/rare camp)
Faraheim,154,frosty scuttlebug,1,54249,41213,True,1,10,23-24,matches CapnBry (small/rare camp)
Faraheim,154,frosty scuttlebug,1,52774,32584,True,3,3,23-24,likely short (CapnBry saw more here)
Faraheim,154,frosty scuttlebug,1,52541,44289,True,2,11,23-24,matches CapnBry (small/rare camp)
Faraheim,154,frosty scuttlebug,1,51534,47336,True,2,11,23-24,matches CapnBry (small/rare camp)
Faraheim,154,frosty scuttlebug,1,56273,39489,False,0,0,23-24,not seen by CapnBry here
Faraheim,154,frosty scuttlebug,1,52271,26631,True,3,3,23-24,likely short (CapnBry saw more here)
Faraheim,154,frosty scuttlebug,1,48338,51580,True,4,5,23-24,likely short (CapnBry saw more here)
Faraheim,154,frosty scuttlebug,1,49392,53435,True,4,5,23-24,likely short (CapnBry saw more here)
Faraheim,154,frosty scuttlebug,1,48007,20490,True,1,1,23-24,matches CapnBry (small/rare camp)
Faraheim,154,frosty scuttlebug,1,54714,44031,True,1,10,23-24,matches CapnBry (small/rare camp)
Faraheim,154,frosty scuttlebug,1,51673,49463,True,4,6,23-24,likely short (CapnBry saw more here)
Faraheim,154,frosty scuttlebug,1,54542,30702,True,3,3,23-24,likely short (CapnBry saw more here)
Faraheim,154,frosty scuttlebug,1,46485,54179,True,4,5,23-24,likely short (CapnBry saw more here)
Faraheim,154,frostbite wildling,1,26874,53115,False,0,0,27-29,not seen by CapnBry here
Faraheim,154,frostbite wildling,2,44693,53452,True,2,2,27-29,matches CapnBry (small/rare camp)
Faraheim,154,frostbite wildling,1,5771,44486,True,4,5,27-29,likely short (CapnBry saw more here)
Faraheim,154,frostbite wildling,1,7663,41408,True,4,5,27-29,likely short (CapnBry saw more here)
Faraheim,154,frostbite wildling,1,30031,52068,False,0,0,27-29,not seen by CapnBry here
Faraheim,154,frostbite wildling,1,47948,52637,True,2,2,27-29,matches CapnBry (small/rare camp)
Faraheim,154,sjoalf breaker,2,60537,46203,True,6,4,37-41,likely short (CapnBry saw more here)
Faraheim,154,sjoalf breaker,2,60942,48408,True,6,4,37-41,likely short (CapnBry saw more here)
Faraheim,154,crazed morvalt schamen,1,24387,56897,False,0,0,56-56,not seen by CapnBry here
Faraheim,154,nip mephit,1,29178,54176,True,3,2,23-25,likely short (CapnBry saw more here)
Faraheim,154,nip mephit,1,28428,50578,True,3,2,23-25,likely short (CapnBry saw more here)
Faraheim,154,nip mephit,1,33481,51345,False,0,0,23-25,not seen by CapnBry here
Faraheim,154,nip mephit,1,32932,48969,False,0,0,23-25,not seen by CapnBry here
Faraheim,154,nip mephit,1,26782,47973,False,0,0,23-25,not seen by CapnBry here
Faraheim,154,nip mephit,1,25048,48593,False,0,0,23-25,not seen by CapnBry here
Faraheim,154,nip mephit,1,28804,48230,False,0,0,23-25,not seen by CapnBry here
Faraheim,154,nip mephit,1,30942,50412,False,0,0,23-25,not seen by CapnBry here
Faraheim,154,nip mephit,1,25984,50583,True,3,2,23-25,likely short (CapnBry saw more here)
Faraheim,154,nip mephit,1,22887,45152,False,0,0,23-25,not seen by CapnBry here
Faraheim,154,nip mephit,1,34670,52666,False,0,0,23-25,not seen by CapnBry here
Faraheim,154,nip mephit,1,30330,47197,False,0,0,23-25,not seen by CapnBry here
Faraheim,154,white wolf,1,34058,55045,True,1,3,27-31,matches CapnBry (small/rare camp)
Faraheim,154,white wolf,1,46317,51347,True,1,7,27-31,matches CapnBry (small/rare camp)
Faraheim,154,white wolf,1,43579,50054,True,1,7,27-31,matches CapnBry (small/rare camp)
Faraheim,154,white wolf,1,26546,53218,True,3,2,27-31,likely short (CapnBry saw more here)
Faraheim,154,white wolf,1,44122,53780,True,1,7,27-31,matches CapnBry (small/rare camp)
Faraheim,154,white wolf,1,46074,49320,True,1,2,27-31,matches CapnBry (small/rare camp)
Faraheim,154,white wolf,1,25783,50524,True,3,2,27-31,likely short (CapnBry saw more here)
Faraheim,154,white wolf,1,41235,52592,True,1,5,27-31,matches CapnBry (small/rare camp)
Faraheim,154,white wolf,1,22360,51317,False,0,0,27-31,not seen by CapnBry here
Faraheim,154,white wolf,1,28984,53351,True,3,4,27-31,likely short (CapnBry saw more here)
Faraheim,154,white wolf,1,31903,55848,True,1,3,27-31,matches CapnBry (small/rare camp)
Faraheim,154,chiseler,1,49367,41097,True,6,14,20-24,likely short (CapnBry saw more here)
Faraheim,154,chiseler,2,47804,42042,True,6,14,20-24,likely short (CapnBry saw more here)
Faraheim,154,chiseler,2,46411,40007,True,6,4,20-24,likely short (CapnBry saw more here)
Faraheim,154,chiseler,1,52030,28639,True,1,6,20-24,matches CapnBry (small/rare camp)
Faraheim,154,chiseler,2,49888,43119,True,6,22,20-24,likely short (CapnBry saw more here)
Faraheim,154,chiseler,1,51960,43839,True,6,18,20-24,likely short (CapnBry saw more here)
Faraheim,154,chiseler,1,53736,34456,True,1,8,20-24,matches CapnBry (small/rare camp)
Faraheim,154,chiseler,1,52718,31166,True,1,6,20-24,matches CapnBry (small/rare camp)
Faraheim,154,chiseler,1,50964,34604,True,1,8,20-24,matches CapnBry (small/rare camp)
Faraheim,154,frosty colt,1,47240,52925,True,2,3,20-20,matches CapnBry (small/rare camp)
Faraheim,154,frosty colt,2,47661,50662,True,3,5,20-20,likely short (CapnBry saw more here)
Faraheim,154,trude,1,9834,9116,False,0,0,54-54,not seen by CapnBry here
Faraheim,154,fallen troll,2,3382,46718,True,1,4,44-45,matches CapnBry (small/rare camp)
Faraheim,154,fallen troll,2,5057,46590,True,1,4,44-45,matches CapnBry (small/rare camp)
Faraheim,154,unne,1,9506,9009,False,0,0,41-41,not seen by CapnBry here
Faraheim,154,uppsala,1,9752,8950,False,0,0,54-54,not seen by CapnBry here
Faraheim,154,gelid mass,1,54844,50264,True,1,2,35-35,matches CapnBry (small/rare camp)
Faraheim,154,gelid mass,1,52679,51414,True,1,2,35-35,matches CapnBry (small/rare camp)
Munin Sound,155,greater myling,1,54478,10845,False,0,0,35-40,not seen by CapnBry here
Munin Sound,155,greater myling,2,50426,5601,False,0,0,35-41,not seen by CapnBry here
Munin Sound,155,greater myling,1,48720,7708,False,0,0,35-41,not seen by CapnBry here
Munin Sound,155,coral thing,1,44666,33785,True,8,5,35-41,likely short (CapnBry saw more here)
Munin Sound,155,coral thing,1,28467,45971,True,4,8,35-41,likely short (CapnBry saw more here)
Munin Sound,155,coral thing,2,47541,40400,True,11,14,35-41,likely short (CapnBry saw more here)
Munin Sound,155,coral thing,1,34004,54193,False,0,0,35-41,not seen by CapnBry here
Munin Sound,155,coral thing,1,36753,51672,False,0,0,35-41,not seen by CapnBry here
Munin Sound,155,coral thing,1,27309,52464,True,2,1,35-41,matches CapnBry (small/rare camp)
Munin Sound,155,coral thing,1,29188,49558,True,2,1,35-41,matches CapnBry (small/rare camp)
Munin Sound,155,coral thing,1,29359,47517,True,11,10,35-41,likely short (CapnBry saw more here)
Munin Sound,155,coral thing,1,36586,49455,False,0,0,35-41,not seen by CapnBry here
Munin Sound,155,coral thing,2,49679,41113,True,4,5,35-41,likely short (CapnBry saw more here)
Munin Sound,155,coral thing,1,30970,43557,True,11,10,35-41,likely short (CapnBry saw more here)
Munin Sound,155,bobbing boobrie,1,28715,53114,False,0,0,33-37,not seen by CapnBry here
Munin Sound,155,bobbing boobrie,2,31410,52878,False,0,0,33-37,not seen by CapnBry here
Munin Sound,155,bobbing boobrie,2,28171,50672,True,2,2,33-37,matches CapnBry (small/rare camp)
Munin Sound,155,bobbing boobrie,1,35393,51925,False,0,0,33-37,not seen by CapnBry here
Munin Sound,155,bobbing boobrie,1,31436,56710,False,0,0,33-37,not seen by CapnBry here
Munin Sound,155,bobbing boobrie,1,36130,46741,False,0,0,33-37,not seen by CapnBry here
Munin Sound,155,bobbing boobrie,1,28749,47936,True,2,2,33-37,matches CapnBry (small/rare camp)
Munin Sound,155,bobbing boobrie,1,29995,57845,False,0,0,33-37,not seen by CapnBry here
Munin Sound,155,bobbing boobrie,1,27986,45780,True,2,2,33-37,matches CapnBry (small/rare camp)
Munin Sound,155,water cat,1,33195,17527,True,1,70,22-24,matches CapnBry (small/rare camp)
Munin Sound,155,water cat,1,23065,23137,True,4,14,22-24,likely short (CapnBry saw more here)
Munin Sound,155,water cat,1,24177,25461,True,2,10,22-24,matches CapnBry (small/rare camp)
Munin Sound,155,water cat,1,28772,21562,True,22,88,22-24,likely short (CapnBry saw more here)
Munin Sound,155,water cat,1,33219,19046,True,1,21,22-24,matches CapnBry (small/rare camp)
Munin Sound,155,sea skrat,2,5194,38055,False,0,0,19-25,not seen by CapnBry here
Munin Sound,155,sea skrat,1,4801,34470,False,0,0,19-25,not seen by CapnBry here
Munin Sound,155,sea skrat,2,8705,23527,False,0,0,19-25,not seen by CapnBry here
Munin Sound,155,sea skrat,2,9662,26593,False,0,0,19-25,not seen by CapnBry here
Munin Sound,155,sea skrat,1,7424,25763,False,0,0,19-25,not seen by CapnBry here
Munin Sound,155,sea dauber,1,32490,49993,True,11,8,28-34,likely short (CapnBry saw more here)
Munin Sound,155,sea dauber,1,30227,45511,True,4,9,28-34,likely short (CapnBry saw more here)
Munin Sound,155,sea dauber,1,27823,53060,False,0,0,28-34,not seen by CapnBry here
Munin Sound,155,sea dauber,2,28281,51022,True,2,2,28-34,matches CapnBry (small/rare camp)
Munin Sound,155,sea dauber,1,31180,55120,True,11,4,28-34,likely short (CapnBry saw more here)
Munin Sound,155,sea dauber,1,25238,57641,False,0,0,28-34,not seen by CapnBry here
Munin Sound,155,sea dauber,1,47945,29232,True,5,40,28-34,likely short (CapnBry saw more here)
Munin Sound,155,sea dauber,1,47531,27342,True,5,16,28-34,likely short (CapnBry saw more here)
Munin Sound,155,sjoalf worshipper,1,48938,26817,False,0,0,36-42,not seen by CapnBry here
Munin Sound,155,sjoalf worshipper,1,54824,44125,True,6,81,36-42,likely short (CapnBry saw more here)
Munin Sound,155,sjoalf worshipper,2,57022,26540,True,10,9,36-42,likely short (CapnBry saw more here)
Munin Sound,155,sjoalf worshipper,1,48251,31094,False,0,0,36-42,not seen by CapnBry here
Munin Sound,155,sjoalf worshipper,2,50105,25025,False,0,0,36-42,not seen by CapnBry here
Munin Sound,155,sjoalf worshipper,2,51931,25153,True,6,20,36-42,likely short (CapnBry saw more here)
Munin Sound,155,sjoalf worshipper,1,48223,34866,True,7,7,36-42,likely short (CapnBry saw more here)
Munin Sound,155,sjoalf worshipper,1,59821,41061,True,3,34,36-42,likely short (CapnBry saw more here)
Munin Sound,155,sea spray,2,2767,23252,False,0,0,19-24,not seen by CapnBry here
Munin Sound,155,sea spray,2,3200,25142,False,0,0,19-24,not seen by CapnBry here
Munin Sound,155,sea spray,2,3992,33051,False,0,0,19-24,not seen by CapnBry here
Munin Sound,155,mist menace,2,21375,48318,False,0,0,24-31,not seen by CapnBry here
Munin Sound,155,mist menace,2,3068,49111,False,0,0,24-31,not seen by CapnBry here
Munin Sound,155,washed-up skeleton,1,59555,55474,True,3,2,37-43,likely short (CapnBry saw more here)
Munin Sound,155,washed-up skeleton,2,60926,55853,True,3,2,37-43,likely short (CapnBry saw more here)
Munin Sound,155,ancestral skalklan,1,25835,56101,False,0,0,32-39,not seen by CapnBry here
Munin Sound,155,young shale golem,1,31925,11912,True,6,52,26-28,likely short (CapnBry saw more here)
Munin Sound,155,young shale golem,2,35050,9651,True,6,45,26-28,likely short (CapnBry saw more here)
Munin Sound,155,young shale golem,2,33517,12345,True,6,52,26-28,likely short (CapnBry saw more here)
Munin Sound,155,young shale golem,1,34205,8081,True,6,38,26-28,likely short (CapnBry saw more here)
Munin Sound,155,young shale golem,2,41885,6722,True,1,4,26-28,matches CapnBry (small/rare camp)
Munin Sound,155,young shale golem,1,32926,5984,False,0,0,26-28,not seen by CapnBry here
Munin Sound,155,drowning victim,2,7236,37136,False,0,0,23-27,not seen by CapnBry here
Munin Sound,155,drowning victim,1,9696,36379,False,0,0,23-27,not seen by CapnBry here
Munin Sound,155,drowning victim,1,16642,5175,True,1,1,23-27,matches CapnBry (small/rare camp)
Munin Sound,155,predacious mushroom,2,3001,20159,False,0,0,18-21,not seen by CapnBry here
Munin Sound,155,predacious mushroom,1,3281,26738,False,0,0,18-21,not seen by CapnBry here
Munin Sound,155,predacious mushroom,1,2801,29269,False,0,0,18-21,not seen by CapnBry here
Munin Sound,155,fisher grip,2,35557,44223,True,1,2,35-42,matches CapnBry (small/rare camp)
Munin Sound,155,fisher grip,1,38904,47316,True,3,6,35-42,likely short (CapnBry saw more here)
Munin Sound,155,fisher grip,1,55698,16357,True,17,329,35-42,likely short (CapnBry saw more here)
Munin Sound,155,fisher grip,2,40848,48158,True,3,4,35-42,likely short (CapnBry saw more here)
Munin Sound,155,fisher grip,1,33642,42828,False,0,0,35-42,not seen by CapnBry here
Munin Sound,155,fisher grip,1,37874,45733,True,3,5,35-42,likely short (CapnBry saw more here)
Munin Sound,155,fisher grip,1,41976,50610,True,3,4,35-42,likely short (CapnBry saw more here)
Munin Sound,155,fisher grip,2,45514,44461,True,1,3,35-42,matches CapnBry (small/rare camp)
Munin Sound,155,fisher grip,1,48763,22524,True,1,1,35-42,matches CapnBry (small/rare camp)
Munin Sound,155,fisher grip,1,52330,24118,False,0,0,35-42,not seen by CapnBry here
Munin Sound,155,fisher grip,1,39903,57934,True,3,9,35-42,likely short (CapnBry saw more here)
Munin Sound,155,fisher grip,1,32085,39382,False,0,0,35-42,not seen by CapnBry here
Munin Sound,155,fisher grip,1,47843,47483,False,0,0,35-42,not seen by CapnBry here
Munin Sound,155,fisher grip,1,29185,59502,False,0,0,35-42,not seen by CapnBry here
Munin Sound,155,fisher grip,2,39699,59800,True,3,9,35-42,likely short (CapnBry saw more here)
Munin Sound,155,fisher grip,1,34480,57140,False,0,0,35-42,not seen by CapnBry here
Munin Sound,155,fisher grip,1,41256,62441,True,3,1,35-42,likely short (CapnBry saw more here)
Munin Sound,155,fisher grip,1,41760,41284,True,1,3,35-42,matches CapnBry (small/rare camp)
Munin Sound,155,fisher grip,1,55317,23074,True,2,4,35-42,matches CapnBry (small/rare camp)
Munin Sound,155,fisher grip,1,37741,56747,True,3,9,35-42,likely short (CapnBry saw more here)
Munin Sound,155,fisher grip,1,52178,20009,True,2,10,35-42,matches CapnBry (small/rare camp)
Munin Sound,155,sjoalf sacrificer,2,53374,60888,True,8,13,40-48,likely short (CapnBry saw more here)
Munin Sound,155,sjoalf sacrificer,2,54887,61878,False,0,0,40-48,not seen by CapnBry here
Munin Sound,155,sjoalf sacrificer,2,60155,60070,False,0,0,40-48,not seen by CapnBry here
Munin Sound,155,shale golem,1,19393,47205,False,0,0,21-26,not seen by CapnBry here
Munin Sound,155,shale golem,1,32610,13990,True,20,377,21-26,likely short (CapnBry saw more here)
Munin Sound,155,shale golem,1,34882,4535,False,0,0,21-26,not seen by CapnBry here
Munin Sound,155,tidal grip,1,26572,18683,True,21,49,29-32,likely short (CapnBry saw more here)
Munin Sound,155,tidal grip,1,17621,58897,False,0,0,29-32,not seen by CapnBry here
Munin Sound,155,tidal grip,1,13698,56937,False,0,0,29-32,not seen by CapnBry here
Munin Sound,155,tidal grip,1,24435,55702,False,0,0,29-32,not seen by CapnBry here
Munin Sound,155,tidal grip,1,33229,40912,False,0,0,29-32,not seen by CapnBry here
Munin Sound,155,tidal grip,1,21588,47301,False,0,0,29-32,not seen by CapnBry here
Munin Sound,155,tidal grip,1,21064,8413,True,1,7,29-32,matches CapnBry (small/rare camp)
Munin Sound,155,tidal grip,1,26335,34855,False,0,0,29-32,not seen by CapnBry here
Munin Sound,155,tidal grip,2,17347,54399,False,0,0,29-32,not seen by CapnBry here
Munin Sound,155,tidal grip,1,21918,54694,False,0,0,29-32,not seen by CapnBry here
Munin Sound,155,tidal grip,1,23968,45669,False,0,0,29-32,not seen by CapnBry here
Munin Sound,155,young scimitar cat,1,9663,12875,True,3,16,17-20,likely short (CapnBry saw more here)
Munin Sound,155,young scimitar cat,1,8346,9275,True,3,20,17-20,likely short (CapnBry saw more here)
Munin Sound,155,young scimitar cat,1,7072,10921,True,3,17,17-20,likely short (CapnBry saw more here)
Munin Sound,155,wading boobrie,1,25901,32094,False,0,0,21-24,not seen by CapnBry here
Munin Sound,155,sjoalf purifier,1,52153,56030,True,4,3,42-46,likely short (CapnBry saw more here)
Munin Sound,155,sjoalf purifier,1,55208,55939,True,4,3,42-46,likely short (CapnBry saw more here)
Munin Sound,155,sjoalf purifier,2,56814,57268,True,4,3,42-46,likely short (CapnBry saw more here)
Munin Sound,155,sjoalf purifier,1,55438,62249,False,0,0,42-46,not seen by CapnBry here
Munin Sound,155,sjoalf purifier,1,59221,60296,False,0,0,42-46,not seen by CapnBry here
Munin Sound,155,sjoalf purifier,1,53280,60309,True,4,2,42-46,likely short (CapnBry saw more here)
Munin Sound,155,sjoalf purifier,2,50052,59362,True,4,3,42-46,likely short (CapnBry saw more here)
Munin Sound,155,sjoalf purifier,2,57903,59267,True,3,1,42-46,likely short (CapnBry saw more here)
Munin Sound,155,scimitar cat,2,10428,15294,True,2,1,18-20,matches CapnBry (small/rare camp)
Munin Sound,155,scimitar cat,1,11917,17865,False,0,0,18-20,not seen by CapnBry here
Munin Sound,155,sjoalf ritualist,1,55467,39050,True,5,3,39-40,likely short (CapnBry saw more here)
Munin Sound,155,sjoalf ritualist,1,60313,38478,True,6,14,39-40,likely short (CapnBry saw more here)
Munin Sound,155,sjoalf ritualist,1,61675,39984,True,6,14,39-40,likely short (CapnBry saw more here)
Munin Sound,155,sjoalf ritualist,1,53287,34154,True,5,3,39-40,likely short (CapnBry saw more here)
Munin Sound,155,sjoalf ritualist,1,54051,37577,True,5,3,39-40,likely short (CapnBry saw more here)
Munin Sound,155,mygga,1,12216,769,True,8,86,7-8,likely short (CapnBry saw more here)
Munin Sound,155,little greeber,1,46859,17491,True,16,107,29-31,likely short (CapnBry saw more here)
Munin Sound,155,sjoalf disciple,1,54400,42341,True,4,12,29-35,likely short (CapnBry saw more here)
Munin Sound,155,sjoalf disciple,1,53008,40113,True,1,4,29-35,matches CapnBry (small/rare camp)
Munin Sound,155,sjoalf disciple,2,56631,42821,True,4,12,29-35,likely short (CapnBry saw more here)
Munin Sound,155,sjoalf disciple,1,54760,43924,True,4,12,29-35,likely short (CapnBry saw more here)
Munin Sound,155,sjoalf disciple,1,55659,41417,True,4,12,29-35,likely short (CapnBry saw more here)
Munin Sound,155,sjoalf disciple,1,58740,43393,True,4,12,29-35,likely short (CapnBry saw more here)
Munin Sound,155,ulif,1,35328,17898,False,0,0,36-36,not seen by CapnBry here
Munin Sound,155,ingester,2,30266,55092,True,3,3,30-36,likely short (CapnBry saw more here)
Munin Sound,155,ingester,1,33376,51757,True,11,12,30-36,likely short (CapnBry saw more here)
Munin Sound,155,ingester,2,33805,45526,True,18,12,30-36,likely short (CapnBry saw more here)
Munin Sound,155,ingester,2,27195,51490,False,0,0,30-36,not seen by CapnBry here
Munin Sound,155,ingester,1,31317,51992,True,6,11,30-36,likely short (CapnBry saw more here)
Munin Sound,155,ingester,1,31424,53631,True,3,4,30-36,likely short (CapnBry saw more here)
Munin Sound,155,ingester,1,27497,46765,False,0,0,30-36,not seen by CapnBry here
Munin Sound,155,marine skrat,1,53081,7682,True,3,68,32-34,likely short (CapnBry saw more here)
Munin Sound,155,marine skrat,1,53911,10958,True,6,76,32-34,likely short (CapnBry saw more here)
Munin Sound,155,marine skrat,1,52280,11647,True,6,81,32-34,likely short (CapnBry saw more here)
Munin Sound,155,marine skrat,1,47949,7393,False,0,0,32-34,not seen by CapnBry here
Munin Sound,155,marine skrat,1,47365,5717,False,0,0,32-34,not seen by CapnBry here
Munin Sound,155,marine skrat,1,51053,8627,True,3,68,32-34,likely short (CapnBry saw more here)
Munin Sound,155,marine skrat,1,49180,8347,True,3,68,32-34,likely short (CapnBry saw more here)
Munin Sound,155,skalklan shellsplitter,2,35929,18537,True,2,1,27-27,matches CapnBry (small/rare camp)
Munin Sound,155,edrigu,1,14899,23807,False,0,0,34-34,not seen by CapnBry here
Munin Sound,155,sjoalf cleanser,2,53606,34651,True,3,6,38-39,likely short (CapnBry saw more here)
Munin Sound,155,sjoalf cleanser,1,51092,33044,True,3,6,38-39,likely short (CapnBry saw more here)
Munin Sound,155,sjoalf cleanser,2,53282,31622,True,3,6,38-39,likely short (CapnBry saw more here)
Munin Sound,155,sjoalf cleanser,1,51962,38528,True,2,5,38-39,matches CapnBry (small/rare camp)
Munin Sound,155,skalklan trailfinder,1,52208,13914,False,0,0,23-23,not seen by CapnBry here
Munin Sound,155,skalklan trailfinder,1,51043,15437,False,0,0,23-23,not seen by CapnBry here
Munin Sound,155,skalklan trailfinder,1,15617,23285,False,0,0,23-23,not seen by CapnBry here
Munin Sound,155,vanvettig djur,1,63336,12913,True,7,136,42-48,likely short (CapnBry saw more here)
Munin Sound,155,vanvettig djur,1,63047,6677,True,2,9,42-48,matches CapnBry (small/rare camp)
Munin Sound,155,ghirni,1,47869,38151,False,0,0,25-25,not seen by CapnBry here
Munin Sound,155,skalklan trailmaker,1,27507,24831,True,1,1,26-26,matches CapnBry (small/rare camp)
Munin Sound,155,urtzi,1,58735,43398,False,0,0,42-42,not seen by CapnBry here
Munin Sound,155,sjoalf cultist,1,53116,27659,True,8,53,32-34,likely short (CapnBry saw more here)
Iarnwood,156,etvarg dominator,1,14397,55614,True,4,3,49-56,likely short (CapnBry saw more here)
Iarnwood,156,etvarg dominator,1,18591,59048,False,0,0,49-56,not seen by CapnBry here
Iarnwood,156,etvarg dominator,1,26872,29708,False,0,0,49-56,not seen by CapnBry here
Iarnwood,156,etvarg dominator,1,16184,56692,True,4,3,49-56,likely short (CapnBry saw more here)
Iarnwood,156,etvarg dominator,1,18042,57279,False,0,0,49-56,not seen by CapnBry here
Iarnwood,156,etvarg dominator,1,29044,29596,False,0,0,49-56,not seen by CapnBry here
Iarnwood,156,etvarg dominator,1,20207,56657,True,4,5,49-56,likely short (CapnBry saw more here)
Iarnwood,156,etvarg dominator,1,30168,50180,True,7,4,49-56,likely short (CapnBry saw more here)
Iarnwood,156,etvarg dominator,1,25639,28663,False,0,0,49-56,not seen by CapnBry here
Iarnwood,156,etvarg dominator,1,21722,59415,True,4,6,49-56,likely short (CapnBry saw more here)
Iarnwood,156,etvarg dominator,2,11614,51348,True,4,4,49-56,likely short (CapnBry saw more here)
Iarnwood,156,etvarg dominator,2,25931,54007,True,7,9,49-56,likely short (CapnBry saw more here)
Iarnwood,156,etvarg dominator,2,21096,31446,True,4,19,49-56,likely short (CapnBry saw more here)
Iarnwood,156,etvarg dominator,2,14383,53006,True,4,4,49-56,likely short (CapnBry saw more here)
Iarnwood,156,etvarg dominator,2,17260,51618,True,4,3,49-56,likely short (CapnBry saw more here)
Iarnwood,156,etvarg dominator,2,18040,29718,True,4,19,49-56,likely short (CapnBry saw more here)
Iarnwood,156,wild redcap,1,22394,59156,False,0,0,49-58,not seen by CapnBry here
Iarnwood,156,wild redcap,1,10427,44830,False,0,0,49-58,not seen by CapnBry here
Iarnwood,156,wild redcap,1,53129,30317,True,3,2,49-58,likely short (CapnBry saw more here)
Iarnwood,156,wild redcap,1,15356,33037,False,0,0,49-58,not seen by CapnBry here
Iarnwood,156,wild redcap,2,10157,51506,False,0,0,49-58,not seen by CapnBry here
Iarnwood,156,wild redcap,2,9644,46753,False,0,0,49-58,not seen by CapnBry here
Iarnwood,156,wild redcap,1,53346,33816,False,0,0,49-58,not seen by CapnBry here
Iarnwood,156,wild redcap,1,53765,25651,True,3,3,49-58,likely short (CapnBry saw more here)
Iarnwood,156,wild redcap,1,17160,34754,False,0,0,49-58,not seen by CapnBry here
Iarnwood,156,wild redcap,2,17758,59902,False,0,0,49-58,not seen by CapnBry here
Iarnwood,156,wild redcap,1,51439,31990,False,0,0,49-58,not seen by CapnBry here
Iarnwood,156,wild redcap,1,54273,27435,True,3,3,49-58,likely short (CapnBry saw more here)
Iarnwood,156,wild redcap,1,9965,35077,False,0,0,49-58,not seen by CapnBry here
Iarnwood,156,wild redcap,1,54411,31806,False,0,0,49-58,not seen by CapnBry here
Iarnwood,156,wild redcap,1,51008,29152,True,3,2,49-58,likely short (CapnBry saw more here)
Iarnwood,156,wild redcap,1,9070,42095,False,0,0,49-58,not seen by CapnBry here
Iarnwood,156,wild redcap,1,20958,60996,False,0,0,49-58,not seen by CapnBry here
Iarnwood,156,wild redcap,1,55756,27091,True,3,3,49-58,likely short (CapnBry saw more here)
Iarnwood,156,wild redcap,2,6399,46857,False,0,0,49-58,not seen by CapnBry here
Iarnwood,156,wild redcap,1,48335,23125,True,1,2,49-58,matches CapnBry (small/rare camp)
Iarnwood,156,wild redcap,1,54056,21696,True,3,4,49-58,likely short (CapnBry saw more here)
Iarnwood,156,wild redcap,1,60507,16654,True,3,3,49-58,likely short (CapnBry saw more here)
Iarnwood,156,wild redcap,1,46114,24400,True,1,3,49-58,matches CapnBry (small/rare camp)
Iarnwood,156,wild redcap,2,59376,15363,True,3,3,49-58,likely short (CapnBry saw more here)
Iarnwood,156,wild redcap,1,7721,45433,False,0,0,49-58,not seen by CapnBry here
Iarnwood,156,wild redcap,1,58598,25998,True,3,3,49-58,likely short (CapnBry saw more here)
Iarnwood,156,wild redcap,1,59359,5686,True,5,2,49-58,likely short (CapnBry saw more here)
Iarnwood,156,wild redcap,1,9081,49278,False,0,0,49-58,not seen by CapnBry here
Iarnwood,156,wild redcap,1,11826,31759,False,0,0,49-58,not seen by CapnBry here
Iarnwood,156,pulverizer,1,33419,37860,False,0,0,56-64,not seen by CapnBry here
Iarnwood,156,pulverizer,1,19073,40899,False,0,0,56-64,not seen by CapnBry here
Iarnwood,156,pulverizer,1,29172,48615,False,0,0,56-64,not seen by CapnBry here
Iarnwood,156,pulverizer,2,20600,50922,False,0,0,56-64,not seen by CapnBry here
Iarnwood,156,pulverizer,1,31152,46546,False,0,0,56-64,not seen by CapnBry here
Iarnwood,156,pulverizer,1,11542,43606,False,0,0,56-64,not seen by CapnBry here
Iarnwood,156,pulverizer,1,37077,43030,False,0,0,56-64,not seen by CapnBry here
Iarnwood,156,pulverizer,1,38297,47088,False,0,0,56-64,not seen by CapnBry here
Iarnwood,156,pulverizer,1,34420,41148,False,0,0,56-64,not seen by CapnBry here
Iarnwood,156,pulverizer,1,32095,37132,False,0,0,56-64,not seen by CapnBry here
Iarnwood,156,pulverizer,2,18091,39030,False,0,0,56-64,not seen by CapnBry here
Iarnwood,156,pulverizer,1,33652,50324,False,0,0,56-64,not seen by CapnBry here
Iarnwood,156,pulverizer,2,22568,49760,False,0,0,56-64,not seen by CapnBry here
Iarnwood,156,pulverizer,1,25813,34834,False,0,0,56-64,not seen by CapnBry here
Iarnwood,156,pulverizer,1,15289,41340,False,0,0,56-64,not seen by CapnBry here
Iarnwood,156,pulverizer,1,15512,53150,False,0,0,56-64,not seen by CapnBry here
Iarnwood,156,pulverizer,1,9774,44628,False,0,0,56-64,not seen by CapnBry here
Iarnwood,156,pulverizer,1,26569,49616,False,0,0,56-64,not seen by CapnBry here
Iarnwood,156,pulverizer,1,35325,45558,False,0,0,56-64,not seen by CapnBry here
Iarnwood,156,pulverizer,1,38441,41580,False,0,0,56-64,not seen by CapnBry here
Iarnwood,156,pulverizer,2,36266,59554,False,0,0,56-64,not seen by CapnBry here
Iarnwood,156,pulverizer,1,13915,50076,False,0,0,56-64,not seen by CapnBry here
Iarnwood,156,pulverizer,2,34607,57500,False,0,0,56-64,not seen by CapnBry here
Iarnwood,156,pulverizer,1,36387,37776,False,0,0,56-64,not seen by CapnBry here
Iarnwood,156,pulverizer,1,50522,46022,False,0,0,56-64,not seen by CapnBry here
Iarnwood,156,pulverizer,1,50208,42565,False,0,0,56-64,not seen by CapnBry here
Iarnwood,156,pulverizer,1,35212,51259,False,0,0,56-64,not seen by CapnBry here
Iarnwood,156,pulverizer,1,9836,42368,False,0,0,56-64,not seen by CapnBry here
Iarnwood,156,pulverizer,1,39656,51473,False,0,0,56-64,not seen by CapnBry here
Iarnwood,156,pulverizer,1,23947,42927,False,0,0,56-64,not seen by CapnBry here
Iarnwood,156,pulverizer,1,43548,50083,False,0,0,56-64,not seen by CapnBry here
Iarnwood,156,pulverizer,1,25828,47044,False,0,0,56-64,not seen by CapnBry here
Iarnwood,156,pulverizer,1,46154,54776,False,0,0,56-64,not seen by CapnBry here
Iarnwood,156,pulverizer,1,51209,35685,False,0,0,56-64,not seen by CapnBry here
Iarnwood,156,pulverizer,1,15975,46816,False,0,0,56-64,not seen by CapnBry here
Iarnwood,156,pulverizer,1,16213,48853,False,0,0,56-64,not seen by CapnBry here
Iarnwood,156,pulverizer,1,18764,36154,False,0,0,56-64,not seen by CapnBry here
Iarnwood,156,pulverizer,1,44658,41729,False,0,0,56-64,not seen by CapnBry here
Iarnwood,156,pulverizer,1,31268,49986,False,0,0,56-64,not seen by CapnBry here
Iarnwood,156,pulverizer,1,43730,36679,False,0,0,56-64,not seen by CapnBry here
Iarnwood,156,pulverizer,1,43493,52702,False,0,0,56-64,not seen by CapnBry here
Iarnwood,156,pulverizer,1,31384,35614,False,0,0,56-64,not seen by CapnBry here
Iarnwood,156,pulverizer,1,49660,32851,False,0,0,56-64,not seen by CapnBry here
Iarnwood,156,pulverizer,1,48678,54757,False,0,0,56-64,not seen by CapnBry here
Iarnwood,156,pulverizer,1,32318,43814,False,0,0,56-64,not seen by CapnBry here
Iarnwood,156,pulverizer,2,14266,46545,False,0,0,56-64,not seen by CapnBry here
Iarnwood,156,pulverizer,1,53063,36344,False,0,0,56-64,not seen by CapnBry here
Iarnwood,156,pulverizer,1,55066,41239,False,0,0,56-64,not seen by CapnBry here
Iarnwood,156,pulverizer,1,41219,55591,False,0,0,56-64,not seen by CapnBry here
Iarnwood,156,pulverizer,1,21012,47038,False,0,0,56-64,not seen by CapnBry here
Iarnwood,156,pulverizer,1,23768,40383,False,0,0,56-64,not seen by CapnBry here
Iarnwood,156,griffolich,1,46736,59362,False,0,0,59-67,not seen by CapnBry here
Iarnwood,156,griffolich,1,46001,61180,False,0,0,59-67,not seen by CapnBry here
Iarnwood,156,griffolich,1,56624,49173,False,0,0,59-67,not seen by CapnBry here
Iarnwood,156,griffolich,2,58542,50271,False,0,0,59-67,not seen by CapnBry here
Iarnwood,156,griffolich,1,54226,59047,False,0,0,59-67,not seen by CapnBry here
Iarnwood,156,griffolich,1,58192,54175,False,0,0,59-67,not seen by CapnBry here
Iarnwood,156,griffolich,1,60115,58821,False,0,0,59-67,not seen by CapnBry here
Iarnwood,156,griffolich,1,47541,60960,False,0,0,59-67,not seen by CapnBry here
Iarnwood,156,griffolich,1,29771,45821,False,0,0,59-67,not seen by CapnBry here
Iarnwood,156,griffolich,2,57435,47834,False,0,0,59-67,not seen by CapnBry here
Iarnwood,156,griffolich,1,56257,57952,False,0,0,59-67,not seen by CapnBry here
Iarnwood,156,griffolich,1,43917,41114,False,0,0,59-67,not seen by CapnBry here
Iarnwood,156,griffolich,1,52128,29958,False,0,0,59-67,not seen by CapnBry here
Iarnwood,156,griffolich,1,60826,52559,False,0,0,59-67,not seen by CapnBry here
Iarnwood,156,griffolich,1,48396,33510,False,0,0,59-67,not seen by CapnBry here
Iarnwood,156,griffolich,1,35374,56232,False,0,0,59-67,not seen by CapnBry here
Iarnwood,156,griffolich,1,40676,42046,False,0,0,59-67,not seen by CapnBry here
Iarnwood,156,griffolich,1,27163,46129,False,0,0,59-67,not seen by CapnBry here
Iarnwood,156,griffolich,1,51745,59179,False,0,0,59-67,not seen by CapnBry here
Iarnwood,156,spitter,1,40129,23855,True,2,2,50-54,matches CapnBry (small/rare camp)
Iarnwood,156,spitter,1,51227,21047,False,0,0,50-54,not seen by CapnBry here
Iarnwood,156,spitter,1,53690,19229,False,0,0,50-54,not seen by CapnBry here
Iarnwood,156,spitter,2,36090,30369,True,3,1,50-54,likely short (CapnBry saw more here)
Iarnwood,156,spitter,1,40783,25469,True,2,2,50-54,matches CapnBry (small/rare camp)
Iarnwood,156,spitter,1,56497,25560,True,5,4,50-54,likely short (CapnBry saw more here)
Iarnwood,156,spitter,1,29822,29337,True,2,1,50-54,matches CapnBry (small/rare camp)
Iarnwood,156,spitter,1,32869,28772,True,2,1,50-54,matches CapnBry (small/rare camp)
Iarnwood,156,spitter,1,50284,22941,True,2,4,50-54,matches CapnBry (small/rare camp)
Iarnwood,156,spitter,1,41953,21398,True,2,2,50-54,matches CapnBry (small/rare camp)
Iarnwood,156,spitter,1,57876,21165,True,5,4,50-54,likely short (CapnBry saw more here)
Iarnwood,156,spitter,1,42524,23448,True,2,2,50-54,matches CapnBry (small/rare camp)
Iarnwood,156,spitter,1,38204,26925,True,2,2,50-54,matches CapnBry (small/rare camp)
Iarnwood,156,spitter,1,55618,27048,False,0,0,50-54,not seen by CapnBry here
Iarnwood,156,spitter,1,46623,19943,False,0,0,50-54,not seen by CapnBry here
Iarnwood,156,spitter,1,32188,32531,True,2,1,50-54,matches CapnBry (small/rare camp)
Iarnwood,156,spitter,1,44016,21545,False,0,0,50-54,not seen by CapnBry here
Iarnwood,156,spitter,1,60347,23638,True,5,4,50-54,likely short (CapnBry saw more here)
Iarnwood,156,spitter,1,45973,21461,True,2,3,50-54,matches CapnBry (small/rare camp)
Iarnwood,156,spitter,1,37069,32092,True,3,1,50-54,likely short (CapnBry saw more here)
Iarnwood,156,spitter,1,46212,25397,True,2,4,50-54,matches CapnBry (small/rare camp)
Iarnwood,156,spitter,1,48310,23952,True,2,4,50-54,matches CapnBry (small/rare camp)
Iarnwood,156,spitter,1,29425,31794,True,2,1,50-54,matches CapnBry (small/rare camp)
Iarnwood,156,spitter,1,34331,24987,False,0,0,50-54,not seen by CapnBry here
Iarnwood,156,spitter,1,44799,26114,True,2,4,50-54,matches CapnBry (small/rare camp)
Iarnwood,156,animus giant,2,59801,25819,False,0,0,57-66,not seen by CapnBry here
Iarnwood,156,animus giant,2,46048,29084,False,0,0,57-66,not seen by CapnBry here
Iarnwood,156,animus giant,1,55927,41211,False,0,0,57-66,not seen by CapnBry here
Iarnwood,156,animus giant,2,47222,58902,False,0,0,57-66,not seen by CapnBry here
Iarnwood,156,animus giant,1,55628,36674,False,0,0,57-66,not seen by CapnBry here
Iarnwood,156,animus giant,1,47041,57090,False,0,0,57-66,not seen by CapnBry here
Iarnwood,156,animus giant,1,58731,39959,False,0,0,57-66,not seen by CapnBry here
Iarnwood,156,animus giant,1,33020,57136,False,0,0,57-66,not seen by CapnBry here
Iarnwood,156,animus giant,2,39619,52561,False,0,0,57-66,not seen by CapnBry here
Iarnwood,156,animus giant,1,44431,41652,False,0,0,57-66,not seen by CapnBry here
Iarnwood,156,animus giant,1,39275,40472,False,0,0,57-66,not seen by CapnBry here
Iarnwood,156,animus giant,1,55313,35197,False,0,0,57-66,not seen by CapnBry here
Iarnwood,156,animus giant,1,42156,56033,False,0,0,57-66,not seen by CapnBry here
Iarnwood,156,animus giant,1,40858,42325,False,0,0,57-66,not seen by CapnBry here
Iarnwood,156,animus giant,1,43936,37680,False,0,0,57-66,not seen by CapnBry here
Iarnwood,156,animus giant,1,35761,39251,False,0,0,57-66,not seen by CapnBry here
Iarnwood,156,animus giant,1,48766,42786,False,0,0,57-66,not seen by CapnBry here
Iarnwood,156,animus giant,1,35300,58881,False,0,0,57-66,not seen by CapnBry here
Iarnwood,156,animus giant,1,51778,36915,False,0,0,57-66,not seen by CapnBry here
Iarnwood,156,animus giant,1,31534,42065,False,0,0,57-66,not seen by CapnBry here
Iarnwood,156,animus giant,2,44188,51314,False,0,0,57-66,not seen by CapnBry here
Iarnwood,156,animus giant,1,45890,38750,False,0,0,57-66,not seen by CapnBry here
Iarnwood,156,animus giant,2,52173,42784,False,0,0,57-66,not seen by CapnBry here
Iarnwood,156,animus giant,1,56950,40073,False,0,0,57-66,not seen by CapnBry here
Iarnwood,156,animus giant,1,28798,46711,False,0,0,57-66,not seen by CapnBry here
Iarnwood,156,animus giant,1,40879,40495,False,0,0,57-66,not seen by CapnBry here
Iarnwood,156,animus giant,1,42875,57654,False,0,0,57-66,not seen by CapnBry here
Iarnwood,156,fengundar,1,39315,24880,False,0,0,42-50,not seen by CapnBry here
Iarnwood,156,fengundar,1,34876,10844,True,3,4,42-50,likely short (CapnBry saw more here)
Iarnwood,156,fengundar,1,17419,8311,True,5,30,42-50,likely short (CapnBry saw more here)
Iarnwood,156,fengundar,2,18939,23363,True,7,64,42-50,likely short (CapnBry saw more here)
Iarnwood,156,fengundar,1,19590,15949,True,7,30,42-50,likely short (CapnBry saw more here)
Iarnwood,156,fengundar,2,33412,19773,True,1,1,42-50,matches CapnBry (small/rare camp)
Iarnwood,156,fengundar,1,17368,10156,True,5,33,42-50,likely short (CapnBry saw more here)
Iarnwood,156,fengundar,1,34062,23237,False,0,0,42-50,not seen by CapnBry here
Iarnwood,156,fengundar,1,13908,20107,True,5,36,42-50,likely short (CapnBry saw more here)
Iarnwood,156,fengundar,1,45907,17128,False,0,0,42-50,not seen by CapnBry here
Iarnwood,156,fengundar,1,34998,14498,False,0,0,42-50,not seen by CapnBry here
Iarnwood,156,fengundar,1,45123,12472,True,2,1,42-50,matches CapnBry (small/rare camp)
Iarnwood,156,fengundar,1,37658,10002,True,3,4,42-50,likely short (CapnBry saw more here)
Iarnwood,156,fengundar,1,46277,23206,False,0,0,42-50,not seen by CapnBry here
Iarnwood,156,fengundar,1,11864,12334,True,5,27,42-50,likely short (CapnBry saw more here)
Iarnwood,156,fengundar,1,21459,18271,True,7,18,42-50,likely short (CapnBry saw more here)
Iarnwood,156,fengundar,2,36606,19458,True,1,1,42-50,matches CapnBry (small/rare camp)
Iarnwood,156,fengundar,1,36143,23523,False,0,0,42-50,not seen by CapnBry here
Iarnwood,156,fengundar,1,20383,21518,True,7,38,42-50,likely short (CapnBry saw more here)
Iarnwood,156,fengundar,1,15083,8034,True,5,37,42-50,likely short (CapnBry saw more here)
Iarnwood,156,fengundar,1,50981,17576,True,1,1,42-50,matches CapnBry (small/rare camp)
Iarnwood,156,fengundar,1,52235,23271,False,0,0,42-50,not seen by CapnBry here
Iarnwood,156,fengundar,2,17393,17176,True,7,36,42-50,likely short (CapnBry saw more here)
Iarnwood,156,fengundar,1,40707,12562,True,2,1,42-50,matches CapnBry (small/rare camp)
Iarnwood,156,fengundar,1,11640,17787,True,4,17,42-50,likely short (CapnBry saw more here)
Iarnwood,156,fengundar,1,28223,30356,False,0,0,42-50,not seen by CapnBry here
Iarnwood,156,fengundar,1,23412,8424,True,1,1,42-50,matches CapnBry (small/rare camp)
Iarnwood,156,fengundar,1,20185,8576,True,2,16,42-50,matches CapnBry (small/rare camp)
Iarnwood,156,fengundar,1,18446,13172,True,4,26,42-50,likely short (CapnBry saw more here)
Iarnwood,156,fengundar,1,21681,16100,True,7,30,42-50,likely short (CapnBry saw more here)
Iarnwood,156,fengundar,1,41954,10688,True,2,1,42-50,matches CapnBry (small/rare camp)
Iarnwood,156,fengundar,1,12649,9921,True,5,22,42-50,likely short (CapnBry saw more here)
Iarnwood,156,fengundar,1,34776,8722,True,3,4,42-50,likely short (CapnBry saw more here)
Iarnwood,156,iarn dwarf,1,58742,7658,True,6,13,46-53,likely short (CapnBry saw more here)
Iarnwood,156,fengundorm,1,20440,36437,False,0,0,54-61,not seen by CapnBry here
Iarnwood,156,fengundorm,2,25945,55693,False,0,0,54-61,not seen by CapnBry here
Iarnwood,156,fengundorm,1,21637,35063,False,0,0,54-61,not seen by CapnBry here
Iarnwood,156,fengundorm,2,21764,52441,False,0,0,54-61,not seen by CapnBry here
Iarnwood,156,fengundorm,1,20636,48591,False,0,0,54-61,not seen by CapnBry here
Iarnwood,156,fengundorm,1,13882,48283,False,0,0,54-61,not seen by CapnBry here
Iarnwood,156,fengundorm,2,21424,38202,False,0,0,54-61,not seen by CapnBry here
Iarnwood,156,fengundorm,1,27499,55158,False,0,0,54-61,not seen by CapnBry here
Iarnwood,156,fengundorm,2,17404,46294,False,0,0,54-61,not seen by CapnBry here
Iarnwood,156,fengundorm,1,28013,53501,False,0,0,54-61,not seen by CapnBry here
Iarnwood,156,fengundorm,1,22442,50894,False,0,0,54-61,not seen by CapnBry here
Iarnwood,156,fengundorm,1,14606,42030,False,0,0,54-61,not seen by CapnBry here
Iarnwood,156,fengundorm,1,15601,48159,False,0,0,54-61,not seen by CapnBry here
Iarnwood,156,fengundorm,1,22087,44323,False,0,0,54-61,not seen by CapnBry here
Iarnwood,156,fengundorm,2,16044,39913,False,0,0,54-61,not seen by CapnBry here
Iarnwood,156,etvarg,2,26060,15129,True,4,16,42-48,likely short (CapnBry saw more here)
Iarnwood,156,etvarg,1,42698,8737,True,2,3,42-48,matches CapnBry (small/rare camp)
Iarnwood,156,etvarg,1,41497,11230,True,2,3,42-48,matches CapnBry (small/rare camp)
Iarnwood,156,etvarg,1,10105,7758,True,2,15,42-48,matches CapnBry (small/rare camp)
Iarnwood,156,etvarg,1,10470,4882,True,2,9,42-48,matches CapnBry (small/rare camp)
Iarnwood,156,etvarg,1,44062,12826,True,1,4,42-48,matches CapnBry (small/rare camp)
Iarnwood,156,etvarg,2,28371,16939,True,3,11,42-48,likely short (CapnBry saw more here)
Iarnwood,156,etvarg,2,44468,10355,False,0,0,42-48,not seen by CapnBry here
Iarnwood,156,etvarg,1,10024,10775,True,2,6,42-48,matches CapnBry (small/rare camp)
Iarnwood,156,etvarg,1,8636,3840,True,2,9,42-48,matches CapnBry (small/rare camp)
Iarnwood,156,etvarg,1,40596,8989,True,2,3,42-48,matches CapnBry (small/rare camp)
Iarnwood,156,etvarg,2,7231,8185,True,2,15,42-48,matches CapnBry (small/rare camp)
Iarnwood,156,etvarg,2,8608,10162,True,2,6,42-48,matches CapnBry (small/rare camp)
Iarnwood,156,etvarg,1,23864,17826,True,4,8,42-48,likely short (CapnBry saw more here)
Iarnwood,156,etvarg,1,10530,12353,False,0,0,42-48,not seen by CapnBry here
Iarnwood,156,etvarg,1,8947,5926,True,2,9,42-48,matches CapnBry (small/rare camp)
Iarnwood,156,etvarg,1,23444,16091,True,4,13,42-48,likely short (CapnBry saw more here)
Iarnwood,156,etvarg,1,21721,14604,True,4,5,42-48,likely short (CapnBry saw more here)
Iarnwood,156,etvarg,2,24330,13580,True,4,13,42-48,likely short (CapnBry saw more here)
Iarnwood,156,etvarg,1,28462,15255,True,4,16,42-48,likely short (CapnBry saw more here)
Iarnwood,156,etvarg,2,34269,11882,False,0,0,42-48,not seen by CapnBry here
Iarnwood,156,etvarg,2,31330,9381,False,0,0,42-48,not seen by CapnBry here
Iarnwood,156,etvarg,1,33840,9349,False,0,0,42-48,not seen by CapnBry here
Iarnwood,156,petrifier,2,18319,11951,True,5,36,42-47,likely short (CapnBry saw more here)
Iarnwood,156,petrifier,2,18889,16507,True,4,30,42-47,likely short (CapnBry saw more here)
Iarnwood,156,petrifier,1,16917,21144,True,4,22,42-47,likely short (CapnBry saw more here)
Iarnwood,156,petrifier,1,24601,19864,True,3,4,42-47,likely short (CapnBry saw more here)
Iarnwood,156,petrifier,1,9869,9576,True,2,5,42-47,matches CapnBry (small/rare camp)
Iarnwood,156,petrifier,1,20651,24219,True,6,39,42-47,likely short (CapnBry saw more here)
Iarnwood,156,petrifier,1,20205,10763,True,5,19,42-47,likely short (CapnBry saw more here)
Iarnwood,156,petrifier,2,19804,21564,True,4,26,42-47,likely short (CapnBry saw more here)
Iarnwood,156,petrifier,1,14565,15685,True,4,21,42-47,likely short (CapnBry saw more here)
Iarnwood,156,petrifier,1,24254,24999,True,6,24,42-47,likely short (CapnBry saw more here)
Iarnwood,156,petrifier,1,16606,18329,True,4,26,42-47,likely short (CapnBry saw more here)
Iarnwood,156,petrifier,1,11333,6958,True,7,34,42-47,likely short (CapnBry saw more here)
Iarnwood,156,petrifier,2,11676,12522,True,7,24,42-47,likely short (CapnBry saw more here)
Iarnwood,156,petrifier,1,21967,11241,True,5,14,42-47,likely short (CapnBry saw more here)
Iarnwood,156,petrifier,1,25567,25925,True,6,24,42-47,likely short (CapnBry saw more here)
Iarnwood,156,petrifier,1,26425,21900,True,4,3,42-47,likely short (CapnBry saw more here)
Iarnwood,156,petrifier,1,20220,26803,True,6,37,42-47,likely short (CapnBry saw more here)
Iarnwood,156,petrifier,2,25178,23109,True,6,24,42-47,likely short (CapnBry saw more here)
Iarnwood,156,petrifier,2,20837,19344,True,3,13,42-47,likely short (CapnBry saw more here)
Iarnwood,156,petrifier,1,19320,14585,True,4,26,42-47,likely short (CapnBry saw more here)
Iarnwood,156,petrifier,1,13541,7354,True,7,34,42-47,likely short (CapnBry saw more here)
Iarnwood,156,petrifier,1,21061,12539,True,5,25,42-47,likely short (CapnBry saw more here)
Iarnwood,156,petrifier,1,7625,19169,False,0,0,42-47,not seen by CapnBry here
Iarnwood,156,petrifier,1,18274,6151,True,5,32,42-47,likely short (CapnBry saw more here)
Iarnwood,156,petrifier,2,23186,26999,True,6,27,42-47,likely short (CapnBry saw more here)
Iarnwood,156,petrifier,2,37278,7038,True,2,1,42-47,matches CapnBry (small/rare camp)
Iarnwood,156,petrifier,1,32191,11353,True,1,1,42-47,matches CapnBry (small/rare camp)
Iarnwood,156,petrifier,1,8022,13441,True,1,4,42-47,matches CapnBry (small/rare camp)
Iarnwood,156,petrifier,1,16786,13950,True,4,17,42-47,likely short (CapnBry saw more here)
Iarnwood,156,petrifier,2,21683,16093,True,4,24,42-47,likely short (CapnBry saw more here)
Iarnwood,156,petrifier,1,16783,4239,True,4,18,42-47,likely short (CapnBry saw more here)
Iarnwood,156,petrifier,1,31250,13036,True,1,1,42-47,matches CapnBry (small/rare camp)
Iarnwood,156,petrifier,1,15015,5994,True,7,35,42-47,likely short (CapnBry saw more here)
Iarnwood,156,chaotic miasma,1,5629,24418,True,8,14,46-53,likely short (CapnBry saw more here)
Iarnwood,156,chaotic miasma,2,6266,16483,True,7,6,46-53,likely short (CapnBry saw more here)
Iarnwood,156,chaotic miasma,1,9774,21520,True,8,14,46-53,likely short (CapnBry saw more here)
Iarnwood,156,chaotic miasma,1,3515,21515,True,8,13,46-53,likely short (CapnBry saw more here)
Iarnwood,156,chaotic miasma,1,4747,22725,True,8,10,46-53,likely short (CapnBry saw more here)
Iarnwood,156,giant greeber,1,41368,19807,True,3,3,44-50,likely short (CapnBry saw more here)
Iarnwood,156,giant greeber,1,40640,23578,True,2,2,44-50,matches CapnBry (small/rare camp)
Iarnwood,156,giant greeber,1,22702,24741,True,5,14,44-50,likely short (CapnBry saw more here)
Iarnwood,156,giant greeber,2,26938,23743,True,5,22,44-50,likely short (CapnBry saw more here)
Iarnwood,156,giant greeber,1,36975,23557,False,0,0,44-50,not seen by CapnBry here
Iarnwood,156,giant greeber,1,27059,20412,True,5,26,44-50,likely short (CapnBry saw more here)
Iarnwood,156,giant greeber,1,32906,26638,False,0,0,44-50,not seen by CapnBry here
Iarnwood,156,giant greeber,1,44422,22333,False,0,0,44-50,not seen by CapnBry here
Iarnwood,156,giant greeber,1,43642,14711,True,3,3,44-50,likely short (CapnBry saw more here)
Iarnwood,156,giant greeber,1,37285,12494,True,1,5,44-50,matches CapnBry (small/rare camp)
Iarnwood,156,giant greeber,1,38676,17771,True,3,3,44-50,likely short (CapnBry saw more here)
Iarnwood,156,giant greeber,1,24234,26576,False,0,0,44-50,not seen by CapnBry here
Iarnwood,156,giant greeber,1,39973,12530,True,2,7,44-50,matches CapnBry (small/rare camp)
Iarnwood,156,giant greeber,2,23831,22987,True,5,15,44-50,likely short (CapnBry saw more here)
Iarnwood,156,giant greeber,1,25449,21632,True,5,23,44-50,likely short (CapnBry saw more here)
Iarnwood,156,giant greeber,1,44818,19032,True,3,2,44-50,likely short (CapnBry saw more here)
Iarnwood,156,giant greeber,1,45557,13842,True,2,1,44-50,matches CapnBry (small/rare camp)
Iarnwood,156,giant greeber,1,35732,14782,True,1,4,44-50,matches CapnBry (small/rare camp)
Iarnwood,156,giant greeber,2,48719,19971,True,3,1,44-50,likely short (CapnBry saw more here)
Iarnwood,156,giant greeber,1,43299,12492,True,2,3,44-50,matches CapnBry (small/rare camp)
Iarnwood,156,giant greeber,1,48848,17891,True,3,1,44-50,likely short (CapnBry saw more here)
Iarnwood,156,giant greeber,1,23476,21220,True,5,15,44-50,likely short (CapnBry saw more here)
Iarnwood,156,giant greeber,1,37072,21123,True,2,2,44-50,matches CapnBry (small/rare camp)
Iarnwood,156,giant greeber,1,22084,22203,True,5,15,44-50,likely short (CapnBry saw more here)
Iarnwood,156,giant greeber,1,31047,19872,True,1,3,44-50,matches CapnBry (small/rare camp)
Iarnwood,156,giant greeber,2,42616,17766,True,3,3,44-50,likely short (CapnBry saw more here)
Iarnwood,156,giant greeber,1,44114,10927,True,2,3,44-50,matches CapnBry (small/rare camp)
Iarnwood,156,giant greeber,2,24190,8554,True,5,4,44-50,likely short (CapnBry saw more here)
Iarnwood,156,will sapper,1,34543,22502,False,0,0,51-58,not seen by CapnBry here
Iarnwood,156,will sapper,1,51283,23489,False,0,0,51-58,not seen by CapnBry here
Iarnwood,156,will sapper,1,41703,30296,False,0,0,51-58,not seen by CapnBry here
Iarnwood,156,will sapper,1,36186,23916,False,0,0,51-58,not seen by CapnBry here
Iarnwood,156,will sapper,1,39136,29413,False,0,0,51-58,not seen by CapnBry here
Iarnwood,156,will sapper,2,43925,20327,False,0,0,51-58,not seen by CapnBry here
Iarnwood,156,will sapper,1,31224,27058,False,0,0,51-58,not seen by CapnBry here
Iarnwood,156,will sapper,1,46926,16256,False,0,0,51-58,not seen by CapnBry here
Iarnwood,156,will sapper,1,46389,20561,False,0,0,51-58,not seen by CapnBry here
Iarnwood,156,will sapper,1,39289,31896,False,0,0,51-58,not seen by CapnBry here
Iarnwood,156,will sapper,1,46064,28112,False,0,0,51-58,not seen by CapnBry here
Iarnwood,156,will sapper,1,42557,22568,False,0,0,51-58,not seen by CapnBry here
Iarnwood,156,will sapper,1,41334,21130,False,0,0,51-58,not seen by CapnBry here
Iarnwood,156,will sapper,1,39522,24594,False,0,0,51-58,not seen by CapnBry here
Iarnwood,156,will sapper,1,29500,27829,False,0,0,51-58,not seen by CapnBry here
Iarnwood,156,will sapper,2,30686,31378,False,0,0,51-58,not seen by CapnBry here
Iarnwood,156,will sapper,2,37179,32951,False,0,0,51-58,not seen by CapnBry here
Iarnwood,156,will sapper,1,28973,30138,False,0,0,51-58,not seen by CapnBry here
Iarnwood,156,iarn dwarf hunter,1,56618,10364,True,6,8,50-54,likely short (CapnBry saw more here)
Iarnwood,156,iarn dwarf hunter,1,52064,14234,True,3,16,50-54,likely short (CapnBry saw more here)
Iarnwood,156,iarn dwarf hunter,1,55575,9259,True,6,8,50-54,likely short (CapnBry saw more here)
Iarnwood,156,iarn dwarf hunter,2,52728,10027,True,6,13,50-54,likely short (CapnBry saw more here)
Iarnwood,156,iarn dwarf hunter,1,49841,15819,True,3,16,50-54,likely short (CapnBry saw more here)
Iarnwood,156,iarn dwarf hunter,1,49968,13269,True,3,16,50-54,likely short (CapnBry saw more here)
Iarnwood,156,iarn dwarf hunter,1,57535,16705,True,5,9,50-54,likely short (CapnBry saw more here)
Iarnwood,156,iarn dwarf hunter,2,54701,6724,True,6,8,50-54,likely short (CapnBry saw more here)
Iarnwood,156,iarn dwarf hunter,1,53228,15563,True,5,23,50-54,likely short (CapnBry saw more here)
Iarnwood,156,iarn dwarf hunter,1,58562,10678,True,6,5,50-54,likely short (CapnBry saw more here)
Iarnwood,156,redcap cannibal,1,10389,32777,False,0,0,50-57,not seen by CapnBry here
Iarnwood,156,redcap cannibal,2,7206,46845,False,0,0,50-57,not seen by CapnBry here
Iarnwood,156,redcap cannibal,1,21291,59316,True,6,3,50-57,likely short (CapnBry saw more here)
Iarnwood,156,redcap cannibal,1,18444,32854,False,0,0,50-57,not seen by CapnBry here
Iarnwood,156,redcap cannibal,1,55025,27187,True,4,3,50-57,likely short (CapnBry saw more here)
Iarnwood,156,redcap cannibal,1,58755,25165,True,4,1,50-57,likely short (CapnBry saw more here)
Iarnwood,156,redcap cannibal,1,17734,54714,True,6,1,50-57,likely short (CapnBry saw more here)
Iarnwood,156,redcap cannibal,2,13911,36883,True,4,5,50-57,likely short (CapnBry saw more here)
Iarnwood,156,redcap cannibal,1,57097,30723,False,0,0,50-57,not seen by CapnBry here
Iarnwood,156,redcap cannibal,1,57266,27641,True,4,2,50-57,likely short (CapnBry saw more here)
Iarnwood,156,redcap cannibal,2,10653,35159,True,4,5,50-57,likely short (CapnBry saw more here)
Iarnwood,156,redcap cannibal,1,15727,33494,True,4,3,50-57,likely short (CapnBry saw more here)
Iarnwood,156,redcap cannibal,1,18883,34655,False,0,0,50-57,not seen by CapnBry here
Iarnwood,156,redcap cannibal,1,22592,57266,True,6,3,50-57,likely short (CapnBry saw more here)
Iarnwood,156,redcap cannibal,1,5439,47311,False,0,0,50-57,not seen by CapnBry here
Iarnwood,156,redcap cannibal,1,53616,24215,True,1,2,50-57,matches CapnBry (small/rare camp)
Iarnwood,156,redcap cannibal,1,8045,45096,False,0,0,50-57,not seen by CapnBry here
Iarnwood,156,redcap cannibal,1,56697,25978,True,4,3,50-57,likely short (CapnBry saw more here)
Iarnwood,156,redcap cannibal,1,10232,56160,True,3,1,50-57,likely short (CapnBry saw more here)
Iarnwood,156,redcap cannibal,1,12543,32104,True,4,3,50-57,likely short (CapnBry saw more here)
Iarnwood,156,redcap cannibal,1,6792,49890,False,0,0,50-57,not seen by CapnBry here
Iarnwood,156,paralyzer,1,33335,32552,True,1,3,46-54,matches CapnBry (small/rare camp)
Iarnwood,156,paralyzer,1,28235,13872,False,0,0,46-54,not seen by CapnBry here
Iarnwood,156,paralyzer,1,49620,22501,False,0,0,46-54,not seen by CapnBry here
Iarnwood,156,paralyzer,1,45134,22003,False,0,0,46-54,not seen by CapnBry here
Iarnwood,156,paralyzer,1,32731,18966,True,1,2,46-54,matches CapnBry (small/rare camp)
Iarnwood,156,paralyzer,1,34703,22366,True,2,3,46-54,matches CapnBry (small/rare camp)
Iarnwood,156,paralyzer,1,32284,26935,True,2,4,46-54,matches CapnBry (small/rare camp)
Iarnwood,156,paralyzer,1,25040,13026,True,1,1,46-54,matches CapnBry (small/rare camp)
Iarnwood,156,paralyzer,2,31024,31949,False,0,0,46-54,not seen by CapnBry here
Iarnwood,156,paralyzer,1,51252,22306,False,0,0,46-54,not seen by CapnBry here
Iarnwood,156,paralyzer,1,46225,19314,True,1,3,46-54,matches CapnBry (small/rare camp)
Iarnwood,156,paralyzer,1,38224,13476,False,0,0,46-54,not seen by CapnBry here
Iarnwood,156,paralyzer,1,40058,15201,True,1,3,46-54,matches CapnBry (small/rare camp)
Iarnwood,156,paralyzer,1,33781,14969,False,0,0,46-54,not seen by CapnBry here
Iarnwood,156,paralyzer,1,38206,21169,True,2,3,46-54,matches CapnBry (small/rare camp)
Iarnwood,156,paralyzer,1,49440,25358,False,0,0,46-54,not seen by CapnBry here
Iarnwood,156,paralyzer,1,37148,25960,False,0,0,46-54,not seen by CapnBry here
Iarnwood,156,paralyzer,1,28008,27827,True,2,3,46-54,matches CapnBry (small/rare camp)
Iarnwood,156,paralyzer,1,36491,23377,True,2,2,46-54,matches CapnBry (small/rare camp)
Iarnwood,156,paralyzer,1,41221,20911,True,2,3,46-54,matches CapnBry (small/rare camp)
Iarnwood,156,paralyzer,1,47347,20648,True,1,3,46-54,matches CapnBry (small/rare camp)
Iarnwood,156,paralyzer,1,34611,17401,True,1,2,46-54,matches CapnBry (small/rare camp)
Iarnwood,156,paralyzer,1,29241,23923,True,2,2,46-54,matches CapnBry (small/rare camp)
Iarnwood,156,paralyzer,1,30938,23163,True,2,3,46-54,matches CapnBry (small/rare camp)
Iarnwood,156,paralyzer,1,36096,32308,True,1,3,46-54,matches CapnBry (small/rare camp)
Iarnwood,156,paralyzer,1,37819,18699,True,2,3,46-54,matches CapnBry (small/rare camp)
Iarnwood,156,paralyzer,1,30224,29161,True,2,3,46-54,matches CapnBry (small/rare camp)
Iarnwood,156,paralyzer,1,34775,25175,True,2,4,46-54,matches CapnBry (small/rare camp)
Iarnwood,156,paralyzer,2,48484,18666,True,1,3,46-54,matches CapnBry (small/rare camp)
Iarnwood,156,paralyzer,1,43247,12313,True,1,2,46-54,matches CapnBry (small/rare camp)
Iarnwood,156,paralyzer,1,48010,16548,True,1,3,46-54,matches CapnBry (small/rare camp)
Iarnwood,156,paralyzer,1,33100,24889,True,2,4,46-54,matches CapnBry (small/rare camp)
Iarnwood,156,paralyzer,1,41961,16461,True,2,5,46-54,matches CapnBry (small/rare camp)
Iarnwood,156,paralyzer,1,43558,18077,True,2,3,46-54,matches CapnBry (small/rare camp)
Iarnwood,156,iarn dwarf huntress,1,49651,14469,False,0,0,54-56,not seen by CapnBry here
Iarnwood,156,iarn dwarf huntress,1,58580,10262,False,0,0,54-56,not seen by CapnBry here
Iarnwood,156,iarn dwarf huntress,1,52292,16026,False,0,0,54-56,not seen by CapnBry here
Iarnwood,156,vasrem,1,58015,56538,False,0,0,70-70,not seen by CapnBry here
Iarnwood,156,rancoradra,1,43274,16364,True,3,3,44-45,likely short (CapnBry saw more here)
Iarnwood,156,rancoradra,2,37966,14658,True,3,4,44-45,likely short (CapnBry saw more here)
Iarnwood,156,rancoradra,1,38971,17057,True,3,5,44-45,likely short (CapnBry saw more here)
Iarnwood,156,rancoradra,1,43891,12651,True,3,2,44-45,likely short (CapnBry saw more here)
Iarnwood,156,rancoradra,1,22402,8023,True,7,4,44-45,likely short (CapnBry saw more here)
Iarnwood,156,rancoradra,1,44978,15012,True,3,3,44-45,likely short (CapnBry saw more here)
Iarnwood,156,rancoradra,1,35208,15271,True,3,4,44-45,likely short (CapnBry saw more here)
Iarnwood,156,rancoradra,1,32471,15556,True,2,2,44-45,matches CapnBry (small/rare camp)
Iarnwood,156,rancoradra,1,28540,13627,False,0,0,44-45,not seen by CapnBry here
Iarnwood,156,rancoradra,1,31708,17521,True,2,2,44-45,matches CapnBry (small/rare camp)
Iarnwood,156,rancoradra,1,30937,15228,True,2,2,44-45,matches CapnBry (small/rare camp)
Iarnwood,156,rancoradra,1,40224,13062,True,3,5,44-45,likely short (CapnBry saw more here)
Iarnwood,156,rancoradra,2,27954,23135,True,2,4,44-45,matches CapnBry (small/rare camp)
Iarnwood,156,rancoradra,1,49314,18103,False,0,0,44-45,not seen by CapnBry here
Iarnwood,156,rancoradra,1,30797,19286,True,2,2,44-45,matches CapnBry (small/rare camp)
Iarnwood,156,rancoradra,1,41839,19208,True,3,1,44-45,likely short (CapnBry saw more here)
Iarnwood,156,rancoradra,1,41904,9900,False,0,0,44-45,not seen by CapnBry here
Iarnwood,156,spectral render,1,52212,55083,False,0,0,65-65,not seen by CapnBry here
Iarnwood,156,spectral render,1,55615,52273,False,0,0,65-65,not seen by CapnBry here
Iarnwood,156,masher,1,21991,51312,False,0,0,64-64,not seen by CapnBry here
Iarnwood,156,chief tarek,1,52328,11225,False,0,0,68-68,not seen by CapnBry here
Iarnwood,156,syn,1,54254,9674,False,0,0,59-59,not seen by CapnBry here
Iarnwood,156,koli,1,6384,28317,False,0,0,52-52,not seen by CapnBry here
Iarnwood,156,aage,1,54871,9609,False,0,0,56-56,not seen by CapnBry here
Iarnwood,156,unok,1,9456,56962,False,0,0,55-55,not seen by CapnBry here
Iarnwood,156,sariloc,1,14480,22941,False,0,0,48-48,not seen by CapnBry here
Iarnwood,156,forest skrat,1,10903,53,False,0,0,48-55,not seen by CapnBry here
Iarnwood,156,forest skrat,2,9281,720,False,0,0,48-55,not seen by CapnBry here
Modernagrav,158,skadedjur,2,52720,51075,True,2,26,40-48,matches CapnBry (small/rare camp)
Modernagrav,158,skadedjur,1,48577,50645,True,6,15,40-48,likely short (CapnBry saw more here)
Modernagrav,158,skadedjur,2,53142,36324,True,5,20,40-48,likely short (CapnBry saw more here)
Modernagrav,158,skadedjur,1,53794,47249,True,3,34,40-48,likely short (CapnBry saw more here)
Modernagrav,158,skadedjur,2,55635,45193,True,3,33,40-48,likely short (CapnBry saw more here)
Modernagrav,158,skadedjur,1,50384,50430,True,6,37,40-48,likely short (CapnBry saw more here)
Modernagrav,158,skadedjur,1,50321,45759,True,4,31,40-48,likely short (CapnBry saw more here)
Modernagrav,158,skadedjur,1,40898,53113,True,5,8,40-48,likely short (CapnBry saw more here)
Modernagrav,158,skadedjur,1,21255,42166,True,7,29,40-48,likely short (CapnBry saw more here)
Modernagrav,158,skadedjur,1,19020,46814,True,7,15,40-48,likely short (CapnBry saw more here)
Modernagrav,158,skadedjur,1,51480,39413,True,5,19,40-48,likely short (CapnBry saw more here)
Modernagrav,158,skadedjur,1,55462,49275,True,2,25,40-48,matches CapnBry (small/rare camp)
Modernagrav,158,skadedjur,1,53129,44739,True,3,33,40-48,likely short (CapnBry saw more here)
Modernagrav,158,skadedjur,1,54526,51872,True,2,26,40-48,matches CapnBry (small/rare camp)
Modernagrav,158,skadedjur,1,52565,42851,True,5,27,40-48,likely short (CapnBry saw more here)
Modernagrav,158,fengarus,1,46644,18573,False,0,0,54-63,not seen by CapnBry here
Modernagrav,158,fengarus,1,47535,14083,False,0,0,54-63,not seen by CapnBry here
Modernagrav,158,fengarus,1,49712,12193,False,0,0,54-63,not seen by CapnBry here
Modernagrav,158,fengarus,1,45200,12833,False,0,0,54-63,not seen by CapnBry here
Modernagrav,158,fengarus,1,41725,19570,False,0,0,54-63,not seen by CapnBry here
Modernagrav,158,fengarus,1,43639,19141,False,0,0,54-63,not seen by CapnBry here
Modernagrav,158,fengarus,1,41678,11594,False,0,0,54-63,not seen by CapnBry here
Modernagrav,158,fengarus,1,48555,16017,False,0,0,54-63,not seen by CapnBry here
Modernagrav,158,fengarus,1,43658,16954,False,0,0,54-63,not seen by CapnBry here
Modernagrav,158,fengarus,1,41190,17421,False,0,0,54-63,not seen by CapnBry here
Modernagrav,158,fengarus,2,41094,14179,False,0,0,54-63,not seen by CapnBry here
Modernagrav,158,fengarus,2,36423,10839,False,0,0,54-63,not seen by CapnBry here
Modernagrav,158,fengarus,1,39563,16772,False,0,0,54-63,not seen by CapnBry here
Modernagrav,158,fengarus,2,58131,34830,False,0,0,54-63,not seen by CapnBry here
Modernagrav,158,fengarus,2,52308,29137,False,0,0,54-63,not seen by CapnBry here
Modernagrav,158,fengarus,1,51524,11730,False,0,0,54-63,not seen by CapnBry here
Modernagrav,158,fengarus,1,57397,32895,False,0,0,54-63,not seen by CapnBry here
Modernagrav,158,fengarus,1,48724,17561,False,0,0,54-63,not seen by CapnBry here
Modernagrav,158,fengarus,1,54203,35883,False,0,0,54-63,not seen by CapnBry here
Modernagrav,158,fengarus,1,50882,27979,False,0,0,54-63,not seen by CapnBry here
Modernagrav,158,redcap vandrare,1,32934,54750,False,0,0,56-64,not seen by CapnBry here
Modernagrav,158,redcap vandrare,1,25016,53861,False,0,0,56-64,not seen by CapnBry here
Modernagrav,158,redcap vandrare,1,25575,51574,False,0,0,56-64,not seen by CapnBry here
Modernagrav,158,redcap vandrare,1,32217,52532,False,0,0,56-64,not seen by CapnBry here
Modernagrav,158,redcap vandrare,2,31116,54516,False,0,0,56-64,not seen by CapnBry here
Modernagrav,158,redcap bestigar,1,29212,55663,False,0,0,52-58,not seen by CapnBry here
Modernagrav,158,redcap bestigar,1,52916,59142,False,0,0,52-58,not seen by CapnBry here
Modernagrav,158,spectral snake,1,40889,37169,True,1,6,46-52,matches CapnBry (small/rare camp)
Modernagrav,158,spectral snake,1,42317,39255,True,1,5,46-52,matches CapnBry (small/rare camp)
Modernagrav,158,spectral snake,1,42905,44091,True,3,6,46-52,likely short (CapnBry saw more here)
Modernagrav,158,spectral snake,1,36843,42958,True,4,9,46-52,likely short (CapnBry saw more here)
Modernagrav,158,spectral snake,1,34147,47430,False,0,0,46-52,not seen by CapnBry here
Modernagrav,158,spectral snake,1,38188,44721,True,4,5,46-52,likely short (CapnBry saw more here)
Modernagrav,158,spectral snake,1,44686,41237,True,1,2,46-52,matches CapnBry (small/rare camp)
Modernagrav,158,spectral snake,1,45616,38618,True,1,1,46-52,matches CapnBry (small/rare camp)
Modernagrav,158,spectral snake,1,37961,23902,True,3,5,46-52,likely short (CapnBry saw more here)
Modernagrav,158,spectral snake,2,36474,40108,True,2,8,46-52,matches CapnBry (small/rare camp)
Modernagrav,158,spectral snake,2,37175,46847,True,4,4,46-52,likely short (CapnBry saw more here)
Modernagrav,158,spectral snake,2,56966,6841,True,3,4,46-52,likely short (CapnBry saw more here)
Modernagrav,158,spectral snake,1,41825,41642,True,1,5,46-52,matches CapnBry (small/rare camp)
Modernagrav,158,morvalt utforska,1,29092,14941,True,11,1,42-48,likely short (CapnBry saw more here)
Modernagrav,158,morvalt utforska,1,29360,16866,False,0,0,42-48,not seen by CapnBry here
Modernagrav,158,morvalt utforska,1,22793,7294,True,7,3,42-48,likely short (CapnBry saw more here)
Modernagrav,158,morvalt utforska,2,25777,18680,False,0,0,42-48,not seen by CapnBry here
Modernagrav,158,morvalt utforska,1,20875,18101,True,16,16,42-48,likely short (CapnBry saw more here)
Modernagrav,158,morvalt utforska,1,23250,19231,False,0,0,42-48,not seen by CapnBry here
Modernagrav,158,morvalt utforska,1,22685,17834,True,16,6,42-48,likely short (CapnBry saw more here)
Modernagrav,158,morvalt utforska,1,28265,11754,True,11,5,42-48,likely short (CapnBry saw more here)
Modernagrav,158,morvalt utforska,1,26284,8988,True,7,7,42-48,likely short (CapnBry saw more here)
Modernagrav,158,morvalt utforska,1,15657,13305,True,5,16,42-48,likely short (CapnBry saw more here)
Modernagrav,158,reanimated howler,1,28829,32132,False,0,0,56-60,not seen by CapnBry here
Modernagrav,158,reanimated howler,1,38757,33097,False,0,0,56-60,not seen by CapnBry here
Modernagrav,158,reanimated howler,1,42517,29786,False,0,0,56-60,not seen by CapnBry here
Modernagrav,158,reanimated howler,1,38124,29232,False,0,0,56-60,not seen by CapnBry here
Modernagrav,158,reanimated howler,1,37601,25032,False,0,0,56-60,not seen by CapnBry here
Modernagrav,158,reanimated howler,1,34013,40362,False,0,0,56-60,not seen by CapnBry here
Modernagrav,158,reanimated howler,1,41730,32485,False,0,0,56-60,not seen by CapnBry here
Modernagrav,158,reanimated howler,1,34461,28433,False,0,0,56-60,not seen by CapnBry here
Modernagrav,158,reanimated howler,1,32511,29800,False,0,0,56-60,not seen by CapnBry here
Modernagrav,158,reanimated howler,1,39229,30776,False,0,0,56-60,not seen by CapnBry here
Modernagrav,158,reanimated howler,1,35383,36030,False,0,0,56-60,not seen by CapnBry here
Modernagrav,158,reanimated howler,1,29800,29413,False,0,0,56-60,not seen by CapnBry here
Modernagrav,158,reanimated howler,1,44043,27646,False,0,0,56-60,not seen by CapnBry here
Modernagrav,158,reanimated howler,1,41494,43662,False,0,0,56-60,not seen by CapnBry here
Modernagrav,158,reanimated howler,1,37241,31350,False,0,0,56-60,not seen by CapnBry here
Modernagrav,158,reanimated howler,1,35748,43913,False,0,0,56-60,not seen by CapnBry here
Modernagrav,158,reanimated howler,1,32598,27974,False,0,0,56-60,not seen by CapnBry here
Modernagrav,158,spectral feline,1,34881,21603,False,0,0,52-58,not seen by CapnBry here
Modernagrav,158,spectral feline,1,45700,40448,False,0,0,52-58,not seen by CapnBry here
Modernagrav,158,spectral feline,1,33187,21316,False,0,0,52-58,not seen by CapnBry here
Modernagrav,158,spectral feline,1,27228,39038,False,0,0,52-58,not seen by CapnBry here
Modernagrav,158,spectral feline,1,37979,41334,False,0,0,52-58,not seen by CapnBry here
Modernagrav,158,spectral feline,1,35565,28762,False,0,0,52-58,not seen by CapnBry here
Modernagrav,158,spectral feline,1,29769,41301,False,0,0,52-58,not seen by CapnBry here
Modernagrav,158,spectral feline,1,33650,30690,False,0,0,52-58,not seen by CapnBry here
Modernagrav,158,spectral feline,1,35626,37019,False,0,0,52-58,not seen by CapnBry here
Modernagrav,158,spectral feline,1,41339,34044,False,0,0,52-58,not seen by CapnBry here
Modernagrav,158,spectral feline,1,39115,47180,False,0,0,52-58,not seen by CapnBry here
Modernagrav,158,spectral feline,1,34122,35090,False,0,0,52-58,not seen by CapnBry here
Modernagrav,158,spectral feline,1,31840,42147,False,0,0,52-58,not seen by CapnBry here
Modernagrav,158,spectral feline,2,39957,39957,False,0,0,52-58,not seen by CapnBry here
Modernagrav,158,spectral feline,1,43177,33442,False,0,0,52-58,not seen by CapnBry here
Modernagrav,158,spectral feline,1,40822,41360,False,0,0,52-58,not seen by CapnBry here
Modernagrav,158,spectral feline,1,38135,44377,False,0,0,52-58,not seen by CapnBry here
Modernagrav,158,spectral feline,1,44566,41904,False,0,0,52-58,not seen by CapnBry here
Modernagrav,158,spectral feline,1,36404,23085,False,0,0,52-58,not seen by CapnBry here
Modernagrav,158,spectral feline,2,41992,31055,False,0,0,52-58,not seen by CapnBry here
Modernagrav,158,spectral feline,2,38008,35556,False,0,0,52-58,not seen by CapnBry here
Modernagrav,158,spectral feline,2,38795,28326,False,0,0,52-58,not seen by CapnBry here
Modernagrav,158,spectral feline,1,33150,26584,False,0,0,52-58,not seen by CapnBry here
Modernagrav,158,spectral feline,1,30449,39731,False,0,0,52-58,not seen by CapnBry here
Modernagrav,158,spectral feline,1,44128,40353,False,0,0,52-58,not seen by CapnBry here
Modernagrav,158,spectral feline,1,42504,29050,False,0,0,52-58,not seen by CapnBry here
Modernagrav,158,spectral feline,2,38395,38769,False,0,0,52-58,not seen by CapnBry here
Modernagrav,158,spectral feline,1,30089,25321,False,0,0,52-58,not seen by CapnBry here
Modernagrav,158,spectral feline,1,33652,36751,False,0,0,52-58,not seen by CapnBry here
Modernagrav,158,howler,1,36522,42028,True,3,12,46-55,likely short (CapnBry saw more here)
Modernagrav,158,howler,1,36743,38532,True,3,12,46-55,likely short (CapnBry saw more here)
Modernagrav,158,howler,2,38476,45429,True,2,6,46-55,matches CapnBry (small/rare camp)
Modernagrav,158,howler,1,41277,33125,True,2,4,46-55,matches CapnBry (small/rare camp)
Modernagrav,158,howler,1,37959,40194,True,3,12,46-55,likely short (CapnBry saw more here)
Modernagrav,158,howler,1,35908,48539,True,2,6,46-55,matches CapnBry (small/rare camp)
Modernagrav,158,howler,1,44366,41697,True,5,5,46-55,likely short (CapnBry saw more here)
Modernagrav,158,howler,2,37697,46972,True,2,6,46-55,matches CapnBry (small/rare camp)
Modernagrav,158,howler,1,36560,43940,True,3,18,46-55,likely short (CapnBry saw more here)
Modernagrav,158,howler,1,35052,45111,True,2,6,46-55,matches CapnBry (small/rare camp)
Modernagrav,158,howler,1,46777,32049,True,15,2,46-55,likely short (CapnBry saw more here)
Modernagrav,158,howler,2,55591,13905,False,0,0,46-55,not seen by CapnBry here
Modernagrav,158,howler,1,54209,7769,False,0,0,46-55,not seen by CapnBry here
Modernagrav,158,morvalt framkalla,1,19547,6786,False,0,0,47-52,not seen by CapnBry here
Modernagrav,158,morvalt framkalla,2,28662,10180,True,8,3,47-52,likely short (CapnBry saw more here)
Modernagrav,158,morvalt framkalla,2,28911,14376,True,8,2,47-52,likely short (CapnBry saw more here)
Modernagrav,158,decaying mammoth,1,35118,21462,False,0,0,58-64,not seen by CapnBry here
Modernagrav,158,decaying mammoth,1,30268,23378,False,0,0,58-64,not seen by CapnBry here
Modernagrav,158,decaying mammoth,1,36054,34353,False,0,0,58-64,not seen by CapnBry here
Modernagrav,158,decaying mammoth,2,36124,23456,False,0,0,58-64,not seen by CapnBry here
Modernagrav,158,decaying mammoth,1,39607,30001,False,0,0,58-64,not seen by CapnBry here
Modernagrav,158,decaying mammoth,1,43281,34595,False,0,0,58-64,not seen by CapnBry here
Modernagrav,158,decaying mammoth,1,26645,20553,False,0,0,58-64,not seen by CapnBry here
Modernagrav,158,decaying mammoth,1,37686,31834,False,0,0,58-64,not seen by CapnBry here
Modernagrav,158,decaying mammoth,1,43077,37704,False,0,0,58-64,not seen by CapnBry here
Modernagrav,158,decaying mammoth,1,35321,38967,False,0,0,58-64,not seen by CapnBry here
Modernagrav,158,decaying mammoth,1,35125,25243,False,0,0,58-64,not seen by CapnBry here
Modernagrav,158,decaying mammoth,1,30519,21396,False,0,0,58-64,not seen by CapnBry here
Modernagrav,158,decaying mammoth,1,32624,24788,False,0,0,58-64,not seen by CapnBry here
Modernagrav,158,decaying mammoth,2,37255,29832,False,0,0,58-64,not seen by CapnBry here
Modernagrav,158,decaying mammoth,1,44794,28940,False,0,0,58-64,not seen by CapnBry here
Modernagrav,158,decaying mammoth,2,29563,25188,False,0,0,58-64,not seen by CapnBry here
Modernagrav,158,decaying mammoth,1,32334,20274,False,0,0,58-64,not seen by CapnBry here
Modernagrav,158,decaying mammoth,1,34045,29735,False,0,0,58-64,not seen by CapnBry here
Modernagrav,158,decaying mammoth,1,38816,39460,False,0,0,58-64,not seen by CapnBry here
Modernagrav,158,morvalt vaktare,2,20241,6859,False,0,0,50-53,not seen by CapnBry here
Modernagrav,158,morvalt vaktare,1,28552,19354,False,0,0,50-53,not seen by CapnBry here
Modernagrav,158,morvalt vaktare,1,24816,7326,False,0,0,50-53,not seen by CapnBry here
Modernagrav,158,morvalt vaktare,1,29231,15476,True,4,1,50-53,likely short (CapnBry saw more here)
Modernagrav,158,morvalt vaktare,1,28449,13837,True,4,1,50-53,likely short (CapnBry saw more here)
Modernagrav,158,morvalt vaktare,2,27377,6470,False,0,0,50-53,not seen by CapnBry here
Modernagrav,158,morvalt vaktare,1,19488,10254,True,5,1,50-53,likely short (CapnBry saw more here)
Modernagrav,158,morvalt vaktare,2,19971,15724,True,13,4,50-53,likely short (CapnBry saw more here)
Modernagrav,158,morvalt vaktare,2,22274,13830,True,13,4,50-53,likely short (CapnBry saw more here)
Modernagrav,158,morvalt vaktare,2,24108,11552,True,13,4,50-53,likely short (CapnBry saw more here)
Modernagrav,158,morvalt vaktare,1,19983,19655,False,0,0,50-53,not seen by CapnBry here
Modernagrav,158,morvalt vaktare,1,27013,11137,True,4,1,50-53,likely short (CapnBry saw more here)
Modernagrav,158,morvalt vaktare,1,26845,17335,True,4,1,50-53,likely short (CapnBry saw more here)
Modernagrav,158,morvalt vaktare,1,28795,11894,True,4,1,50-53,likely short (CapnBry saw more here)
Modernagrav,158,morvalt andakuva,2,21648,18653,True,4,1,46-49,likely short (CapnBry saw more here)
Modernagrav,158,morvalt andakuva,2,18222,18095,True,4,8,46-49,likely short (CapnBry saw more here)
Modernagrav,158,morvalt andakuva,1,28478,15691,True,5,1,46-49,likely short (CapnBry saw more here)
Modernagrav,158,morvalt andakuva,1,28765,9595,False,0,0,46-49,not seen by CapnBry here
Modernagrav,158,morvalt andakuva,1,22549,14993,True,6,17,46-49,likely short (CapnBry saw more here)
Modernagrav,158,morvalt andakuva,1,22658,11384,True,6,10,46-49,likely short (CapnBry saw more here)
Modernagrav,158,morvalt andakuva,1,28830,11408,True,5,1,46-49,likely short (CapnBry saw more here)
Modernagrav,158,morvalt andakuva,2,18146,14483,True,4,15,46-49,likely short (CapnBry saw more here)
Modernagrav,158,morvalt andakuva,1,19730,12597,True,6,17,46-49,likely short (CapnBry saw more here)
Modernagrav,158,morvalt andakuva,1,20316,15007,True,6,17,46-49,likely short (CapnBry saw more here)
Modernagrav,158,morvalt andakuva,1,27276,7356,True,3,1,46-49,likely short (CapnBry saw more here)
Modernagrav,158,morvalt andakuva,1,16159,18790,False,0,0,46-49,not seen by CapnBry here
Modernagrav,158,morvalt andakuva,1,15680,9377,True,1,1,46-49,matches CapnBry (small/rare camp)
Modernagrav,158,sjoalf breaker,2,8108,45456,True,2,2,37-41,matches CapnBry (small/rare camp)
Modernagrav,158,sjoalf breaker,1,9369,13282,True,9,10,37-41,likely short (CapnBry saw more here)
Modernagrav,158,sjoalf breaker,1,4806,16472,False,0,0,37-41,not seen by CapnBry here
Modernagrav,158,sjoalf breaker,1,4005,32729,False,0,0,37-41,not seen by CapnBry here
Modernagrav,158,sjoalf breaker,2,7174,10623,True,9,10,37-41,likely short (CapnBry saw more here)
Modernagrav,158,sjoalf breaker,1,4863,35044,False,0,0,37-41,not seen by CapnBry here
Modernagrav,158,sjoalf breaker,2,6825,60347,False,0,0,37-41,not seen by CapnBry here
Modernagrav,158,sjoalf waverunner,2,6548,9902,True,5,19,36-42,likely short (CapnBry saw more here)
Modernagrav,158,sjoalf waverunner,1,5976,16986,False,0,0,36-42,not seen by CapnBry here
Modernagrav,158,sjoalf waverunner,1,4006,16012,False,0,0,36-42,not seen by CapnBry here
Modernagrav,158,sjoalf waverunner,1,4795,35488,False,0,0,36-42,not seen by CapnBry here
Modernagrav,158,sjoalf waverunner,1,8289,36403,False,0,0,36-42,not seen by CapnBry here
Modernagrav,158,sjoalf waverunner,1,3110,54721,True,1,13,36-42,matches CapnBry (small/rare camp)
Modernagrav,158,sjoalf waverunner,2,8618,41872,True,2,4,36-42,matches CapnBry (small/rare camp)
Modernagrav,158,sjoalf waverunner,1,4121,31858,False,0,0,36-42,not seen by CapnBry here
Modernagrav,158,sjoalf waverunner,1,9962,44268,True,2,4,36-42,matches CapnBry (small/rare camp)
Modernagrav,158,sjoalf waverunner,2,6705,60521,False,0,0,36-42,not seen by CapnBry here
Modernagrav,158,basilius,1,57777,7651,False,0,0,66-66,not seen by CapnBry here
Modernagrav,158,asutri,1,10711,53421,False,0,0,50-50,not seen by CapnBry here
Modernagrav,158,morvalt avliden,1,57427,7517,False,0,0,50-50,not seen by CapnBry here
Modernagrav,158,mortufoghus,1,25118,23108,False,0,0,77-77,not seen by CapnBry here
Modernagrav,158,rolf,1,58763,9661,False,0,0,50-50,not seen by CapnBry here
Modernagrav,158,shiake,1,31360,15232,False,0,0,44-44,not seen by CapnBry here
Modernagrav,158,alivor,1,12830,56989,False,0,0,50-50,not seen by CapnBry here
Modernagrav,158,white wolf,1,21089,52281,True,1,2,27-31,matches CapnBry (small/rare camp)
Modernagrav,158,white wolf,1,55974,16227,True,1,2,27-31,matches CapnBry (small/rare camp)
Modernagrav,158,white wolf,1,26550,52253,True,1,1,27-31,matches CapnBry (small/rare camp)
Modernagrav,158,white wolf,1,53384,13195,False,0,0,27-31,not seen by CapnBry here
Modernagrav,158,white wolf,1,25446,48218,True,1,1,27-31,matches CapnBry (small/rare camp)
Modernagrav,158,white wolf,1,10301,49907,True,3,2,27-31,likely short (CapnBry saw more here)
Modernagrav,158,white wolf,1,11211,47541,True,3,2,27-31,likely short (CapnBry saw more here)
Modernagrav,158,white wolf,1,42377,49799,True,1,1,27-31,matches CapnBry (small/rare camp)
Modernagrav,158,white wolf,1,59968,12336,True,1,2,27-31,matches CapnBry (small/rare camp)
Modernagrav,158,white wolf,1,15412,51403,True,2,2,27-31,matches CapnBry (small/rare camp)
Modernagrav,158,white wolf,1,45597,30731,True,1,2,27-31,matches CapnBry (small/rare camp)
Modernagrav,158,white wolf,1,17163,50272,True,2,2,27-31,matches CapnBry (small/rare camp)
Modernagrav,158,white wolf,1,17763,48437,True,2,2,27-31,matches CapnBry (small/rare camp)
Modernagrav,158,white wolf,1,19092,54599,True,1,1,27-31,matches CapnBry (small/rare camp)
Modernagrav,158,white wolf,1,46295,28354,True,1,1,27-31,matches CapnBry (small/rare camp)
Modernagrav,158,white wolf,1,12057,49414,True,3,2,27-31,likely short (CapnBry saw more here)
Modernagrav,158,morvalt blandare,2,20506,7139,False,0,0,44-46,not seen by CapnBry here
Modernagrav,158,morvalt blandare,2,18629,14921,False,0,0,44-46,not seen by CapnBry here
Modernagrav,158,morvalt blandare,2,24403,17892,False,0,0,44-46,not seen by CapnBry here
Modernagrav,158,morvalt blandare,1,26378,16111,False,0,0,44-46,not seen by CapnBry here
Modernagrav,158,morvalt blandare,1,28707,12804,False,0,0,44-46,not seen by CapnBry here
Modernagrav,158,morvalt blandare,2,26700,6962,False,0,0,44-46,not seen by CapnBry here
Modernagrav,158,morvalt blandare,1,20712,16762,False,0,0,44-46,not seen by CapnBry here
Modernagrav,158,morvalt blandare,2,23072,6730,False,0,0,44-46,not seen by CapnBry here
Modernagrav,158,morvalt blandare,1,19427,8510,False,0,0,44-46,not seen by CapnBry here
Modernagrav,158,morvalt blandare,1,22838,14399,False,0,0,44-46,not seen by CapnBry here
Modernagrav,158,morvalt blandare,1,21053,14042,False,0,0,44-46,not seen by CapnBry here
Modernagrav,158,morvalt blandare,1,25879,13506,False,0,0,44-46,not seen by CapnBry here
Modernagrav,158,corrupted howler,1,40886,42141,False,0,0,52-62,not seen by CapnBry here
Modernagrav,158,corrupted howler,1,46416,31265,False,0,0,52-62,not seen by CapnBry here
Modernagrav,158,corrupted howler,1,46681,33523,False,0,0,52-62,not seen by CapnBry here
Modernagrav,158,corrupted howler,1,33245,30467,False,0,0,52-62,not seen by CapnBry here
Modernagrav,158,corrupted howler,2,38363,38710,False,0,0,52-62,not seen by CapnBry here
Modernagrav,158,corrupted howler,1,39268,44044,False,0,0,52-62,not seen by CapnBry here
Modernagrav,158,corrupted howler,1,34865,46418,False,0,0,52-62,not seen by CapnBry here
Modernagrav,158,corrupted howler,1,34742,42259,False,0,0,52-62,not seen by CapnBry here
Modernagrav,158,corrupted howler,1,27787,38350,False,0,0,52-62,not seen by CapnBry here
Modernagrav,158,corrupted howler,1,37793,46503,False,0,0,52-62,not seen by CapnBry here
Modernagrav,158,corrupted howler,2,25825,37252,False,0,0,52-62,not seen by CapnBry here
Modernagrav,158,corrupted howler,1,44309,31622,False,0,0,52-62,not seen by CapnBry here
Modernagrav,158,corrupted howler,1,36693,47622,False,0,0,52-62,not seen by CapnBry here
Modernagrav,158,corrupted howler,1,43643,33065,False,0,0,52-62,not seen by CapnBry here
Modernagrav,158,corrupted howler,1,30483,24203,False,0,0,52-62,not seen by CapnBry here
Modernagrav,158,corrupted howler,1,27576,23920,False,0,0,52-62,not seen by CapnBry here
Modernagrav,158,corrupted howler,1,38040,42428,False,0,0,52-62,not seen by CapnBry here
Modernagrav,158,corrupted howler,1,29735,40495,False,0,0,52-62,not seen by CapnBry here
Modernagrav,158,corrupted howler,1,41744,37031,False,0,0,52-62,not seen by CapnBry here
Modernagrav,158,corrupted howler,1,28202,27320,False,0,0,52-62,not seen by CapnBry here
Modernagrav,158,corrupted howler,1,38579,35831,False,0,0,52-62,not seen by CapnBry here
Modernagrav,158,corrupted howler,2,32652,43412,False,0,0,52-62,not seen by CapnBry here
Modernagrav,158,corrupted howler,1,31824,27253,False,0,0,52-62,not seen by CapnBry here
Modernagrav,158,corrupted howler,1,36354,30930,False,0,0,52-62,not seen by CapnBry here
Modernagrav,158,corrupted howler,1,30617,42202,False,0,0,52-62,not seen by CapnBry here
Modernagrav,158,corrupted howler,1,31779,40028,False,0,0,52-62,not seen by CapnBry here
Modernagrav,158,corrupted howler,1,28187,33874,False,0,0,52-62,not seen by CapnBry here
Modernagrav,158,corrupted howler,1,36827,33263,False,0,0,52-62,not seen by CapnBry here
Modernagrav,158,corrupted howler,1,30261,38826,False,0,0,52-62,not seen by CapnBry here
Modernagrav,158,ice scrag,1,16418,49183,True,1,1,33-34,matches CapnBry (small/rare camp)
Modernagrav,158,morvalt gravmaniska,2,57694,8291,False,0,0,51-54,not seen by CapnBry here
Modernagrav,158,morvalt befara,1,57478,7677,False,0,0,55-55,not seen by CapnBry here
Modernagrav,158,pirmin,1,8996,19105,False,0,0,45-45,not seen by CapnBry here
Modernagrav,158,hoden,1,57814,7918,False,0,0,60-60,not seen by CapnBry here
Modernagrav,158,bone-eater warleader,1,60539,33424,False,0,0,45-45,not seen by CapnBry here
Modernagrav,158,isalf forayer,1,21033,54621,True,1,1,44-44,matches CapnBry (small/rare camp)
Modernagrav,158,thawing corpse,1,44857,31841,False,0,0,31-31,not seen by CapnBry here
Modernagrav,158,ice lizard,1,11269,48712,True,1,1,32-34,matches CapnBry (small/rare camp)
Modernagrav,158,ice lizard,1,18866,48884,False,0,0,32-34,not seen by CapnBry here
Modernagrav,158,ice lizard,1,18420,53533,False,0,0,32-34,not seen by CapnBry here
Modernagrav,158,ice lizard,1,44635,32505,True,1,1,32-34,matches CapnBry (small/rare camp)
Modernagrav,158,ice lizard,1,56019,43421,False,0,0,32-34,not seen by CapnBry here
Modernagrav,158,ice lizard,1,41414,50953,True,1,1,32-34,matches CapnBry (small/rare camp)
Modernagrav,158,ice lizard,1,58919,40304,False,0,0,32-34,not seen by CapnBry here
Modernagrav,158,ice lizard,1,21626,51162,False,0,0,32-34,not seen by CapnBry here
Modernagrav,158,isalf marauder,1,21413,55721,True,1,1,41-45,matches CapnBry (small/rare camp)
Modernagrav,158,fisk,1,9142,11098,False,0,0,42-42,not seen by CapnBry here
Modernagrav,158,grul mgnuk,1,24446,13984,False,0,0,58-58,not seen by CapnBry here
Modernagrav,158,shard golem,1,19772,52274,False,0,0,42-42,not seen by CapnBry here
Tuscaran Glacier,160,hrimthursa harrower,1,6994,39447,False,0,0,74-78,not seen by CapnBry here
Tuscaran Glacier,160,hrimthursa harrower,2,10193,43781,False,0,0,74-78,not seen by CapnBry here
Tuscaran Glacier,160,hrimthursa harrower,1,10621,46050,False,0,0,74-78,not seen by CapnBry here
Tuscaran Glacier,160,hrimthursa harrower,2,6889,46805,False,0,0,74-78,not seen by CapnBry here
Tuscaran Glacier,160,hrimthursa harrower,1,8978,41673,False,0,0,74-78,not seen by CapnBry here
Tuscaran Glacier,160,hrimthursa icespine,1,12028,31760,False,0,0,71-75,not seen by CapnBry here
Tuscaran Glacier,160,hrimthursa icespine,1,6842,45190,False,0,0,71-75,not seen by CapnBry here
Tuscaran Glacier,160,hrimthursa icespine,1,11432,29554,False,0,0,71-75,not seen by CapnBry here
Tuscaran Glacier,160,hrimthursa icespine,1,11935,27500,False,0,0,71-75,not seen by CapnBry here
Tuscaran Glacier,160,hrimthursa icespine,1,8707,41274,False,0,0,71-75,not seen by CapnBry here
Tuscaran Glacier,160,icebound skeleton,2,47947,31902,False,0,0,63-66,not seen by CapnBry here
Tuscaran Glacier,160,icebound skeleton,2,48715,36169,False,0,0,63-66,not seen by CapnBry here
Tuscaran Glacier,160,icebound skeleton,2,45310,33028,False,0,0,63-66,not seen by CapnBry here
Tuscaran Glacier,160,icebound skeleton,1,45756,36006,False,0,0,63-66,not seen by CapnBry here
Tuscaran Glacier,160,icebound skeleton,2,44056,27730,False,0,0,63-66,not seen by CapnBry here
Tuscaran Glacier,160,icebound skeleton,1,49530,33718,False,0,0,63-66,not seen by CapnBry here
Tuscaran Glacier,160,hrimthursa depredator,1,4819,41828,False,0,0,75-77,not seen by CapnBry here
Tuscaran Glacier,160,hrimthursa depredator,1,8226,41716,False,0,0,75-77,not seen by CapnBry here
Tuscaran Glacier,160,hrimthursa depredator,2,7004,46369,False,0,0,75-77,not seen by CapnBry here
Tuscaran Glacier,160,hrimthursa depredator,2,4735,39212,False,0,0,75-77,not seen by CapnBry here
Tuscaran Glacier,160,hrimthursa depredator,2,10031,43674,False,0,0,75-77,not seen by CapnBry here
Tuscaran Glacier,160,hrimthursa depredator,2,3200,45471,False,0,0,75-77,not seen by CapnBry here
Tuscaran Glacier,160,hrimthursa berg,2,22392,32301,False,0,0,64-66,not seen by CapnBry here
Tuscaran Glacier,160,hrimthursa berg,1,23175,20026,False,0,0,64-66,not seen by CapnBry here
Tuscaran Glacier,160,hrimthursa berg,1,26175,31167,False,0,0,64-66,not seen by CapnBry here
Tuscaran Glacier,160,hrimthursa berg,1,26797,26492,False,0,0,64-66,not seen by CapnBry here
Tuscaran Glacier,160,hrimthursa berg,1,24512,32074,False,0,0,64-66,not seen by CapnBry here
Tuscaran Glacier,160,hrimthursa berg,1,20996,31944,False,0,0,64-66,not seen by CapnBry here
Tuscaran Glacier,160,hrimthursa berg,1,29537,29765,False,0,0,64-66,not seen by CapnBry here
Tuscaran Glacier,160,hrimthursa berg,1,21512,26588,False,0,0,64-66,not seen by CapnBry here
Tuscaran Glacier,160,hrimthursa berg,1,18215,24839,False,0,0,64-66,not seen by CapnBry here
Tuscaran Glacier,160,hrimthursa berg,1,24513,16297,False,0,0,64-66,not seen by CapnBry here
Tuscaran Glacier,160,hrimthursa berg,2,27531,29183,False,0,0,64-66,not seen by CapnBry here
Tuscaran Glacier,160,hrimthursa berg,1,26323,32817,False,0,0,64-66,not seen by CapnBry here
Tuscaran Glacier,160,hrimthursa bladehand,2,5862,42741,False,0,0,75-77,not seen by CapnBry here
Tuscaran Glacier,160,hrimthursa bladehand,2,10216,43996,False,0,0,75-77,not seen by CapnBry here
Tuscaran Glacier,160,hrimthursa seer,1,4594,43662,False,0,0,74-77,not seen by CapnBry here
Tuscaran Glacier,160,hrimthursa seer,1,9016,42088,False,0,0,74-77,not seen by CapnBry here
Tuscaran Glacier,160,elder council birghir,1,26539,47887,False,0,0,80-80,not seen by CapnBry here
Tuscaran Glacier,160,hrimthursa serac,2,25721,12884,False,0,0,61-62,not seen by CapnBry here
Tuscaran Glacier,160,hrimthursa serac,1,23927,20988,False,0,0,61-62,not seen by CapnBry here
Tuscaran Glacier,160,hrimthursa serac,2,26222,19102,False,0,0,61-62,not seen by CapnBry here
Tuscaran Glacier,160,hrimthursa serac,1,24247,19474,False,0,0,61-62,not seen by CapnBry here
Tuscaran Glacier,160,hrimthursa serac,2,23642,16496,False,0,0,61-62,not seen by CapnBry here
Tuscaran Glacier,160,hrimthursa icereaver,2,21151,32859,False,0,0,64-68,not seen by CapnBry here
Tuscaran Glacier,160,hrimthursa icereaver,1,26692,27017,False,0,0,64-68,not seen by CapnBry here
Tuscaran Glacier,160,hrimthursa icereaver,1,29141,27442,False,0,0,64-68,not seen by CapnBry here
Tuscaran Glacier,160,hrimthursa icereaver,1,26406,30669,False,0,0,64-68,not seen by CapnBry here
Tuscaran Glacier,160,hrimthursa icereaver,1,28866,25780,False,0,0,64-68,not seen by CapnBry here
Tuscaran Glacier,160,hrimthursa icereaver,1,26281,32522,False,0,0,64-68,not seen by CapnBry here
Tuscaran Glacier,160,hrimthursa icereaver,1,24024,32711,False,0,0,64-68,not seen by CapnBry here
Tuscaran Glacier,160,hrimthursa icereaver,1,27915,29150,False,0,0,64-68,not seen by CapnBry here
Tuscaran Glacier,160,hrimthursa icereaver,1,29728,29266,False,0,0,64-68,not seen by CapnBry here
Tuscaran Glacier,160,hrimthursa icereaver,1,21354,29357,False,0,0,64-68,not seen by CapnBry here
Tuscaran Glacier,160,hrimthursa sculptor,2,23501,18331,False,0,0,63-65,not seen by CapnBry here
Tuscaran Glacier,160,hrimthursa sculptor,1,26603,13941,False,0,0,63-65,not seen by CapnBry here
Tuscaran Glacier,160,hrimthursa sculptor,1,28973,16265,False,0,0,63-65,not seen by CapnBry here
Tuscaran Glacier,160,hrimthursa sculptor,2,23171,16239,False,0,0,63-65,not seen by CapnBry here
Tuscaran Glacier,160,hrimthursa sculptor,1,26597,15924,False,0,0,63-65,not seen by CapnBry here
Tuscaran Glacier,160,hrimthursa grinder,2,28785,12897,False,0,0,61-62,not seen by CapnBry here
Tuscaran Glacier,160,hrimthursa grinder,2,32603,10346,False,0,0,61-62,not seen by CapnBry here
Tuscaran Glacier,160,hrimthursa icesplitter,2,35138,14677,False,0,0,61-62,not seen by CapnBry here
Tuscaran Glacier,160,royal iceweaver,1,17491,47909,False,0,0,78-78,not seen by CapnBry here
Tuscaran Glacier,160,king tuscar,1,26350,48929,False,0,0,85-85,not seen by CapnBry here
Tuscaran Glacier,160,council otrygg,1,15746,33768,False,0,0,77-77,not seen by CapnBry here
Tuscaran Glacier,160,queen kula,1,25944,49010,False,0,0,85-85,not seen by CapnBry here
Tuscaran Glacier,160,council ozur,1,13700,31238,False,0,0,77-77,not seen by CapnBry here
Tuscaran Glacier,160,issorden,1,46261,29446,False,0,0,78-78,not seen by CapnBry here
Tuscaran Glacier,160,hrimthursa dominator,2,19570,28249,False,0,0,78-80,not seen by CapnBry here
Tuscaran Glacier,160,hrimthursa dominator,2,16436,24585,False,0,0,78-80,not seen by CapnBry here
Tuscaran Glacier,160,hrimthursa dominator,2,21516,29165,False,0,0,78-80,not seen by CapnBry here
Tuscaran Glacier,160,hrimthursa dominator,1,21324,26826,False,0,0,78-80,not seen by CapnBry here
Tuscaran Glacier,160,hrimthursa dominator,1,22625,31202,False,0,0,78-80,not seen by CapnBry here
Tuscaran Glacier,160,hrimthursa dominator,1,18037,24597,False,0,0,78-80,not seen by CapnBry here
Tuscaran Glacier,160,hrimthursa icetouch,1,7469,45210,False,0,0,73-75,not seen by CapnBry here
Tuscaran Glacier,160,hrimthursa icetouch,2,21766,42284,False,0,0,73-75,not seen by CapnBry here
Tuscaran Glacier,160,hrimthursa icetouch,1,19741,28400,False,0,0,73-75,not seen by CapnBry here
Tuscaran Glacier,160,hrimthursa icetouch,2,8475,41855,False,0,0,73-75,not seen by CapnBry here
Tuscaran Glacier,160,hrimthursa icetouch,1,4379,41360,False,0,0,73-75,not seen by CapnBry here
Tuscaran Glacier,160,hrimthursa icetouch,1,16292,24686,False,0,0,73-75,not seen by CapnBry here
Tuscaran Glacier,160,hrimthursa icetouch,1,21264,26617,False,0,0,73-75,not seen by CapnBry here
Tuscaran Glacier,160,hrimthursa icetouch,2,21971,45827,False,0,0,73-75,not seen by CapnBry here
Tuscaran Glacier,160,hrimthursa icetouch,1,6687,41479,False,0,0,73-75,not seen by CapnBry here
Tuscaran Glacier,160,hrimthursa icetouch,1,11843,29411,False,0,0,73-75,not seen by CapnBry here
Tuscaran Glacier,160,hrimthursa icetouch,2,12077,43897,False,0,0,73-75,not seen by CapnBry here
Tuscaran Glacier,160,hrimthursa icetouch,1,12040,31473,False,0,0,73-75,not seen by CapnBry here
Tuscaran Glacier,160,icelord steinvor,1,22224,41115,False,0,0,80-80,not seen by CapnBry here
Tuscaran Glacier,160,icelord hakr,1,17223,49023,False,0,0,82-82,not seen by CapnBry here
Tuscaran Glacier,160,hrimthursa rook,1,10383,48534,False,0,0,75-77,not seen by CapnBry here
Tuscaran Glacier,160,frostbound skeleton,2,31498,24790,False,0,0,70-70,not seen by CapnBry here
Tuscaran Glacier,160,frostbound skeleton,1,32995,24390,False,0,0,70-70,not seen by CapnBry here
Tuscaran Glacier,160,hurika,1,42647,27700,False,0,0,85-85,not seen by CapnBry here
Tuscaran Glacier,160,iceweaver trainer,1,27225,26856,False,0,0,74-77,not seen by CapnBry here
Tuscaran Glacier,160,iceweaver trainer,1,28826,27051,False,0,0,74-77,not seen by CapnBry here
Tuscaran Glacier,160,iceweaver trainer,2,26713,31779,False,0,0,74-77,not seen by CapnBry here
Tuscaran Glacier,160,iceweaver trainer,1,29274,29392,False,0,0,74-77,not seen by CapnBry here
Tuscaran Glacier,160,elder council guthlac,1,25388,47474,False,0,0,80-80,not seen by CapnBry here
Tuscaran Glacier,160,icelord skuf,1,22312,41646,False,0,0,80-80,not seen by CapnBry here
Tuscaran Glacier,160,fornfrusenen,1,41426,24684,False,0,0,75-75,not seen by CapnBry here
Tuscaran Glacier,160,icelord kvasir,1,12048,43909,False,0,0,80-80,not seen by CapnBry here
Tuscaran Glacier,160,falling ice,1,16870,46636,False,0,0,70-70,not seen by CapnBry here
Tuscaran Glacier,160,falling ice,1,19011,45366,False,0,0,70-70,not seen by CapnBry here
Tuscaran Glacier,160,falling ice,1,13278,43845,False,0,0,70-70,not seen by CapnBry here
Tuscaran Glacier,160,falling ice,1,16615,44057,False,0,0,70-70,not seen by CapnBry here
Tuscaran Glacier,160,icelord agmundr,1,6845,41922,False,0,0,81-81,not seen by CapnBry here
Tuscaran Glacier,160,jailer vifil,1,18882,53088,False,0,0,82-82,not seen by CapnBry here
Tuscaran Glacier,160,council vagn,1,16220,27664,False,0,0,78-78,not seen by CapnBry here
Tuscaran Glacier,160,council nokkvi,1,15869,27448,False,0,0,78-78,not seen by CapnBry here
Tuscaran Glacier,160,council hord,1,13724,31981,False,0,0,77-77,not seen by CapnBry here
Tuscaran Glacier,160,torst,1,42586,27805,False,0,0,80-80,not seen by CapnBry here
Iarnvidiur's Lair,161,hati,1,5157,6289,False,0,0,69-69,not seen by CapnBry here
Iarnvidiur's Lair,161,dyranapur,1,23539,15945,False,0,0,59-59,not seen by CapnBry here
Iarnvidiur's Lair,161,droom,1,13863,13603,False,0,0,65-68,not seen by CapnBry here
Iarnvidiur's Lair,161,iarnvidiur,1,5656,3331,False,0,0,75-75,not seen by CapnBry here
Iarnvidiur's Lair,161,stanga,1,13345,24098,False,0,0,66-66,not seen by CapnBry here
Iarnvidiur's Lair,161,delegalt,1,9764,9458,False,0,0,65-68,not seen by CapnBry here
Iarnvidiur's Lair,161,ancient syver,1,17089,25350,False,0,0,68-68,not seen by CapnBry here
Iarnvidiur's Lair,161,lydsyg,1,7460,22282,False,0,0,58-58,not seen by CapnBry here
Iarnvidiur's Lair,161,mahattava,1,9169,21011,False,0,0,66-66,not seen by CapnBry here
Iarnvidiur's Lair,161,hurjavelen,1,13295,26477,False,0,0,68-68,not seen by CapnBry here
Iarnvidiur's Lair,161,skoll,1,6793,6336,False,0,0,69-69,not seen by CapnBry here
Iarnvidiur's Lair,161,redcap skurk,2,25202,20217,False,0,0,54-54,not seen by CapnBry here
Iarnvidiur's Lair,161,redcap skurk,2,22985,20205,False,0,0,54-54,not seen by CapnBry here
Iarnvidiur's Lair,161,kolvarg,1,19970,24924,False,0,0,54-54,not seen by CapnBry here
Iarnvidiur's Lair,161,kolvarg,2,31566,15636,False,0,0,54-54,not seen by CapnBry here
Iarnvidiur's Lair,161,kolvarg,2,27830,14621,False,0,0,54-54,not seen by CapnBry here
Iarnvidiur's Lair,161,syver,2,15871,23163,False,0,0,62-62,not seen by CapnBry here
Iarnvidiur's Lair,161,syver,1,12367,12449,False,0,0,62-62,not seen by CapnBry here
Iarnvidiur's Lair,161,syver,2,11722,10951,False,0,0,62-62,not seen by CapnBry here
Iarnvidiur's Lair,161,narfi,1,16429,15146,False,0,0,61-61,not seen by CapnBry here
Iarnvidiur's Lair,161,animus rondjur,2,18043,12228,False,0,0,62-62,not seen by CapnBry here
Iarnvidiur's Lair,161,animus rondjur,2,15272,10958,False,0,0,62-62,not seen by CapnBry here
Iarnvidiur's Lair,161,animus rondjur,1,20633,13187,False,0,0,62-62,not seen by CapnBry here
Iarnvidiur's Lair,161,egilvarg,2,15877,27216,False,0,0,58-58,not seen by CapnBry here
Iarnvidiur's Lair,161,egilvarg,1,14483,13245,False,0,0,58-58,not seen by CapnBry here
Iarnvidiur's Lair,161,egilvarg,1,16197,15551,False,0,0,58-58,not seen by CapnBry here
Iarnvidiur's Lair,161,egilvarg,1,12336,11827,False,0,0,58-58,not seen by CapnBry here
Iarnvidiur's Lair,161,cadby,2,32244,22204,True,4,15,46-46,likely short (CapnBry saw more here)
Iarnvidiur's Lair,161,cadby,2,28150,20889,True,4,47,46-46,likely short (CapnBry saw more here)
Iarnvidiur's Lair,161,animus syndig,2,17854,12412,False,0,0,55-57,not seen by CapnBry here
Iarnvidiur's Lair,161,animus syndig,1,6763,9606,False,0,0,57-57,not seen by CapnBry here
Iarnvidiur's Lair,161,grymvarg,2,15875,27230,False,0,0,62-62,not seen by CapnBry here
Iarnvidiur's Lair,161,grymvarg,2,14658,13288,False,0,0,62-62,not seen by CapnBry here
Iarnvidiur's Lair,161,grymvarg,2,12292,11737,False,0,0,62-62,not seen by CapnBry here
Iarnvidiur's Lair,161,grymvarg,1,19945,28985,False,0,0,62-62,not seen by CapnBry here
Iarnvidiur's Lair,161,grymvarg,1,15981,15562,False,0,0,62-62,not seen by CapnBry here
Iarnvidiur's Lair,161,young syver,2,21965,22657,False,0,0,56-56,not seen by CapnBry here
Iarnvidiur's Lair,161,young syver,2,19952,24764,False,0,0,56-56,not seen by CapnBry here
Iarnvidiur's Lair,161,young syver,2,25217,25449,False,0,0,56-56,not seen by CapnBry here
Iarnvidiur's Lair,161,young syver,2,21470,20432,False,0,0,56-56,not seen by CapnBry here
Lough Derg,200,rat boy,1,20776,11806,True,1,14,3-3,matches CapnBry (small/rare camp)
Lough Derg,200,rat boy,2,33841,5176,True,3,25,3-3,likely short (CapnBry saw more here)
Lough Derg,200,rat boy,2,33065,7674,True,3,25,3-3,likely short (CapnBry saw more here)
Lough Derg,200,rat boy,2,15415,62994,False,0,0,3-3,not seen by CapnBry here
Lough Derg,200,rat boy,1,29085,65227,True,1,1,3-3,matches CapnBry (small/rare camp)
Lough Derg,200,rat boy,1,15251,64852,False,0,0,3-3,not seen by CapnBry here
Lough Derg,200,lough wolf,2,7113,21957,True,2,5,7-9,matches CapnBry (small/rare camp)
Lough Derg,200,lough wolf,2,6087,29071,True,3,5,7-9,likely short (CapnBry saw more here)
Lough Derg,200,lough wolf,1,13341,36466,True,3,8,7-9,likely short (CapnBry saw more here)
Lough Derg,200,lough wolf,2,19563,32895,True,1,15,7-9,matches CapnBry (small/rare camp)
Lough Derg,200,lough wolf,2,6918,19671,True,2,5,7-9,matches CapnBry (small/rare camp)
Lough Derg,200,lough wolf,1,15177,47549,True,1,2,7-9,matches CapnBry (small/rare camp)
Lough Derg,200,lough wolf,1,20122,41852,True,3,10,7-9,likely short (CapnBry saw more here)
Lough Derg,200,lough wolf,1,19287,35937,True,3,20,7-9,likely short (CapnBry saw more here)
Lough Derg,200,lough wolf,1,7533,30434,True,2,3,7-9,matches CapnBry (small/rare camp)
Lough Derg,200,lough wolf,2,3935,38154,False,0,0,7-9,not seen by CapnBry here
Lough Derg,200,lough wolf,1,2738,36589,True,2,2,7-9,matches CapnBry (small/rare camp)
Lough Derg,200,lough wolf,1,36870,7395,False,0,0,7-9,not seen by CapnBry here
Lough Derg,200,lough wolf,2,43284,3675,True,3,46,7-9,likely short (CapnBry saw more here)
Lough Derg,200,lough wolf,1,40129,2621,True,3,25,7-9,likely short (CapnBry saw more here)
Lough Derg,200,lough wolf,1,15466,51107,True,1,5,7-9,matches CapnBry (small/rare camp)
Lough Derg,200,lough wolf,2,25605,36694,True,1,132,7-9,matches CapnBry (small/rare camp)
Lough Derg,200,lough wolf,1,44695,2259,True,3,45,7-9,likely short (CapnBry saw more here)
Lough Derg,200,lough wolf,1,19991,40085,True,3,10,7-9,likely short (CapnBry saw more here)
Lough Derg,200,lough wolf,1,17642,40756,True,3,10,7-9,likely short (CapnBry saw more here)
Lough Derg,200,lough wolf,1,33149,2875,True,1,1,7-9,matches CapnBry (small/rare camp)
Lough Derg,200,lough wolf,1,6529,27399,True,3,2,7-9,likely short (CapnBry saw more here)
Lough Derg,200,lough wolf,1,20075,23759,True,2,18,7-9,matches CapnBry (small/rare camp)
Lough Derg,200,lough wolf,1,19561,53614,True,1,3,7-9,matches CapnBry (small/rare camp)
Lough Derg,200,orchard nipper,1,36329,1264,True,2,16,5-6,matches CapnBry (small/rare camp)
Lough Derg,200,orchard nipper,2,17212,37193,True,5,24,5-6,likely short (CapnBry saw more here)
Lough Derg,200,orchard nipper,1,22994,15258,True,3,35,5-6,likely short (CapnBry saw more here)
Lough Derg,200,orchard nipper,2,38471,4759,True,2,19,5-6,matches CapnBry (small/rare camp)
Lough Derg,200,orchard nipper,1,6694,22523,False,0,0,5-6,not seen by CapnBry here
Lough Derg,200,orchard nipper,2,18608,14050,True,3,39,5-6,likely short (CapnBry saw more here)
Lough Derg,200,orchard nipper,2,13417,15332,True,2,34,5-6,matches CapnBry (small/rare camp)
Lough Derg,200,orchard nipper,2,20657,19335,True,4,55,5-6,likely short (CapnBry saw more here)
Lough Derg,200,orchard nipper,1,18631,20673,True,4,32,5-6,likely short (CapnBry saw more here)
Lough Derg,200,orchard nipper,1,15302,37112,True,5,26,5-6,likely short (CapnBry saw more here)
Lough Derg,200,orchard nipper,2,30716,58528,True,4,9,5-6,likely short (CapnBry saw more here)
Lough Derg,200,orchard nipper,1,10484,38775,True,1,1,5-6,matches CapnBry (small/rare camp)
Lough Derg,200,orchard nipper,1,17016,14550,True,3,39,5-6,likely short (CapnBry saw more here)
Lough Derg,200,wild crouch,2,22973,64556,True,2,1,5-6,matches CapnBry (small/rare camp)
Lough Derg,200,wild crouch,1,7204,22526,True,1,14,5-6,matches CapnBry (small/rare camp)
Lough Derg,200,wild crouch,2,34111,7465,True,6,14,5-6,likely short (CapnBry saw more here)
Lough Derg,200,wild crouch,1,12295,40817,True,1,3,5-6,matches CapnBry (small/rare camp)
Lough Derg,200,wild crouch,2,13433,30292,False,0,0,5-6,not seen by CapnBry here
Lough Derg,200,wild crouch,2,19496,44423,False,0,0,5-6,not seen by CapnBry here
Lough Derg,200,wild crouch,1,39514,5941,True,6,14,5-6,likely short (CapnBry saw more here)
Lough Derg,200,wild crouch,1,5556,17912,True,1,14,5-6,matches CapnBry (small/rare camp)
Lough Derg,200,wild crouch,1,12364,63617,False,0,0,5-6,not seen by CapnBry here
Lough Derg,200,wild crouch,1,12051,37078,True,1,3,5-6,matches CapnBry (small/rare camp)
Lough Derg,200,wild crouch,1,16963,61919,False,0,0,5-6,not seen by CapnBry here
Lough Derg,200,spraggon,2,27060,578,True,2,3,4-5,matches CapnBry (small/rare camp)
Lough Derg,200,spraggon,2,18443,539,True,2,12,4-5,matches CapnBry (small/rare camp)
Lough Derg,200,water beetle larva,2,32208,11508,True,3,11,0-1,likely short (CapnBry saw more here)
Lough Derg,200,water beetle larva,1,31932,7800,True,2,10,0-1,matches CapnBry (small/rare camp)
Lough Derg,200,water beetle larva,1,23482,3549,True,1,3,0-1,matches CapnBry (small/rare camp)
Lough Derg,200,large frog,2,35384,12760,True,2,11,1-1,matches CapnBry (small/rare camp)
Lough Derg,200,large frog,1,26790,11519,True,1,18,1-1,matches CapnBry (small/rare camp)
Lough Derg,200,large frog,1,27173,3329,False,0,0,1-1,not seen by CapnBry here
Lough Derg,200,large frog,1,60176,54241,False,0,0,1-1,not seen by CapnBry here
Lough Derg,200,roane maiden,1,53304,11744,True,1,5,12-13,matches CapnBry (small/rare camp)
Lough Derg,200,roane maiden,2,38301,52067,True,5,5,12-13,likely short (CapnBry saw more here)
Lough Derg,200,minor changeling,2,23356,18583,False,0,0,1-2,not seen by CapnBry here
Lough Derg,200,minor changeling,2,21200,15376,False,0,0,1-2,not seen by CapnBry here
Lough Derg,200,minor changeling,2,26702,15289,False,0,0,1-2,not seen by CapnBry here
Lough Derg,200,minor changeling,1,20894,18236,False,0,0,1-2,not seen by CapnBry here
Lough Derg,200,badger cub,1,23401,29389,False,0,0,0-0,not seen by CapnBry here
Lough Derg,200,badger cub,1,27987,26320,False,0,0,0-0,not seen by CapnBry here
Lough Derg,200,badger cub,1,24202,31229,False,0,0,0-0,not seen by CapnBry here
Lough Derg,200,curmudgeon harvester,1,10081,51013,False,0,0,9-11,not seen by CapnBry here
Lough Derg,200,badger,2,6721,44396,False,0,0,9-11,not seen by CapnBry here
Lough Derg,200,badger,1,61428,52148,False,0,0,9-11,not seen by CapnBry here
Lough Derg,200,badger,1,4781,38585,True,1,1,9-11,matches CapnBry (small/rare camp)
Lough Derg,200,badger,1,2009,39047,True,1,1,9-11,matches CapnBry (small/rare camp)
Lough Derg,200,badger,1,27632,36330,True,1,21,9-11,matches CapnBry (small/rare camp)
Lough Derg,200,badger,1,37826,30166,True,1,5,9-11,matches CapnBry (small/rare camp)
Lough Derg,200,badger,1,20101,53895,True,1,3,9-11,matches CapnBry (small/rare camp)
Lough Derg,200,badger,1,3874,55029,False,0,0,9-11,not seen by CapnBry here
Lough Derg,200,badger,1,45832,3533,True,4,43,9-11,likely short (CapnBry saw more here)
Lough Derg,200,small freshwater crab,1,44298,6052,True,7,43,4-4,likely short (CapnBry saw more here)
Lough Derg,200,xerxes,1,36773,11595,False,0,0,6-6,not seen by CapnBry here
Lough Derg,200,water beetle,2,34971,12907,True,6,7,6-8,likely short (CapnBry saw more here)
Lough Derg,200,water beetle,1,28412,50956,True,3,5,6-8,likely short (CapnBry saw more here)
Lough Derg,200,water beetle,1,37700,6867,False,0,0,6-8,not seen by CapnBry here
Lough Derg,200,water beetle,2,28093,52634,True,3,5,6-8,likely short (CapnBry saw more here)
Lough Derg,200,water beetle,1,31958,10137,False,0,0,6-8,not seen by CapnBry here
Lough Derg,200,water beetle,1,11220,38481,True,1,8,6-8,matches CapnBry (small/rare camp)
Lough Derg,200,large eirebug,1,6762,51882,False,0,0,9-11,not seen by CapnBry here
Lough Derg,200,large eirebug,2,6755,47873,False,0,0,9-11,not seen by CapnBry here
Lough Derg,200,large eirebug,1,3419,38359,False,0,0,9-11,not seen by CapnBry here
Lough Derg,200,large eirebug,1,10163,46957,False,0,0,9-11,not seen by CapnBry here
Lough Derg,200,large eirebug,1,55721,15381,False,0,0,9-11,not seen by CapnBry here
Lough Derg,200,hill toad,1,4090,22439,False,0,0,5-7,not seen by CapnBry here
Lough Derg,200,hill toad,2,38378,5923,True,6,17,5-7,likely short (CapnBry saw more here)
Lough Derg,200,hill toad,1,21828,23352,True,1,84,5-7,matches CapnBry (small/rare camp)
Lough Derg,200,hill toad,1,34175,8746,True,2,10,5-7,matches CapnBry (small/rare camp)
Lough Derg,200,hill toad,1,9195,15855,True,1,14,5-7,matches CapnBry (small/rare camp)
Lough Derg,200,hill toad,1,3673,24350,False,0,0,5-7,not seen by CapnBry here
Lough Derg,200,hill toad,1,34086,6463,True,2,10,5-7,matches CapnBry (small/rare camp)
Lough Derg,200,hill toad,1,7379,20575,True,1,8,5-7,matches CapnBry (small/rare camp)
Lough Derg,200,hill toad,1,36927,7953,True,6,17,5-7,likely short (CapnBry saw more here)
Lough Derg,200,hill toad,1,21527,20822,True,1,83,5-7,matches CapnBry (small/rare camp)
Lough Derg,200,cluricaun trip,1,20717,37205,True,1,3,7-9,matches CapnBry (small/rare camp)
Lough Derg,200,cluricaun trip,1,40277,5838,True,1,19,7-9,matches CapnBry (small/rare camp)
Lough Derg,200,cluricaun trip,1,16946,24206,True,3,4,7-9,likely short (CapnBry saw more here)
Lough Derg,200,cluricaun trip,1,13352,23658,True,3,6,7-9,likely short (CapnBry saw more here)
Lough Derg,200,cluricaun trip,1,29379,27149,True,1,31,7-9,matches CapnBry (small/rare camp)
Lough Derg,200,cluricaun trip,1,39693,2889,True,1,19,7-9,matches CapnBry (small/rare camp)
Lough Derg,200,cluricaun trip,1,21925,50556,False,0,0,7-9,not seen by CapnBry here
Lough Derg,200,cluricaun trip,2,15653,25950,True,3,6,7-9,likely short (CapnBry saw more here)
Lough Derg,200,cluricaun trip,1,5942,13823,False,0,0,7-9,not seen by CapnBry here
Lough Derg,200,cluricaun trip,1,30197,28753,True,1,31,7-9,matches CapnBry (small/rare camp)
Lough Derg,200,cluricaun trip,1,13937,27707,True,3,5,7-9,likely short (CapnBry saw more here)
Lough Derg,200,feckless lucragan,1,5037,32456,True,1,2,4-4,matches CapnBry (small/rare camp)
Lough Derg,200,feckless lucragan,2,20872,26206,True,1,19,4-4,matches CapnBry (small/rare camp)
Lough Derg,200,feckless lucragan,2,30199,62098,True,2,1,4-4,matches CapnBry (small/rare camp)
Lough Derg,200,feckless lucragan,1,27415,26348,True,1,32,4-4,matches CapnBry (small/rare camp)
Lough Derg,200,feckless lucragan,1,36652,6283,True,5,30,4-4,likely short (CapnBry saw more here)
Lough Derg,200,feckless lucragan,2,22986,64265,True,2,11,4-4,matches CapnBry (small/rare camp)
Lough Derg,200,feckless lucragan,1,16866,61303,False,0,0,4-4,not seen by CapnBry here
Lough Derg,200,feckless lucragan,1,14934,63747,False,0,0,4-4,not seen by CapnBry here
Lough Derg,200,feckless lucragan,1,18202,58975,False,0,0,4-4,not seen by CapnBry here
Lough Derg,200,feckless lucragan,1,2843,37269,True,1,1,4-4,matches CapnBry (small/rare camp)
Lough Derg,200,lough wolf cadger,1,14932,63140,True,1,3,2-3,matches CapnBry (small/rare camp)
Lough Derg,200,lough wolf cadger,2,32575,64501,True,1,1,2-3,matches CapnBry (small/rare camp)
Lough Derg,200,lough wolf cadger,2,19300,1827,True,3,7,2-3,likely short (CapnBry saw more here)
Lough Derg,200,lough wolf cadger,1,22093,13936,True,5,40,2-3,likely short (CapnBry saw more here)
Lough Derg,200,lough wolf cadger,1,12265,13707,True,1,12,2-3,matches CapnBry (small/rare camp)
Lough Derg,200,lough wolf cadger,1,32828,2878,True,4,47,2-3,likely short (CapnBry saw more here)
Lough Derg,200,lough wolf cadger,1,15459,58994,True,1,4,2-3,matches CapnBry (small/rare camp)
Lough Derg,200,lough wolf cadger,1,18982,59648,True,1,1,2-3,matches CapnBry (small/rare camp)
Lough Derg,200,lough wolf cadger,1,29688,62683,True,1,3,2-3,matches CapnBry (small/rare camp)
Lough Derg,200,lough wolf cadger,1,20922,3044,True,3,7,2-3,likely short (CapnBry saw more here)
Lough Derg,200,lough wolf cadger,1,14412,13706,True,1,12,2-3,matches CapnBry (small/rare camp)
Lough Derg,200,lough wolf cadger,1,36062,5127,True,4,13,2-3,likely short (CapnBry saw more here)
Lough Derg,200,lough wolf cadger,1,10925,64618,False,0,0,2-3,not seen by CapnBry here
Lough Derg,200,lough wolf cadger,1,34035,4022,True,4,47,2-3,likely short (CapnBry saw more here)
Lough Derg,200,eirebug,1,31621,3049,True,1,13,4-5,matches CapnBry (small/rare camp)
Lough Derg,200,eirebug,1,17585,65175,True,6,1,4-5,likely short (CapnBry saw more here)
Lough Derg,200,eirebug,1,3989,37853,False,0,0,4-5,not seen by CapnBry here
Lough Derg,200,eirebug,1,14504,58549,True,1,3,4-5,matches CapnBry (small/rare camp)
Lough Derg,200,eirebug,1,27167,28949,True,2,31,4-5,matches CapnBry (small/rare camp)
Lough Derg,200,eirebug,1,15947,62421,True,1,3,4-5,matches CapnBry (small/rare camp)
Lough Derg,200,eirebug,1,36553,6946,True,4,46,4-5,likely short (CapnBry saw more here)
Lough Derg,200,eirebug,1,15862,60757,True,1,3,4-5,matches CapnBry (small/rare camp)
Lough Derg,200,eirebug,1,13586,63530,True,1,2,4-5,matches CapnBry (small/rare camp)
Lough Derg,200,eirebug,1,18418,62719,True,6,19,4-5,likely short (CapnBry saw more here)
Lough Derg,200,eirebug,1,37119,2839,True,4,39,4-5,likely short (CapnBry saw more here)
Lough Derg,200,eirebug,1,29014,62673,True,1,2,4-5,matches CapnBry (small/rare camp)
Lough Derg,200,eirebug,1,28599,25893,True,2,31,4-5,matches CapnBry (small/rare camp)
Lough Derg,200,eirebug,1,17248,6614,False,0,0,4-5,not seen by CapnBry here
Lough Derg,200,eirebug,1,63861,51719,False,0,0,4-5,not seen by CapnBry here
Lough Derg,200,wild lucradan,1,6659,43150,False,0,0,9-10,not seen by CapnBry here
Lough Derg,200,wild lucradan,1,5317,47136,False,0,0,9-10,not seen by CapnBry here
Lough Derg,200,wild lucradan,1,2627,37638,False,0,0,9-10,not seen by CapnBry here
Lough Derg,200,wild lucradan,1,5954,39082,False,0,0,9-10,not seen by CapnBry here
Lough Derg,200,wild lucradan,1,62406,12596,True,1,11,9-10,matches CapnBry (small/rare camp)
Lough Derg,200,wild lucradan,1,4816,34852,False,0,0,9-10,not seen by CapnBry here
Lough Derg,200,wild lucradan,1,11795,47809,False,0,0,9-10,not seen by CapnBry here
Lough Derg,200,wild lucradan,1,4202,31402,False,0,0,9-10,not seen by CapnBry here
Lough Derg,200,wild lucradan,1,6042,50479,False,0,0,9-10,not seen by CapnBry here
Lough Derg,200,wild lucradan,1,28737,35080,True,2,28,9-10,matches CapnBry (small/rare camp)
Lough Derg,200,wild lucradan,1,29325,33098,True,2,28,9-10,matches CapnBry (small/rare camp)
Lough Derg,200,wild lucradan,1,27076,35727,True,2,28,9-10,matches CapnBry (small/rare camp)
Lough Derg,200,whistler,1,61304,14019,True,2,8,13-13,matches CapnBry (small/rare camp)
Lough Derg,200,skeletal pawn,1,33456,9368,True,6,64,1-2,likely short (CapnBry saw more here)
Lough Derg,200,skeletal pawn,1,34878,8830,True,6,64,1-2,likely short (CapnBry saw more here)
Lough Derg,200,skeletal pawn,1,34046,5660,True,1,11,1-2,matches CapnBry (small/rare camp)
Lough Derg,200,skeletal pawn,1,21752,2120,True,1,15,1-2,matches CapnBry (small/rare camp)
Lough Derg,200,skeletal pawn,1,21390,12174,True,1,8,1-2,matches CapnBry (small/rare camp)
Lough Derg,200,ghastly siabra,1,57068,34861,False,0,0,13-15,not seen by CapnBry here
Lough Derg,200,anger sprite,1,60677,18383,True,2,2,11-13,matches CapnBry (small/rare camp)
Lough Derg,200,anger sprite,1,62653,17115,True,2,2,11-13,matches CapnBry (small/rare camp)
Lough Derg,200,anger sprite,1,58393,20154,True,2,1,11-13,matches CapnBry (small/rare camp)
Lough Derg,200,rowdy,2,17659,28097,True,3,2,5-8,likely short (CapnBry saw more here)
Lough Derg,200,rowdy,1,5460,24449,False,0,0,5-8,not seen by CapnBry here
Lough Derg,200,rowdy,1,17631,30281,True,1,1,5-8,matches CapnBry (small/rare camp)
Lough Derg,200,rowdy,1,16931,64309,False,0,0,5-8,not seen by CapnBry here
Lough Derg,200,rowdy,1,15119,28758,True,3,2,5-8,likely short (CapnBry saw more here)
Lough Derg,200,rowdy,2,15848,26308,True,3,2,5-8,likely short (CapnBry saw more here)
Lough Derg,200,young badger,1,8956,40356,False,0,0,7-7,not seen by CapnBry here
Lough Derg,200,young badger,2,6703,43813,False,0,0,7-7,not seen by CapnBry here
Lough Derg,200,young badger,2,44820,2694,True,2,23,7-7,matches CapnBry (small/rare camp)
Lough Derg,200,young badger,1,54974,14262,True,1,1,7-7,matches CapnBry (small/rare camp)
Lough Derg,200,dergan fury,1,44569,58593,True,3,4,13-15,likely short (CapnBry saw more here)
Lough Derg,200,dergan fury,1,57131,13755,True,8,20,13-15,likely short (CapnBry saw more here)
Lough Derg,200,dergan fury,1,42901,57946,True,3,4,13-15,likely short (CapnBry saw more here)
Lough Derg,200,singing curmudgeon,2,51566,46901,False,0,0,17-17,not seen by CapnBry here
Lough Derg,200,water beetle collector,2,27751,17687,True,2,75,4-5,matches CapnBry (small/rare camp)
Lough Derg,200,water beetle collector,1,29474,22566,True,2,13,4-5,matches CapnBry (small/rare camp)
Lough Derg,200,water beetle collector,1,28568,13790,True,2,42,4-5,matches CapnBry (small/rare camp)
Lough Derg,200,skeletal minion,2,13619,64080,False,0,0,3-4,not seen by CapnBry here
Lough Derg,200,skeletal minion,2,34066,10085,True,6,68,3-4,likely short (CapnBry saw more here)
Lough Derg,200,skeletal minion,1,33833,7212,True,1,42,3-4,matches CapnBry (small/rare camp)
Lough Derg,200,annoying lucradan,1,23315,30060,False,0,0,0-0,not seen by CapnBry here
Lough Derg,200,annoying lucradan,1,19646,29287,False,0,0,0-0,not seen by CapnBry here
Lough Derg,200,annoying lucradan,1,21447,29636,False,0,0,0-0,not seen by CapnBry here
Lough Derg,200,annoying lucradan,1,27006,28927,False,0,0,0-0,not seen by CapnBry here
Lough Derg,200,mudman,2,35587,60812,False,0,0,3-4,not seen by CapnBry here
Lough Derg,200,mudman,1,29156,12857,True,1,34,3-4,matches CapnBry (small/rare camp)
Lough Derg,200,mudman,1,28401,22,False,0,0,3-4,not seen by CapnBry here
Lough Derg,200,dew sheerie,1,51234,52878,False,0,0,16-19,not seen by CapnBry here
Lough Derg,200,dew sheerie,1,63973,33733,False,0,0,16-19,not seen by CapnBry here
Lough Derg,200,dew sheerie,1,63032,36305,False,0,0,16-19,not seen by CapnBry here
Lough Derg,200,dew sheerie,1,56344,55564,False,0,0,16-19,not seen by CapnBry here
Lough Derg,200,dergan enchanter,2,61767,13225,True,4,6,12-12,likely short (CapnBry saw more here)
Lough Derg,200,dergan enchanter,2,60472,14891,True,4,6,12-12,likely short (CapnBry saw more here)
Lough Derg,200,dergan enchanter,1,42194,56618,True,4,5,12-12,likely short (CapnBry saw more here)
Lough Derg,200,fishing bear forager,1,46733,19417,False,0,0,13-14,not seen by CapnBry here
Lough Derg,200,fishing bear forager,1,47745,18265,False,0,0,13-14,not seen by CapnBry here
Lough Derg,200,villainous youth,1,14592,61306,True,1,2,4-5,matches CapnBry (small/rare camp)
Lough Derg,200,villainous youth,1,27816,166,False,0,0,4-5,not seen by CapnBry here
Lough Derg,200,lugradan whelp,1,6385,26106,False,0,0,4-6,not seen by CapnBry here
Lough Derg,200,lugradan whelp,1,3572,23639,False,0,0,4-6,not seen by CapnBry here
Lough Derg,200,spraggonite,1,4583,17461,False,0,0,5-6,not seen by CapnBry here
Lough Derg,200,spraggonite,1,22335,23963,False,0,0,5-6,not seen by CapnBry here
Lough Derg,200,empyrean orb,1,65184,51719,False,0,0,10-10,not seen by CapnBry here
Lough Derg,200,empyrean orb,1,64146,16709,True,1,1,10-10,matches CapnBry (small/rare camp)
Lough Derg,200,tharl,1,51405,46648,False,0,0,19-19,not seen by CapnBry here
Lough Derg,200,spectral orchard nipper,1,28073,56209,False,0,0,10-10,not seen by CapnBry here
Lough Derg,200,prunar,1,23061,37598,False,0,0,10-10,not seen by CapnBry here
Lough Derg,200,spackit,1,38203,1123,False,0,0,4-4,not seen by CapnBry here
Lough Derg,200,large red wolfhound,1,60648,8000,True,1,13,17-19,matches CapnBry (small/rare camp)
Lough Derg,200,large red wolfhound,1,65358,53601,False,0,0,17-19,not seen by CapnBry here
Lough Derg,200,large red wolfhound,1,59557,53119,False,0,0,17-19,not seen by CapnBry here
Lough Derg,200,nofier,1,55278,27771,False,0,0,25-25,not seen by CapnBry here
Lough Derg,200,curmudgeon skinner,1,3991,55529,False,0,0,10-11,not seen by CapnBry here
Lough Derg,200,curmudgeon skinner,1,43624,6586,True,1,7,10-11,matches CapnBry (small/rare camp)
Lough Derg,200,curmudgeon skinner,1,10221,50995,True,1,1,10-11,matches CapnBry (small/rare camp)
Lough Derg,200,dergan tussler,1,59901,29291,False,0,0,14-14,not seen by CapnBry here
Lough Derg,200,mist sheerie,1,60736,49057,False,0,0,20-21,not seen by CapnBry here
Lough Derg,200,curmudgeon trapper,1,10270,50926,False,0,0,11-12,not seen by CapnBry here
Lough Derg,200,curmudgeon trapper,2,49446,19649,False,0,0,11-12,not seen by CapnBry here
Lough Derg,200,curmudgeon trapper,2,3834,55429,False,0,0,11-12,not seen by CapnBry here
Lough Derg,200,curmudgeon trapper,1,45094,4371,True,1,10,11-12,matches CapnBry (small/rare camp)
Lough Derg,200,hazard,1,17937,48813,False,0,0,9-9,not seen by CapnBry here
Lough Derg,200,sabha,1,8373,33221,False,0,0,3-3,not seen by CapnBry here
Lough Derg,200,rounder,1,59457,31094,False,0,0,22-22,not seen by CapnBry here
Lough Derg,200,clubmoss sheerie,1,63174,4098,True,1,20,11-11,matches CapnBry (small/rare camp)
Lough Derg,200,small walking boulder,1,5111,65064,False,0,0,2-3,not seen by CapnBry here
Lough Derg,200,small walking boulder,2,7059,65134,False,0,0,2-3,not seen by CapnBry here
Lough Derg,200,bristle,1,20245,55369,False,0,0,13-13,not seen by CapnBry here
Lough Derg,200,barca,1,64514,40496,False,0,0,10-12,not seen by CapnBry here
Lough Derg,200,morty,1,21706,22100,False,0,0,11-11,not seen by CapnBry here
Lough Derg,200,primrose,1,63719,54677,False,0,0,10-10,not seen by CapnBry here
Lough Derg,200,primrose,1,65100,49076,False,0,0,10-10,not seen by CapnBry here
Lough Derg,200,duana,1,60905,13756,False,0,0,14-14,not seen by CapnBry here
Lough Derg,200,spraggonoll,1,39842,3990,True,1,5,7-9,matches CapnBry (small/rare camp)
Lough Derg,200,bertha,1,60982,39212,False,0,0,14-14,not seen by CapnBry here
Lough Derg,200,red wolfhound,1,25335,36586,True,1,106,10-13,matches CapnBry (small/rare camp)
Lough Derg,200,red wolfhound,1,48266,42660,False,0,0,10-13,not seen by CapnBry here
Lough Derg,200,red wolfhound,1,20188,47167,True,1,16,10-13,matches CapnBry (small/rare camp)
Lough Derg,200,red wolfhound,1,20156,53258,True,1,14,10-13,matches CapnBry (small/rare camp)
Lough Derg,200,red wolfhound,2,55472,14892,True,2,2,10-13,matches CapnBry (small/rare camp)
Lough Derg,200,red wolfhound,1,17981,54853,True,1,13,10-13,matches CapnBry (small/rare camp)
Lough Derg,200,red wolfhound,1,61417,22738,False,0,0,10-13,not seen by CapnBry here
Lough Derg,200,red wolfhound,1,14106,49544,True,1,5,10-13,matches CapnBry (small/rare camp)
Lough Derg,200,spykit,1,27747,474,False,0,0,4-4,not seen by CapnBry here
Lough Derg,200,fallen one,1,60458,4637,False,0,0,18-24,not seen by CapnBry here
Lough Derg,200,dacyn,1,21619,31570,False,0,0,8-8,not seen by CapnBry here
Lough Derg,200,hughar,1,61167,38994,False,0,0,16-16,not seen by CapnBry here
Lough Derg,200,nock,1,40798,54156,False,0,0,13-13,not seen by CapnBry here
Lough Derg,200,dwayne,1,27805,3259,False,0,0,3-3,not seen by CapnBry here
Lough Derg,200,curmudgeon crab-catcher,1,44008,5982,True,1,8,11-11,matches CapnBry (small/rare camp)
Silvermine Mts.,201,luricaduane,1,41834,48219,False,0,0,6-8,not seen by CapnBry here
Silvermine Mts.,201,luricaduane,2,55889,46389,True,3,3,6-8,likely short (CapnBry saw more here)
Silvermine Mts.,201,luricaduane,1,5567,41931,True,3,6,6-8,likely short (CapnBry saw more here)
Silvermine Mts.,201,luricaduane,1,31527,56424,True,3,7,6-8,likely short (CapnBry saw more here)
Silvermine Mts.,201,luricaduane,2,31419,58479,True,3,7,6-8,likely short (CapnBry saw more here)
Silvermine Mts.,201,luricaduane,1,53878,46592,True,3,3,6-8,likely short (CapnBry saw more here)
Silvermine Mts.,201,luricaduane,2,7572,41476,True,3,6,6-8,likely short (CapnBry saw more here)
Silvermine Mts.,201,luricaduane,1,13534,12341,True,1,13,6-8,matches CapnBry (small/rare camp)
Silvermine Mts.,201,luricaduane,2,47241,48531,True,2,2,6-8,matches CapnBry (small/rare camp)
Silvermine Mts.,201,luricaduane,2,52027,48159,True,3,3,6-8,likely short (CapnBry saw more here)
Silvermine Mts.,201,luricaduane,1,28052,57436,True,3,7,6-8,likely short (CapnBry saw more here)
Silvermine Mts.,201,luricaduane,2,41840,50232,False,0,0,6-8,not seen by CapnBry here
Silvermine Mts.,201,luricaduane,1,17080,13067,True,1,22,6-8,matches CapnBry (small/rare camp)
Silvermine Mts.,201,luricaduane,1,15699,14715,True,1,22,6-8,matches CapnBry (small/rare camp)
Silvermine Mts.,201,luricaduane,1,49010,45100,True,2,2,6-8,matches CapnBry (small/rare camp)
Silvermine Mts.,201,spraggonet,2,59559,11511,False,0,0,23-28,not seen by CapnBry here
Silvermine Mts.,201,spraggonet,1,56413,11978,False,0,0,23-28,not seen by CapnBry here
Silvermine Mts.,201,spraggonet,1,55216,4670,False,0,0,23-28,not seen by CapnBry here
Silvermine Mts.,201,spraggonet,1,56972,20246,False,0,0,23-28,not seen by CapnBry here
Silvermine Mts.,201,spraggonet,1,55525,22394,False,0,0,23-28,not seen by CapnBry here
Silvermine Mts.,201,spraggonet,2,60400,20869,False,0,0,23-28,not seen by CapnBry here
Silvermine Mts.,201,spraggonet,1,47462,6341,False,0,0,23-28,not seen by CapnBry here
Silvermine Mts.,201,spraggonet,2,62252,12521,False,0,0,23-28,not seen by CapnBry here
Silvermine Mts.,201,spraggonet,1,58154,18564,False,0,0,23-28,not seen by CapnBry here
Silvermine Mts.,201,rat boy,1,13106,60922,False,0,0,3-3,not seen by CapnBry here
Silvermine Mts.,201,rat boy,2,7461,63289,True,2,1,3-3,matches CapnBry (small/rare camp)
Silvermine Mts.,201,rat boy,1,21550,64167,False,0,0,3-3,not seen by CapnBry here
Silvermine Mts.,201,rat boy,1,21273,57415,False,0,0,3-3,not seen by CapnBry here
Silvermine Mts.,201,sheevra swordsman,2,54994,27641,True,3,2,12-13,likely short (CapnBry saw more here)
Silvermine Mts.,201,sheevra swordsman,1,60554,26619,False,0,0,12-13,not seen by CapnBry here
Silvermine Mts.,201,sheevra swordsman,2,54299,964,False,0,0,12-13,not seen by CapnBry here
Silvermine Mts.,201,sheevra swordsman,2,58617,27377,True,3,2,12-13,likely short (CapnBry saw more here)
Silvermine Mts.,201,sheevra swordsman,1,51976,645,False,0,0,12-13,not seen by CapnBry here
Silvermine Mts.,201,spraggonilt,2,5424,10678,False,0,0,15-22,not seen by CapnBry here
Silvermine Mts.,201,spraggonilt,1,19300,55785,False,0,0,15-22,not seen by CapnBry here
Silvermine Mts.,201,spraggonilt,1,19789,19316,False,0,0,15-22,not seen by CapnBry here
Silvermine Mts.,201,spraggonilt,2,7694,62790,False,0,0,15-22,not seen by CapnBry here
Silvermine Mts.,201,spraggonilt,1,32359,16106,False,0,0,15-22,not seen by CapnBry here
Silvermine Mts.,201,spraggonilt,2,7342,3367,False,0,0,15-22,not seen by CapnBry here
Silvermine Mts.,201,spraggonilt,1,18817,29175,False,0,0,15-22,not seen by CapnBry here
Silvermine Mts.,201,spraggonilt,1,19042,58492,False,0,0,15-22,not seen by CapnBry here
Silvermine Mts.,201,spraggonilt,1,14812,7791,False,0,0,15-22,not seen by CapnBry here
Silvermine Mts.,201,spraggonilt,1,10577,16480,False,0,0,15-22,not seen by CapnBry here
Silvermine Mts.,201,enchanted luricaduane,1,32245,49308,False,0,0,23-23,not seen by CapnBry here
Silvermine Mts.,201,sheevra skirmisher,2,57425,28707,True,3,2,13-15,likely short (CapnBry saw more here)
Silvermine Mts.,201,sheevra skirmisher,1,58531,24046,False,0,0,13-15,not seen by CapnBry here
Silvermine Mts.,201,sheevra skirmisher,2,40490,38546,False,0,0,13-15,not seen by CapnBry here
Silvermine Mts.,201,sheevra skirmisher,1,55179,29082,True,3,2,13-15,likely short (CapnBry saw more here)
Silvermine Mts.,201,sheevra skirmisher,1,57521,42762,False,0,0,13-15,not seen by CapnBry here
Silvermine Mts.,201,sheevra skirmisher,2,37445,41044,False,0,0,13-15,not seen by CapnBry here
Silvermine Mts.,201,silvermine badger,2,51418,22151,False,0,0,22-23,not seen by CapnBry here
Silvermine Mts.,201,silvermine badger,2,49970,17927,False,0,0,22-23,not seen by CapnBry here
Silvermine Mts.,201,silvermine badger,1,48255,6364,True,2,2,22-23,matches CapnBry (small/rare camp)
Silvermine Mts.,201,silvermine badger,2,52366,10227,True,2,1,22-23,matches CapnBry (small/rare camp)
Silvermine Mts.,201,silvermine badger,1,57670,7223,True,1,1,22-23,matches CapnBry (small/rare camp)
Silvermine Mts.,201,silvermine badger,2,47042,21721,False,0,0,22-23,not seen by CapnBry here
Silvermine Mts.,201,silvermine badger,1,50459,24614,False,0,0,22-23,not seen by CapnBry here
Silvermine Mts.,201,silvermine badger,1,50887,4724,True,1,1,22-23,matches CapnBry (small/rare camp)
Silvermine Mts.,201,silvermine badger,2,59732,17257,False,0,0,22-23,not seen by CapnBry here
Silvermine Mts.,201,silvermine badger,1,57899,3709,True,1,1,22-23,matches CapnBry (small/rare camp)
Silvermine Mts.,201,silvermine badger,1,59654,5800,True,1,1,22-23,matches CapnBry (small/rare camp)
Silvermine Mts.,201,silvermine badger,1,47832,16222,False,0,0,22-23,not seen by CapnBry here
Silvermine Mts.,201,silvermine badger,1,47499,8567,True,2,1,22-23,matches CapnBry (small/rare camp)
Silvermine Mts.,201,silvermine badger,1,47061,23938,False,0,0,22-23,not seen by CapnBry here
Silvermine Mts.,201,sargoth,1,5955,21001,False,0,0,25-25,not seen by CapnBry here
Silvermine Mts.,201,stone sheerie,2,40071,41073,False,0,0,19-22,not seen by CapnBry here
Silvermine Mts.,201,walking rock,1,46380,10532,False,0,0,24-24,not seen by CapnBry here
Silvermine Mts.,201,walking rock,2,50006,5201,False,0,0,24-24,not seen by CapnBry here
Silvermine Mts.,201,walking rock,1,53210,16057,True,2,1,24-24,matches CapnBry (small/rare camp)
Silvermine Mts.,201,walking rock,1,55764,12192,True,1,1,24-24,matches CapnBry (small/rare camp)
Silvermine Mts.,201,walking rock,2,61198,31803,False,0,0,24-24,not seen by CapnBry here
Silvermine Mts.,201,walking rock,1,49089,10975,False,0,0,24-24,not seen by CapnBry here
Silvermine Mts.,201,walking rock,2,48990,23856,False,0,0,24-24,not seen by CapnBry here
Silvermine Mts.,201,walking rock,1,58451,36354,False,0,0,24-24,not seen by CapnBry here
Silvermine Mts.,201,walking rock,1,50471,14881,True,2,1,24-24,matches CapnBry (small/rare camp)
Silvermine Mts.,201,walking rock,1,49330,6721,False,0,0,24-24,not seen by CapnBry here
Silvermine Mts.,201,walking rock,2,62092,17605,False,0,0,24-24,not seen by CapnBry here
Silvermine Mts.,201,walking rock,1,48215,9390,False,0,0,24-24,not seen by CapnBry here
Silvermine Mts.,201,walking rock,1,49296,21520,False,0,0,24-24,not seen by CapnBry here
Silvermine Mts.,201,walking rock,1,48238,26138,False,0,0,24-24,not seen by CapnBry here
Silvermine Mts.,201,sapper,1,21408,54609,False,0,0,18-18,not seen by CapnBry here
Silvermine Mts.,201,small walking boulder,1,17662,19899,False,0,0,2-3,not seen by CapnBry here
Silvermine Mts.,201,small walking boulder,1,22617,31851,False,0,0,2-3,not seen by CapnBry here
Silvermine Mts.,201,small walking boulder,2,6723,51268,False,0,0,2-3,not seen by CapnBry here
Silvermine Mts.,201,small walking boulder,1,6458,38766,False,0,0,2-3,not seen by CapnBry here
Silvermine Mts.,201,small walking boulder,2,30510,10215,False,0,0,2-3,not seen by CapnBry here
Silvermine Mts.,201,small walking boulder,2,8035,400,False,0,0,2-3,not seen by CapnBry here
Silvermine Mts.,201,small walking boulder,1,31258,15862,False,0,0,2-3,not seen by CapnBry here
Silvermine Mts.,201,small walking boulder,1,8158,32701,False,0,0,2-3,not seen by CapnBry here
Silvermine Mts.,201,small walking boulder,1,28881,14601,False,0,0,2-3,not seen by CapnBry here
Silvermine Mts.,201,small walking boulder,2,5991,24744,False,0,0,2-3,not seen by CapnBry here
Silvermine Mts.,201,small walking boulder,1,10611,32672,False,0,0,2-3,not seen by CapnBry here
Silvermine Mts.,201,small walking boulder,1,33383,9249,False,0,0,2-3,not seen by CapnBry here
Silvermine Mts.,201,small walking boulder,1,9236,51040,False,0,0,2-3,not seen by CapnBry here
Silvermine Mts.,201,small walking boulder,2,21759,58789,False,0,0,2-3,not seen by CapnBry here
Silvermine Mts.,201,small walking boulder,2,16306,18148,False,0,0,2-3,not seen by CapnBry here
Silvermine Mts.,201,small walking boulder,1,10777,53985,False,0,0,2-3,not seen by CapnBry here
Silvermine Mts.,201,small walking boulder,1,27518,13928,False,0,0,2-3,not seen by CapnBry here
Silvermine Mts.,201,small walking boulder,1,25496,34969,False,0,0,2-3,not seen by CapnBry here
Silvermine Mts.,201,small walking boulder,1,10195,40286,False,0,0,2-3,not seen by CapnBry here
Silvermine Mts.,201,dew sheerie,2,45386,40769,True,2,6,16-19,matches CapnBry (small/rare camp)
Silvermine Mts.,201,dew sheerie,1,41893,39819,False,0,0,16-19,not seen by CapnBry here
Silvermine Mts.,201,sheevra archer,2,37888,41494,False,0,0,14-14,not seen by CapnBry here
Silvermine Mts.,201,sheevra archer,1,59087,44196,False,0,0,14-14,not seen by CapnBry here
Silvermine Mts.,201,sheevra archer,2,40016,37669,False,0,0,14-14,not seen by CapnBry here
Silvermine Mts.,201,sheevra archer,1,55178,30370,True,1,1,14-14,matches CapnBry (small/rare camp)
Silvermine Mts.,201,sheevra archer,2,58483,27758,True,2,2,14-14,matches CapnBry (small/rare camp)
Silvermine Mts.,201,lough wolf cadger,1,16184,262,False,0,0,2-3,not seen by CapnBry here
Silvermine Mts.,201,lough wolf cadger,1,30529,450,True,1,7,2-3,matches CapnBry (small/rare camp)
Silvermine Mts.,201,spraggonix,2,13487,64807,False,0,0,25-26,not seen by CapnBry here
Silvermine Mts.,201,spraggonix,1,16229,65450,False,0,0,25-26,not seen by CapnBry here
Silvermine Mts.,201,scar-nose,1,49186,24348,False,0,0,26-26,not seen by CapnBry here
Silvermine Mts.,201,sheevra chieftain,1,38344,41474,False,0,0,15-16,not seen by CapnBry here
Silvermine Mts.,201,sheevra chieftain,1,36763,45596,False,0,0,15-16,not seen by CapnBry here
Silvermine Mts.,201,sheevra chieftain,2,42241,34101,False,0,0,15-16,not seen by CapnBry here
Silvermine Mts.,201,sheevra chieftain,1,59983,27881,False,0,0,15-16,not seen by CapnBry here
Silvermine Mts.,201,mountain mephit,1,54626,62127,False,0,0,20-23,not seen by CapnBry here
Silvermine Mts.,201,mountain mephit,1,60079,56309,False,0,0,20-23,not seen by CapnBry here
Silvermine Mts.,201,deamhan creig,1,48550,55926,False,0,0,17-18,not seen by CapnBry here
Silvermine Mts.,201,rolling stone,1,43479,32092,False,0,0,23-23,not seen by CapnBry here
Silvermine Mts.,201,eirebug,1,16954,479,False,0,0,4-5,not seen by CapnBry here
Silvermine Mts.,201,rock clipper,1,49114,35129,False,0,0,21-23,not seen by CapnBry here
Silvermine Mts.,201,chieftain dergal,1,59174,27883,False,0,0,24-24,not seen by CapnBry here
Silvermine Mts.,201,overseer camlin,1,60875,24783,False,0,0,26-26,not seen by CapnBry here
Silvermine Mts.,201,nictol the unkempt,1,4874,63877,False,0,0,28-28,not seen by CapnBry here
Silvermine Mts.,201,tiny eirebug,1,45237,56125,False,0,0,22-22,not seen by CapnBry here
Silvermine Mts.,201,ualtar,1,20142,56935,False,0,0,20-20,not seen by CapnBry here
Silvermine Mts.,201,stinky,1,20227,14322,False,0,0,16-16,not seen by CapnBry here
Silvermine Mts.,201,pebble,1,50647,25259,False,0,0,25-25,not seen by CapnBry here
Silvermine Mts.,201,seireadan,1,6723,36907,False,0,0,3-3,not seen by CapnBry here
Shannon Estuary,202,sand crab,1,8558,30313,True,6,9,0-1,likely short (CapnBry saw more here)
Shannon Estuary,202,giant ant,2,22372,62529,True,2,1,21-24,matches CapnBry (small/rare camp)
Shannon Estuary,202,giant ant,1,19404,63840,True,2,1,21-24,matches CapnBry (small/rare camp)
Shannon Estuary,202,giant ant,1,54032,62884,False,0,0,21-24,not seen by CapnBry here
Shannon Estuary,202,giant ant,1,62403,50887,False,0,0,21-24,not seen by CapnBry here
Shannon Estuary,202,giant ant,2,17226,60868,False,0,0,21-24,not seen by CapnBry here
Shannon Estuary,202,giant ant,1,3117,44030,True,1,7,21-24,matches CapnBry (small/rare camp)
Shannon Estuary,202,giant ant,1,39632,39989,False,0,0,21-24,not seen by CapnBry here
Shannon Estuary,202,giant ant,1,55336,36680,False,0,0,21-24,not seen by CapnBry here
Shannon Estuary,202,giant ant,1,61425,16212,False,0,0,21-24,not seen by CapnBry here
Shannon Estuary,202,giant ant,1,5438,64039,False,0,0,21-24,not seen by CapnBry here
Shannon Estuary,202,eriu fiscere,2,48127,15054,False,0,0,13-15,not seen by CapnBry here
Shannon Estuary,202,eriu fiscere,1,56628,13894,False,0,0,13-15,not seen by CapnBry here
Shannon Estuary,202,eriu fiscere,1,58236,8300,False,0,0,13-15,not seen by CapnBry here
Shannon Estuary,202,eriu fiscere,2,55884,11277,False,0,0,13-15,not seen by CapnBry here
Shannon Estuary,202,eriu fiscere,1,39142,20838,False,0,0,13-15,not seen by CapnBry here
Shannon Estuary,202,rat boy,1,45765,253,False,0,0,3-3,not seen by CapnBry here
Shannon Estuary,202,rat boy,1,42901,293,False,0,0,3-3,not seen by CapnBry here
Shannon Estuary,202,gurite footpad,1,38298,65222,False,0,0,16-16,not seen by CapnBry here
Shannon Estuary,202,lethe,1,33727,16254,False,0,0,32-32,not seen by CapnBry here
Shannon Estuary,202,kirwyn,1,10247,39596,False,0,0,26-26,not seen by CapnBry here
Shannon Estuary,202,beach rat,1,9965,12500,False,0,0,1-2,not seen by CapnBry here
Shannon Estuary,202,beach rat,1,4715,11958,False,0,0,1-2,not seen by CapnBry here
Shannon Estuary,202,moss sheerie,1,19391,41247,False,0,0,9-12,not seen by CapnBry here
Shannon Estuary,202,spraggonix,2,41048,3996,False,0,0,25-26,not seen by CapnBry here
Shannon Estuary,202,spraggonix,1,18516,35822,False,0,0,25-26,not seen by CapnBry here
Shannon Estuary,202,spraggonix,2,44230,2378,False,0,0,25-26,not seen by CapnBry here
Shannon Estuary,202,spraggonix,1,48730,1908,False,0,0,25-26,not seen by CapnBry here
Shannon Estuary,202,spraggonix,1,40559,2001,False,0,0,25-26,not seen by CapnBry here
Shannon Estuary,202,sandman,1,6749,18509,False,0,0,2-4,not seen by CapnBry here
Shannon Estuary,202,sandman,1,15623,24412,True,1,5,2-4,matches CapnBry (small/rare camp)
Shannon Estuary,202,sandman,1,5832,30395,True,1,1,2-4,matches CapnBry (small/rare camp)
Shannon Estuary,202,sandman,1,4459,28614,True,1,1,2-4,matches CapnBry (small/rare camp)
Shannon Estuary,202,sandman,1,4283,25314,False,0,0,2-4,not seen by CapnBry here
Shannon Estuary,202,sandman,1,5526,22696,False,0,0,2-4,not seen by CapnBry here
Shannon Estuary,202,sandman,1,4770,20911,False,0,0,2-4,not seen by CapnBry here
Shannon Estuary,202,eriu henter,1,11339,52519,False,0,0,19-22,not seen by CapnBry here
Shannon Estuary,202,eriu henter,1,18180,64789,False,0,0,19-22,not seen by CapnBry here
Shannon Estuary,202,eriu henter,1,50759,59211,False,0,0,19-22,not seen by CapnBry here
Shannon Estuary,202,eriu henter,1,46837,50719,False,0,0,19-22,not seen by CapnBry here
Shannon Estuary,202,eriu henter,1,8134,62541,False,0,0,19-22,not seen by CapnBry here
Shannon Estuary,202,eriu henter,1,40679,30403,False,0,0,19-22,not seen by CapnBry here
Shannon Estuary,202,eriu henter,1,14173,61029,False,0,0,19-22,not seen by CapnBry here
Shannon Estuary,202,eriu henter,1,48566,55497,False,0,0,19-22,not seen by CapnBry here
Shannon Estuary,202,eriu henter,2,54920,37856,False,0,0,19-22,not seen by CapnBry here
Shannon Estuary,202,eriu henter,1,36178,32092,False,0,0,19-22,not seen by CapnBry here
Shannon Estuary,202,eriu henter,1,44712,38985,False,0,0,19-22,not seen by CapnBry here
Shannon Estuary,202,eriu henter,1,54185,40630,False,0,0,19-22,not seen by CapnBry here
Shannon Estuary,202,eriu henter,1,12425,58957,False,0,0,19-22,not seen by CapnBry here
Shannon Estuary,202,ollipheist,1,14330,52084,False,0,0,34-37,not seen by CapnBry here
Shannon Estuary,202,ollipheist,1,18305,56402,False,0,0,34-37,not seen by CapnBry here
Shannon Estuary,202,ollipheist,1,19130,60099,False,0,0,34-37,not seen by CapnBry here
Shannon Estuary,202,lugradan,1,17643,7958,False,0,0,25-30,not seen by CapnBry here
Shannon Estuary,202,lugradan,2,38490,851,False,0,0,25-30,not seen by CapnBry here
Shannon Estuary,202,lugradan,1,8519,4095,False,0,0,25-30,not seen by CapnBry here
Shannon Estuary,202,eriu kedger,1,49131,43208,False,0,0,16-18,not seen by CapnBry here
Shannon Estuary,202,eriu kedger,1,50451,44676,False,0,0,16-18,not seen by CapnBry here
Shannon Estuary,202,eriu kedger,1,51772,43359,False,0,0,16-18,not seen by CapnBry here
Shannon Estuary,202,eriu ambusher,1,36534,60315,True,1,4,19-19,matches CapnBry (small/rare camp)
Shannon Estuary,202,merrow,2,2275,35615,False,0,0,20-22,not seen by CapnBry here
Shannon Estuary,202,solas,1,36479,60358,False,0,0,34-34,not seen by CapnBry here
Shannon Estuary,202,srandamar,1,58667,2909,False,0,0,23-23,not seen by CapnBry here
Shannon Estuary,202,merman,1,55450,29564,False,0,0,25-35,not seen by CapnBry here
Shannon Estuary,202,merman,1,49456,27620,False,0,0,25-35,not seen by CapnBry here
Shannon Estuary,202,spraggonix elder,2,18039,35473,False,0,0,31-33,not seen by CapnBry here
Shannon Estuary,202,arracht,1,16125,52288,False,0,0,38-38,not seen by CapnBry here
Shannon Estuary,202,eriu waylayer,2,35463,60710,True,2,1,26-27,matches CapnBry (small/rare camp)
Shannon Estuary,202,eriu waylayer,1,29381,37996,False,0,0,26-27,not seen by CapnBry here
Shannon Estuary,202,water badger,1,53373,6898,False,0,0,21-23,not seen by CapnBry here
Shannon Estuary,202,kaen kedger,1,50927,45041,False,0,0,34-34,not seen by CapnBry here
Shannon Estuary,202,danderpaw,1,51294,61566,False,0,0,36-36,not seen by CapnBry here
Valley of Bri Leith,206,siog footpad,2,2519,11611,True,1,1,15-16,matches CapnBry (small/rare camp)
Valley of Bri Leith,206,siog footpad,1,6473,13802,True,1,3,15-16,matches CapnBry (small/rare camp)
Valley of Bri Leith,206,siog footpad,1,5165,10844,True,1,3,15-16,matches CapnBry (small/rare camp)
Valley of Bri Leith,206,siog footpad,1,3660,14061,True,1,3,15-16,matches CapnBry (small/rare camp)
Valley of Bri Leith,206,siog footpad,1,4439,12684,True,1,3,15-16,matches CapnBry (small/rare camp)
Valley of Bri Leith,206,grass sheerie,1,2833,26461,False,0,0,13-15,not seen by CapnBry here
Valley of Bri Leith,206,grass sheerie,1,15046,21498,False,0,0,13-15,not seen by CapnBry here
Valley of Bri Leith,206,grass sheerie,2,1580,16996,False,0,0,13-15,not seen by CapnBry here
Valley of Bri Leith,206,grass sheerie,1,1324,26728,False,0,0,13-15,not seen by CapnBry here
Valley of Bri Leith,206,grass sheerie,1,25636,25206,False,0,0,13-15,not seen by CapnBry here
Valley of Bri Leith,206,grass sheerie,1,14043,18562,False,0,0,13-15,not seen by CapnBry here
Valley of Bri Leith,206,grass sheerie,2,17813,32632,False,0,0,13-15,not seen by CapnBry here
Valley of Bri Leith,206,grass sheerie,1,2421,18562,False,0,0,13-15,not seen by CapnBry here
Valley of Bri Leith,206,grass sheerie,1,11601,23592,False,0,0,13-15,not seen by CapnBry here
Valley of Bri Leith,206,grass sheerie,2,16756,30131,False,0,0,13-15,not seen by CapnBry here
Valley of Bri Leith,206,grass sheerie,1,19713,31209,False,0,0,13-15,not seen by CapnBry here
Valley of Bri Leith,206,grass sheerie,1,4573,39472,False,0,0,13-15,not seen by CapnBry here
Valley of Bri Leith,206,empyrean overseer,2,58345,15940,False,0,0,37-39,not seen by CapnBry here
Valley of Bri Leith,206,empyrean overseer,1,57750,17724,False,0,0,37-39,not seen by CapnBry here
Valley of Bri Leith,206,empyrean overseer,1,56576,7808,False,0,0,37-39,not seen by CapnBry here
Valley of Bri Leith,206,primrose,1,32046,39996,False,0,0,10-10,not seen by CapnBry here
Valley of Bri Leith,206,primrose,1,18206,49516,False,0,0,10-10,not seen by CapnBry here
Valley of Bri Leith,206,primrose,2,8455,40669,False,0,0,10-10,not seen by CapnBry here
Valley of Bri Leith,206,primrose,2,410,50055,False,0,0,10-10,not seen by CapnBry here
Valley of Bri Leith,206,primrose,1,3913,21028,False,0,0,10-10,not seen by CapnBry here
Valley of Bri Leith,206,primrose,2,32710,37901,False,0,0,10-10,not seen by CapnBry here
Valley of Bri Leith,206,primrose,2,12117,40341,False,0,0,10-10,not seen by CapnBry here
Valley of Bri Leith,206,primrose,2,36151,11986,False,0,0,10-10,not seen by CapnBry here
Valley of Bri Leith,206,primrose,1,3508,38388,False,0,0,10-10,not seen by CapnBry here
Valley of Bri Leith,206,primrose,1,21350,32662,False,0,0,10-10,not seen by CapnBry here
Valley of Bri Leith,206,primrose,1,192,29523,False,0,0,10-10,not seen by CapnBry here
Valley of Bri Leith,206,primrose,1,35009,21741,False,0,0,10-10,not seen by CapnBry here
Valley of Bri Leith,206,primrose,1,7307,30122,False,0,0,10-10,not seen by CapnBry here
Valley of Bri Leith,206,primrose,1,33273,23208,False,0,0,10-10,not seen by CapnBry here
Valley of Bri Leith,206,primrose,1,26655,24204,False,0,0,10-10,not seen by CapnBry here
Valley of Bri Leith,206,primrose,1,36820,24593,False,0,0,10-10,not seen by CapnBry here
Valley of Bri Leith,206,primrose,1,4284,55048,False,0,0,10-10,not seen by CapnBry here
Valley of Bri Leith,206,watcher rylie,1,57717,58423,False,0,0,19-19,not seen by CapnBry here
Valley of Bri Leith,206,mikka,1,27107,54672,False,0,0,50-50,not seen by CapnBry here
Valley of Bri Leith,206,hill hound,1,9556,9349,False,0,0,18-20,not seen by CapnBry here
Valley of Bri Leith,206,barca,1,5741,39822,False,0,0,10-12,not seen by CapnBry here
Valley of Bri Leith,206,barca,1,11721,49616,False,0,0,10-12,not seen by CapnBry here
Valley of Bri Leith,206,barca,1,14127,47775,False,0,0,10-12,not seen by CapnBry here
Valley of Bri Leith,206,barca,1,25167,25271,False,0,0,10-12,not seen by CapnBry here
Valley of Bri Leith,206,barca,1,34533,26950,False,0,0,10-12,not seen by CapnBry here
Valley of Bri Leith,206,barca,1,3170,39724,False,0,0,10-12,not seen by CapnBry here
Valley of Bri Leith,206,barca,1,336,39477,False,0,0,10-12,not seen by CapnBry here
Valley of Bri Leith,206,barca,1,3438,19277,True,1,1,10-12,matches CapnBry (small/rare camp)
Valley of Bri Leith,206,barca,1,741,21883,False,0,0,10-12,not seen by CapnBry here
Valley of Bri Leith,206,barca,1,2408,51958,False,0,0,10-12,not seen by CapnBry here
Valley of Bri Leith,206,barca,1,2518,14127,True,1,1,10-12,matches CapnBry (small/rare camp)
Valley of Bri Leith,206,barca,1,18144,20879,False,0,0,10-12,not seen by CapnBry here
Valley of Bri Leith,206,barca,2,1530,30066,False,0,0,10-12,not seen by CapnBry here
Valley of Bri Leith,206,barca,1,1387,32829,False,0,0,10-12,not seen by CapnBry here
Valley of Bri Leith,206,barca,1,9795,19009,False,0,0,10-12,not seen by CapnBry here
Valley of Bri Leith,206,barca,1,16570,21435,False,0,0,10-12,not seen by CapnBry here
Valley of Bri Leith,206,barca,1,23461,22811,False,0,0,10-12,not seen by CapnBry here
Valley of Bri Leith,206,barca,1,6912,42535,False,0,0,10-12,not seen by CapnBry here
Valley of Bri Leith,206,barca,1,12512,23014,False,0,0,10-12,not seen by CapnBry here
Valley of Bri Leith,206,barca,1,3390,57124,False,0,0,10-12,not seen by CapnBry here
Valley of Bri Leith,206,barca,1,5353,30026,False,0,0,10-12,not seen by CapnBry here
Valley of Bri Leith,206,barca,1,25478,27729,False,0,0,10-12,not seen by CapnBry here
Valley of Bri Leith,206,barca,1,32152,15073,False,0,0,10-12,not seen by CapnBry here
Valley of Bri Leith,206,barca,1,131,55204,False,0,0,10-12,not seen by CapnBry here
Valley of Bri Leith,206,barca,1,29246,21624,False,0,0,10-12,not seen by CapnBry here
Valley of Bri Leith,206,empyrean guardian,2,57430,24063,False,0,0,34-38,not seen by CapnBry here
Valley of Bri Leith,206,empyrean guardian,2,51122,9282,False,0,0,34-38,not seen by CapnBry here
Valley of Bri Leith,206,empyrean guardian,2,47920,22842,False,0,0,34-38,not seen by CapnBry here
Valley of Bri Leith,206,empyrean guardian,1,43871,8891,False,0,0,34-38,not seen by CapnBry here
Valley of Bri Leith,206,empyrean guardian,2,60550,16806,False,0,0,34-38,not seen by CapnBry here
Valley of Bri Leith,206,empyrean guardian,1,46280,20376,False,0,0,34-38,not seen by CapnBry here
Valley of Bri Leith,206,empyrean guardian,1,56164,35349,False,0,0,34-38,not seen by CapnBry here
Valley of Bri Leith,206,empyrean guardian,2,45564,8981,False,0,0,34-38,not seen by CapnBry here
Valley of Bri Leith,206,empyrean guardian,1,59976,22428,False,0,0,34-38,not seen by CapnBry here
Valley of Bri Leith,206,empyrean guardian,1,42782,6484,False,0,0,34-38,not seen by CapnBry here
Valley of Bri Leith,206,empyrean guardian,1,45868,21844,False,0,0,34-38,not seen by CapnBry here
Valley of Bri Leith,206,empyrean guardian,1,47975,20417,False,0,0,34-38,not seen by CapnBry here
Valley of Bri Leith,206,fee lion,1,3582,63516,False,0,0,25-27,not seen by CapnBry here
Valley of Bri Leith,206,fee lion,1,34320,59465,False,0,0,25-27,not seen by CapnBry here
Valley of Bri Leith,206,fee lion,2,27494,57812,False,0,0,25-27,not seen by CapnBry here
Valley of Bri Leith,206,fee lion,1,2540,61515,False,0,0,25-27,not seen by CapnBry here
Valley of Bri Leith,206,fee lion,2,25629,59491,False,0,0,25-27,not seen by CapnBry here
Valley of Bri Leith,206,siog seeker,1,14095,16478,False,0,0,28-31,not seen by CapnBry here
Valley of Bri Leith,206,siog seeker,2,14859,30461,False,0,0,28-31,not seen by CapnBry here
Valley of Bri Leith,206,empyrean watcher,1,49337,31095,False,0,0,16-18,not seen by CapnBry here
Valley of Bri Leith,206,empyrean watcher,1,47314,32876,False,0,0,16-18,not seen by CapnBry here
Valley of Bri Leith,206,empyrean watcher,1,50858,24701,False,0,0,16-18,not seen by CapnBry here
Valley of Bri Leith,206,empyrean watcher,1,51081,31150,False,0,0,16-18,not seen by CapnBry here
Valley of Bri Leith,206,empyrean watcher,1,45123,33785,False,0,0,16-18,not seen by CapnBry here
Valley of Bri Leith,206,empyrean watcher,1,52065,23434,False,0,0,16-18,not seen by CapnBry here
Valley of Bri Leith,206,faerie drake,1,21055,61259,False,0,0,20-22,not seen by CapnBry here
Valley of Bri Leith,206,faerie drake,2,3298,61949,False,0,0,20-22,not seen by CapnBry here
Valley of Bri Leith,206,faerie drake,1,26365,59081,False,0,0,20-22,not seen by CapnBry here
Valley of Bri Leith,206,faerie drake,2,34043,57267,False,0,0,20-22,not seen by CapnBry here
Valley of Bri Leith,206,faerie drake,2,18879,58464,False,0,0,20-22,not seen by CapnBry here
Valley of Bri Leith,206,faerie drake,1,22165,59005,False,0,0,20-22,not seen by CapnBry here
Valley of Bri Leith,206,faerie drake,1,30599,49103,False,0,0,20-22,not seen by CapnBry here
Valley of Bri Leith,206,faerie drake,1,45066,42353,False,0,0,20-22,not seen by CapnBry here
Valley of Bri Leith,206,faerie drake,1,33421,54897,False,0,0,20-22,not seen by CapnBry here
Valley of Bri Leith,206,faerie drake,1,41639,44801,False,0,0,20-22,not seen by CapnBry here
Valley of Bri Leith,206,faerie horse,1,9942,60244,False,0,0,18-23,not seen by CapnBry here
Valley of Bri Leith,206,faerie horse,1,23662,59731,False,0,0,18-23,not seen by CapnBry here
Valley of Bri Leith,206,faerie horse,2,25488,60840,False,0,0,18-23,not seen by CapnBry here
Valley of Bri Leith,206,faerie horse,2,10325,57974,False,0,0,18-23,not seen by CapnBry here
Valley of Bri Leith,206,faerie horse,1,16976,60994,False,0,0,18-23,not seen by CapnBry here
Valley of Bri Leith,206,faerie horse,2,16280,59072,False,0,0,18-23,not seen by CapnBry here
Valley of Bri Leith,206,faerie horse,1,15062,57488,False,0,0,18-23,not seen by CapnBry here
Valley of Bri Leith,206,veil wisp,1,4259,16992,False,0,0,11-13,not seen by CapnBry here
Valley of Bri Leith,206,veil wisp,1,6074,13752,False,0,0,11-13,not seen by CapnBry here
Valley of Bri Leith,206,veil wisp,1,3206,19402,False,0,0,11-13,not seen by CapnBry here
Valley of Bri Leith,206,veil wisp,2,1071,12587,False,0,0,11-13,not seen by CapnBry here
Valley of Bri Leith,206,veil wisp,1,1056,18501,False,0,0,11-13,not seen by CapnBry here
Valley of Bri Leith,206,empyrean wisp,2,34432,24221,False,0,0,13-15,not seen by CapnBry here
Valley of Bri Leith,206,empyrean wisp,1,17468,49820,False,0,0,13-15,not seen by CapnBry here
Valley of Bri Leith,206,empyrean wisp,1,32919,15833,False,0,0,13-15,not seen by CapnBry here
Valley of Bri Leith,206,empyrean wisp,1,13433,51400,False,0,0,13-15,not seen by CapnBry here
Valley of Bri Leith,206,empyrean wisp,1,30342,38484,False,0,0,13-15,not seen by CapnBry here
Valley of Bri Leith,206,empyrean wisp,1,36960,12034,False,0,0,13-15,not seen by CapnBry here
Valley of Bri Leith,206,empyrean wisp,1,15554,49444,False,0,0,13-15,not seen by CapnBry here
Valley of Bri Leith,206,empyrean wisp,1,33303,39437,False,0,0,13-15,not seen by CapnBry here
Valley of Bri Leith,206,empyrean wisp,1,32389,36971,False,0,0,13-15,not seen by CapnBry here
Valley of Bri Leith,206,empyrean wisp,1,12187,49377,False,0,0,13-15,not seen by CapnBry here
Valley of Bri Leith,206,fearan,1,16807,30128,False,0,0,15-15,not seen by CapnBry here
Valley of Bri Leith,206,faerie steed,1,15111,57529,False,0,0,19-24,not seen by CapnBry here
Valley of Bri Leith,206,faerie steed,2,8266,58025,False,0,0,19-24,not seen by CapnBry here
Valley of Bri Leith,206,faerie steed,1,17019,61040,False,0,0,19-24,not seen by CapnBry here
Valley of Bri Leith,206,faerie steed,1,10682,57441,False,0,0,19-24,not seen by CapnBry here
Valley of Bri Leith,206,faerie steed,2,17754,58565,False,0,0,19-24,not seen by CapnBry here
Valley of Bri Leith,206,faerie steed,1,9848,59775,False,0,0,19-24,not seen by CapnBry here
Valley of Bri Leith,206,faerie steed,2,31186,59868,False,0,0,19-24,not seen by CapnBry here
Valley of Bri Leith,206,faerie steed,1,23650,59721,False,0,0,19-24,not seen by CapnBry here
Valley of Bri Leith,206,empyrean orb,2,2260,54965,False,0,0,10-10,not seen by CapnBry here
Valley of Bri Leith,206,empyrean orb,1,32644,15984,False,0,0,10-10,not seen by CapnBry here
Valley of Bri Leith,206,empyrean orb,1,25,51943,False,0,0,10-10,not seen by CapnBry here
Valley of Bri Leith,206,empyrean orb,1,17133,27344,False,0,0,10-10,not seen by CapnBry here
Valley of Bri Leith,206,empyrean orb,1,7719,25350,False,0,0,10-10,not seen by CapnBry here
Valley of Bri Leith,206,nymir,1,29076,7120,False,0,0,27-27,not seen by CapnBry here
Valley of Bri Leith,206,moss sheerie,1,17151,52199,False,0,0,9-12,not seen by CapnBry here
Valley of Bri Leith,206,moss sheerie,2,36701,11656,False,0,0,9-12,not seen by CapnBry here
Valley of Bri Leith,206,moss sheerie,1,33687,21465,False,0,0,9-12,not seen by CapnBry here
Valley of Bri Leith,206,moss sheerie,1,31690,38423,False,0,0,9-12,not seen by CapnBry here
Valley of Bri Leith,206,moss sheerie,1,35969,28251,False,0,0,9-12,not seen by CapnBry here
Valley of Bri Leith,206,moss sheerie,2,33403,41434,False,0,0,9-12,not seen by CapnBry here
Valley of Bri Leith,206,moss sheerie,1,34657,37467,False,0,0,9-12,not seen by CapnBry here
Valley of Bri Leith,206,moss sheerie,2,30485,40421,False,0,0,9-12,not seen by CapnBry here
Valley of Bri Leith,206,moss sheerie,1,13373,51202,False,0,0,9-12,not seen by CapnBry here
Valley of Bri Leith,206,rage wolf,1,32779,59342,False,0,0,31-32,not seen by CapnBry here
Valley of Bri Leith,206,rage wolf,1,25311,56874,False,0,0,31-32,not seen by CapnBry here
Valley of Bri Leith,206,rage wolf,1,13431,60869,False,0,0,31-32,not seen by CapnBry here
Valley of Bri Leith,206,rage wolf,1,3846,62513,False,0,0,31-32,not seen by CapnBry here
Valley of Bri Leith,206,rage wolf,1,19713,56975,False,0,0,31-32,not seen by CapnBry here
Valley of Bri Leith,206,rage wolf,1,25438,60624,False,0,0,31-32,not seen by CapnBry here
Valley of Bri Leith,206,rage wolf,1,33356,54488,False,0,0,31-32,not seen by CapnBry here
Valley of Bri Leith,206,rage wolf,1,19784,58789,False,0,0,31-32,not seen by CapnBry here
Valley of Bri Leith,206,wrath sprite,2,47104,49680,False,0,0,27-28,not seen by CapnBry here
Valley of Bri Leith,206,wrath sprite,2,50010,47679,False,0,0,27-28,not seen by CapnBry here
Valley of Bri Leith,206,wrath sprite,1,49804,50042,False,0,0,27-28,not seen by CapnBry here
Valley of Bri Leith,206,wrath sprite,1,46017,51000,False,0,0,27-28,not seen by CapnBry here
Valley of Bri Leith,206,wrath sprite,1,47507,51973,False,0,0,27-28,not seen by CapnBry here
Valley of Bri Leith,206,wrath sprite,1,52187,51890,False,0,0,27-28,not seen by CapnBry here
Valley of Bri Leith,206,merman,1,51423,53593,False,0,0,18-18,not seen by CapnBry here
Valley of Bri Leith,206,miner cucugar,1,8735,10481,False,0,0,13-13,not seen by CapnBry here
Valley of Bri Leith,206,empyrean sentinel,1,57088,43520,False,0,0,25-29,not seen by CapnBry here
Valley of Bri Leith,206,empyrean sentinel,1,48128,44288,False,0,0,25-29,not seen by CapnBry here
Valley of Bri Leith,206,empyrean sentinel,1,46592,28928,False,0,0,25-29,not seen by CapnBry here
Valley of Bri Leith,206,empyrean sentinel,1,42752,24064,False,0,0,25-29,not seen by CapnBry here
Valley of Bri Leith,206,guardian hru,1,57132,34258,False,0,0,40-40,not seen by CapnBry here
Valley of Bri Leith,206,siog piller,1,10195,12882,False,0,0,18-19,not seen by CapnBry here
Valley of Bri Leith,206,siog piller,1,16527,9373,False,0,0,18-19,not seen by CapnBry here
Valley of Bri Leith,206,erhael,1,58976,41905,False,0,0,27-27,not seen by CapnBry here
Valley of Bri Leith,206,riocard,1,18215,16996,False,0,0,28-28,not seen by CapnBry here
Valley of Bri Leith,206,keeper rasa,1,51250,14294,False,0,0,26-26,not seen by CapnBry here
Valley of Bri Leith,206,blademaster,1,26108,54722,False,0,0,15-15,not seen by CapnBry here
Valley of Bri Leith,206,tric,1,46268,22006,False,0,0,25-25,not seen by CapnBry here
Valley of Bri Leith,206,empyrean keeper,1,50840,17915,False,0,0,23-25,not seen by CapnBry here
Valley of Bri Leith,206,empyrean elder,2,56981,8653,False,0,0,41-44,not seen by CapnBry here
Valley of Bri Leith,206,empyrean elder,1,55237,8124,False,0,0,41-44,not seen by CapnBry here
Valley of Bri Leith,206,wilde,1,37183,58623,False,0,0,24-24,not seen by CapnBry here
Valley of Bri Leith,206,niy the overseer,1,60223,15805,False,0,0,40-40,not seen by CapnBry here
Valley of Bri Leith,206,sloithi,1,10457,12415,False,0,0,17-17,not seen by CapnBry here
Connacht,207,rowdy,1,44009,43545,True,1,1,5-8,matches CapnBry (small/rare camp)
Connacht,207,rowdy,1,36740,36114,True,2,4,5-8,matches CapnBry (small/rare camp)
Connacht,207,rowdy,1,40888,53632,False,0,0,5-8,not seen by CapnBry here
Connacht,207,rowdy,1,38006,37913,True,2,4,5-8,matches CapnBry (small/rare camp)
Connacht,207,rowdy,1,24264,32435,False,0,0,5-8,not seen by CapnBry here
Connacht,207,rowdy,1,31131,37734,True,1,1,5-8,matches CapnBry (small/rare camp)
Connacht,207,rowdy,1,39117,39123,True,2,3,5-8,matches CapnBry (small/rare camp)
Connacht,207,rowdy,1,44138,26829,False,0,0,5-8,not seen by CapnBry here
Connacht,207,feccan,2,51118,61524,True,3,25,4-4,likely short (CapnBry saw more here)
Connacht,207,feccan,1,49859,55031,True,1,61,4-4,matches CapnBry (small/rare camp)
Connacht,207,feccan,2,32387,34944,False,0,0,4-4,not seen by CapnBry here
Connacht,207,feccan,1,52611,58981,True,3,41,4-4,likely short (CapnBry saw more here)
Connacht,207,feccan,1,49605,59928,True,3,52,4-4,likely short (CapnBry saw more here)
Connacht,207,feccan,2,51133,64063,True,3,23,4-4,likely short (CapnBry saw more here)
Connacht,207,feccan,1,57782,48143,True,1,13,4-4,matches CapnBry (small/rare camp)
Connacht,207,feccan,1,61082,56733,True,8,28,4-4,likely short (CapnBry saw more here)
Connacht,207,feccan,1,51081,53878,True,1,59,4-4,matches CapnBry (small/rare camp)
Connacht,207,feccan,1,50657,56484,True,1,61,4-4,matches CapnBry (small/rare camp)
Connacht,207,feccan,1,49065,51913,True,1,39,4-4,matches CapnBry (small/rare camp)
Connacht,207,feccan,1,58996,59801,True,8,29,4-4,likely short (CapnBry saw more here)
Connacht,207,young irewood,2,18218,28650,False,0,0,24-28,not seen by CapnBry here
Connacht,207,young irewood,2,6458,35871,False,0,0,24-28,not seen by CapnBry here
Connacht,207,young irewood,1,14259,30812,False,0,0,24-28,not seen by CapnBry here
Connacht,207,young irewood,1,14805,35652,False,0,0,24-28,not seen by CapnBry here
Connacht,207,mudman,1,58716,61141,True,8,19,3-4,likely short (CapnBry saw more here)
Connacht,207,mudman,1,19987,40638,False,0,0,3-4,not seen by CapnBry here
Connacht,207,mudman,1,12999,59169,False,0,0,3-4,not seen by CapnBry here
Connacht,207,mudman,2,16347,55632,False,0,0,3-4,not seen by CapnBry here
Connacht,207,mudman,1,21003,36630,False,0,0,3-4,not seen by CapnBry here
Connacht,207,mudman,1,20962,38643,False,0,0,3-4,not seen by CapnBry here
Connacht,207,mudman,1,26497,38108,False,0,0,3-4,not seen by CapnBry here
Connacht,207,mudman,1,18552,33704,False,0,0,3-4,not seen by CapnBry here
Connacht,207,mudman,1,17033,43832,False,0,0,3-4,not seen by CapnBry here
Connacht,207,mudman,1,2193,39937,False,0,0,3-4,not seen by CapnBry here
Connacht,207,mudman,1,22718,43783,False,0,0,3-4,not seen by CapnBry here
Connacht,207,mudman,1,24108,39380,False,0,0,3-4,not seen by CapnBry here
Connacht,207,mudman,2,59588,62771,True,8,19,3-4,likely short (CapnBry saw more here)
Connacht,207,mudman,1,60110,59449,True,8,19,3-4,likely short (CapnBry saw more here)
Connacht,207,hill toad,2,27424,41242,False,0,0,5-7,not seen by CapnBry here
Connacht,207,hill toad,1,39876,37677,True,1,4,5-7,matches CapnBry (small/rare camp)
Connacht,207,hill toad,1,37846,43285,True,4,4,5-7,likely short (CapnBry saw more here)
Connacht,207,hill toad,1,40883,27090,True,1,1,5-7,matches CapnBry (small/rare camp)
Connacht,207,hill toad,1,41462,40793,False,0,0,5-7,not seen by CapnBry here
Connacht,207,hill toad,2,36756,35655,True,1,4,5-7,matches CapnBry (small/rare camp)
Connacht,207,hill toad,1,41741,25346,True,1,1,5-7,matches CapnBry (small/rare camp)
Connacht,207,hill toad,1,43682,28314,True,1,1,5-7,matches CapnBry (small/rare camp)
Connacht,207,hill toad,1,21377,32168,False,0,0,5-7,not seen by CapnBry here
Connacht,207,hill toad,1,59273,65312,True,1,9,5-7,matches CapnBry (small/rare camp)
Connacht,207,hill toad,2,33913,43937,True,4,5,5-7,likely short (CapnBry saw more here)
Connacht,207,hill toad,1,22356,29746,False,0,0,5-7,not seen by CapnBry here
Connacht,207,hill toad,2,31396,38520,False,0,0,5-7,not seen by CapnBry here
Connacht,207,hill toad,1,35995,37607,True,1,4,5-7,matches CapnBry (small/rare camp)
Connacht,207,hill toad,1,23460,36691,False,0,0,5-7,not seen by CapnBry here
Connacht,207,hill toad,1,20126,30599,False,0,0,5-7,not seen by CapnBry here
Connacht,207,hill toad,1,42389,30659,True,1,1,5-7,matches CapnBry (small/rare camp)
Connacht,207,skeletal minion,1,35326,47312,False,0,0,3-4,not seen by CapnBry here
Connacht,207,skeletal minion,1,39665,38780,True,1,1,3-4,matches CapnBry (small/rare camp)
Connacht,207,skeletal minion,2,35591,36111,False,0,0,3-4,not seen by CapnBry here
Connacht,207,skeletal minion,1,39214,52051,False,0,0,3-4,not seen by CapnBry here
Connacht,207,skeletal minion,1,37136,51057,False,0,0,3-4,not seen by CapnBry here
Connacht,207,large frog,1,51791,42702,True,3,13,1-1,likely short (CapnBry saw more here)
Connacht,207,large frog,2,48739,56394,True,14,40,1-1,likely short (CapnBry saw more here)
Connacht,207,large frog,1,52205,41232,True,1,12,1-1,matches CapnBry (small/rare camp)
Connacht,207,feckless lucragan,2,47322,46185,False,0,0,4-4,not seen by CapnBry here
Connacht,207,feckless lucragan,1,36141,48221,False,0,0,4-4,not seen by CapnBry here
Connacht,207,feckless lucragan,1,48998,47654,False,0,0,4-4,not seen by CapnBry here
Connacht,207,feckless lucragan,1,42181,53488,False,0,0,4-4,not seen by CapnBry here
Connacht,207,feckless lucragan,1,48141,44142,False,0,0,4-4,not seen by CapnBry here
Connacht,207,feckless lucragan,1,34278,50030,False,0,0,4-4,not seen by CapnBry here
Connacht,207,feckless lucragan,1,45370,48637,False,0,0,4-4,not seen by CapnBry here
Connacht,207,feckless lucragan,2,48883,52352,False,0,0,4-4,not seen by CapnBry here
Connacht,207,wild lucradan,1,8440,53936,True,1,2,9-10,matches CapnBry (small/rare camp)
Connacht,207,wild lucradan,1,26886,44146,False,0,0,9-10,not seen by CapnBry here
Connacht,207,wild lucradan,2,11934,42712,True,2,2,9-10,matches CapnBry (small/rare camp)
Connacht,207,wild lucradan,1,23334,45796,False,0,0,9-10,not seen by CapnBry here
Connacht,207,wild lucradan,1,14917,47400,False,0,0,9-10,not seen by CapnBry here
Connacht,207,wild lucradan,1,12814,48807,False,0,0,9-10,not seen by CapnBry here
Connacht,207,anger sprite,1,5632,43031,False,0,0,11-13,not seen by CapnBry here
Connacht,207,anger sprite,2,28368,17996,False,0,0,11-13,not seen by CapnBry here
Connacht,207,anger sprite,1,3452,44714,False,0,0,11-13,not seen by CapnBry here
Connacht,207,anger sprite,1,3924,37618,False,0,0,11-13,not seen by CapnBry here
Connacht,207,anger sprite,1,17759,19424,False,0,0,11-13,not seen by CapnBry here
Connacht,207,anger sprite,1,2503,38227,False,0,0,11-13,not seen by CapnBry here
Connacht,207,anger sprite,1,39605,13757,False,0,0,11-13,not seen by CapnBry here
Connacht,207,villainous youth,2,23326,30416,False,0,0,4-5,not seen by CapnBry here
Connacht,207,villainous youth,1,20286,42962,False,0,0,4-5,not seen by CapnBry here
Connacht,207,villainous youth,1,40542,40782,False,0,0,4-5,not seen by CapnBry here
Connacht,207,villainous youth,1,23870,42502,False,0,0,4-5,not seen by CapnBry here
Connacht,207,villainous youth,1,42242,45716,False,0,0,4-5,not seen by CapnBry here
Connacht,207,moss sheerie,1,23557,24978,False,0,0,9-12,not seen by CapnBry here
Connacht,207,moss sheerie,1,18430,40442,True,3,4,9-12,likely short (CapnBry saw more here)
Connacht,207,moss sheerie,2,17303,38970,True,3,4,9-12,likely short (CapnBry saw more here)
Connacht,207,moss sheerie,1,16259,40641,True,3,4,9-12,likely short (CapnBry saw more here)
Connacht,207,moss sheerie,1,15253,38450,True,3,4,9-12,likely short (CapnBry saw more here)
Connacht,207,water beetle,1,58457,42398,False,0,0,6-8,not seen by CapnBry here
Connacht,207,water beetle,2,51691,39455,True,3,8,6-8,likely short (CapnBry saw more here)
Connacht,207,orik,1,656,52967,False,0,0,17-17,not seen by CapnBry here
Connacht,207,famine,1,59297,19317,False,0,0,32-32,not seen by CapnBry here
Connacht,207,spraggon,2,45633,39785,True,2,6,4-5,matches CapnBry (small/rare camp)
Connacht,207,spraggon,2,60370,65068,False,0,0,4-5,not seen by CapnBry here
Connacht,207,spraggon,1,47448,46321,True,1,4,4-5,matches CapnBry (small/rare camp)
Connacht,207,spraggon,1,41998,50063,False,0,0,4-5,not seen by CapnBry here
Connacht,207,spraggon,1,15586,53908,False,0,0,4-5,not seen by CapnBry here
Connacht,207,spraggon,1,31427,46237,True,1,4,4-5,matches CapnBry (small/rare camp)
Connacht,207,spraggon,1,51845,55534,True,1,14,4-5,matches CapnBry (small/rare camp)
Connacht,207,spraggon,2,22135,46126,True,1,1,4-5,matches CapnBry (small/rare camp)
Connacht,207,spraggon,1,48797,55393,True,6,16,4-5,likely short (CapnBry saw more here)
Connacht,207,spraggon,1,33913,46958,True,1,2,4-5,matches CapnBry (small/rare camp)
Connacht,207,spraggon,2,41225,45608,False,0,0,4-5,not seen by CapnBry here
Connacht,207,spraggon,2,49003,60347,True,6,18,4-5,likely short (CapnBry saw more here)
Connacht,207,spraggon,1,37925,47662,False,0,0,4-5,not seen by CapnBry here
Connacht,207,spraggon,1,28288,47159,True,1,4,4-5,matches CapnBry (small/rare camp)
Connacht,207,spraggon,1,39613,52366,False,0,0,4-5,not seen by CapnBry here
Connacht,207,spraggon,1,20099,55497,False,0,0,4-5,not seen by CapnBry here
Connacht,207,spraggon,1,16226,56039,False,0,0,4-5,not seen by CapnBry here
Connacht,207,amadan touched,2,61293,4098,False,0,0,29-34,not seen by CapnBry here
Connacht,207,amadan touched,1,61144,15082,False,0,0,29-34,not seen by CapnBry here
Connacht,207,amadan touched,1,58647,7502,False,0,0,29-34,not seen by CapnBry here
Connacht,207,amadan touched,2,32659,32116,True,2,1,29-34,matches CapnBry (small/rare camp)
Connacht,207,amadan touched,1,60476,18960,False,0,0,29-34,not seen by CapnBry here
Connacht,207,amadan touched,1,60375,7424,False,0,0,29-34,not seen by CapnBry here
Connacht,207,eirebug,1,39032,27110,False,0,0,4-5,not seen by CapnBry here
Connacht,207,eirebug,1,14987,54781,False,0,0,4-5,not seen by CapnBry here
Connacht,207,eirebug,1,40007,46124,True,1,1,4-5,matches CapnBry (small/rare camp)
Connacht,207,eirebug,1,29291,47851,True,2,5,4-5,matches CapnBry (small/rare camp)
Connacht,207,eirebug,1,19924,28954,False,0,0,4-5,not seen by CapnBry here
Connacht,207,eirebug,1,23004,46735,True,2,5,4-5,matches CapnBry (small/rare camp)
Connacht,207,eirebug,1,15522,53222,False,0,0,4-5,not seen by CapnBry here
Connacht,207,eirebug,2,44264,50525,False,0,0,4-5,not seen by CapnBry here
Connacht,207,eirebug,2,31456,39041,False,0,0,4-5,not seen by CapnBry here
Connacht,207,eirebug,1,14910,46230,False,0,0,4-5,not seen by CapnBry here
Connacht,207,eirebug,1,26575,46660,True,2,5,4-5,matches CapnBry (small/rare camp)
Connacht,207,eirebug,1,58546,64028,True,1,10,4-5,matches CapnBry (small/rare camp)
Connacht,207,eirebug,1,24306,39820,False,0,0,4-5,not seen by CapnBry here
Connacht,207,eirebug,2,19965,48985,True,2,5,4-5,matches CapnBry (small/rare camp)
Connacht,207,eirebug,1,35081,26539,False,0,0,4-5,not seen by CapnBry here
Connacht,207,eirebug,1,43989,53079,False,0,0,4-5,not seen by CapnBry here
Connacht,207,eirebug,1,44205,47139,True,1,1,4-5,matches CapnBry (small/rare camp)
Connacht,207,eirebug,1,36715,24287,False,0,0,4-5,not seen by CapnBry here
Connacht,207,eirebug,1,11433,55692,False,0,0,4-5,not seen by CapnBry here
Connacht,207,eirebug,1,61917,61383,True,1,6,4-5,matches CapnBry (small/rare camp)
Connacht,207,eirebug,2,35703,50641,False,0,0,4-5,not seen by CapnBry here
Connacht,207,eirebug,1,25420,32672,False,0,0,4-5,not seen by CapnBry here
Connacht,207,eirebug,1,38248,50236,False,0,0,4-5,not seen by CapnBry here
Connacht,207,eirebug,1,28106,44826,True,2,5,4-5,matches CapnBry (small/rare camp)
Connacht,207,eirebug,1,19135,41407,False,0,0,4-5,not seen by CapnBry here
Connacht,207,eirebug,1,38049,46355,False,0,0,4-5,not seen by CapnBry here
Connacht,207,eirebug,1,36342,27428,False,0,0,4-5,not seen by CapnBry here
Connacht,207,wild crouch,1,14426,51338,False,0,0,5-6,not seen by CapnBry here
Connacht,207,wild crouch,2,14766,54915,False,0,0,5-6,not seen by CapnBry here
Connacht,207,wild crouch,2,13606,53522,False,0,0,5-6,not seen by CapnBry here
Connacht,207,wild crouch,1,12199,57919,False,0,0,5-6,not seen by CapnBry here
Connacht,207,wild crouch,1,17085,55914,False,0,0,5-6,not seen by CapnBry here
Connacht,207,wild crouch,1,17479,57626,False,0,0,5-6,not seen by CapnBry here
Connacht,207,lunantishee,1,10271,41995,False,0,0,8-9,not seen by CapnBry here
Connacht,207,lunantishee,1,8700,55066,True,2,4,8-9,matches CapnBry (small/rare camp)
Connacht,207,lunantishee,2,6261,52915,True,2,4,8-9,matches CapnBry (small/rare camp)
Connacht,207,lunantishee,1,13045,46826,False,0,0,8-9,not seen by CapnBry here
Connacht,207,lunantishee,2,18492,36291,False,0,0,8-9,not seen by CapnBry here
Connacht,207,lunantishee,1,3176,47188,True,2,1,8-9,matches CapnBry (small/rare camp)
Connacht,207,lunantishee,1,15263,44264,False,0,0,8-9,not seen by CapnBry here
Connacht,207,lunantishee,1,16249,49289,False,0,0,8-9,not seen by CapnBry here
Connacht,207,lunantishee,1,11770,41756,False,0,0,8-9,not seen by CapnBry here
Connacht,207,lunantishee,1,25944,27901,False,0,0,8-9,not seen by CapnBry here
Connacht,207,lunantishee,1,2726,49245,True,2,1,8-9,matches CapnBry (small/rare camp)
Connacht,207,lugradan whelp,2,39847,44712,True,3,6,4-6,likely short (CapnBry saw more here)
Connacht,207,lugradan whelp,2,40161,41440,True,22,9,4-6,likely short (CapnBry saw more here)
Connacht,207,lugradan whelp,2,42921,43016,True,22,11,4-6,likely short (CapnBry saw more here)
Connacht,207,lugradan whelp,1,15655,52189,True,1,1,4-6,matches CapnBry (small/rare camp)
Connacht,207,lugradan whelp,2,43866,46517,True,3,6,4-6,likely short (CapnBry saw more here)
Connacht,207,lugradan whelp,2,37735,37533,True,3,1,4-6,likely short (CapnBry saw more here)
Connacht,207,lugradan whelp,1,40612,36134,False,0,0,4-6,not seen by CapnBry here
Connacht,207,lugradan whelp,1,11993,54734,True,1,1,4-6,matches CapnBry (small/rare camp)
Connacht,207,lugradan whelp,1,32586,47797,True,4,6,4-6,likely short (CapnBry saw more here)
Connacht,207,lugradan whelp,1,33618,45119,True,2,4,4-6,matches CapnBry (small/rare camp)
Connacht,207,lugradan whelp,1,35964,43009,True,3,2,4-6,likely short (CapnBry saw more here)
Connacht,207,lugradan whelp,1,30891,44942,True,5,16,4-6,likely short (CapnBry saw more here)
Connacht,207,lugradan whelp,1,14610,57107,False,0,0,4-6,not seen by CapnBry here
Connacht,207,lugradan whelp,1,33582,39147,True,2,2,4-6,matches CapnBry (small/rare camp)
Connacht,207,lugradan whelp,1,38884,42903,True,3,1,4-6,likely short (CapnBry saw more here)
Connacht,207,lugradan whelp,2,41703,44096,True,3,6,4-6,likely short (CapnBry saw more here)
Connacht,207,lugradan whelp,1,17682,53739,False,0,0,4-6,not seen by CapnBry here
Connacht,207,lugradan whelp,1,15855,54978,False,0,0,4-6,not seen by CapnBry here
Connacht,207,lugradan whelp,1,13559,53970,True,1,1,4-6,matches CapnBry (small/rare camp)
Connacht,207,lugradan whelp,1,28493,44685,True,5,15,4-6,likely short (CapnBry saw more here)
Connacht,207,lugradan whelp,1,48062,41262,True,1,4,4-6,matches CapnBry (small/rare camp)
Connacht,207,skeletal pawn,1,49323,59815,True,2,22,1-2,matches CapnBry (small/rare camp)
Connacht,207,skeletal pawn,1,44903,44165,False,0,0,1-2,not seen by CapnBry here
Connacht,207,skeletal pawn,1,51851,59645,True,2,22,1-2,matches CapnBry (small/rare camp)
Connacht,207,skeletal pawn,2,48983,56556,True,2,1,1-2,matches CapnBry (small/rare camp)
Connacht,207,skeletal pawn,2,50657,62054,True,2,21,1-2,matches CapnBry (small/rare camp)
Connacht,207,pookha,1,61433,13149,False,0,0,33-35,not seen by CapnBry here
Connacht,207,pookha,1,57505,28761,False,0,0,33-35,not seen by CapnBry here
Connacht,207,pookha,2,59261,18690,False,0,0,33-35,not seen by CapnBry here
Connacht,207,pookha,2,52909,33671,False,0,0,33-35,not seen by CapnBry here
Connacht,207,pookha,2,55585,7927,False,0,0,33-35,not seen by CapnBry here
Connacht,207,pookha,1,60456,10212,False,0,0,33-35,not seen by CapnBry here
Connacht,207,pookha,1,55192,33198,False,0,0,33-35,not seen by CapnBry here
Connacht,207,orchard nipper,1,42292,33752,True,8,2,5-6,likely short (CapnBry saw more here)
Connacht,207,hitback dummy - right click to reset,2,47768,1662,False,0,0,36-50,not seen by CapnBry here
Connacht,207,badger cub,1,48135,55443,False,0,0,0-1,not seen by CapnBry here
Connacht,207,badger cub,2,54229,54792,False,0,0,0-1,not seen by CapnBry here
Connacht,207,badger cub,2,56405,53788,False,0,0,0-1,not seen by CapnBry here
Connacht,207,badger cub,1,45020,46835,False,0,0,0-1,not seen by CapnBry here
Connacht,207,badger cub,2,48441,50495,False,0,0,0-1,not seen by CapnBry here
Connacht,207,badger cub,2,52219,55904,False,0,0,0-1,not seen by CapnBry here
Connacht,207,badger cub,1,58525,53666,False,0,0,0-1,not seen by CapnBry here
Connacht,207,badger cub,1,58068,55173,False,0,0,0-1,not seen by CapnBry here
Connacht,207,badger cub,1,49829,47872,False,0,0,0-1,not seen by CapnBry here
Connacht,207,badger cub,2,56911,56579,False,0,0,0-1,not seen by CapnBry here
Connacht,207,badger cub,1,51734,58075,False,0,0,0-1,not seen by CapnBry here
Connacht,207,badger cub,1,49269,54315,False,0,0,0-1,not seen by CapnBry here
Connacht,207,faerie beetle,2,60017,13626,False,0,0,17-17,not seen by CapnBry here
Connacht,207,faerie beetle,2,61218,19203,False,0,0,17-17,not seen by CapnBry here
Connacht,207,faerie beetle,1,19390,16208,False,0,0,17-17,not seen by CapnBry here
Connacht,207,faerie beetle,1,14271,30591,False,0,0,17-17,not seen by CapnBry here
Connacht,207,faerie beetle,2,27118,15862,False,0,0,17-17,not seen by CapnBry here
Connacht,207,faerie beetle,1,60232,10534,False,0,0,17-17,not seen by CapnBry here
Connacht,207,faerie beetle,1,3215,38843,False,0,0,17-17,not seen by CapnBry here
Connacht,207,faerie beetle,1,9609,17439,False,0,0,17-17,not seen by CapnBry here
Connacht,207,irewood sapling,2,7345,17868,False,0,0,21-22,not seen by CapnBry here
Connacht,207,irewood sapling,1,11586,18475,False,0,0,21-22,not seen by CapnBry here
Connacht,207,irewood sapling,1,14035,21657,False,0,0,21-22,not seen by CapnBry here
Connacht,207,spraggonoll,1,31635,36900,False,0,0,7-9,not seen by CapnBry here
Connacht,207,spraggonoll,2,28338,33191,False,0,0,7-9,not seen by CapnBry here
Connacht,207,spraggonoll,1,26009,32575,False,0,0,7-9,not seen by CapnBry here
Connacht,207,spraggonoll,1,29975,36906,False,0,0,7-9,not seen by CapnBry here
Connacht,207,spraggonoll,1,29444,43468,False,0,0,7-9,not seen by CapnBry here
Connacht,207,water beetle collector,1,47987,46034,False,0,0,4-5,not seen by CapnBry here
Connacht,207,water beetle larva,2,51140,62104,True,2,5,0-1,matches CapnBry (small/rare camp)
Connacht,207,water beetle larva,1,50024,48553,True,1,5,0-1,matches CapnBry (small/rare camp)
Connacht,207,water beetle larva,1,48654,52123,False,0,0,0-1,not seen by CapnBry here
Connacht,207,water beetle larva,1,58856,59918,True,5,11,0-1,likely short (CapnBry saw more here)
Connacht,207,water beetle larva,1,48326,50563,True,1,5,0-1,matches CapnBry (small/rare camp)
Connacht,207,alp luachra,1,52814,30656,False,0,0,29-31,not seen by CapnBry here
Connacht,207,alp luachra,2,53305,34452,False,0,0,29-31,not seen by CapnBry here
Connacht,207,alp luachra,2,56971,18644,False,0,0,29-31,not seen by CapnBry here
Connacht,207,alp luachra,1,55105,33372,False,0,0,29-31,not seen by CapnBry here
Connacht,207,fishing bear forager,1,5946,39365,False,0,0,13-14,not seen by CapnBry here
Connacht,207,fishing bear forager,1,47654,24230,False,0,0,13-14,not seen by CapnBry here
Connacht,207,fishing bear forager,1,3495,41880,False,0,0,13-14,not seen by CapnBry here
Connacht,207,fishing bear forager,1,25439,18638,False,0,0,13-14,not seen by CapnBry here
Connacht,207,fishing bear forager,1,3976,39647,False,0,0,13-14,not seen by CapnBry here
Connacht,207,fishing bear forager,1,23522,18309,False,0,0,13-14,not seen by CapnBry here
Connacht,207,lough wolf,1,26614,42210,False,0,0,7-9,not seen by CapnBry here
Connacht,207,lough wolf,1,38859,26917,False,0,0,7-9,not seen by CapnBry here
Connacht,207,lough wolf,1,26579,33079,False,0,0,7-9,not seen by CapnBry here
Connacht,207,lough wolf,2,42154,26410,False,0,0,7-9,not seen by CapnBry here
Connacht,207,lough wolf,1,19091,42530,False,0,0,7-9,not seen by CapnBry here
Connacht,207,lough wolf,1,18408,39366,False,0,0,7-9,not seen by CapnBry here
Connacht,207,lough wolf,1,23964,41014,False,0,0,7-9,not seen by CapnBry here
Connacht,207,lough wolf,1,19877,40136,False,0,0,7-9,not seen by CapnBry here
Connacht,207,large eirebug,1,16434,34992,False,0,0,9-11,not seen by CapnBry here
Connacht,207,large eirebug,1,6336,44822,False,0,0,9-11,not seen by CapnBry here
Connacht,207,large eirebug,1,7363,51303,False,0,0,9-11,not seen by CapnBry here
Connacht,207,large eirebug,1,17855,18669,False,0,0,9-11,not seen by CapnBry here
Connacht,207,large eirebug,1,6076,48989,False,0,0,9-11,not seen by CapnBry here
Connacht,207,large eirebug,1,15980,36561,False,0,0,9-11,not seen by CapnBry here
Connacht,207,large eirebug,1,18499,33645,False,0,0,9-11,not seen by CapnBry here
Connacht,207,large eirebug,1,27687,24200,True,1,1,9-11,matches CapnBry (small/rare camp)
Connacht,207,large eirebug,1,7751,53029,False,0,0,9-11,not seen by CapnBry here
Connacht,207,large eirebug,1,8489,46112,False,0,0,9-11,not seen by CapnBry here
Connacht,207,streaming wisp,1,15768,24526,False,0,0,21-24,not seen by CapnBry here
Connacht,207,streaming wisp,1,17883,29164,False,0,0,21-24,not seen by CapnBry here
Connacht,207,streaming wisp,1,13507,25689,False,0,0,21-24,not seen by CapnBry here
Connacht,207,streaming wisp,1,13550,27568,False,0,0,21-24,not seen by CapnBry here
Connacht,207,streaming wisp,1,16349,48370,False,0,0,21-24,not seen by CapnBry here
Connacht,207,streaming wisp,1,14942,40240,False,0,0,21-24,not seen by CapnBry here
Connacht,207,streaming wisp,1,7027,27389,False,0,0,21-24,not seen by CapnBry here
Connacht,207,streaming wisp,1,55854,48126,False,0,0,21-24,not seen by CapnBry here
Connacht,207,streaming wisp,1,13784,49400,False,0,0,21-24,not seen by CapnBry here
Connacht,207,streaming wisp,1,55994,19314,False,0,0,21-24,not seen by CapnBry here
Connacht,207,streaming wisp,1,17502,24200,False,0,0,21-24,not seen by CapnBry here
Connacht,207,streaming wisp,1,39085,19687,False,0,0,21-24,not seen by CapnBry here
Connacht,207,streaming wisp,1,22925,37219,False,0,0,21-24,not seen by CapnBry here
Connacht,207,streaming wisp,1,26633,44858,False,0,0,21-24,not seen by CapnBry here
Connacht,207,streaming wisp,1,14412,36004,False,0,0,21-24,not seen by CapnBry here
Connacht,207,streaming wisp,1,9395,18622,False,0,0,21-24,not seen by CapnBry here
Connacht,207,streaming wisp,1,8952,46680,False,0,0,21-24,not seen by CapnBry here
Connacht,207,streaming wisp,1,5814,17003,False,0,0,21-24,not seen by CapnBry here
Connacht,207,streaming wisp,2,39185,22996,False,0,0,21-24,not seen by CapnBry here
Connacht,207,streaming wisp,1,10858,49455,False,0,0,21-24,not seen by CapnBry here
Connacht,207,streaming wisp,1,20095,49570,False,0,0,21-24,not seen by CapnBry here
Connacht,207,streaming wisp,1,17997,39959,False,0,0,21-24,not seen by CapnBry here
Connacht,207,streaming wisp,1,12563,18115,False,0,0,21-24,not seen by CapnBry here
Connacht,207,streaming wisp,1,7320,17114,False,0,0,21-24,not seen by CapnBry here
Connacht,207,streaming wisp,1,8685,16320,False,0,0,21-24,not seen by CapnBry here
Connacht,207,streaming wisp,1,19585,21868,False,0,0,21-24,not seen by CapnBry here
Connacht,207,streaming wisp,1,39534,46923,False,0,0,21-24,not seen by CapnBry here
Connacht,207,streaming wisp,1,11948,16470,False,0,0,21-24,not seen by CapnBry here
Connacht,207,streaming wisp,1,54006,46096,False,0,0,21-24,not seen by CapnBry here
Connacht,207,streaming wisp,1,11388,33940,False,0,0,21-24,not seen by CapnBry here
Connacht,207,streaming wisp,1,19360,16189,False,0,0,21-24,not seen by CapnBry here
Connacht,207,streaming wisp,1,51078,52302,True,1,6,21-24,matches CapnBry (small/rare camp)
Connacht,207,streaming wisp,1,12490,14424,False,0,0,21-24,not seen by CapnBry here
Connacht,207,wind ghoul,1,23619,41504,False,0,0,7-7,not seen by CapnBry here
Connacht,207,wind ghoul,1,23410,29267,False,0,0,7-7,not seen by CapnBry here
Connacht,207,wind ghoul,1,3628,41183,False,0,0,7-7,not seen by CapnBry here
Connacht,207,wind ghoul,1,40998,23431,False,0,0,7-7,not seen by CapnBry here
Connacht,207,wind ghoul,2,37142,32249,False,0,0,7-7,not seen by CapnBry here
Connacht,207,wind ghoul,1,39246,20529,False,0,0,7-7,not seen by CapnBry here
Connacht,207,wind ghoul,1,26037,32905,False,0,0,7-7,not seen by CapnBry here
Connacht,207,wind ghoul,1,37230,34538,False,0,0,7-7,not seen by CapnBry here
Connacht,207,wind ghoul,2,40280,18598,False,0,0,7-7,not seen by CapnBry here
Connacht,207,wind ghoul,1,38738,22886,False,0,0,7-7,not seen by CapnBry here
Connacht,207,fishing bear,1,56302,23710,False,0,0,18-20,not seen by CapnBry here
Connacht,207,fishing bear,2,47507,25124,False,0,0,18-20,not seen by CapnBry here
Connacht,207,fishing bear,1,57735,39003,True,1,3,18-20,matches CapnBry (small/rare camp)
Connacht,207,annoying lucradan,1,58656,58293,False,0,0,0-0,not seen by CapnBry here
Connacht,207,annoying lucradan,2,49834,48107,False,0,0,0-0,not seen by CapnBry here
Connacht,207,annoying lucradan,1,51382,56626,False,0,0,0-0,not seen by CapnBry here
Connacht,207,annoying lucradan,1,60495,56558,False,0,0,0-0,not seen by CapnBry here
Connacht,207,annoying lucradan,1,54829,43877,False,0,0,0-0,not seen by CapnBry here
Connacht,207,annoying lucradan,1,53300,58328,False,0,0,0-0,not seen by CapnBry here
Connacht,207,annoying lucradan,1,57806,48381,False,0,0,0-0,not seen by CapnBry here
Connacht,207,annoying lucradan,1,50352,59381,False,0,0,0-0,not seen by CapnBry here
Connacht,207,windaille,1,33992,20949,False,0,0,6-6,not seen by CapnBry here
Connacht,207,spraggonite,1,37588,36496,True,1,5,7-8,matches CapnBry (small/rare camp)
Connacht,207,spraggonite,1,39589,37354,True,1,5,7-8,matches CapnBry (small/rare camp)
Connacht,207,spraggonite,1,41027,44467,True,2,8,7-8,matches CapnBry (small/rare camp)
Connacht,207,spraggonite,1,29813,47181,False,0,0,7-8,not seen by CapnBry here
Connacht,207,spraggonite,1,19179,47135,True,1,2,7-8,matches CapnBry (small/rare camp)
Connacht,207,spraggonite,1,46462,39284,True,1,2,7-8,matches CapnBry (small/rare camp)
Connacht,207,spraggonite,1,23223,45793,False,0,0,7-8,not seen by CapnBry here
Connacht,207,grumoz demon,1,40864,15985,False,0,0,10-11,not seen by CapnBry here
Connacht,207,grumoz demon,1,38732,17890,False,0,0,10-11,not seen by CapnBry here
Connacht,207,grumoz demon,2,37932,15991,False,0,0,10-11,not seen by CapnBry here
Connacht,207,bodachan sabhaill,1,43151,49647,False,0,0,2-4,not seen by CapnBry here
Connacht,207,bodachan sabhaill,1,41750,48202,False,0,0,2-4,not seen by CapnBry here
Connacht,207,bodachan sabhaill,1,36017,48025,False,0,0,2-4,not seen by CapnBry here
Connacht,207,bodachan sabhaill,1,33981,46737,False,0,0,2-4,not seen by CapnBry here
Connacht,207,walking rock,1,3998,29244,False,0,0,24-24,not seen by CapnBry here
Connacht,207,manes demon,2,38214,15355,False,0,0,7-8,not seen by CapnBry here
Connacht,207,manes demon,2,40080,15958,False,0,0,7-8,not seen by CapnBry here
Connacht,207,manes demon,1,39096,17681,False,0,0,7-8,not seen by CapnBry here
Connacht,207,irewood seedling,1,55985,49274,False,0,0,4-5,not seen by CapnBry here
Connacht,207,amadan dubh,1,59688,12471,False,0,0,42-42,not seen by CapnBry here
Connacht,207,changeling,1,35092,14912,False,0,0,11-11,not seen by CapnBry here
Connacht,207,changeling,1,5691,40621,False,0,0,11-11,not seen by CapnBry here
Connacht,207,changeling,1,28968,14677,False,0,0,11-11,not seen by CapnBry here
Connacht,207,changeling,1,3781,38777,False,0,0,11-11,not seen by CapnBry here
Connacht,207,touched,1,58534,6283,False,0,0,39-39,not seen by CapnBry here
Connacht,207,rathil o'carolan,1,17391,13890,False,0,0,17-17,not seen by CapnBry here
Connacht,207,ghoulie,1,310,36718,False,0,0,20-22,not seen by CapnBry here
Connacht,207,follower of ultan,1,12056,5501,False,0,0,14-14,not seen by CapnBry here
Connacht,207,bocan,1,1512,31296,False,0,0,15-15,not seen by CapnBry here
Connacht,207,juliy the jester,1,48646,17959,False,0,0,15-15,not seen by CapnBry here
Connacht,207,spykit,1,59523,65375,False,0,0,4-4,not seen by CapnBry here
Connacht,207,amadan,1,59977,17441,False,0,0,39-39,not seen by CapnBry here
Connacht,207,chieftain ultan,1,11963,5203,False,0,0,15-15,not seen by CapnBry here
Connacht,207,lucan,1,40134,41544,False,0,0,6-7,not seen by CapnBry here
Connacht,207,daewain,1,48185,29677,False,0,0,15-15,not seen by CapnBry here
Connacht,207,pikebane,1,57158,22324,False,0,0,22-22,not seen by CapnBry here
Mount Collory,210,sett protector,2,53816,56518,False,0,0,32-33,not seen by CapnBry here
Mount Collory,210,sett protector,1,51603,54772,False,0,0,32-33,not seen by CapnBry here
Mount Collory,210,sett matron,1,18736,15327,False,0,0,35-38,not seen by CapnBry here
Mount Collory,210,irewood,2,35937,10576,False,0,0,29-31,not seen by CapnBry here
Breifine,212,new mob,2,18172,16230,False,0,0,1-1,not seen by CapnBry here
Breifine,212,new mob,1,18518,14465,False,0,0,1-1,not seen by CapnBry here
Breifine,212,new mob,1,47731,51919,False,0,0,1-1,not seen by CapnBry here
Breifine,212,new mob,1,52768,16395,False,0,0,1-1,not seen by CapnBry here
Breifine,212,evern,1,44859,28153,False,0,0,76-76,not seen by CapnBry here
Breifine,212,spectral manslayer,1,59158,46086,False,0,0,50-53,not seen by CapnBry here
Emain Macha,214,hillock changeling,1,51462,46454,False,0,0,35-37,not seen by CapnBry here
Emain Macha,214,hillock changeling,1,49321,47609,False,0,0,35-37,not seen by CapnBry here
Emain Macha,214,hillock changeling,1,51018,45020,False,0,0,35-37,not seen by CapnBry here
Emain Macha,214,amadan touched,2,22593,33404,False,0,0,29-34,not seen by CapnBry here
Emain Macha,214,granny,2,40574,22327,False,0,0,48-50,not seen by CapnBry here
Emain Macha,214,graugach,2,45663,53613,False,0,0,32-33,not seen by CapnBry here
Emain Macha,214,juvenile megafelid,1,51461,26271,False,0,0,35-38,not seen by CapnBry here
Emain Macha,214,juvenile megafelid,1,53036,21549,False,0,0,35-38,not seen by CapnBry here
Emain Macha,214,rage wolf,1,23194,32341,False,0,0,31-32,not seen by CapnBry here
Emain Macha,214,cliff beetle,1,22955,11453,False,0,0,31-37,not seen by CapnBry here
Emain Macha,214,cliff beetle,1,38400,10456,False,0,0,31-37,not seen by CapnBry here
Emain Macha,214,cliff beetle,1,23277,27933,False,0,0,31-37,not seen by CapnBry here
Emain Macha,214,cliff beetle,1,19520,18440,False,0,0,31-37,not seen by CapnBry here
Emain Macha,214,luch hunter,1,42516,12879,False,0,0,31-34,not seen by CapnBry here
Emain Macha,214,luch hunter,1,20916,31432,False,0,0,31-34,not seen by CapnBry here
Emain Macha,214,roan stepper,1,47663,53184,False,0,0,29-32,not seen by CapnBry here
Muire Tomb,221,death worm,1,25934,24675,True,1,5,11-14,matches CapnBry (small/rare camp)
Muire Tomb,221,muire herbalist,2,30608,23017,False,0,0,18-18,not seen by CapnBry here
Muire Tomb,221,muire herbalist,1,27730,26366,False,0,0,18-20,not seen by CapnBry here
Muire Tomb,221,corpse devourer,1,26428,21480,True,1,2,16-18,matches CapnBry (small/rare camp)
Muire Tomb,221,mummy hag wizard,2,27188,27351,False,0,0,17-20,not seen by CapnBry here
Muire Tomb,221,tomb creeper,2,26568,23802,True,8,18,9-16,likely short (CapnBry saw more here)
Muire Tomb,221,muire hero,2,29937,23084,False,0,0,19-21,not seen by CapnBry here
Muire Tomb,221,quillan muire,1,30557,22950,False,0,0,24-24,not seen by CapnBry here
Muire Tomb,221,frang,1,24021,24573,False,0,0,20-20,not seen by CapnBry here
Spraggon Den,222,rock sprite,1,26269,21897,True,1,1,21-23,matches CapnBry (small/rare camp)
Spraggon Den,222,spraggon cutter,2,27118,26868,False,0,0,26-26,not seen by CapnBry here
Spraggon Den,222,earth sprite,1,24204,18802,False,0,0,24-26,not seen by CapnBry here
Spraggon Den,222,spriggit,1,22902,18823,False,0,0,26-26,not seen by CapnBry here
Spraggon Den,222,pit boss,2,23403,21747,False,0,0,23-23,not seen by CapnBry here
Spraggon Den,222,pit boss,1,18478,23346,False,0,0,25-25,not seen by CapnBry here
Spraggon Den,222,pit boss,1,24952,21979,False,0,0,23-23,not seen by CapnBry here
Spraggon Den,222,pit boss,1,25590,19330,False,0,0,25-25,not seen by CapnBry here
Spraggon Den,222,pit boss,1,27278,24702,False,0,0,24-24,not seen by CapnBry here
Spraggon Den,222,pit boss,1,25999,29249,False,0,0,23-23,not seen by CapnBry here
Spraggon Den,222,spraggon runner,1,23842,23184,False,0,0,21-23,not seen by CapnBry here
Spraggon Den,222,tabor,1,29077,24265,False,0,0,28-28,not seen by CapnBry here
Spraggon Den,222,dramacus,1,26269,25875,False,0,0,30-30,not seen by CapnBry here
Spraggon Den,222,ruckus,1,21387,25300,False,0,0,26-26,not seen by CapnBry here
Spraggon Den,222,ick,1,19976,22885,False,0,0,22-22,not seen by CapnBry here
Spraggon Den,222,yadda,1,26644,26387,False,0,0,27-27,not seen by CapnBry here
Darkness Falls,249,lieutenant gargantan,1,31676,34723,False,0,0,68-68,not seen by CapnBry here
Darkness Falls,249,duke bimure,1,35916,21968,False,0,0,75-75,not seen by CapnBry here
Darkness Falls,249,chamberlain,1,37354,43108,False,0,0,79-79,not seen by CapnBry here
Darkness Falls,249,marquis focalleste,1,40128,22865,False,0,0,73-73,not seen by CapnBry here
Darkness Falls,249,mutilator okabi,1,29031,23613,False,0,0,62-65,not seen by CapnBry here
Darkness Falls,249,mutilator axtanax,1,31107,23131,False,0,0,60-60,not seen by CapnBry here
Darkness Falls,249,duke zepor,1,41220,28961,False,0,0,64-64,not seen by CapnBry here
Darkness Falls,249,chthonic knight prosel,1,35425,27539,False,0,0,64-64,not seen by CapnBry here
Darkness Falls,249,earl zh'alzhak,1,27334,32957,False,0,0,67-71,not seen by CapnBry here
Darkness Falls,249,chthonic knight zagal,1,8768,9177,False,0,0,70-70,not seen by CapnBry here
Darkness Falls,249,inquisitor niloc,1,21736,4360,False,0,0,66-66,not seen by CapnBry here
Darkness Falls,249,mutilator oronor,1,6276,33054,False,0,0,66-66,not seen by CapnBry here
Darkness Falls,249,chthonic knight ukobat,1,7937,13303,False,0,0,66-66,not seen by CapnBry here
Darkness Falls,249,mutilator laicanroth,1,35318,23336,False,0,0,67-67,not seen by CapnBry here
Darkness Falls,249,chthonic knight tamuel,1,35992,36959,False,0,0,64-64,not seen by CapnBry here
Darkness Falls,249,inquisitor haimir,1,36835,29452,False,0,0,68-68,not seen by CapnBry here
Darkness Falls,249,mutilator nianax,1,34254,25388,False,0,0,65-65,not seen by CapnBry here
Darkness Falls,249,inquisitor bor,1,29608,2819,False,0,0,70-70,not seen by CapnBry here
Darkness Falls,249,chthonic knight gaapoler,1,16279,10368,False,0,0,72-72,not seen by CapnBry here
Darkness Falls,249,inquisitor hadis,1,21771,5921,False,0,0,65-65,not seen by CapnBry here
Darkness Falls,249,earl mermer,1,29999,7925,False,0,0,71-71,not seen by CapnBry here
Darkness Falls,249,inquisitor nifil,1,21784,5459,False,0,0,64-64,not seen by CapnBry here
Darkness Falls,249,inquisitor mucifen,1,22688,5756,False,0,0,64-64,not seen by CapnBry here
Darkness Falls,249,chthonic knight obarus,1,30405,24376,False,0,0,60-60,not seen by CapnBry here
Darkness Falls,249,mutilator phaxazis,1,7896,28484,False,0,0,68-68,not seen by CapnBry here
Darkness Falls,249,marquis almen,1,41075,30949,False,0,0,70-70,not seen by CapnBry here
Darkness Falls,249,inquisitor zaviben,1,27651,8125,False,0,0,72-72,not seen by CapnBry here
Darkness Falls,249,inquisitor tlaw,1,26619,7549,False,0,0,68-68,not seen by CapnBry here
Darkness Falls,249,mutilator zurabo,1,31142,24446,False,0,0,60-60,not seen by CapnBry here
Darkness Falls,249,deamhaness,1,9003,13202,False,0,0,32-34,not seen by CapnBry here
Darkness Falls,249,inquisitor hellos,1,35271,25297,False,0,0,59-68,not seen by CapnBry here
Darkness Falls,249,chthonic knight carabia,1,36049,39664,False,0,0,65-65,not seen by CapnBry here
Darkness Falls,249,prince abdin,1,17455,9754,False,0,0,78-78,not seen by CapnBry here
Darkness Falls,249,chthonic knight babyzu,1,33797,24042,False,0,0,65-65,not seen by CapnBry here
Darkness Falls,249,chthonic knight zafan,1,35289,28434,False,0,0,67-67,not seen by CapnBry here
Darkness Falls,249,mutilator vorazax,1,16792,24634,False,0,0,72-72,not seen by CapnBry here
Darkness Falls,249,duke aypol,1,28907,33113,False,0,0,75-75,not seen by CapnBry here
Darkness Falls,249,inquisitor nej,1,34483,30844,False,0,0,64-68,not seen by CapnBry here
Darkness Falls,249,mutilator namox,1,9776,23265,False,0,0,64-67,not seen by CapnBry here
Darkness Falls,249,inquisitor irawn,1,29793,24624,False,0,0,60-60,not seen by CapnBry here
Darkness Falls,249,mutilator lazorous,1,37377,24428,False,0,0,64-64,not seen by CapnBry here
Darkness Falls,249,inquisitor haap,1,29507,8158,False,0,0,70-70,not seen by CapnBry here
Darkness Falls,249,earl oraxus,1,40428,29266,False,0,0,71-71,not seen by CapnBry here
Darkness Falls,249,mutilator xakanos,1,34393,27975,False,0,0,64-64,not seen by CapnBry here
Darkness Falls,249,inquisitor yor,1,35127,30839,False,0,0,68-68,not seen by CapnBry here
Darkness Falls,249,chthonic knight zaeber,1,35128,35042,False,0,0,68-68,not seen by CapnBry here
Darkness Falls,249,inquisitor morrian,1,35305,26220,False,0,0,65-65,not seen by CapnBry here
Darkness Falls,249,chthonic knight fonath,1,37631,39683,False,0,0,74-74,not seen by CapnBry here
Darkness Falls,249,mutilator vozoaz,1,14702,21928,False,0,0,72-72,not seen by CapnBry here
Darkness Falls,249,mutilator konapher,1,34976,41735,False,0,0,74-74,not seen by CapnBry here
Darkness Falls,249,mutilator marbozer,1,6986,25409,False,0,0,68-68,not seen by CapnBry here
Darkness Falls,249,high lord baelerdoth,1,41016,23801,False,0,0,80-80,not seen by CapnBry here
Darkness Falls,249,duke satori,1,36847,33434,False,0,0,67-75,not seen by CapnBry here
Darkness Falls,249,mutilator taboku,1,7428,34161,False,0,0,66-66,not seen by CapnBry here
Darkness Falls,249,chthonic knight olov,1,37861,36792,False,0,0,64-64,not seen by CapnBry here
Darkness Falls,249,pale guardian,1,11976,22227,False,0,0,67-72,not seen by CapnBry here
Darkness Falls,249,pale guardian,1,12290,10644,False,0,0,67-72,not seen by CapnBry here
Darkness Falls,249,pale guardian,1,12355,25210,False,0,0,67-72,not seen by CapnBry here
Darkness Falls,249,pale guardian,2,36840,38585,False,0,0,67-72,not seen by CapnBry here
Darkness Falls,249,pale guardian,1,12171,7905,False,0,0,67-72,not seen by CapnBry here
Darkness Falls,249,high lord saeor,1,41779,29942,False,0,0,70-70,not seen by CapnBry here
Darkness Falls,249,earl vone,1,36859,36134,False,0,0,71-71,not seen by CapnBry here
Darkness Falls,249,inquisitor zazinol,1,30058,7480,False,0,0,72-72,not seen by CapnBry here
Darkness Falls,249,mutilator ezerak,1,34957,40443,False,0,0,65-67,not seen by CapnBry here
Darkness Falls,249,earl ipostian,1,15818,24020,False,0,0,71-71,not seen by CapnBry here
Darkness Falls,249,marquis haurian,1,38721,41712,False,0,0,67-70,not seen by CapnBry here
Darkness Falls,249,prince ba'alorien,1,28488,8005,False,0,0,78-78,not seen by CapnBry here
Darkness Falls,249,inquisitor factol,1,28431,1647,False,0,0,60-65,not seen by CapnBry here
Darkness Falls,249,mutilator yooginroth,1,15969,22442,False,0,0,72-72,not seen by CapnBry here
Darkness Falls,249,chthonic knight aciel,1,35836,24057,False,0,0,59-62,not seen by CapnBry here
Darkness Falls,249,director kobil,1,24383,25232,False,0,0,53-53,not seen by CapnBry here
Darkness Falls,249,marquis valupa,1,38040,34556,False,0,0,73-73,not seen by CapnBry here
Darkness Falls,249,inquisitor famuel,1,37760,41739,False,0,0,74-74,not seen by CapnBry here
Darkness Falls,249,chthonic knight haag,1,15885,9422,False,0,0,66-72,not seen by CapnBry here
Darkness Falls,249,marquis chaosmar,1,38772,40449,False,0,0,73-73,not seen by CapnBry here
Darkness Falls,249,marquis chaosmar,1,27138,33670,False,0,0,73-73,not seen by CapnBry here
Darkness Falls,249,earl amagin,1,36015,41719,False,0,0,71-71,not seen by CapnBry here
Darkness Falls,249,mutilator xagalith,1,9438,24208,False,0,0,77-77,not seen by CapnBry here
Darkness Falls,249,mutilator odius,1,38699,39177,False,0,0,65-67,not seen by CapnBry here
Darkness Falls,249,chthonic knight absax,1,7696,11007,False,0,0,70-70,not seen by CapnBry here
Darkness Falls,249,marquis sabonach,1,37895,17496,False,0,0,73-73,not seen by CapnBry here
Darkness Falls,249,marquis dortaleon,1,32867,32260,False,0,0,73-73,not seen by CapnBry here
Darkness Falls,249,mutilator xaabaro,1,6291,23825,False,0,0,68-68,not seen by CapnBry here
Darkness Falls,249,mutilator xazbalor,1,15166,25295,False,0,0,70-70,not seen by CapnBry here
Darkness Falls,249,duke alloc,1,25974,32538,False,0,0,75-75,not seen by CapnBry here
Darkness Falls,249,duke sallis,1,35928,17546,False,0,0,67-75,not seen by CapnBry here
Darkness Falls,249,behemoth,1,36298,41396,False,0,0,99-99,not seen by CapnBry here
Darkness Falls,249,legion,1,36835,43707,False,0,0,83-83,not seen by CapnBry here
Darkness Falls,249,gatekeeper dommel,1,31601,23812,False,0,0,65-65,not seen by CapnBry here
Darkness Falls,249,chthonic knight azea,1,11017,9663,False,0,0,70-70,not seen by CapnBry here
Darkness Falls,249,ambassador mannam,1,10851,16990,False,0,0,65-65,not seen by CapnBry here
Darkness Falls,249,high lord baln,1,27159,30987,False,0,0,70-70,not seen by CapnBry here
Darkness Falls,249,inquisitor eciraum,1,22820,4371,False,0,0,66-66,not seen by CapnBry here
Darkness Falls,249,duke eligar,1,31197,30196,False,0,0,75-75,not seen by CapnBry here
Darkness Falls,249,chthonic knight exte,1,29028,23986,False,0,0,60-60,not seen by CapnBry here
Darkness Falls,249,mutilator uxybab,1,33123,23236,False,0,0,62-62,not seen by CapnBry here
Darkness Falls,249,mutilator oprionach,1,37803,36407,False,0,0,74-74,not seen by CapnBry here
Darkness Falls,249,earl glassalab,1,16657,9412,False,0,0,71-71,not seen by CapnBry here
Darkness Falls,249,prince asmoien,1,16676,23952,False,0,0,78-78,not seen by CapnBry here
Darkness Falls,249,earl fenex,1,40431,24166,False,0,0,71-71,not seen by CapnBry here
Darkness Falls,249,mutilator novinrac,1,36603,22784,False,0,0,64-64,not seen by CapnBry here
Darkness Falls,249,chthonic knight ibeko,1,30429,23162,False,0,0,60-60,not seen by CapnBry here
Darkness Falls,249,marquis scottiax,1,37798,21434,False,0,0,73-73,not seen by CapnBry here
Darkness Falls,249,mutilator felrath,1,35023,39163,False,0,0,65-67,not seen by CapnBry here
Darkness Falls,249,inquisitor medebo,1,30226,23810,False,0,0,60-60,not seen by CapnBry here
Darkness Falls,249,chthonic knight exal,1,35360,32314,False,0,0,68-68,not seen by CapnBry here
Darkness Falls,249,chthonic knight ronoro,1,8170,11007,False,0,0,66-66,not seen by CapnBry here
Darkness Falls,249,lieutenant persun,1,10259,8953,False,0,0,68-68,not seen by CapnBry here
Darkness Falls,249,inquisitor morg,1,34350,23264,False,0,0,68-68,not seen by CapnBry here
Darkness Falls,249,grand chancellor adremal,1,36865,37616,False,0,0,79-79,not seen by CapnBry here
Darkness Falls,249,chthonic knight ezpeth,1,7333,14292,False,0,0,66-66,not seen by CapnBry here
Darkness Falls,249,inquisitor lokis,1,29764,23171,False,0,0,60-60,not seen by CapnBry here
Darkness Falls,249,chthonic knight ain,1,34266,26285,False,0,0,62-62,not seen by CapnBry here
Darkness Falls,249,mutilator samiol,1,35921,36554,False,0,0,74-74,not seen by CapnBry here
Darkness Falls,249,princess nahemah,1,10137,16648,False,0,0,71-71,not seen by CapnBry here
Darkness Falls,249,chthonic knight carnivon,1,37100,22779,False,0,0,64-64,not seen by CapnBry here
Darkness Falls,249,inquisitor asil,1,22784,5230,False,0,0,66-66,not seen by CapnBry here
Darkness Falls,249,lieutenant loran,1,31701,34943,False,0,0,68-68,not seen by CapnBry here
Darkness Falls,249,chthonic knight vosoes,1,16185,8412,False,0,0,66-72,not seen by CapnBry here
Darkness Falls,249,field marshal nebir,1,31808,34834,False,0,0,70-70,not seen by CapnBry here
Darkness Falls,249,duke harboris,1,40237,24786,False,0,0,67-75,not seen by CapnBry here
Darkness Falls,249,chthonic knight marbos,1,34490,35087,False,0,0,68-68,not seen by CapnBry here
Darkness Falls,249,earl mercur,1,37558,18279,False,0,0,71-71,not seen by CapnBry here
Darkness Falls,249,soultorn albion myrmidon,1,25360,34832,False,0,0,33-35,not seen by CapnBry here
Darkness Falls,249,soultorn albion myrmidon,2,26993,35153,False,0,0,33-35,not seen by CapnBry here
Darkness Falls,249,succubus,2,17222,25539,False,0,0,57-67,not seen by CapnBry here
Darkness Falls,249,succubus,2,19644,20267,False,0,0,57-67,not seen by CapnBry here
Darkness Falls,249,succubus,2,22242,21816,False,0,0,57-67,not seen by CapnBry here
Darkness Falls,249,succubus,2,19737,28480,False,0,0,57-67,not seen by CapnBry here
Darkness Falls,249,succubus,2,14819,16667,False,0,0,57-67,not seen by CapnBry here
Darkness Falls,249,succubus,2,36761,18826,False,0,0,57-67,not seen by CapnBry here
Darkness Falls,249,succubus,2,36581,24305,False,0,0,57-67,not seen by CapnBry here
Darkness Falls,249,soultorn norse einherjar,2,22670,12090,False,0,0,45-54,not seen by CapnBry here
Darkness Falls,249,demoniac familiar,2,20577,26676,False,0,0,15-39,not seen by CapnBry here
Darkness Falls,249,demoniac familiar,1,19991,14241,True,7,26,15-39,likely short (CapnBry saw more here)
Darkness Falls,249,nightmare,2,32475,30710,False,0,0,62-67,not seen by CapnBry here
Darkness Falls,249,nightmare,2,22210,22223,False,0,0,62-67,not seen by CapnBry here
Darkness Falls,249,nightmare,2,12266,16503,False,0,0,62-67,not seen by CapnBry here
Darkness Falls,249,nightmare,1,17202,26309,False,0,0,62-67,not seen by CapnBry here
Darkness Falls,249,nightmare,1,22722,6551,False,0,0,62-67,not seen by CapnBry here
Darkness Falls,249,nightmare,2,29259,32499,False,0,0,62-67,not seen by CapnBry here
Darkness Falls,249,nightmare,2,37165,22304,False,0,0,62-67,not seen by CapnBry here
Darkness Falls,249,nightmare,2,17831,28491,False,0,0,62-67,not seen by CapnBry here
Darkness Falls,249,nightmare,2,19762,23305,False,0,0,62-67,not seen by CapnBry here
Darkness Falls,249,nightmare,1,14935,28211,False,0,0,62-67,not seen by CapnBry here
Darkness Falls,249,nightmare,2,19771,20131,False,0,0,62-67,not seen by CapnBry here
Darkness Falls,249,mahr,1,24413,22051,False,0,0,54-59,not seen by CapnBry here
Darkness Falls,249,mahr,2,22309,25838,False,0,0,54-59,not seen by CapnBry here
Darkness Falls,249,mahr,2,15200,19282,False,0,0,54-59,not seen by CapnBry here
Darkness Falls,249,mahr,2,19410,20083,False,0,0,54-59,not seen by CapnBry here
Darkness Falls,249,mahr,2,19920,24454,False,0,0,54-59,not seen by CapnBry here
Darkness Falls,249,mahr,1,17211,15488,False,0,0,54-59,not seen by CapnBry here
Darkness Falls,249,chthonian crawler,2,15763,28383,False,0,0,59-67,not seen by CapnBry here
Darkness Falls,249,chthonian crawler,2,17251,21743,False,0,0,59-67,not seen by CapnBry here
Darkness Falls,249,chthonian crawler,2,21626,26505,False,0,0,59-67,not seen by CapnBry here
Darkness Falls,249,chthonian crawler,1,21888,21253,False,0,0,59-67,not seen by CapnBry here
Darkness Falls,249,chthonian crawler,2,19446,28427,False,0,0,59-67,not seen by CapnBry here
Darkness Falls,249,chthonian crawler,2,19710,23877,False,0,0,59-67,not seen by CapnBry here
Darkness Falls,249,chthonian crawler,2,15526,19524,False,0,0,59-67,not seen by CapnBry here
Darkness Falls,249,chthonian crawler,1,24467,22567,False,0,0,59-67,not seen by CapnBry here
Darkness Falls,249,umbrood warrior,2,21748,2814,False,0,0,52-59,not seen by CapnBry here
Darkness Falls,249,condemned necyomancer,1,21478,8891,False,0,0,48-53,not seen by CapnBry here
Darkness Falls,249,condemned necyomancer,2,23340,8955,False,0,0,48-53,not seen by CapnBry here
Darkness Falls,249,soultorn norse flammen vakten,1,25232,34192,False,0,0,33-34,not seen by CapnBry here
Darkness Falls,249,caisha,1,11733,16637,False,0,0,50-50,not seen by CapnBry here
Darkness Falls,249,soultorn albion eagle knight,1,29672,36956,False,0,0,38-42,not seen by CapnBry here
Darkness Falls,249,soultorn albion eagle knight,1,29496,16338,True,1,1,38-42,matches CapnBry (small/rare camp)
Darkness Falls,249,soultorn norse isen herra,2,29963,11581,False,0,0,40-45,not seen by CapnBry here
Darkness Falls,249,soultorn norse stormur vakten,1,29474,16104,True,1,1,38-42,matches CapnBry (small/rare camp)
Darkness Falls,249,lecherous gress,1,10508,23558,False,0,0,40-40,not seen by CapnBry here
Darkness Falls,249,tormented necyomancer,2,13685,18424,False,0,0,50-55,not seen by CapnBry here
Darkness Falls,249,soultorn norse skiltvakten,1,5254,24380,False,0,0,28-31,not seen by CapnBry here
Darkness Falls,249,soultorn albion warder,2,25464,37067,False,0,0,30-30,not seen by CapnBry here
Darkness Falls,249,soultorn albion guardian,2,24925,34548,False,0,0,28-31,not seen by CapnBry here
Darkness Falls,249,soultorn albion guardian,2,25256,20304,True,3,3,28-31,likely short (CapnBry saw more here)
Darkness Falls,249,soultorn albion guardian,1,26372,18911,True,3,3,28-31,likely short (CapnBry saw more here)
Darkness Falls,249,soultorn norse elding herra,1,21410,13928,False,0,0,45-45,not seen by CapnBry here
Darkness Falls,249,soultorn hibernian gilded spear,1,21154,14184,True,1,2,45-45,matches CapnBry (small/rare camp)
Darkness Falls,249,soultorn norse flammen herra,2,20166,14520,False,0,0,43-43,not seen by CapnBry here
Darkness Falls,249,soultorn hibernian grove protector,2,25849,11286,False,0,0,35-35,not seen by CapnBry here
Darkness Falls,249,malroch the cook,1,30460,9635,False,0,0,43-43,not seen by CapnBry here
Darkness Falls,249,soultorn albion gryphon knight,2,26114,10750,False,0,0,35-38,not seen by CapnBry here
Darkness Falls,249,soultorn albion alerion knight,2,19582,14474,False,0,0,43-43,not seen by CapnBry here
Darkness Falls,249,soultorn hibernian thunderer,1,19845,14451,True,1,3,43-46,matches CapnBry (small/rare camp)
Darkness Falls,249,soultorn albion dragon knight,2,22197,11807,False,0,0,50-51,not seen by CapnBry here
